locale;kpiId;phaseId;stepId;title;subtitle
pt_BR;CPACM00160;10;step_10_10;Espaços de trabalho do contrato criados;
pt_BR;CPACM00160;10;step_10_20;Espaços de trabalho do contrato publicados e em vigor;
pt_BR;CPAOP00160;10;step_10_10;Itens de requisição de compra criados;
pt_BR;CPAOP00160;20;step_20_10;Itens de pedido de compra criados;
pt_BR;CPAOP00161;10;step_10_10;Itens de pedido de compra criados;
pt_BR;CPAOP00161;20;step_20_10;Recebimentos de mercadorias criados;
pt_BR;CPAOP00161;30;step_30_10;Itens da fatura criados;
pt_BR;CPAOP00162;10;step_10_10;Itens da fatura enviados;
pt_BR;CPAOP00162;10;step_10_20;Itens da fatura reconciliados;
pt_BR;CPAOP00162;20;step_20_10;Itens da fatura pagos;
pt_BR;CPAOP00163;10;step_10_10;Itens de pedido de compra criados;
pt_BR;CPAOP00163;20;step_20_10;Itens da fatura criados;
pt_BR;CPAOP00163;20;step_20_30;Itens da fatura pagos;
pt_BR;CPASC00160;10;step_10_10;Solicitações de sourcing criadas;
pt_BR;CPASC00160;20;step_20_10;Projetos de sourcing completo criados;
pt_BR;CPASC00160;30;step_30_10;Primeiro evento de sourcing criado;
pt_BR;CPASC00160;30;step_30_20;Último evento de sourcing encerrado;
pt_BR;CPASC00160;40;step_40_10;Projetos de sourcing completo concluídos;
pt_BR;CPASC00161;10;step_10_10;Projetos de sourcing completo criados;
pt_BR;CPASC00161;20;step_20_10;Primeiro evento de sourcing criado;
pt_BR;CPASC00161;20;step_20_20;Último evento de sourcing criado;
pt_BR;CPASC00161;30;step_30_10;Projetos de sourcing completo concluídos;
pt_BR;CPASC00163;10;step_10_10;Eventos de sourcing criados;
pt_BR;CPASC00163;20;step_20_10;Lances iniciados;
pt_BR;CPASC00163;20;step_20_20;Lances encerrados;
pt_BR;CPASC00163;30;step_30_10;Eventos de sourcing encerrados;
pt_BR;CPASC00164;10;step_10_10;Eventos de sourcing criados;
pt_BR;CPASC00164;20;step_20_10;Lances iniciados;
pt_BR;CPASC00164;20;step_20_20;Lances encerrados;
pt_BR;CPASC00164;30;step_30_10;Eventos de sourcing encerrados;
pt_BR;CPASC00165;10;step_10_10;Eventos de sourcing criados;
pt_BR;CPASC00165;20;step_20_10;Lances iniciados;
pt_BR;CPASC00165;20;step_20_20;Lances encerrados;
pt_BR;CPASC00165;30;step_30_10;Eventos de sourcing encerrados;
pt_BR;CPASM00160;10;step_10_10;Solicitações de fornecedor criadas;
pt_BR;CPASM00160;10;step_10_20;Solicitações de fornecedor aprovadas;
pt_BR;CPASM00160;20;step_20_10;Registro de fornecedor iniciado;
pt_BR;CPASM00160;20;step_20_20;Questionário de registro de fornecedor enviado;
pt_BR;CPASM00160;20;step_20_30;Registro de fornecedor aprovado;
pt_BR;CPASM00161;10;step_10_10;Itens de projeto de qualificação de fornecedor herdado criados;
pt_BR;CPASM00161;10;step_10_20;Questionário de item de projeto de qualificação de fornecedor herdado enviado;
pt_BR;CPASM00161;10;step_10_30;Itens de projeto de qualificação de fornecedor herdado aprovados;
pt_BR;KBSRM00160;10;step_10_10;Itens do carrinho de compras criados;
pt_BR;KBSRM00160;10;step_10_20;Itens do carrinho de compras concluídos;
pt_BR;KBSRM00160;10;step_10_30;Itens do carrinho de compras aprovados;
pt_BR;KBSRM00160;20;step_20_10;Itens do carrinho de compras com data de entrega planejada e documento de acompanhamento criado;
pt_BR;KBSRM00760;10;step_10_10;Itens de solicitação de cotação criados;
pt_BR;KBSRM00760;10;step_10_20;Itens de solicitação de cotação concluídos e aguardando aprovação;
pt_BR;KBSRM00760;10;step_10_30;Itens de solicitação de cotação publicados;
pt_BR;KBSRM00760;20;step_20_10;Primeira oferta apresentada;
pt_BR;KBSRM00760;20;step_20_20;Prazo para envio do edital de cotação foi atingido;
pt_BR;KBSRM00760;20;step_20_30;Primeira oferta aceita;
pt_BR;KBSRM00761;10;step_10_10;Itens de leilão criados;
pt_BR;KBSRM00761;10;step_10_20;Itens de leilão concluídos e prontos;
pt_BR;KBSRM00761;10;step_10_30;Itens de leilão ativados;
pt_BR;KBSRM00761;20;step_20_10;Primeira oferta apresentada;
pt_BR;KBSRM00761;20;step_20_20;Itens de leilão finalizados;
pt_BR;KBSRM00761;20;step_20_30;Primeira oferta aceita;
pt_BR;KCSAL00660;10;step_10_10;Oportunidades criadas;
pt_BR;KCSAL00660;10;step_10_20;"Oportunidades definidas como ""Em processamento""";
pt_BR;KCSAL00660;40;step_40_10;Oportunidades concluídas;
pt_BR;KFFI000960;10;step_10_10;Faturas de fornecedor emitidas;
pt_BR;KFFI000960;10;step_10_20;Faturas de fornecedor criadas e lançadas;
pt_BR;KFFI000960;10;step_10_30;Itens FI-AP liberados para pagamento;
pt_BR;KFFI000960;20;step_20_10;Documentos de compensação FI-AP criados;
pt_BR;KFFI000960;20;step_20_20;Itens FI-AP compensados;
pt_BR;KFFI000961;10;step_10_10;Faturas de fornecedor emitidas;
pt_BR;KFFI000961;10;step_10_20;Faturas de fornecedor criadas e lançadas;
pt_BR;KFFI000961;10;step_10_30;Itens FI-AP liberados para pagamento;
pt_BR;KFFI000961;20;step_20_10;Documentos de compensação FI-AP criados;
pt_BR;KFFI000961;20;step_20_20;Itens FI-AP compensados;
pt_BR;KFFI001060;10;step_10_10;Faturas de clientes emitidas;
pt_BR;KFFI001060;20;step_20_10;Itens FI-AR compensados;
pt_BR;KFFI001061;10;step_10_10;Faturas de clientes emitidas;
pt_BR;KFFI001061;20;step_20_10;Itens FI-AR compensados;
pt_BR;KFFI001860;10;step_10_10;Mestre do ativo criado;
pt_BR;KFFI001860;20;step_20_10;Primeiro lançamento de aquisição criado;
pt_BR;KFFI001860;30;step_30_10;Primeira liquidação para o ativo final ou receptor não ativo;
pt_BR;KFFI001860;40;step_40_10;Mestre do ativo desativado;
pt_BR;KFFI001861;10;step_10_10;Mestre do ativo criado;
pt_BR;KFFI001861;20;step_20_10;Primeiro lançamento de aquisição criado;
pt_BR;KFFI001861;30;step_30_10;Cálculo de depreciação iniciado;
pt_BR;KFFI001861;50;step_50_10;Mestre do ativo desativado;
pt_BR;KFFI001960;10;step_10_10;Faturas de serviços públicos criadas;
pt_BR;KFFI001960;20;step_20_10;Itens FI-CA compensados;
pt_BR;KFFI002260;10;step_10_10;Faturas convergentes criadas;
pt_BR;KFFI002260;20;step_20_10;Itens FI-CA compensados;
pt_BR;KFFI002360;10;step_10_10;Coletores de custos do produto criados;
pt_BR;KFFI002360;20;step_20_10;Coletores de custos do produto inicialmente confirmados;
pt_BR;KFFI002360;30;step_30_10;Coletores de custos do produto liquidados primeiro;
pt_BR;KFFI002660;10;step_10_10;Contrato de provedor criado;
pt_BR;KFFI002660;10;step_10_20;O contrato foi iniciado;
pt_BR;KFFI002660;20;step_20_10;Primeiro documento de cobrança criado;
pt_BR;KFFI002660;30;step_30_10;Primeiro documento de faturamento criado;
pt_BR;KIAUT00160;10;step_10_10;Data de início básica do componente de quantidade de ordem de produção repetitiva;
pt_BR;KIAUT00160;10;step_10_20;Data requerida do componente de quantidade de ordem de produção repetitiva;
pt_BR;KIAUT00160;40;step_40_10;Componente de quantidade de ordem de produção repetitiva com data de término básica da ordem no futuro;
pt_BR;KIISU00160;10;step_10_10;Contratos criados;
pt_BR;KIISU00160;30;step_30_10;Primeiro documento de cobrança relacionado a contrato criado;
pt_BR;KIISU00160;40;step_40_10;Primeiro documento impresso relacionado a contrato criado;
pt_BR;KIISU00160;50;step_50_10;Primeiro documento de contabilidade de contrato relacionado a contrato criado;
pt_BR;KIISU00160;50;step_50_20;Primeiro item de contabilidade de contrato relacionado a contrato compensado;
pt_BR;KIISU00260;10;step_10_10;Documentos de cobrança criados;
pt_BR;KIISU00260;20;step_20_10;Documentos impressos criados e lançados;
pt_BR;KIISU00261;10;step_10_10;Documentos de cobrança com anomalias criados;
pt_BR;KIISU00261;10;step_10_20;Documentos de cobrança com anomalias liberados;
pt_BR;KIISU00261;20;step_20_10;Documentos impressos criados e lançados;
pt_BR;KIISU00261;20;step_20_20;Documentos de impressão impressos;
pt_BR;KIISU00161;10;step_10_10;Ordem de cálculo criada;
pt_BR;KIISU00161;40;step_40_10;Ordens de cálculo com data de faturamento agendada no futuro;
pt_BR;KIISU00162;10;step_10_10;Ordem de cálculo criada;
pt_BR;KIISU00162;20;step_20_10;Resultado de leitura salvo para ordem de cálculo;
pt_BR;KIISU00162;40;step_40_10;Ordens de cálculo com data de faturamento agendada no futuro;
pt_BR;KIISU00360;10;step_10_10;Documentos impressos criados;
pt_BR;KIISU00360;20;step_20_10;Itens em aberto criados na contabilidade;
pt_BR;KIISU00360;20;step_20_20;Itens em aberto compensados na contabilidade;
pt_BR;KIISU00361;10;step_10_10;Documentos de impressão com anomalias criados;
pt_BR;KIISU00361;10;step_10_20;Documentos de impressão com anomalias liberados;
pt_BR;KIISU00361;20;step_20_10;Itens em aberto criados na contabilidade;
pt_BR;KIISU00361;20;step_20_20;Itens em aberto compensados na contabilidade;
pt_BR;KIRET00460;10;step_10_10;Itens de pedido de transferência de estoque criados;
pt_BR;KIRET00460;20;step_20_10;Itens de pedido de transferência de estoque entregues;
pt_BR;KIRET00460;20;step_20_20;Itens de pedido de transferência de estoque emitidos;
pt_BR;KIRET00460;30;step_30_10;Itens de pedido de transferência de estoque recebidos;
pt_BR;KIRET00461;10;step_10_10;Itens de pedido de transferência de estoque criados;
pt_BR;KIRET00461;20;step_20_10;Itens de pedido de transferência de estoque entregues;
pt_BR;KIRET00461;20;step_20_20;Itens de pedido de transferência de estoque emitidos;
pt_BR;KIRET00461;30;step_30_10;Itens de pedido de transferência de estoque recebidos;
pt_BR;KIRET00462;10;step_10_10;Itens de pedido de transferência de estoque criados;
pt_BR;KIRET00462;20;step_20_10;Itens de pedido de transferência de estoque entregues;
pt_BR;KIRET00462;20;step_20_20;Itens de pedido de transferência de estoque emitidos;
pt_BR;KIRET00462;30;step_30_10;Itens de pedido de transferência de estoque recebidos;
pt_BR;KIRET00463;10;step_10_10;Itens de pedido de transferência de estoque criados;
pt_BR;KIRET00463;20;step_20_10;Itens de pedido de transferência de estoque entregues;
pt_BR;KIRET00463;20;step_20_20;Itens de pedido de transferência de estoque emitidos;
pt_BR;KIRET00463;30;step_30_10;Itens de pedido de transferência de estoque recebidos;
pt_BR;KIRET00464;10;step_10_10;Itens de pedido de transferência de estoque criados;
pt_BR;KIRET00464;20;step_20_10;Itens de pedido de transferência de estoque entregues;
pt_BR;KIRET00464;20;step_20_20;Itens de pedido de transferência de estoque emitidos;
pt_BR;KIRET00464;30;step_30_10;Itens de pedido de transferência de estoque recebidos;
pt_BR;KIRET00464;40;step_40_10;Itens FI-AR criados;
pt_BR;KIRET00464;40;step_40_20;Itens FI-AP criados;
pt_BR;KIRET00464;40;step_40_30;Itens FI-AP compensados;
pt_BR;KIRET00464;40;step_40_40;Itens FI-AR compensados;
pt_BR;KIRET00465;10;step_10_10;Itens de pedido de transferência de estoque criados;
pt_BR;KIRET00465;20;step_20_10;Itens de pedido de transferência de estoque entregues;
pt_BR;KIRET00465;20;step_20_20;Itens de pedido de transferência de estoque emitidos;
pt_BR;KIRET00465;30;step_30_10;Itens de pedido de transferência de estoque recebidos;
pt_BR;KIRET00465;40;step_40_10;Itens FI-AR criados;
pt_BR;KIRET00465;40;step_40_20;Itens FI-AP criados;
pt_BR;KIRET00465;40;step_40_30;Itens FI-AP compensados;
pt_BR;KIRET00465;40;step_40_40;Itens FI-AR compensados;
pt_BR;KIRET00466;10;step_10_10;Itens de pedido de transferência de estoque criados;
pt_BR;KIRET00466;20;step_20_10;Itens de pedido de transferência de estoque entregues;
pt_BR;KIRET00466;20;step_20_20;Itens de pedido de transferência de estoque emitidos;
pt_BR;KIRET00466;30;step_30_10;Itens de pedido de transferência de estoque recebidos;
pt_BR;KIRET00466;40;step_40_10;Itens FI-AR criados;
pt_BR;KIRET00466;40;step_40_20;Itens FI-AP criados;
pt_BR;KIRET00466;40;step_40_30;Itens FI-AP compensados;
pt_BR;KIRET00466;40;step_40_40;Itens FI-AR compensados;
pt_BR;KIRET00467;10;step_10_10;Itens de pedido de transferência de estoque criados;
pt_BR;KIRET00467;20;step_20_10;Itens de pedido de transferência de estoque entregues;
pt_BR;KIRET00467;20;step_20_20;Itens de pedido de transferência de estoque emitidos;
pt_BR;KIRET00467;30;step_30_10;Itens de pedido de transferência de estoque recebidos;
pt_BR;KIRET00467;40;step_40_10;Itens FI-AR criados;
pt_BR;KIRET00467;40;step_40_20;Itens FI-AP criados;
pt_BR;KIRET00467;40;step_40_30;Itens FI-AP compensados;
pt_BR;KIRET00467;40;step_40_40;Itens FI-AR compensados;
pt_BR;KIRET00560;10;step_10_10;Itens de pedido de compra criados;
pt_BR;KIRET00560;20;step_20_10;Recebimentos de mercadorias criados;
pt_BR;KIRET00560;30;step_30_10;Faturas de fornecedor criadas;
pt_BR;KIRET00561;10;step_10_10;Itens de pedido de compra criados;
pt_BR;KIRET00561;20;step_20_10;Recebimentos de mercadorias criados;
pt_BR;KIRET00561;30;step_30_10;Faturas de fornecedor criadas;
pt_BR;KIRET00562;10;step_10_10;Itens de pedido de compra criados;
pt_BR;KIRET00562;20;step_20_10;Recebimentos de mercadorias criados;
pt_BR;KIRET00562;30;step_30_10;Faturas de fornecedor criadas;
pt_BR;KIRET00563;10;step_10_10;Itens de pedido de compra criados;
pt_BR;KIRET00563;20;step_20_10;Recebimentos de mercadorias criados;
pt_BR;KIRET00563;30;step_30_10;Faturas de fornecedor criadas;
pt_BR;KPIM000160;10;step_10_10;Combinações de material/centro/local de armazenamento com estoque;
pt_BR;KPIM000160;20;step_20_10;Combinações com últimas mercadorias movimentadas há mais de 1 ano;
pt_BR;KPIM000160;20;step_20_20;Combinações com as últimas mercadorias movimentadas de 7 a 12 períodos atrás;
pt_BR;KPIM000160;20;step_20_30;Combinações com as últimas mercadorias movimentadas de 4 a 6 períodos atrás;
pt_BR;KPIM000160;20;step_20_40;Combinações com as últimas mercadorias movimentadas de 2 a 3 períodos atrás;
pt_BR;KPIM000160;20;step_20_50;Combinações com as últimas mercadorias movimentadas no período anterior;
pt_BR;KPIM000160;20;step_20_60;Combinações com as últimas mercadorias movimentadas neste período;
pt_BR;KPIM000161;10;step_10_10;Combinações de material/centro/local de armazenamento/lote com estoque;
pt_BR;KPIM000161;20;step_20_10;Combinações com últimas mercadorias movimentadas há mais de 1 ano;
pt_BR;KPIM000161;20;step_20_20;Combinações com as últimas mercadorias movimentadas de 7 a 12 períodos atrás;
pt_BR;KPIM000161;20;step_20_30;Combinações com as últimas mercadorias movimentadas de 4 a 6 períodos atrás;
pt_BR;KPIM000161;20;step_20_40;Combinações com as últimas mercadorias movimentadas de 2 a 3 períodos atrás;
pt_BR;KPIM000161;20;step_20_50;Combinações com as últimas mercadorias movimentadas no período anterior;
pt_BR;KPIM000161;20;step_20_60;Combinações com as últimas mercadorias movimentadas neste período;
pt_BR;KPIM000162;10;step_10_10;Combinações de material/centro/local de armazenamento com estoque;
pt_BR;KPIM000162;20;step_20_10;Combinações com últimas mercadorias movimentadas há mais de 1 ano;
pt_BR;KPIM000162;20;step_20_20;Combinações com as últimas mercadorias movimentadas de 7 a 12 períodos atrás;
pt_BR;KPIM000162;20;step_20_30;Combinações com as últimas mercadorias movimentadas de 4 a 6 períodos atrás;
pt_BR;KPIM000162;20;step_20_40;Combinações com as últimas mercadorias movimentadas de 2 a 3 períodos atrás;
pt_BR;KPIM000162;20;step_20_50;Combinações com as últimas mercadorias movimentadas no período anterior;
pt_BR;KPIM000162;20;step_20_60;Combinações com as últimas mercadorias movimentadas neste período;
pt_BR;KPIM000163;10;step_10_10;Combinações de material/centro/local de armazenamento/lote com estoque;
pt_BR;KPIM000163;20;step_20_10;Combinações com últimas mercadorias movimentadas há mais de 1 ano;
pt_BR;KPIM000163;20;step_20_20;Combinações com as últimas mercadorias movimentadas de 7 a 12 períodos atrás;
pt_BR;KPIM000163;20;step_20_30;Combinações com as últimas mercadorias movimentadas de 4 a 6 períodos atrás;
pt_BR;KPIM000163;20;step_20_40;Combinações com as últimas mercadorias movimentadas de 2 a 3 períodos atrás;
pt_BR;KPIM000163;20;step_20_50;Combinações com as últimas mercadorias movimentadas no período anterior;
pt_BR;KPIM000163;20;step_20_60;Combinações com as últimas mercadorias movimentadas neste período;
pt_BR;KPLE000360;10;step_10_10;Itens de remessa criados;
pt_BR;KPLE000360;10;step_10_20;Itens de remessa recolhidos;
pt_BR;KPLE000360;40;step_40_10;Itens de remessa com entrada de mercadorias lançada;
pt_BR;KPLE000361;10;step_10_10;Itens de remessa criados;
pt_BR;KPLE000361;20;step_20_10;Itens de remessa com item de pedido de transferência criado e confirmado;
pt_BR;KPLE000361;50;step_50_10;Itens de remessa com entrada de mercadorias lançada;
pt_BR;KPLE000362;10;step_10_10;Itens de remessa criados;
pt_BR;KPLE000362;50;step_50_10;Itens de remessa com recibo de mercadorias lançado;
pt_BR;KPMRP00260;10;step_10_10;Combinações de material/centro processadas na última semana pelo MRP;
pt_BR;KPMRP00260;15;step_15_10;Combinações de material/centro sem pendências atrasadas de vendas;
pt_BR;KPMRP00260;20;step_20_10;Combinações de material/centro sem pendências atrasadas de ordens planejadas;
pt_BR;KPMRP00260;30;step_30_10;Combinações de material/centro sem pendências atrasadas de manufatura;
pt_BR;KPMRP00260;40;step_40_10;Combinações de material/centro sem pendências atrasadas de compras;
pt_BR;KPMRP00260;50;step_50_10;Combinações de material/centro sem exceção de MRP;
pt_BR;KPMRP00260;60;step_60_10;Combinações de material/centro usadas no pedido de fabricação na última semana;
pt_BR;KPMRP00260;70;step_70_10;Combinações de material/centro usadas no item do pedido de compra na última semana;
pt_BR;KPPP000160;10;step_10_10;Pedidos de produção criados;
pt_BR;KPPP000160;10;step_10_20;Pedidos de produção liberados;
pt_BR;KPPP000160;20;step_20_10;Pedidos de produção inicialmente confirmados;
pt_BR;KPPP000160;30;step_30_10;Pedidos de produção entregues;
pt_BR;KPPP000160;40;step_40_10;Pedidos de produção entregues tecnicamente concluídos;
pt_BR;KPPP000161;10;step_10_10;Pedidos de produção criados;
pt_BR;KPPP000161;10;step_10_20;Pedidos de produção liberados;
pt_BR;KPPP000161;20;step_20_10;Pedidos de produção inicialmente confirmados;
pt_BR;KPPP000161;30;step_30_10;Pedidos de produção entregues;
pt_BR;KPPP000161;40;step_40_10;Pedidos de produção entregues liquidados primeiro;
pt_BR;KPPP000162;10;step_10_10;Componentes de pedido de produção criados;
pt_BR;KPPP000162;10;step_10_20;Pedido de produção liberados para componentes;
pt_BR;KPPP000162;50;step_50_10;Primeira emissão de mercadoria lançada para componentes;
pt_BR;KPPP000163;10;step_10_10;Componentes de pedido de produção criados;
pt_BR;KPPP000163;20;step_20_10;Itens de requisição de compra criados;
pt_BR;KPPP000163;30;step_30_10;Itens de pedido de compra criados;
pt_BR;KPPP000163;40;step_40_10;Emissão de mercadoria lançada para itens do pedido de compra;
pt_BR;KPPP000164;10;step_10_10;Operações de ordem de produção criadas;
pt_BR;KPPP000164;45;step_45_10;Operações com ordem de produção liberada;
pt_BR;KPPP000164;50;step_50_10;Data inicial de execução da operação confirmada;
pt_BR;KPPP000164;50;step_50_20;Data de término de execução da operação finalmente confirmada;
pt_BR;KPPP000260;10;step_10_10;Ordens de processo criadas;
pt_BR;KPPP000260;10;step_10_20;Ordens de processo liberadas;
pt_BR;KPPP000260;20;step_20_10;Ordens de processo inicialmente confirmadas;
pt_BR;KPPP000260;30;step_30_10;Ordens de processo entregues;
pt_BR;KPPP000260;40;step_40_10;Ordens de processo entregues tecnicamente concluídas;
pt_BR;KPPP000261;10;step_10_10;Ordens de processo criadas;
pt_BR;KPPP000261;10;step_10_20;Ordens de processo liberadas;
pt_BR;KPPP000261;20;step_20_10;Ordens de processo inicialmente confirmadas;
pt_BR;KPPP000261;30;step_30_10;Ordens de processo entregues;
pt_BR;KPPP000261;40;step_40_10;Ordens de processo entregue liquidadas primeiro;
pt_BR;KPPP000262;10;step_10_10;Componentes de ordem de processo criados;
pt_BR;KPPP000262;10;step_10_20;Ordem de processo liberada para componentes;
pt_BR;KPPP000262;50;step_50_10;Primeira emissão de mercadoria lançada para componentes;
pt_BR;KPPP000263;10;step_10_10;Componentes de ordem de processo criados;
pt_BR;KPPP000263;20;step_20_10;Itens de requisição de compra criados;
pt_BR;KPPP000263;30;step_30_10;Itens de pedido de compra criados;
pt_BR;KPPP000263;40;step_40_10;Emissão de mercadoria lançada para itens do pedido de compra;
pt_BR;KPPP000264;10;step_10_10;Operações de ordem de processo criadas;
pt_BR;KPPP000264;45;step_45_10;Operações com ordem de processo liberada;
pt_BR;KPPP000264;50;step_50_10;Data inicial de execução da operação confirmada;
pt_BR;KPPP000264;50;step_50_20;Data de término de execução da operação finalmente confirmada;
pt_BR;KPPROJ0360;10;step_10_10;Elementos PEP criados;
pt_BR;KPPROJ0360;10;step_10_20;Elementos PEP liberados;
pt_BR;KPPROJ0360;20;step_20_10;Elementos PEP liquidados primeiro;
pt_BR;KPPROJ0360;20;step_20_20;Elementos PEP encerrados;
pt_BR;KPPROJ0361;10;step_10_10;Elementos PEP criados;
pt_BR;KPPROJ0361;10;step_10_20;Elementos PEP liberados;
pt_BR;KPPROJ0361;20;step_20_10;Elementos PEP liquidados primeiro;
pt_BR;KPPROJ0361;20;step_20_20;Elementos PEP encerrados;
pt_BR;KPPURCH260;10;step_10_10;Itens de pedido de compra criados;
pt_BR;KPPURCH260;20;step_20_10;Recebimentos de mercadorias criados;
pt_BR;KPPURCH260;30;step_30_10;Faturas de fornecedor criadas;
pt_BR;KPPURCH260;40;step_40_10;Itens FI-AP compensados;
pt_BR;KPPURCH261;10;step_10_10;Itens de pedido de compra criados;
pt_BR;KPPURCH261;20;step_20_10;Recebimentos de mercadorias criados;
pt_BR;KPPURCH261;30;step_30_10;Faturas de fornecedor criadas;
pt_BR;KPPURCH263;10;step_10_10;Itens de pedido de compra criados;
pt_BR;KPPURCH263;20;step_20_10;Itens da ordem do cliente criados;
pt_BR;KPPURCH263;30;step_30_10;Itens de remessa criados;
pt_BR;KPPURCH263;40;step_40_10;Saídas de mercadorias lançadas;
pt_BR;KPPURCH263;40;step_40_20;Recebimentos de mercadorias criados;
pt_BR;KPPURCH263;50;step_50_10;Faturas de fornecedor criadas;
pt_BR;KPPURCH265;10;step_10_10;Itens de pedido de compra criados;
pt_BR;KPPURCH265;20;step_20_10;Faturas de fornecedor criadas;
pt_BR;KPPURCH265;30;step_30_10;Itens FI-AP criados;
pt_BR;KPPURCH265;30;step_30_20;Documentos de compensação FI-AP criados;
pt_BR;KPPURCH266;10;step_10_10;Itens de pedido de compra criados;
pt_BR;KPPURCH266;20;step_20_10;Recebimentos de mercadorias criados;
pt_BR;KPPURCH266;30;step_30_10;Faturas de fornecedor criadas;
pt_BR;KPPURCH267;10;step_10_10;Itens de pedido de compra criados;
pt_BR;KPPURCH267;20;step_20_10;Primeira folha de registro de serviços criada para itens de pedido de compra;
pt_BR;KPPURCH267;20;step_20_20;Primeira folha de registro de serviços aceita para itens de pedido de compra;
pt_BR;KPPURCH267;30;step_30_10;Primeira fatura criada para a folha de registro de serviços;
pt_BR;KPPURCH268;10;step_10_10;Itens de pedido de compra criados;
pt_BR;KPPURCH268;20;step_20_10;Recebimentos de mercadorias criados;
pt_BR;KPPURCH268;30;step_30_10;Faturas de fornecedor criadas;
pt_BR;KPPURCH360;10;step_10_10;Itens de requisição de compra criados;
pt_BR;KPPURCH360;20;step_20_10;Itens de pedido de compra criados;
pt_BR;KPPURCH362;10;step_10_10;Itens de requisição de transferência de estoque criados;
pt_BR;KPPURCH362;20;step_20_10;Itens de pedido de transferência de estoque criados;
pt_BR;KPPURCH460;10;step_10_10;Faturas de fornecedor emitidas;
pt_BR;KPPURCH460;10;step_10_20;Faturas de fornecedor criadas e lançadas;
pt_BR;KPPURCH460;20;step_20_10;Itens FI-AP liberados para pagamento;
pt_BR;KPPURCH460;20;step_20_20;Documentos de compensação FI-AP criados;
pt_BR;KPPURCH460;20;step_20_30;Itens FI-AP compensados;
pt_BR;KPPURCH560;10;step_10_10;Itens de pedido de transferência de estoque criados;
pt_BR;KPPURCH560;20;step_20_10;Itens de pedido de transferência de estoque emitidos;
pt_BR;KPPURCH560;20;step_20_20;Itens de pedido de transferência de estoque recebidos;
pt_BR;KPPURCH561;10;step_10_10;Itens de pedido de transferência de estoque criados;
pt_BR;KPPURCH561;20;step_20_10;Itens de pedido de transferência de estoque entregues;
pt_BR;KPPURCH561;20;step_20_20;Itens de pedido de transferência de estoque emitidos;
pt_BR;KPPURCH561;30;step_30_10;Itens de pedido de transferência de estoque recebidos;
pt_BR;KPPURCH562;10;step_10_10;Itens de pedido de transferência de estoque criados;
pt_BR;KPPURCH562;20;step_20_10;Itens de pedido de transferência de estoque entregues;
pt_BR;KPPURCH562;20;step_20_20;Itens de pedido de transferência de estoque emitidos;
pt_BR;KPPURCH562;30;step_30_10;Itens de pedido de transferência de estoque recebidos;
pt_BR;KPPURCH562;40;step_40_03;Itens FI-AR criados;
pt_BR;KPPURCH562;40;step_40_07;Itens FI-AP criados;
pt_BR;KPPURCH562;40;step_40_10;Itens FI-AP compensados;
pt_BR;KPPURCH562;40;step_40_20;Itens FI-AR compensados;
pt_BR;KPPURCH660;10;step_10_10;Itens de programa de remessas criados;
pt_BR;KPPURCH660;10;step_10_20;Início da validade dos programas de remessas;
pt_BR;KPPURCH660;20;step_20_10;Término da validade de programas de remessas no passado;
pt_BR;KPPURCH661;10;step_10_10;Itens de contrato por quantidade criados;
pt_BR;KPPURCH661;10;step_10_20;Início da validade de contratos por quantidade;
pt_BR;KPPURCH661;20;step_20_10;Primeira liberação de ordem criada para itens de contrato;
pt_BR;KPPURCH661;20;step_20_20;Término de validade de contratos por quantidade no passado;
pt_BR;KPPURCH662;10;step_10_10;Itens de contrato por valor criados;
pt_BR;KPPURCH662;10;step_10_20;Início da validade de contratos por valor;
pt_BR;KPPURCH662;20;step_20_10;Primeira liberação de ordem criada para itens de contrato;
pt_BR;KPPURCH662;20;step_20_20;Término de validade de contratos por valor no passado;
pt_BR;KPSD000260;10;step_10_10;Documentos de faturamento de vendas criados;
pt_BR;KPSD000260;20;step_20_10;Itens FI-AR criados;
pt_BR;KPSD000260;20;step_20_20;Itens FI-AR compensados;
pt_BR;KPSD000360;10;step_10_10;Itens da ordem do cliente criados;
pt_BR;KPSD000360;20;step_20_10;Itens de remessa criados;
pt_BR;KPSD000361;10;step_10_10;Itens da ordem do cliente criados;
pt_BR;KPSD000361;20;step_20_10;Itens de remessa criados;
pt_BR;KPSD000361;30;step_30_10;Saída de mercadorias lançada;
pt_BR;KPSD000361;40;step_40_10;Itens da fatura do cliente criados;
pt_BR;KPSD000362;10;step_10_10;Itens da ordem do cliente criados;
pt_BR;KPSD000362;20;step_20_10;Itens de remessa criados;
pt_BR;KPSD000362;30;step_30_10;Saída de mercadorias lançada;
pt_BR;KPSD000362;40;step_40_10;Itens da fatura do cliente criados;
pt_BR;KPSD000362;50;step_50_10;Itens FI-AR criados;
pt_BR;KPSD000362;50;step_50_20;Itens FI-AR compensados;
pt_BR;KPSD000363;10;step_10_10;Itens da ordem do cliente criados;
pt_BR;KPSD000363;20;step_20_10;Itens de requisição de compra criados;
pt_BR;KPSD000363;30;step_30_10;Itens de pedido de compra criados;
pt_BR;KPSD000363;40;step_40_10;Fatura do fornecedor criada;
pt_BR;KPSD000363;50;step_50_10;Itens da fatura do cliente criados;
pt_BR;KPSD000364;10;step_10_10;Itens da ordem do cliente criados;
pt_BR;KPSD000364;20;step_20_10;Itens de requisição de compra criados;
pt_BR;KPSD000364;30;step_30_10;Itens de pedido de compra criados;
pt_BR;KPSD000364;40;step_40_10;Entrada de mercadorias lançada;
pt_BR;KPSD000364;40;step_40_20;Saída de mercadorias lançada;
pt_BR;KPSD000364;50;step_50_10;Itens da fatura do cliente criados;
pt_BR;KPSD000365;10;step_10_10;Itens da ordem do cliente criados;
pt_BR;KPSD000365;20;step_20_10;Pedidos de fabricação criados;
pt_BR;KPSD000365;20;step_20_20;Pedidos de fabricação liberados;
pt_BR;KPSD000365;30;step_30_10;Pedidos de fabricação inicialmente confirmados;
pt_BR;KPSD000365;40;step_40_10;Pedidos de fabricação entregues;
pt_BR;KPSD000365;40;step_40_20;Itens da ordem do cliente com saída de mercadorias lançada;
pt_BR;KPSD000365;50;step_50_10;Itens da fatura do cliente criados;
pt_BR;KPSD000366;10;step_10_10;Itens da ordem do cliente criados;
pt_BR;KPSD000366;20;step_20_10;Itens de remessa criados;
pt_BR;KPSD000366;30;step_30_10;Saída de mercadorias lançada;
pt_BR;KPSD000366;40;step_40_10;Itens da fatura do cliente criados;
pt_BR;KPSD000366;50;step_50_10;Itens FI-AR do cliente criados;
pt_BR;KPSD000366;60;step_60_10;Documentos interempresariais criados;
pt_BR;KPSD000366;70;step_70_10;Itens FI-AR interempresariais criados;
pt_BR;KPSD000366;70;step_70_20;Itens FI-AP interempresariais criados;
pt_BR;KPSD000367;10;step_10_10;Itens da ordem do cliente criados;
pt_BR;KPSD000367;20;step_20_10;Faturas do cliente criadas;
pt_BR;KPSD000367;30;step_30_10;Itens FI-AR criados;
pt_BR;KPSD000367;30;step_30_20;Itens FI-AR compensados;
pt_BR;KPSD000368;10;step_10_10;Itens da cotação criados;
pt_BR;KPSD000368;20;step_20_10;Primeiros itens da ordem do cliente criados referenciando o item da cotação;
pt_BR;KPSD000368;20;step_20_20;Itens da cotação totalmente processados;
pt_BR;KPSD000369;10;step_10_10;Itens da ordem do cliente criados;
pt_BR;KPSD000369;50;step_50_10;Itens de remessa criados;
pt_BR;KPSD000380;10;step_10_10;Itens do pedido de devolução criados;
pt_BR;KPSD000380;20;step_20_10;Itens de devolução criados;
pt_BR;KPSD000380;30;step_30_10;Entrada de mercadorias lançada;
pt_BR;KPSD000380;40;step_40_10;Itens da nota de crédito criados;
pt_BR;KPSD000460;10;step_10_10;Itens de solicitação de nota de débito criados;
pt_BR;KPSD000460;20;step_20_10;Itens da nota de débito criados;
pt_BR;KPSD000460;30;step_30_10;Itens FI-AR criados;
pt_BR;KPSD000460;30;step_30_20;Itens FI-AR compensados;
pt_BR;KPSD000462;10;step_10_10;Itens de solicitação da nota de crédito criados;
pt_BR;KPSD000462;20;step_20_10;Itens da nota de crédito criados;
pt_BR;KPSD000462;30;step_30_10;Itens FI-AR criados;
pt_BR;KPSD000462;30;step_30_20;Itens FI-AR compensados;
pt_BR;KWMD000160;10;step_10_10;Visualização de escalas de trabalho criada no mestre de materiais;
pt_BR;KWMD000160;20;step_20_10;Lista técnica criada;
pt_BR;KWMD000160;30;step_30_10;Roteiro criado;
pt_BR;KWMD000160;40;step_40_10;Estimativa de custo criada sem erros;
pt_BR;KWMD000160;40;step_40_20;Estimativa de custos liberada;
pt_BR;KWMD000160;50;step_50_10;Primeiro pedido de produção criado;
pt_BR;KWMD000160;50;step_50_20;Primeiro pedido de produção entregue;
pt_BR;KWMD000161;10;step_10_10;Visualização de escalas de trabalho criada no mestre de materiais;
pt_BR;KWMD000161;20;step_20_10;Lista técnica criada;
pt_BR;KWMD000161;30;step_30_10;Receita mestre criada;
pt_BR;KWMD000161;40;step_40_10;Estimativa de custo criada sem erros;
pt_BR;KWMD000161;40;step_40_20;Estimativa de custos liberada;
pt_BR;KWMD000161;50;step_50_10;Primeira ordem de processo criada;
pt_BR;KWMD000161;50;step_50_20;Primeira ordem de processo entregue;
pt_BR;KWMD000260;10;step_10_10;Dados mestre do cliente criados para área de vendas;
pt_BR;KWMD000260;30;step_30_10;Primeira ordem do cliente criada para cliente;
pt_BR;KWMD000260;40;step_40_10;Primeira fatura criada para primeira ordem do cliente;
pt_BR;KWMD000260;50;step_50_10;Primeira fatura compensada para primeira ordem do cliente;
pt_BR;KWMD000360;10;step_10_10;Dados mestre do fornecedor criados para a organização de compras;
pt_BR;KWMD000360;30;step_30_10;Primeiro pedido de compra criado para fornecedor;
pt_BR;KWMD000360;40;step_40_10;Primeira fatura criada para primeiro pedido de compra;
pt_BR;KWMD000360;40;step_40_20;Primeira fatura compensada para primeiro pedido de compra;
pt_BR;KWPM000160;10;step_10_10;Notificações de manutenção criadas;
pt_BR;KWPM000160;10;step_10_20;O processamento das notificações de manutenção começou;
pt_BR;KWPM000160;10;step_10_30;Notificações de manutenção processadas completadas;
pt_BR;KWPM000161;10;step_10_10;Notificações de serviço criadas;
pt_BR;KWPM000161;10;step_10_20;O processamento das notificações de serviço começou;
pt_BR;KWPM000161;10;step_10_30;Notificações de serviço processadas completadas;
pt_BR;KWPM000260;10;step_10_10;Ordens de manutenção criadas;
pt_BR;KWPM000260;10;step_10_20;Ordens de manutenção liberadas;
pt_BR;KWPM000260;20;step_20_10;Ordens de manutenção inicialmente confirmadas;
pt_BR;KWPM000260;20;step_20_20;Ordens de manutenção finalmente confirmadas;
pt_BR;KWPM000260;30;step_30_10;Ordens de manutenção confirmadas e tecnicamente concluídas;
pt_BR;KWPM000260;30;step_30_20;Ordens de manutenção confirmadas e encerradas;
pt_BR;KWPM000261;10;step_10_10;Ordens de manutenção criadas;
pt_BR;KWPM000261;10;step_10_20;Ordens de manutenção liberadas;
pt_BR;KWPM000261;20;step_20_10;Ordens de manutenção inicialmente confirmadas;
pt_BR;KWPM000261;30;step_30_10;Ordens de manutenção tecnicamente concluídas;
pt_BR;KWPM000261;40;step_40_10;Ordens de manutenção liquidadas primeiro;
pt_BR;KWPM000262;10;step_10_10;Ordens de serviço criadas;
pt_BR;KWPM000262;10;step_10_20;Ordens de serviço liberadas;
pt_BR;KWPM000262;20;step_20_10;Ordens de serviço inicialmente confirmadas;
pt_BR;KWPM000262;20;step_20_20;Ordens de serviço finalmente confirmadas;
pt_BR;KWPM000262;30;step_30_10;Ordens de serviço confirmadas e tecnicamente concluídas;
pt_BR;KWPM000262;30;step_30_20;Ordens de serviço confirmadas e concluídas;
pt_BR;KWPM000263;10;step_10_10;Ordens de serviço criadas;
pt_BR;KWPM000263;10;step_10_20;Ordens de serviço liberadas;
pt_BR;KWPM000263;20;step_20_10;Ordens de serviço inicialmente confirmadas;
pt_BR;KWPM000263;30;step_30_10;Ordens de serviço tecnicamente concluídas;
pt_BR;KWPM000263;40;step_40_10;Ordens de serviço liquidadas primeiro;
pt_BR;KWPM000264;10;step_10_10;Componentes de ordem de manutenção criados;
pt_BR;KWPM000264;10;step_10_20;Ordem de manutenção liberada para componentes;
pt_BR;KWPM000264;40;step_40_10;Primeira emissão de mercadoria lançada para componentes;
pt_BR;KWPM000265;10;step_10_10;Componentes de ordem de serviço criados;
pt_BR;KWPM000265;10;step_10_20;Ordem de serviço liberada para componentes;
pt_BR;KWPM000265;40;step_40_10;Primeira emissão de mercadoria lançada para componentes;
pt_BR;KWPM000462;10;step_10_10;Itens de manutenção criados;
pt_BR;KWPM000462;20;step_20_10;Primeira ordem de serviço criada para itens de manutenção;
pt_BR;KWPM000462;20;step_20_20;Primeira ordem de serviço concluída para itens de manutenção;
pt_BR;KWPM000462;30;step_30_10;Itens de manutenção com data final do contrato de serviço atingida;
pt_BR;KWQM000161;10;step_10_10;Lotes de controle criados;
pt_BR;KWQM000161;50;step_50_10;Lotes de controle com decisão de utilização tomada;
pt_BR;KWQM000162;10;step_10_10;Lotes de controle criados;
pt_BR;KWQM000162;50;step_50_10;Lotes de controle com decisão de utilização tomada;
pt_BR;KWQM000163;10;step_10_10;Lotes de controle criados;
pt_BR;KWQM000163;40;step_40_10;Lotes de controle com decisão de utilização tomada;
pt_BR;KWSERV0160;10;step_10_10;Ordens de serviço criadas;
pt_BR;KWSERV0160;10;step_10_20;Ordens de serviço liberadas pela primeira vez;
pt_BR;KWSERV0160;30;step_30_10;Ordens de serviço concluídas pela última vez após a liberação;
pt_BR;KXEWM00260;10;step_10_10;Ordens de depósito criadas;
pt_BR;KXEWM00260;10;step_10_20;Ordens de depósito iniciadas;
pt_BR;KXEWM00260;20;step_20_10;Ordens de depósito confirmadas;
pt_BR;KXEWM00460;10;step_10_10;Itens de remessa criados;
pt_BR;KXEWM00460;20;step_20_10;Itens de remessa com recibo de mercadorias lançado;
pt_BR;KXEWM00460;30;step_30_10;Itens de entrega com entrada em depósito planejada;
pt_BR;KXEWM00460;30;step_30_20;Itens de remessa com entrada em depósito concluída;
pt_BR;KXEWM00461;10;step_10_10;Itens de remessa criados;
pt_BR;KXEWM00461;20;step_20_10;Itens de remessa com recibo de mercadorias lançado;
pt_BR;KXEWM00461;30;step_30_10;Itens de entrega com entrada em depósito planejada;
pt_BR;KXEWM00461;30;step_30_20;Itens de remessa com entrada em depósito concluída;
pt_BR;KXEWM00560;10;step_10_10;Itens da ordem de entrega criados;
pt_BR;KXEWM00560;20;step_20_10;Itens da ordem de entrega separados;
pt_BR;KXEWM00560;30;step_30_10;Itens da ordem de entrega com saída de mercadorias lançada;
pt_BR;KXEWM00560;40;step_40_10;Itens da ordem de entrega com entrega criada;
pt_BR;KXEWM00860;10;step_10_10;Itens de notificação de entrega criados;
pt_BR;KXEWM00860;20;step_20_10;Itens de remessa criados;
pt_BR;KXEWM00860;30;step_30_10;Itens de remessa com recibo de mercadorias lançado;
pt_BR;KXEWM00860;40;step_40_10;Itens de entrega com entrada em depósito planejada;
pt_BR;KXEWM00860;40;step_40_20;Itens de remessa com entrada em depósito concluída;
pt_BR;KXEWM00861;10;step_10_10;Itens de notificação de entrega criados;
pt_BR;KXEWM00861;20;step_20_10;Itens de remessa criados;
pt_BR;KXEWM00861;30;step_30_10;Itens de remessa com recibo de mercadorias lançado;
pt_BR;KXEWM00861;40;step_40_10;Itens de entrega com entrada em depósito planejada;
pt_BR;KXEWM00861;40;step_40_20;Itens de remessa com entrada em depósito concluída;
pt_BR;KXEWM00862;10;step_10_10;Itens da solicitação de entrega criados;
pt_BR;KXEWM00862;20;step_20_10;Itens da ordem de entrega criados;
pt_BR;KXEWM00862;30;step_30_10;Itens da ordem de entrega separados;
pt_BR;KXEWM00862;40;step_40_10;Itens da ordem de entrega com saída de mercadorias lançada;
pt_BR;KXEWM00862;50;step_50_10;Itens da ordem de entrega com entrega criada;