locale;id;text
en_US_sappsd;CPACM00101;[[[Ĉŏŋţŗąċţ ŵŏŗķşρąċēş ċŗēąţēƌ∙∙∙∙∙∙∙∙]]]
en_US_sappsd;CPACM00102;[[[Ůŋρűƃĺįşĥēƌ ċŏŋţŗąċţ ŵŏŗķşρąċēş ŵįţĥ ēƒƒēċţįʋē ƌąţē įŋ ţĥē ρąşţ∙∙∙∙∙∙∙∙∙∙∙∙∙∙∙∙∙∙∙∙∙∙∙∙∙∙]]]
en_US_sappsd;CPACM00160;[[[Ĉŏŋţŗąċţ ŵŏŗķşρąċē ċŗēąţįŏŋ ţŏ ċŏŋţŗąċţ ρűƃĺįċąţįŏŋ∙∙∙∙∙∙∙∙∙∙∙∙∙∙∙∙∙∙∙∙]]]
en_US_sappsd;CPAOP00110;[[[Ƥűŗċĥąşē ŗēƣűįşįţįŏŋ įţēɱş ċŗēąţēƌ∙∙∙∙∙∙∙∙∙∙∙]]]
en_US_sappsd;CPAOP00111;[[[Ƥűŗċĥąşē ŗēƣűįşįţįŏŋ įţēɱş ƌēĺąŷēƌ∙∙∙∙∙∙∙∙∙∙∙]]]
en_US_sappsd;CPAOP00112;[[[Ƥűŗċĥąşē ŗēƣűįşįţįŏŋ įţēɱş ŵįţĥ ŏŗƌēŗįŋğ şţąţűş∙∙∙∙∙∙∙∙∙∙∙∙∙∙∙∙∙∙]]]
en_US_sappsd;CPAOP00113;[[[Ƥűŗċĥąşē ŗēƣűįşįţįŏŋ įţēɱş ŵįţĥ ŋēēƌ-ƃŷ ƌąţē įŋ ţĥē ρąşţ∙∙∙∙∙∙∙∙∙∙∙∙∙∙∙∙∙∙∙∙∙∙]]]
en_US_sappsd;CPAOP00114;[[[Ƥűŗċĥąşē ŏŗƌēŗ įţēɱş ċŗēąţēƌ∙∙∙∙∙∙∙∙]]]
en_US_sappsd;CPAOP00116;[[[Ŏρēŋ ρűŗċĥąşē ŏŗƌēŗ įţēɱş ŵįţĥ ŋēēƌ-ƃŷ ƌąţē įŋ ţĥē ρąşţ∙∙∙∙∙∙∙∙∙∙∙∙∙∙∙∙∙∙∙∙∙∙]]]
en_US_sappsd;CPAOP00117;[[[Ŝűρρĺįēŗ įŋʋŏįċē įţēɱş şűƃɱįţţēƌ∙∙∙∙∙∙∙∙∙∙]]]
en_US_sappsd;CPAOP00118;[[[Ŝűρρĺįēŗ įŋʋŏįċē įţēɱş ŵįţĥ ēχċēρţįŏŋş ŋŏţ ρŗŏċēşşēƌ∙∙∙∙∙∙∙∙∙∙∙∙∙∙∙∙∙∙∙∙]]]
en_US_sappsd;CPAOP00119;[[[Ŝűρρĺįēŗ įŋʋŏįċē įţēɱş ŵįţĥ ēχċēρţįŏŋş ƃűţ ŵįţĥŏűţ ŗēĺąţēƌ ρűŗċĥąşē ŏŗƌēŗ∙∙∙∙∙∙∙∙∙∙∙∙∙∙∙∙∙∙∙∙∙∙∙∙∙∙∙∙∙∙∙]]]
en_US_sappsd;CPAOP00160;[[[Ƥűŗċĥąşē ŗēƣűįşįţįŏŋ įţēɱ ċŗēąţįŏŋ ţŏ ρűŗċĥąşē ŏŗƌēŗ įţēɱ ċŗēąţįŏŋ∙∙∙∙∙∙∙∙∙∙∙∙∙∙∙∙∙∙∙∙∙∙∙∙∙∙∙]]]
en_US_sappsd;CPAOP00161;[[[Ƥűŗċĥąşē ŏŗƌēŗ įţēɱ ċŗēąţįŏŋ ţŏ įŋʋŏįċē ŗēċēįρţ ċŗēąţįŏŋ∙∙∙∙∙∙∙∙∙∙∙∙∙∙∙∙∙∙∙∙∙∙]]]
en_US_sappsd;CPAOP00162;[[[Ŝűρρĺįēŗ įŋʋŏįċē įţēɱ ċŗēąţįŏŋ ţŏ įŋʋŏįċē įţēɱ ρąŷɱēŋţ∙∙∙∙∙∙∙∙∙∙∙∙∙∙∙∙∙∙∙∙∙]]]
en_US_sappsd;CPAOP00163;[[[Ƥűŗċĥąşē ŏŗƌēŗ įţēɱ ċŗēąţįŏŋ (ŵįţĥŏűţ ĢŘ) ţŏ įŋʋŏįċē ŗēċēįρţ ċŗēąţįŏŋ∙∙∙∙∙∙∙∙∙∙∙∙∙∙∙∙∙∙∙∙∙∙∙∙∙∙∙∙∙]]]
en_US_sappsd;CPASC00101;[[[Ƒűĺĺ şŏűŗċįŋğ ρŗŏĵēċţş ċŗēąţēƌ∙∙∙∙∙∙∙∙∙]]]
en_US_sappsd;CPASC00102;[[[Ƒűĺĺ şŏűŗċįŋğ ρŗŏĵēċţş ċąŋċēĺēƌ∙∙∙∙∙∙∙∙∙∙]]]
en_US_sappsd;CPASC00103;[[[Ƒűĺĺ şŏűŗċįŋğ ρŗŏĵēċţş ŵįţĥ ρēŋƌįŋğ şēĺēċţįŏŋ ēʋēŋţş∙∙∙∙∙∙∙∙∙∙∙∙∙∙∙∙∙∙∙∙]]]
en_US_sappsd;CPASC00104;[[[Řēƣűēşţ ƒŏŗ įŋƒŏŗɱąţįŏŋ (ŘƑĬ) şŏűŗċįŋğ ēʋēŋţş ŏŋğŏįŋğ∙∙∙∙∙∙∙∙∙∙∙∙∙∙∙∙∙∙∙∙∙]]]
en_US_sappsd;CPASC00105;[[[Řēƣűēşţ ƒŏŗ įŋƒŏŗɱąţįŏŋ (ŘƑĬ) şŏűŗċįŋğ ēʋēŋţş ċąŋċēĺēƌ∙∙∙∙∙∙∙∙∙∙∙∙∙∙∙∙∙∙∙∙∙]]]
en_US_sappsd;CPASC00106;[[[Řēƣűēşţ ƒŏŗ įŋƒŏŗɱąţįŏŋ (ŘƑĬ) şŏűŗċįŋğ ēʋēŋţş ŵįţĥ ρēŋƌįŋğ şēĺēċţįŏŋ şţąţűş∙∙∙∙∙∙∙∙∙∙∙∙∙∙∙∙∙∙∙∙∙∙∙∙∙∙∙∙∙∙∙∙]]]
en_US_sappsd;CPASC00110;[[[Řēƣűēşţ ƒŏŗ ρŗŏρŏşąĺ (ŘƑƤ) şŏűŗċįŋğ ēʋēŋţş ŏŋğŏįŋğ∙∙∙∙∙∙∙∙∙∙∙∙∙∙∙∙∙∙∙]]]
en_US_sappsd;CPASC00111;[[[Řēƣűēşţ ƒŏŗ ρŗŏρŏşąĺ (ŘƑƤ) şŏűŗċįŋğ ēʋēŋţş ċąŋċēĺēƌ∙∙∙∙∙∙∙∙∙∙∙∙∙∙∙∙∙∙∙∙]]]
en_US_sappsd;CPASC00112;[[[Řēƣűēşţ ƒŏŗ ρŗŏρŏşąĺ (ŘƑƤ) şŏűŗċįŋğ ēʋēŋţş ŵįţĥ ρēŋƌįŋğ şēĺēċţįŏŋ şţąţűş∙∙∙∙∙∙∙∙∙∙∙∙∙∙∙∙∙∙∙∙∙∙∙∙∙∙∙∙∙∙]]]
en_US_sappsd;CPASC00116;[[[Ŝŏűŗċįŋğ ąűċţįŏŋ ēʋēŋţş ŏŋğŏįŋğ∙∙∙∙∙∙∙∙∙∙]]]
en_US_sappsd;CPASC00117;[[[Ŝŏűŗċįŋğ ąűċţįŏŋ ēʋēŋţş ċąŋċēĺēƌ∙∙∙∙∙∙∙∙∙∙]]]
en_US_sappsd;CPASC00118;[[[Ŝŏűŗċįŋğ ąűċţįŏŋ ēʋēŋţş ŵįţĥ ρēŋƌįŋğ şēĺēċţįŏŋ şţąţűş∙∙∙∙∙∙∙∙∙∙∙∙∙∙∙∙∙∙∙∙∙]]]
en_US_sappsd;CPASC00160;[[[Ŝŏűŗċįŋğ ŗēƣűēşţ ċŗēąţįŏŋ ţŏ şŏűŗċįŋğ ρŗŏĵēċţ ċŏɱρĺēţįŏŋ∙∙∙∙∙∙∙∙∙∙∙∙∙∙∙∙∙∙∙∙∙∙]]]
en_US_sappsd;CPASC00161;[[[Ŝŏűŗċįŋğ ρŗŏĵēċţ ċŗēąţįŏŋ ţŏ ċŏɱρĺēţįŏŋ∙∙∙∙∙∙∙∙∙∙∙∙∙∙]]]
en_US_sappsd;CPASC00163;[[[Řēƣűēşţ ƒŏŗ įŋƒŏŗɱąţįŏŋ (ŘƑĬ) ēʋēŋţ ċŗēąţįŏŋ ţŏ ēʋēŋţ ċŏɱρĺēţįŏŋ∙∙∙∙∙∙∙∙∙∙∙∙∙∙∙∙∙∙∙∙∙∙∙∙∙∙]]]
en_US_sappsd;CPASC00164;[[[Řēƣűēşţ ƒŏŗ ρŗŏρŏşąĺ (ŘƑƤ) ēʋēŋţ ċŗēąţįŏŋ ţŏ ēʋēŋţ ċŏɱρĺēţįŏŋ∙∙∙∙∙∙∙∙∙∙∙∙∙∙∙∙∙∙∙∙∙∙∙∙∙]]]
en_US_sappsd;CPASC00165;[[[Ŝŏűŗċįŋğ ąűċţįŏŋ ēʋēŋţ ċŗēąţįŏŋ ţŏ ēʋēŋţ ċŏɱρĺēţįŏŋ∙∙∙∙∙∙∙∙∙∙∙∙∙∙∙∙∙∙∙∙]]]
en_US_sappsd;CPASM00101;[[[Ŝűρρĺįēŗ ŗēƣűēşţş ċŗēąţēƌ∙∙∙∙∙∙∙]]]
en_US_sappsd;CPASM00102;[[[Ŝűρρĺįēŗ ŗēğįşţŗąţįŏŋş ċŗēąţēƌ∙∙∙∙∙∙∙∙∙]]]
en_US_sappsd;CPASM00103;[[[Ŝűρρĺįēŗ ŗēğįşţŗąţįŏŋş ρēŋƌįŋğ ąρρŗŏʋąĺ ƒŏŗ ɱŏŗē ţĥąŋ 1 ɱŏŋţĥ∙∙∙∙∙∙∙∙∙∙∙∙∙∙∙∙∙∙∙∙∙∙∙∙∙]]]
en_US_sappsd;CPASM00104;[[[Ļēğąċŷ şűρρĺįēŗ ƣűąĺįƒįċąţįŏŋ ρŗŏĵēċţ įţēɱş ċŗēąţēƌ∙∙∙∙∙∙∙∙∙∙∙∙∙∙∙∙∙∙∙∙]]]
en_US_sappsd;CPASM00105;[[[Ļēğąċŷ şűρρĺįēŗ ƣűąĺįƒįċąţįŏŋ ρŗŏĵēċţ įţēɱş ρēŋƌįŋğ ąρρŗŏʋąĺ ƒŏŗ ɱŏŗē ţĥąŋ 1 ɱŏŋţĥ∙∙∙∙∙∙∙∙∙∙∙∙∙∙∙∙∙∙∙]]]
en_US_sappsd;CPASM00160;[[[Ŝűρρĺįēŗ ŗēƣűēşţ ċŗēąţįŏŋ ţŏ şűρρĺįēŗ ŗēğįşţŗąţįŏŋ ąρρŗŏʋąĺ∙∙∙∙∙∙∙∙∙∙∙∙∙∙∙∙∙∙∙∙∙∙∙∙]]]
en_US_sappsd;CPASM00161;[[[Ļēğąċŷ şűρρĺįēŗ ƣűąĺįƒįċąţįŏŋ ρŗŏĵēċţ įţēɱ ċŗēąţįŏŋ ţŏ ąρρŗŏʋąĺ∙∙∙∙∙∙∙∙∙∙∙∙∙∙∙∙∙∙∙∙∙∙∙∙∙∙]]]
en_US_sappsd;KBSRM00101;[[[Ŝĥŏρρįŋğ ċąŗţ įţēɱş ċŗēąţēƌ∙∙∙∙∙∙∙∙]]]
en_US_sappsd;KBSRM00102;[[[Ŝĥŏρρįŋğ ċąŗţ įţēɱş ąŵąįţįŋğ ąρρŗŏʋąĺ∙∙∙∙∙∙∙∙∙∙∙∙∙]]]
en_US_sappsd;KBSRM00103;[[[Ŝĥŏρρįŋğ ċąŗţ įţēɱş ŵįţĥŏűţ ƒŏĺĺŏŵ-ŏŋ ƌŏċűɱēŋţ∙∙∙∙∙∙∙∙∙∙∙∙∙∙∙∙∙]]]
en_US_sappsd;KBSRM00104;[[[Ĉĥąŋğēş įŋ şĥŏρρįŋğ ċąŗţş∙∙∙∙∙∙∙]]]
en_US_sappsd;KBSRM00160;[[[Ŝĥŏρρįŋğ ċąŗţ ċŗēąţįŏŋ (ŵįţĥ ąρρŗŏʋąĺ) ţŏ ƒŏĺĺŏŵ-űρ įţēɱ ċŗēąţįŏŋ∙∙∙∙∙∙∙∙∙∙∙∙∙∙∙∙∙∙∙∙∙∙∙∙∙∙∙]]]
en_US_sappsd;KBSRM00190;[[[Ƥŗŏƌűċţ ċąţēğŏŗŷ űşąğē įŋ şĥŏρρįŋğ ċąŗţ įţēɱş∙∙∙∙∙∙∙∙∙∙∙∙∙∙∙∙∙]]]
en_US_sappsd;KBSRM00191;[[[Ƥűŗċĥąşįŋğ ğŗŏűρ űşąğē įŋ şĥŏρρįŋğ ċąŗţ įţēɱş∙∙∙∙∙∙∙∙∙∙∙∙∙∙∙∙∙]]]
en_US_sappsd;KBSRM00192;[[[Ŝűρρĺįēŗ űşąğē įŋ şĥŏρρįŋğ ċąŗţ įţēɱş (ċŗŏşş-ρűŗċĥąşįŋğ ŏŗğąŋįžąţįŏŋ)∙∙∙∙∙∙∙∙∙∙∙∙∙∙∙∙∙∙∙∙∙∙∙∙∙∙∙∙∙]]]
en_US_sappsd;KBSRM00193;[[[Ŝűρρĺįēŗ űşąğē įŋ şĥŏρρįŋğ ċąŗţ įţēɱş (ρēŗ ρűŗċĥąşįŋğ ŏŗğąŋįžąţįŏŋ)∙∙∙∙∙∙∙∙∙∙∙∙∙∙∙∙∙∙∙∙∙∙∙∙∙∙∙∙]]]
en_US_sappsd;KBSRM00194;[[[Ţŗąŋşąċţįŏŋ ţŷρē űşąğē įŋ ŜŘΜ ƌŏċűɱēŋţş∙∙∙∙∙∙∙∙∙∙∙∙∙∙]]]
en_US_sappsd;KBSRM00201;[[[Ƥűŗċĥąşē ŏŗƌēŗ įţēɱş ċŗēąţēƌ įŋ ŜŘΜ∙∙∙∙∙∙∙∙∙∙∙∙]]]
en_US_sappsd;KBSRM00202;[[[Ƥűŗċĥąşē ŏŗƌēŗ įţēɱş ąŵąįţįŋğ ąρρŗŏʋąĺ∙∙∙∙∙∙∙∙∙∙∙∙∙]]]
en_US_sappsd;KBSRM00203;[[[Ƥűŗċĥąşē ŏŗƌēŗ įţēɱş şţįĺĺ ƃēįŋğ ţŗąŋşƒēŗŗēƌ ţŏ ĔŘƤ şŷşţēɱ∙∙∙∙∙∙∙∙∙∙∙∙∙∙∙∙∙∙∙∙∙∙∙]]]
en_US_sappsd;KBSRM00204;[[[Ƥűŗċĥąşē ŏŗƌēŗ įţēɱş ŵįţĥ ƒąįĺēƌ ţŗąŋşƒēŗ ţŏ ĔŘƤ şŷşţēɱ∙∙∙∙∙∙∙∙∙∙∙∙∙∙∙∙∙∙∙∙∙∙]]]
en_US_sappsd;KBSRM00205;[[[Ĉĥąŋğēş įŋ ρűŗċĥąşē ŏŗƌēŗş∙∙∙∙∙∙∙]]]
en_US_sappsd;KBSRM00301;[[[Ĉŏŋƒįŗɱąţįŏŋ įţēɱş ċŗēąţēƌ įŋ ŜŘΜ∙∙∙∙∙∙∙∙∙∙∙]]]
en_US_sappsd;KBSRM00302;[[[Ĉŏŋƒįŗɱąţįŏŋ įţēɱş ąŵąįţįŋğ ąρρŗŏʋąĺ∙∙∙∙∙∙∙∙∙∙∙∙]]]
en_US_sappsd;KBSRM00303;[[[Ĉŏŋƒįŗɱąţįŏŋ įţēɱş ċűŗŗēŋţĺŷ ƃēįŋğ ţŗąŋşƒēŗŗēƌ∙∙∙∙∙∙∙∙∙∙∙∙∙∙∙∙∙]]]
en_US_sappsd;KBSRM00304;[[[Ĉŏŋƒįŗɱąţįŏŋ įţēɱş ŵįţĥ ēŗŗŏŗ įŋ ţŗąŋşɱįşşįŏŋ∙∙∙∙∙∙∙∙∙∙∙∙∙∙∙∙∙]]]
en_US_sappsd;KBSRM00305;[[[Ĉĥąŋğēş įŋ ċŏŋƒįŗɱąţįŏŋş∙∙∙∙∙∙]]]
en_US_sappsd;KBSRM00401;[[[Ĭŋʋŏįċē įţēɱş ċŗēąţēƌ įŋ ŜŘΜ∙∙∙∙∙∙∙∙]]]
en_US_sappsd;KBSRM00402;[[[Ĭŋʋŏįċē įţēɱş ąŵąįţįŋğ ąρρŗŏʋąĺ∙∙∙∙∙∙∙∙∙∙]]]
en_US_sappsd;KBSRM00403;[[[Ĭŋʋŏįċē įţēɱş ċűŗŗēŋţĺŷ ƃēįŋğ ţŗąŋşƒēŗŗēƌ∙∙∙∙∙∙∙∙∙∙∙∙∙∙∙]]]
en_US_sappsd;KBSRM00404;[[[Ĭŋʋŏįċē įţēɱş ŵįţĥ ēŗŗŏŗ įŋ ţŗąŋşɱįşşįŏŋ∙∙∙∙∙∙∙∙∙∙∙∙∙∙]]]
en_US_sappsd;KBSRM00405;[[[Ĉĥąŋğēş įŋ įŋʋŏįċēş∙∙∙∙∙]]]
en_US_sappsd;KBSRM00601;[[[Ƥűŗċĥąşįŋğ ċŏŋţŗąċţ įţēɱş ċŗēąţēƌ∙∙∙∙∙∙∙∙∙∙∙]]]
en_US_sappsd;KBSRM00602;[[[Ĉĥąŋğēş įŋ ρűŗċĥąşįŋğ ċŏŋţŗąċţş∙∙∙∙∙∙∙∙∙∙]]]
en_US_sappsd;KBSRM00690;[[[Ĉŏŋţŗąċţ įţēɱ űşąğē įŋ ρűŗċĥąşįŋğ ƌŏċűɱēŋţş∙∙∙∙∙∙∙∙∙∙∙∙∙∙∙∙]]]
en_US_sappsd;KBSRM00701;[[[Ɓįƌ įŋʋįţąţįŏŋ įţēɱş ċŗēąţēƌ∙∙∙∙∙∙∙∙]]]
en_US_sappsd;KBSRM00702;[[[Ĉĥąŋğēş įŋ ƃįƌ įŋʋįţąţįŏŋş∙∙∙∙∙∙∙]]]
en_US_sappsd;KBSRM00703;[[[Ŝűρρĺįēŗ ƃįƌ įţēɱş ċŗēąţēƌ∙∙∙∙∙∙∙]]]
en_US_sappsd;KBSRM00760;[[[Ɓįƌ įŋʋįţąţįŏŋ įţēɱ ċŗēąţįŏŋ ţŏ ąċċēρţąŋċē ŏƒ ƒįŗşţ ƃįƌ∙∙∙∙∙∙∙∙∙∙∙∙∙∙∙∙∙∙∙∙∙∙]]]
en_US_sappsd;KBSRM00761;[[[Āűċţįŏŋ įţēɱ ċŗēąţįŏŋ ţŏ ąċċēρţąŋċē ŏƒ ƒįŗşţ ƃįƌ∙∙∙∙∙∙∙∙∙∙∙∙∙∙∙∙∙∙]]]
en_US_sappsd;KCSAL00190;[[[Ţŗąŋşąċţįŏŋ ţŷρē űşąğē įŋ ĈŘΜ ƌŏċűɱēŋţş∙∙∙∙∙∙∙∙∙∙∙∙∙∙]]]
en_US_sappsd;KCSAL00201;[[[Ɓűşįŋēşş ąċţįʋįţįēş ċŗēąţēƌ∙∙∙∙∙∙∙∙]]]
en_US_sappsd;KCSAL00202;"[[[Ɓűşįŋēşş ąċţįʋįţįēş ŵįţĥ ţĥē şţąţűş ""Ŏρēŋ"" ŏŗ ""Ĭŋ Ƥŗŏċēşş""∙∙∙∙∙∙∙∙∙∙∙∙∙∙∙∙∙∙∙∙∙∙∙]]]"
en_US_sappsd;KCSAL00501;[[[Ļēąƌş ċŗēąţēƌ∙∙∙∙∙∙]]]
en_US_sappsd;KCSAL00504;"[[[Ļēąƌş ŵįţĥ ţĥē şţąţűş ""Ŏρēŋ"" ŏŗ ""Ĭŋ Ƥŗŏċēşş""∙∙∙∙∙∙∙∙∙∙∙∙∙∙∙∙]]]"
en_US_sappsd;KCSAL00601;[[[Ŏρρŏŗţűŋįţįēş ċŗēąţēƌ∙∙∙∙∙]]]
en_US_sappsd;KCSAL00604;"[[[Ŏρρŏŗţűŋįţįēş ŵįţĥ ţĥē şţąţűş ""Ŏρēŋ"" ŏŗ ""Ĭŋ Ƥŗŏċēşş""∙∙∙∙∙∙∙∙∙∙∙∙∙∙∙∙∙∙∙∙]]]"
en_US_sappsd;KCSAL00660;[[[Ŏρρŏŗţűŋįţŷ ċŗēąţįŏŋ ţŏ ŏρρŏŗţűŋįţŷ ċŏɱρĺēţįŏŋ∙∙∙∙∙∙∙∙∙∙∙∙∙∙∙∙∙]]]
en_US_sappsd;KCSAL00901;[[[Ɓűşįŋēşş ąċţįʋįţįēş ċŗēąţēƌ∙∙∙∙∙∙∙∙]]]
en_US_sappsd;KCSAL00902;[[[Ĉĥąŋğēş įŋ ƃűşįŋēşş ąċţįʋįţįēş∙∙∙∙∙∙∙∙∙]]]
en_US_sappsd;KCSAL00904;"[[[Ɓűşįŋēşş ąċţįʋįţįēş ŵįţĥ ţĥē şţąţűş ""Ŏρēŋ"" ŏŗ ""Ĭŋ Ƥŗŏċēşş""∙∙∙∙∙∙∙∙∙∙∙∙∙∙∙∙∙∙∙∙∙∙∙]]]"
en_US_sappsd;KCSAL01001;[[[Ţąşķş ċŗēąţēƌ∙∙∙∙∙∙]]]
en_US_sappsd;KCSAL01002;[[[Ĉĥąŋğēş įŋ ţąşķş∙∙∙∙∙∙∙∙]]]
en_US_sappsd;KCSAL01004;"[[[Ţąşķş ŵįţĥ ţĥē şţąţűş ""Ŏρēŋ"" ŏŗ ""Ĭŋ Ƥŗŏċēşş""∙∙∙∙∙∙∙∙∙∙∙∙∙∙∙∙]]]"
en_US_sappsd;KFFI000104;[[[Ĉĥąŋğēş įŋ ƒįŋąŋċįąĺ ƌŏċűɱēŋţş∙∙∙∙∙∙∙∙∙]]]
en_US_sappsd;KFFI000105;[[[Ĉąŋċēĺēƌ ƒįŋąŋċįąĺ ĺįŋē įţēɱş∙∙∙∙∙∙∙∙∙]]]
en_US_sappsd;KFFI000106;[[[Ƒįŋąŋċįąĺ ƌŏċűɱēŋţş ċŗēąţēƌ∙∙∙∙∙∙∙∙]]]
en_US_sappsd;KFFI000190;[[[Ƒįŋąŋċįąĺ ƌŏċűɱēŋţ ţŷρē űşąğē (ċŗŏşş-ċŏɱρąŋŷ ċŏƌē)∙∙∙∙∙∙∙∙∙∙∙∙∙∙∙∙∙∙∙]]]
en_US_sappsd;KFFI000191;[[[Ĉŏɱρąŋŷ ċŏƌē űşąğē įŋ ƒįŋąŋċįąĺ ƌŏċűɱēŋţş∙∙∙∙∙∙∙∙∙∙∙∙∙∙∙]]]
en_US_sappsd;KFFI000193;[[[Ģēŋēŗąĺ ĺēƌğēŗ ąċċŏűŋţ űşąğē ρēŗ ƒįşċąĺ ŷēąŗ ąŋƌ ċŏɱρąŋŷ ċŏƌē∙∙∙∙∙∙∙∙∙∙∙∙∙∙∙∙∙∙∙∙∙∙∙∙∙]]]
en_US_sappsd;KFFI000202;[[[Ŏʋēŗƌűē ąŋƌ ŏρēŋ Āċċŏűŋţş Ƥąŷąƃĺē įţēɱş∙∙∙∙∙∙∙∙∙∙∙∙∙∙]]]
en_US_sappsd;KFFI000212;[[[Ŏρēŋ įţēɱş ŵįţĥŏűţ ąŋŷ ρąŷɱēŋţ ɱēţĥŏƌş∙∙∙∙∙∙∙∙∙∙∙∙∙]]]
en_US_sappsd;KFFI000213;[[[Ŏρēŋ įţēɱş ŵĥēŗē şűρρĺįēŗ įş ƃĺŏċķēƌ ƒŏŗ ρŏşţįŋğ∙∙∙∙∙∙∙∙∙∙∙∙∙∙∙∙∙∙]]]
en_US_sappsd;KFFI000214;[[[Ŏρēŋ įţēɱş ƃĺŏċķēƌ ƒŏŗ ρąŷɱēŋţ∙∙∙∙∙∙∙∙∙]]]
en_US_sappsd;KFFI000215;[[[Ŏρēŋ įţēɱş ŵĥēŗē şűρρĺįēŗ įş ƃĺŏċķēƌ ƒŏŗ ρąŷɱēŋţ∙∙∙∙∙∙∙∙∙∙∙∙∙∙∙∙∙∙]]]
en_US_sappsd;KFFI000216;[[[Ŏρēŋ įţēɱş ŵĥēŗē şűρρĺįēŗş ąŗē ɱįşşįŋğ ƃąŋķ ƌēţąįĺş∙∙∙∙∙∙∙∙∙∙∙∙∙∙∙∙∙∙∙∙]]]
en_US_sappsd;KFFI000217;[[[Ŏρēŋ įţēɱş ŵĥēŗē şűρρĺįēŗş ąŗē ɱįşşįŋğ ąƌƌŗēşş įŋƒŏŗɱąţįŏŋ∙∙∙∙∙∙∙∙∙∙∙∙∙∙∙∙∙∙∙∙∙∙∙]]]
en_US_sappsd;KFFI000302;[[[Ŏʋēŗƌűē ąŋƌ ŏρēŋ Āċċŏűŋţş Řēċēįʋąƃĺē įţēɱş∙∙∙∙∙∙∙∙∙∙∙∙∙∙∙]]]
en_US_sappsd;KFFI000310;[[[Ŏρēŋ įţēɱş ŵĥēŗē ċűşţŏɱēŗ ĥąş ŋŏ ƌűŋŋįŋğ ρŗŏċēƌűŗē ąşşįğŋēƌ∙∙∙∙∙∙∙∙∙∙∙∙∙∙∙∙∙∙∙∙∙∙∙∙]]]
en_US_sappsd;KFFI000311;[[[Ŏρēŋ įţēɱş ŵĥēŗē ċűşţŏɱēŗ įş ƃĺŏċķēƌ įŋ ąŋŏţĥēŗ ƌűŋŋįŋğ ŗűŋ∙∙∙∙∙∙∙∙∙∙∙∙∙∙∙∙∙∙∙∙∙∙∙∙]]]
en_US_sappsd;KFFI000312;[[[Ŏρēŋ įţēɱş ŵĥēŗē ċűşţŏɱēŗ įş ƃĺŏċķēƌ ƒŏŗ ƌűŋŋįŋğ∙∙∙∙∙∙∙∙∙∙∙∙∙∙∙∙∙∙]]]
en_US_sappsd;KFFI000313;[[[Ŏρēŋ įţēɱş ƃĺŏċķēƌ ƒŏŗ ƌűŋŋįŋğ∙∙∙∙∙∙∙∙∙]]]
en_US_sappsd;KFFI000405;[[[Ĕŗŗŏŗş ƌűŗįŋğ ρąŷɱēŋţ ŗűŋş∙∙∙∙∙∙∙]]]
en_US_sappsd;KFFI000406;[[[Ƥąŷɱēŋţ ŗűŋş ρēŗ ċŏɱρąŋŷ ċŏƌē∙∙∙∙∙∙∙∙∙]]]
en_US_sappsd;KFFI000409;[[[Ĉŏɱρąŋŷ ċŏƌēş ŵįţĥŏűţ ρąŷɱēŋţ ŗűŋş∙∙∙∙∙∙∙∙∙∙∙]]]
en_US_sappsd;KFFI000501;[[[Ĕĺēċţŗŏŋįċ ƃąŋķ şţąţēɱēŋţş ŋŏţ ċŏɱρĺēţēĺŷ ρŏşţēƌ∙∙∙∙∙∙∙∙∙∙∙∙∙∙∙∙∙∙]]]
en_US_sappsd;KFFI000502;[[[Ĕĺēċţŗŏŋįċ ƃąŋķ şţąţēɱēŋţ įţēɱş ŋŏţ ċŏɱρĺēţēĺŷ ρŏşţēƌ∙∙∙∙∙∙∙∙∙∙∙∙∙∙∙∙∙∙∙∙∙]]]
en_US_sappsd;KFFI000504;[[[Ĕĺēċţŗŏŋįċ ƃąŋķ şţąţēɱēŋţş įɱρŏŗţēƌ ρēŗ ƌąŷ∙∙∙∙∙∙∙∙∙∙∙∙∙∙∙∙]]]
en_US_sappsd;KFFI000705;[[[Ŏρēŋ įţēɱş įŋ ğēŋēŗąĺ ĺēƌğēŗ ąċċŏűŋţş (ąğğŗēğąţēƌ)∙∙∙∙∙∙∙∙∙∙∙∙∙∙∙∙∙∙∙]]]
en_US_sappsd;KFFI000706;[[[Ŏρēŋ įţēɱş įŋ ğŏŏƌş ŗēċēįρţ/įŋʋŏįċē ŗēċēįρţ ċĺēąŗįŋğ ąċċŏűŋţ∙∙∙∙∙∙∙∙∙∙∙∙∙∙∙∙∙∙∙∙∙∙∙∙]]]
en_US_sappsd;KFFI000790;[[[Ŏρēŋ-įţēɱ-ɱąŋąğēƌ ąċċŏűŋţş ŵįţĥŏűţ ċĺēąŗįŋğ ŗűĺē∙∙∙∙∙∙∙∙∙∙∙∙∙∙∙∙∙∙]]]
en_US_sappsd;KFFI000940;[[[Āűţŏɱąţįŏŋ ŗąţē: Ŝűρρĺįēŗ įŋʋŏįċē ċĺēąŗįŋğ∙∙∙∙∙∙∙∙∙∙∙∙∙∙∙]]]
en_US_sappsd;KFFI000960;[[[Ŝűρρĺįēŗ įŋʋŏįċē įşşűįŋğ (ŵįţĥŏűţ ρűŗċĥąşē ŏŗƌēŗ) ţŏ ƑĬ-ĀƤ ċĺēąŗįŋğ∙∙∙∙∙∙∙∙∙∙∙∙∙∙∙∙∙∙∙∙∙∙∙∙∙∙∙∙]]]
en_US_sappsd;KFFI000961;[[[Ŝűρρĺįēŗ įŋʋŏįċē įşşűįŋğ ţŏ ƑĬ-ĀƤ ċĺēąŗįŋğ (ċēŋţŗąĺ ƒįŋąŋċē)∙∙∙∙∙∙∙∙∙∙∙∙∙∙∙∙∙∙∙∙∙∙∙∙]]]
en_US_sappsd;KFFI001040;[[[Āűţŏɱąţįŏŋ ŗąţē: Ĉűşţŏɱēŗ įŋʋŏįċē ċĺēąŗįŋğ∙∙∙∙∙∙∙∙∙∙∙∙∙∙∙]]]
en_US_sappsd;KFFI001060;[[[Ĉűşţŏɱēŗ įŋʋŏįċē įşşűįŋğ (ŵįţĥŏűţ şąĺēş) ţŏ ƑĬ-ĀŘ ċĺēąŗįŋğ∙∙∙∙∙∙∙∙∙∙∙∙∙∙∙∙∙∙∙∙∙∙∙]]]
en_US_sappsd;KFFI001061;[[[Ĉűşţŏɱēŗ įŋʋŏįċē įşşűįŋğ ţŏ ƑĬ-ĀŘ ċĺēąŗįŋğ (ċēŋţŗąĺ ƒįŋąŋċē)∙∙∙∙∙∙∙∙∙∙∙∙∙∙∙∙∙∙∙∙∙∙∙∙]]]
en_US_sappsd;KFFI001201;[[[Ŝċĥēƌűĺē Μąŋąğēŗ: Řűŋţįɱēş ąŋƌ Ŝţąţűş∙∙∙∙∙∙∙∙∙∙∙∙∙]]]
en_US_sappsd;KFFI001303;[[[Ŏρēŋ ƌįşρűţē ċąşēş ŵįţĥ ĺąşţ ċĥąŋğēƌ ƌąţē įŋ ţĥē ρąşţ∙∙∙∙∙∙∙∙∙∙∙∙∙∙∙∙∙∙∙∙∙]]]
en_US_sappsd;KFFI001402;[[[Ŏρēŋ ρŗŏɱįşē ţŏ ρąŷ ċąşēş ŵįţĥ ρŗŏɱįşē ţŏ ρąŷ ƌąţē įŋ ţĥē ρąşţ∙∙∙∙∙∙∙∙∙∙∙∙∙∙∙∙∙∙∙∙∙∙∙∙∙]]]
en_US_sappsd;KFFI001501;[[[Ĕŗŗŏŗş ƌűŗįŋğ ċŏşţįŋğ ŗűŋ∙∙∙∙∙∙∙]]]
en_US_sappsd;KFFI001502;[[[Ĕŗŗŏŗş ƌűŗįŋğ ċŏşţ ċąĺċűĺąţįŏŋ ŵįţĥ ţŗąŋşąċţįŏŋ ĈĶ11Ń∙∙∙∙∙∙∙∙∙∙∙∙∙∙∙∙∙∙∙∙∙]]]
en_US_sappsd;KFFI001601;[[[Ĕŗŗŏŗş ƌűŗįŋğ ŴĬƤ ċąĺċűĺąţįŏŋ ƒŏŗ ɱąŋűƒąċţűŗįŋğ ŏŗƌēŗş∙∙∙∙∙∙∙∙∙∙∙∙∙∙∙∙∙∙∙∙∙]]]
en_US_sappsd;KFFI001602;[[[Ĕŗŗŏŗş ƌűŗįŋğ ʋąŗįąŋċē ċąĺċűĺąţįŏŋ ƒŏŗ ɱąŋűƒąċţűŗįŋğ ŏŗƌēŗş∙∙∙∙∙∙∙∙∙∙∙∙∙∙∙∙∙∙∙∙∙∙∙∙]]]
en_US_sappsd;KFFI001603;[[[Ĕŗŗŏŗş ƌűŗįŋğ ɱąŋűƒąċţűŗįŋğ ŏŗƌēŗ ąċţűąĺ şēţţĺēɱēŋţ∙∙∙∙∙∙∙∙∙∙∙∙∙∙∙∙∙∙∙∙]]]
en_US_sappsd;KFFI001605;[[[Ĕŗŗŏŗş ƌűŗįŋğ ɱąįŋţēŋąŋċē/įŋţēŗŋąĺ ŏŗƌēŗ ąċţűąĺ şēţţĺēɱēŋţ∙∙∙∙∙∙∙∙∙∙∙∙∙∙∙∙∙∙∙∙∙∙∙]]]
en_US_sappsd;KFFI001609;[[[Ĕŗŗŏŗş ƌűŗįŋğ ŴƁŜ ēĺēɱēŋţ/ŋēţŵŏŗķ ŏŗƌēŗ ąċţűąĺ şēţţĺēɱēŋţ∙∙∙∙∙∙∙∙∙∙∙∙∙∙∙∙∙∙∙∙∙∙∙]]]
en_US_sappsd;KFFI001701;[[[Ĭŋċŏŗŗēċţ ċŏşţ ċąĺċűĺąţįŏŋş ƒŗŏɱ ċŏŋƒįŗɱąţįŏŋş∙∙∙∙∙∙∙∙∙∙∙∙∙∙∙∙∙]]]
en_US_sappsd;KFFI001801;[[[Ĕŗŗŏŗş ƌűŗįŋğ ƌēρŗēċįąţįŏŋ ŗűŋ∙∙∙∙∙∙∙∙∙]]]
en_US_sappsd;KFFI001802;[[[Āşşēţş űŋƌēŗ ċŏŋşţŗűċţįŏŋ ŋŏţ ƌēąċţįʋąţēƌ∙∙∙∙∙∙∙∙∙∙∙∙∙∙∙]]]
en_US_sappsd;KFFI001803;[[[Āşşēţş ŵįţĥŏűţ ρŏşţįŋğş∙∙∙∙∙∙]]]
en_US_sappsd;KFFI001804;[[[Μįşşįŋğ ƒįēĺƌş įŋ įŋċŏɱρĺēţē ąşşēţş∙∙∙∙∙∙∙∙∙∙∙∙]]]
en_US_sappsd;KFFI001805;[[[Ĕŗŗŏŗş ƌűŗįŋğ ρēŗįŏƌįċ ρŏşţįŋğ ŏƒ ąċƣűįşįţįŏŋ ąŋƌ ρŗŏƌűċţįŏŋ ċŏşţş∙∙∙∙∙∙∙∙∙∙∙∙∙∙∙∙∙∙∙∙∙∙∙∙∙∙∙]]]
en_US_sappsd;KFFI001806;[[[Āşşēţ ɱąşţēŗ ċŗēąţēƌ∙∙∙∙]]]
en_US_sappsd;KFFI001807;[[[Ĉĥąŋğēş ţŏ ąşşēţ ɱąşţēŗ ƌąţą∙∙∙∙∙∙∙∙]]]
en_US_sappsd;KFFI001808;[[[Ļŏŵ-ʋąĺűē ąşşēţş şţįĺĺ ąċţįʋē ąƒţēŗ ŏŋē ŷēąŗ∙∙∙∙∙∙∙∙∙∙∙∙∙∙∙∙]]]
en_US_sappsd;KFFI001860;[[[Āşşēţ ɱąşţēŗ ċŗēąţįŏŋ (ąşşēţ űŋƌēŗ ċŏŋşţŗűċţįŏŋ) ţŏ ƌēąċţįʋąţįŏŋ∙∙∙∙∙∙∙∙∙∙∙∙∙∙∙∙∙∙∙∙∙∙∙∙∙∙]]]
en_US_sappsd;KFFI001861;[[[Āşşēţ ɱąşţēŗ ċŗēąţįŏŋ (ŵįţĥ ƌēρŗēċįąţįŏŋ) ţŏ ƌēąċţįʋąţįŏŋ∙∙∙∙∙∙∙∙∙∙∙∙∙∙∙∙∙∙∙∙∙∙∙]]]
en_US_sappsd;KFFI001890;[[[Āşşēţ ċĺąşş űşąğē (ċŗŏşş-ċŏɱρąŋŷ ċŏƌē)∙∙∙∙∙∙∙∙∙∙∙∙∙]]]
en_US_sappsd;KFFI001891;[[[Āşşēţ ċĺąşş űşąğē (ρēŗ ċŏɱρąŋŷ ċŏƌē)∙∙∙∙∙∙∙∙∙∙∙∙]]]
en_US_sappsd;KFFI001960;[[[Ůţįĺįţįēş įŋʋŏįċē ċŗēąţįŏŋ ţŏ ċĺēąŗįŋğ įŋ ċŏŋţŗąċţ ąċċŏűŋţįŋğ (ƑĬ-ĈĀ)∙∙∙∙∙∙∙∙∙∙∙∙∙∙∙∙∙∙∙∙∙∙∙∙∙∙∙∙∙]]]
en_US_sappsd;KFFI002003;[[[Ŏʋēŗƌűē ρűŗċĥąşē ŏŗƌēŗ ċŏɱɱįţɱēŋţ įţēɱş ąşşįğŋēƌ ţŏ ŏŗƌēŗş∙∙∙∙∙∙∙∙∙∙∙∙∙∙∙∙∙∙∙∙∙∙∙]]]
en_US_sappsd;KFFI002004;[[[Ŏʋēŗƌűē ρűŗċĥąşē ŏŗƌēŗ ċŏɱɱįţɱēŋţ įţēɱş ąşşįğŋēƌ ţŏ ρŗŏĵēċţş∙∙∙∙∙∙∙∙∙∙∙∙∙∙∙∙∙∙∙∙∙∙∙∙]]]
en_US_sappsd;KFFI002005;[[[Ŏʋēŗƌűē ρűŗċĥąşē ŏŗƌēŗ ċŏɱɱįţɱēŋţ įţēɱş ąşşįğŋēƌ ţŏ şąĺēş∙∙∙∙∙∙∙∙∙∙∙∙∙∙∙∙∙∙∙∙∙∙∙]]]
en_US_sappsd;KFFI002260;[[[Ĉŏŋʋēŗğēŋţ įŋʋŏįċē ċŗēąţįŏŋ ţŏ ċĺēąŗįŋğ įŋ ċŏŋţŗąċţ ąċċŏűŋţįŋğ (ƑĬ-ĈĀ)∙∙∙∙∙∙∙∙∙∙∙∙∙∙∙∙∙∙∙∙∙∙∙∙∙∙∙∙∙]]]
en_US_sappsd;KFFI002305;[[[Ĭŋţēŗŋąĺ ŏŗƌēŗş ċŗēąţēƌ ƃűţ ŋŏţ ŗēĺēąşēƌ∙∙∙∙∙∙∙∙∙∙∙∙∙∙]]]
en_US_sappsd;KFFI002306;[[[Ĭŋţēŗŋąĺ ŏŗƌēŗş ŗēĺēąşēƌ ƃűţ ŋŏţ ţēċĥŋįċąĺĺŷ ċŏɱρĺēţēƌ∙∙∙∙∙∙∙∙∙∙∙∙∙∙∙∙∙∙∙∙∙]]]
en_US_sappsd;KFFI002308;[[[Ĉĥąŋğēş įŋ įŋţēŗŋąĺ ŏŗƌēŗş∙∙∙∙∙∙∙]]]
en_US_sappsd;KFFI002309;[[[Ƥŗŏƌűċţ ċŏşţ ċŏĺĺēċţŏŗş ŵįţĥŏűţ ŗēċēŋţ şēţţĺēɱēŋţ∙∙∙∙∙∙∙∙∙∙∙∙∙∙∙∙∙∙∙]]]
en_US_sappsd;KFFI002360;[[[Ƥŗŏƌűċţ ċŏşţ ċŏĺĺēċţŏŗ ċŗēąţįŏŋ ţŏ ƒįŗşţ şēţţĺēɱēŋţ∙∙∙∙∙∙∙∙∙∙∙∙∙∙∙∙∙∙∙∙]]]
en_US_sappsd;KFFI002395;[[[Ŏŗƌēŗ ţŷρē űşąğē įŋ įŋţēŗŋąĺ ŏŗƌēŗş∙∙∙∙∙∙∙∙∙∙∙∙]]]
en_US_sappsd;KFFI002501;[[[Ďűŋŋįŋğ ŗűŋş ρēŗ ċŏɱρąŋŷ ċŏƌē∙∙∙∙∙∙∙∙∙]]]
en_US_sappsd;KFFI002601;[[[Ɓįĺĺįŋğ ƌŏċűɱēŋţş ŏʋēŗƌűē ƒŏŗ ċŏŋʋēŗğēŋţ įŋʋŏįċįŋğ∙∙∙∙∙∙∙∙∙∙∙∙∙∙∙∙∙∙∙]]]
en_US_sappsd;KFFI002602;[[[Ŏʋēŗƌűē ċŏŋʋēŗğēŋţ įŋʋŏįċįŋğ ŵįţĥ ĺŏċķēƌ ċŏŋţŗąċţ ąċċŏűŋţ∙∙∙∙∙∙∙∙∙∙∙∙∙∙∙∙∙∙∙∙∙∙∙]]]
en_US_sappsd;KFFI002603;[[[Ŏʋēŗƌűē ċŏŋʋēŗğēŋţ įŋʋŏįċįŋğ ŵįţĥ ĺŏċķēƌ ρŗŏʋįƌēŗ ċŏŋţŗąċţ∙∙∙∙∙∙∙∙∙∙∙∙∙∙∙∙∙∙∙∙∙∙∙]]]
en_US_sappsd;KFFI002604;[[[Ƥŗŏʋįƌēŗ ċŏŋţŗąċţş ĺŏċķēƌ ƒŏŗ įŋʋŏįċįŋğ∙∙∙∙∙∙∙∙∙∙∙∙∙∙]]]
en_US_sappsd;KFFI002605;[[[Ɓįĺĺįŋğ ƌŏċűɱēŋţ įţēɱş ċŗēąţēƌ∙∙∙∙∙∙∙∙∙]]]
en_US_sappsd;KFFI002606;[[[Ĭŋʋŏįċē ƌŏċűɱēŋţ įţēɱş ċŗēąţēƌ∙∙∙∙∙∙∙∙∙]]]
en_US_sappsd;KFFI002607;[[[Ŝąĺēş ƃįĺĺįŋğ ƌŏċűɱēŋţş ŏʋēŗƌűē ƒŏŗ ċŏŋʋēŗğēŋţ įŋʋŏįċįŋğ∙∙∙∙∙∙∙∙∙∙∙∙∙∙∙∙∙∙∙∙∙∙]]]
en_US_sappsd;KFFI002660;[[[Ƥŗŏʋįƌēŗ ċŏŋţŗąċţ ċŗēąţįŏŋ ţŏ ƒįŗşţ įŋʋŏįċįŋğ∙∙∙∙∙∙∙∙∙∙∙∙∙∙∙∙∙]]]
en_US_sappsd;KFFI002801;[[[Řēąĺ ēşţąţē ċŏŋţŗąċţş ċŗēąţēƌ∙∙∙∙∙∙∙∙∙]]]
en_US_sappsd;KFFI002802;[[[Ĉĥąŋğēş ţŏ ŗēąĺ ēşţąţē ċŏŋţŗąċţş∙∙∙∙∙∙∙∙∙∙]]]
en_US_sappsd;KFFI002803;[[[Řēąĺ ēşţąţē ċŏŋţŗąċţş ŋŏţ ąċţįʋąţēƌ∙∙∙∙∙∙∙∙∙∙∙∙]]]
en_US_sappsd;KIAUT00101;[[[Ƒįŗɱēƌ ρĺąŋŋēƌ ŏŗƌēŗş (ƤĔ) ŵįţĥ ŏŗƌēŗ ƒįŋįşĥ ƌąţē įŋ ţĥē ρąşţ∙∙∙∙∙∙∙∙∙∙∙∙∙∙∙∙∙∙∙∙∙∙∙∙∙]]]
en_US_sappsd;KIAUT00102;[[[Ůŋƒįŗɱēƌ ρĺąŋŋēƌ ŏŗƌēŗş (ƤĔ) ŵįţĥ ŏŗƌēŗ ƒįŋįşĥ ƌąţē įŋ ţĥē ρąşţ∙∙∙∙∙∙∙∙∙∙∙∙∙∙∙∙∙∙∙∙∙∙∙∙∙∙]]]
en_US_sappsd;KIAUT00103;[[[Ƥĺąŋŋēƌ ŏŗƌēŗş (ƤĔ) ŵįţĥ ΜŘƤ ĺįşţ įŋ ţĥē ρąşţ∙∙∙∙∙∙∙∙∙∙∙∙∙∙∙∙∙]]]
en_US_sappsd;KIAUT00160;[[[Řűŋ şċĥēƌűĺē ƣűąŋţįţŷ ƃąşįċ şţąŗţ ƌąţē (ρēŗ ċŏɱρŏŋēŋţ) ţŏ ƃąşįċ ƒįŋįşĥ ƌąţē∙∙∙∙∙∙∙∙∙∙∙∙∙∙∙∙∙∙∙∙∙∙∙∙∙∙∙∙∙∙∙∙]]]
en_US_sappsd;KIAUT00190;[[[Ƥŗŏƌűċţįŏŋ ʋēŗşįŏŋ űşąğē įŋ ŗēρēţįţįʋē ɱąŋűƒąċţűŗįŋğ∙∙∙∙∙∙∙∙∙∙∙∙∙∙∙∙∙∙∙∙]]]
en_US_sappsd;KIAUT00301;[[[Ƒąįĺēƌ ğŏŏƌş ɱŏʋēɱēŋţş įŋ ŗēρēţįţįʋē ɱąŋűƒąċţűŗįŋğ (şįŋğĺē ēŋţŗŷ)∙∙∙∙∙∙∙∙∙∙∙∙∙∙∙∙∙∙∙∙∙∙∙∙∙∙∙]]]
en_US_sappsd;KIAUT00302;[[[Ƒąįĺēƌ ğŏŏƌş ɱŏʋēɱēŋţş įŋ ŗēρēţįţįʋē ɱąŋűƒąċţűŗįŋğ (ċŏĺĺēċţįʋē ēŋţŗŷ)∙∙∙∙∙∙∙∙∙∙∙∙∙∙∙∙∙∙∙∙∙∙∙∙∙∙∙∙∙]]]
en_US_sappsd;KIISU00101;"[[[Ŏʋēŗƌűē űţįĺįţįēş ƃįĺĺįŋğ ŏŗƌēŗş ŵįţĥ ţĥē şţąţűş ""Ɓįĺĺąƃĺē""∙∙∙∙∙∙∙∙∙∙∙∙∙∙∙∙∙∙∙∙∙∙∙∙]]]"
en_US_sappsd;KIISU00102;"[[[Ŏʋēŗƌűē űţįĺįţįēş ƃįĺĺįŋğ ŏŗƌēŗş ŵįţĥ ţĥē şţąţűş ""Ńŏţ ƃįĺĺąƃĺē""∙∙∙∙∙∙∙∙∙∙∙∙∙∙∙∙∙∙∙∙∙∙∙∙∙∙]]]"
en_US_sappsd;KIISU00103;[[[Ŏʋēŗƌűē űţįĺįţįēş ƃįĺĺįŋğ ŏŗƌēŗş ŵįţĥŏűţ ɱēţēŗ ŗēąƌįŋğ ƌŏċűɱēŋţ∙∙∙∙∙∙∙∙∙∙∙∙∙∙∙∙∙∙∙∙∙∙∙∙∙∙]]]
en_US_sappsd;KIISU00104;[[[Ŏʋēŗƌűē űţįĺįţįēş ƃįĺĺįŋğ ŏŗƌēŗş ŵįţĥŏűţ ĺŏğįċąĺ ƌēʋįċē∙∙∙∙∙∙∙∙∙∙∙∙∙∙∙∙∙∙∙∙∙∙]]]
en_US_sappsd;KIISU00160;[[[Ůţįĺįţįēş ċŏŋţŗąċţ ċŗēąţįŏŋ ţŏ ƒįŗşţ ŏρēŋ įţēɱ ċĺēąŗįŋğ∙∙∙∙∙∙∙∙∙∙∙∙∙∙∙∙∙∙∙∙∙∙]]]
en_US_sappsd;KIISU00161;[[[Ůţįĺįţįēş ƃįĺĺįŋğ ŏŗƌēŗ ċŗēąţįŏŋ (ŋŏŋ-ƃįĺĺąƃĺē) ţŏ şċĥēƌűĺēƌ ƃįĺĺįŋğ ƌąţē∙∙∙∙∙∙∙∙∙∙∙∙∙∙∙∙∙∙∙∙∙∙∙∙∙∙∙∙∙∙∙]]]
en_US_sappsd;KIISU00162;[[[Ůţįĺįţįēş ƃįĺĺįŋğ ŏŗƌēŗ ċŗēąţįŏŋ (ƃįĺĺąƃĺē) ţŏ şċĥēƌűĺēƌ ƃįĺĺįŋğ ƌąţē∙∙∙∙∙∙∙∙∙∙∙∙∙∙∙∙∙∙∙∙∙∙∙∙∙∙∙∙∙]]]
en_US_sappsd;KIISU00201;[[[Ŏʋēŗƌűē űţįĺįţįēş įŋʋŏįċįŋğ ŏŗƌēŗş (ƃįĺĺįŋğ ƌŏċűɱēŋţ)∙∙∙∙∙∙∙∙∙∙∙∙∙∙∙∙∙∙∙∙∙]]]
en_US_sappsd;KIISU00203;[[[Ůţįĺįţįēş įŋʋŏįċįŋğ ŏŗƌēŗş ŋŏţ ŗēĺēąşēƌ (ƃįĺĺįŋğ ƌŏċűɱēŋţ)∙∙∙∙∙∙∙∙∙∙∙∙∙∙∙∙∙∙∙∙∙∙∙]]]
en_US_sappsd;KIISU00204;[[[Ůţįĺįţįēş ƃįĺĺįŋğ ƌŏċűɱēŋţ ŗēʋēŗşąĺş∙∙∙∙∙∙∙∙∙∙∙∙]]]
en_US_sappsd;KIISU00205;[[[Ŏűţşŏŗţēƌ űţįĺįţįēş ƃįĺĺįŋğ ƌŏċűɱēŋţş ŗēĺēąşēƌ∙∙∙∙∙∙∙∙∙∙∙∙∙∙∙∙∙]]]
en_US_sappsd;KIISU00260;[[[Ůţįĺįţįēş ƃįĺĺįŋğ ƌŏċűɱēŋţ ċŗēąţįŏŋ ţŏ ρŗįŋţ ƌŏċűɱēŋţ ċŗēąţįŏŋ∙∙∙∙∙∙∙∙∙∙∙∙∙∙∙∙∙∙∙∙∙∙∙∙∙]]]
en_US_sappsd;KIISU00261;[[[Ŏűţşŏŗţēƌ űţįĺįţįēş ƃįĺĺįŋğ ƌŏċűɱēŋţ ċŗēąţįŏŋ ţŏ įŋʋŏįċē ρŗįŋţŏűţ∙∙∙∙∙∙∙∙∙∙∙∙∙∙∙∙∙∙∙∙∙∙∙∙∙∙∙]]]
en_US_sappsd;KIISU00302;[[[Ůţįĺįţįēş įŋʋŏįċēş ŵįţĥ ŏʋēŗƌűē ρŗįŋţ ţŗįğğēŗş∙∙∙∙∙∙∙∙∙∙∙∙∙∙∙∙∙]]]
en_US_sappsd;KIISU00304;[[[Ůţįĺįţįēş ρŗįŋţ ƌŏċűɱēŋţ ŗēʋēŗşąĺş∙∙∙∙∙∙∙∙∙∙∙]]]
en_US_sappsd;KIISU00305;[[[Ŏűţşŏŗţēƌ űţįĺįţįēş ρŗįŋţ ƌŏċűɱēŋţş ŗēĺēąşēƌ∙∙∙∙∙∙∙∙∙∙∙∙∙∙∙∙]]]
en_US_sappsd;KIISU00306;[[[Ůţįĺįţįēş ρŗįŋţ ƌŏċűɱēŋţş ŏʋēŗƌűē ƒŏŗ ŗēĺēąşē∙∙∙∙∙∙∙∙∙∙∙∙∙∙∙∙∙]]]
en_US_sappsd;KIISU00360;[[[Ůţįĺįţįēş ρŗįŋţ ƌŏċűɱēŋţ ċŗēąţįŏŋ ţŏ ŏρēŋ įţēɱ ċĺēąŗįŋğ∙∙∙∙∙∙∙∙∙∙∙∙∙∙∙∙∙∙∙∙∙∙]]]
en_US_sappsd;KIISU00361;[[[Ŏűţşŏŗţēƌ űţįĺįţįēş ρŗįŋţ ƌŏċűɱēŋţ ċŗēąţįŏŋ ţŏ ŏρēŋ įţēɱ ċĺēąŗįŋğ∙∙∙∙∙∙∙∙∙∙∙∙∙∙∙∙∙∙∙∙∙∙∙∙∙∙∙]]]
en_US_sappsd;KIPSM00101;[[[Ĕąŗɱąŗķēƌ ƒűŋƌş ċŗēąţēƌ∙∙∙∙∙∙]]]
en_US_sappsd;KIPSM00102;[[[Ĕąŗɱąŗķēƌ ƒűŋƌ įţēɱş ċŗēąţēƌ∙∙∙∙∙∙∙∙]]]
en_US_sappsd;KIPSM00103;[[[Ŏρēŋ ąŋƌ ŏʋēŗƌűē ēąŗɱąŗķēƌ ƒűŋƌ įţēɱş∙∙∙∙∙∙∙∙∙∙∙∙∙]]]
en_US_sappsd;KIPSM00104;[[[Ŏρēŋ ēąŗɱąŗķēƌ ƒűŋƌ įţēɱş∙∙∙∙∙∙∙]]]
en_US_sappsd;KIPSM00105;[[[Ĉĥąŋğēş ţŏ ēąŗɱąŗķēƌ ƒűŋƌş∙∙∙∙∙∙∙]]]
en_US_sappsd;KIPSM00106;[[[Ɓĺŏċķēƌ ēąŗɱąŗķēƌ ƒűŋƌ įţēɱş∙∙∙∙∙∙∙∙]]]
en_US_sappsd;KIRET00460;[[[Ĭŋţŗąċŏɱρąŋŷ ŗēρĺēŋįşĥɱēŋţ ƒŗŏɱ ƌįşţŗįƃűţįŏŋ ċēŋţēŗ ţŏ şţŏŗē∙∙∙∙∙∙∙∙∙∙∙∙∙∙∙∙∙∙∙∙∙∙∙∙]]]
en_US_sappsd;KIRET00461;[[[Ĭŋţŗąċŏɱρąŋŷ ŗēρĺēŋįşĥɱēŋţ ƒŗŏɱ ƌįşţŗįƃűţįŏŋ ċēŋţēŗ ţŏ ƌįşţŗįƃűţįŏŋ ċēŋţēŗ∙∙∙∙∙∙∙∙∙∙∙∙∙∙∙∙∙∙∙∙∙∙∙∙∙∙∙∙∙∙∙]]]
en_US_sappsd;KIRET00462;[[[Ĭŋţŗąċŏɱρąŋŷ ŗēρĺēŋįşĥɱēŋţ ƒŗŏɱ şţŏŗē ţŏ şţŏŗē∙∙∙∙∙∙∙∙∙∙∙∙∙∙∙∙∙]]]
en_US_sappsd;KIRET00463;[[[Ĭŋţŗąċŏɱρąŋŷ ŗēρĺēŋįşĥɱēŋţ ƒŗŏɱ şţŏŗē ţŏ ƌįşţŗįƃűţįŏŋ ċēŋţēŗ∙∙∙∙∙∙∙∙∙∙∙∙∙∙∙∙∙∙∙∙∙∙∙∙]]]
en_US_sappsd;KIRET00464;[[[Ĭŋţēŗċŏɱρąŋŷ ŗēρĺēŋįşĥɱēŋţ ƒŗŏɱ ƌįşţŗįƃűţįŏŋ ċēŋţēŗ ţŏ şţŏŗē∙∙∙∙∙∙∙∙∙∙∙∙∙∙∙∙∙∙∙∙∙∙∙∙]]]
en_US_sappsd;KIRET00465;[[[Ĭŋţēŗċŏɱρąŋŷ ŗēρĺēŋįşĥɱēŋţ ƒŗŏɱ ƌįşţŗįƃűţįŏŋ ċēŋţēŗ ţŏ ƌįşţŗįƃűţįŏŋ ċēŋţēŗ∙∙∙∙∙∙∙∙∙∙∙∙∙∙∙∙∙∙∙∙∙∙∙∙∙∙∙∙∙∙∙]]]
en_US_sappsd;KIRET00466;[[[Ĭŋţēŗċŏɱρąŋŷ ŗēρĺēŋįşĥɱēŋţ ƒŗŏɱ şţŏŗē ţŏ şţŏŗē∙∙∙∙∙∙∙∙∙∙∙∙∙∙∙∙∙]]]
en_US_sappsd;KIRET00467;[[[Ĭŋţēŗċŏɱρąŋŷ ŗēρĺēŋįşĥɱēŋţ ƒŗŏɱ şţŏŗē ţŏ ƌįşţŗįƃűţįŏŋ ċēŋţēŗ∙∙∙∙∙∙∙∙∙∙∙∙∙∙∙∙∙∙∙∙∙∙∙∙]]]
en_US_sappsd;KIRET00560;[[[Ƥŗŏċűŗēɱēŋţ (ŵįţĥŏűţ ąċċŏűŋţ ąşşįğŋɱēŋţ) ţŏ ƌįşţŗįƃűţįŏŋ ċēŋţēŗ∙∙∙∙∙∙∙∙∙∙∙∙∙∙∙∙∙∙∙∙∙∙∙∙∙∙]]]
en_US_sappsd;KIRET00561;[[[Ƥŗŏċűŗēɱēŋţ (ŵįţĥŏűţ ąċċŏűŋţ ąşşįğŋɱēŋţ) ţŏ şţŏŗē∙∙∙∙∙∙∙∙∙∙∙∙∙∙∙∙∙∙∙]]]
en_US_sappsd;KIRET00562;[[[Ƥŗŏċűŗēɱēŋţ (ŵįţĥ ąċċŏűŋţ ąşşįğŋɱēŋţ) ţŏ ƌįşţŗįƃűţįŏŋ ċēŋţēŗ∙∙∙∙∙∙∙∙∙∙∙∙∙∙∙∙∙∙∙∙∙∙∙∙]]]
en_US_sappsd;KIRET00563;[[[Ƥŗŏċűŗēɱēŋţ (ŵįţĥ ąċċŏűŋţ ąşşįğŋɱēŋţ) ţŏ şţŏŗē∙∙∙∙∙∙∙∙∙∙∙∙∙∙∙∙∙]]]
en_US_sappsd;KIRET00601;[[[Řēĺēąşēƌ ąŗţįċĺēş ŵįţĥŏűţ ąŋŷ şţŏŗē ĺįşţįŋğ∙∙∙∙∙∙∙∙∙∙∙∙∙∙∙∙]]]
en_US_sappsd;KIRET00602;[[[Řēĺēąşēƌ ąŗţįċĺēş ŵįţĥŏűţ ąŋŷ ƌįşţŗįƃűţįŏŋ ċēŋţēŗ ĺįşţįŋğ∙∙∙∙∙∙∙∙∙∙∙∙∙∙∙∙∙∙∙∙∙∙∙]]]
en_US_sappsd;KIRET00603;[[[Āŗţįċĺēş ŵįţĥŏűţ ąŋŷ ρűŗċĥąşįŋğ įŋƒŏŗɱąţįŏŋ ŗēċŏŗƌ∙∙∙∙∙∙∙∙∙∙∙∙∙∙∙∙∙∙∙]]]
en_US_sappsd;KITM000101;[[[Ţŗąŋşρŏŗţąţįŏŋ ŗēƣűēşţş ċŗēąţēƌ∙∙∙∙∙∙∙∙∙∙]]]
en_US_sappsd;KITM000201;[[[Ţŗąŋşρŏŗţąţįŏŋ ŏŗƌēŗş ċŗēąţēƌ∙∙∙∙∙∙∙∙∙]]]
en_US_sappsd;KPCONF0110;[[[Ƒąįĺēƌ ğŏŏƌş ɱŏʋēɱēŋţş ƌűŗįŋğ ρŗŏƌűċţįŏŋ ŏŗƌēŗ ċŏŋƒįŗɱąţįŏŋ∙∙∙∙∙∙∙∙∙∙∙∙∙∙∙∙∙∙∙∙∙∙∙∙]]]
en_US_sappsd;KPCONF0120;[[[Ƒąįĺēƌ ğŏŏƌş ɱŏʋēɱēŋţş ƌűŗįŋğ ŋēţŵŏŗķ ŏŗƌēŗ ċŏŋƒįŗɱąţįŏŋ∙∙∙∙∙∙∙∙∙∙∙∙∙∙∙∙∙∙∙∙∙∙]]]
en_US_sappsd;KPCONF0130;[[[Ƒąįĺēƌ ğŏŏƌş ɱŏʋēɱēŋţş ƌűŗįŋğ ƤΜ/ĈŜ ŏŗƌēŗ ċŏŋƒįŗɱąţįŏŋ∙∙∙∙∙∙∙∙∙∙∙∙∙∙∙∙∙∙∙∙∙]]]
en_US_sappsd;KPCONF0140;[[[Ƒąįĺēƌ ğŏŏƌş ɱŏʋēɱēŋţş ƌűŗįŋğ ρŗŏċēşş ŏŗƌēŗ ċŏŋƒįŗɱąţįŏŋ∙∙∙∙∙∙∙∙∙∙∙∙∙∙∙∙∙∙∙∙∙∙]]]
en_US_sappsd;KPCONF0401;[[[Ƥŗŏƌűċţįŏŋ ŏŗƌēŗ ċŏŋƒįŗɱąţįŏŋş∙∙∙∙∙∙∙∙∙]]]
en_US_sappsd;KPCONF0402;[[[Ƥŗŏċēşş ŏŗƌēŗ ċŏŋƒįŗɱąţįŏŋş∙∙∙∙∙∙∙∙]]]
en_US_sappsd;KPCONF0403;[[[Ƥĺąŋţ ɱąįŋţēŋąŋċē ŏŗƌēŗ ċŏŋƒįŗɱąţįŏŋş∙∙∙∙∙∙∙∙∙∙∙∙∙]]]
en_US_sappsd;KPCONF0405;[[[Ĉűşţŏɱēŗ şēŗʋįċē ŏŗƌēŗ ċŏŋƒįŗɱąţįŏŋş∙∙∙∙∙∙∙∙∙∙∙∙]]]
en_US_sappsd;KPGR000101;[[[Ŏűţƃŏűŋƌ ğŏŏƌş ɱŏʋēɱēŋţş ρŏşţēƌ∙∙∙∙∙∙∙∙∙∙]]]
en_US_sappsd;KPGR000102;[[[Ĭŋƃŏűŋƌ ğŏŏƌş ɱŏʋēɱēŋţş ρŏşţēƌ∙∙∙∙∙∙∙∙∙]]]
en_US_sappsd;KPIM000101;[[[Ŝţŏċķ ĺēʋēĺ ŏƒ űŋŗēşţŗįċţēƌ-űşē şţŏċķ∙∙∙∙∙∙∙∙∙∙∙∙∙]]]
en_US_sappsd;KPIM000105;[[[Ŝţŏċķ ĺēʋēĺ ŏƒ şąĺēş ŏŗƌēŗ şţŏċķ∙∙∙∙∙∙∙∙∙∙]]]
en_US_sappsd;KPIM000106;[[[Ŝţŏċķ ĺēʋēĺ ŏƒ ċűşţŏɱēŗ ċŏŋşįğŋɱēŋţ şţŏċķ∙∙∙∙∙∙∙∙∙∙∙∙∙∙∙]]]
en_US_sappsd;KPIM000107;[[[Ŝţŏċķ ĺēʋēĺ ŏƒ ρŗŏĵēċţ şţŏċķ∙∙∙∙∙∙∙∙]]]
en_US_sappsd;KPIM000108;[[[Ŝţŏċķ ĺēʋēĺ ŏƒ űŋŗēşţŗįċţēƌ-űşē şţŏċķ (ƃąţċĥ ĺēʋēĺ)∙∙∙∙∙∙∙∙∙∙∙∙∙∙∙∙∙∙∙∙]]]
en_US_sappsd;KPIM000115;[[[Ŝţŏċķ ĺēʋēĺ ŏƒ şţŏċķ ρŗŏʋįƌēƌ ţŏ ʋēŋƌŏŗ∙∙∙∙∙∙∙∙∙∙∙∙∙∙]]]
en_US_sappsd;KPIM000160;[[[Ŝţŏċķ ĺēʋēĺ ŏƒ şēĺĺąƃĺē ɱąţēŗįąĺş (ŋŏţ ƃąţċĥ ɱąŋąğēƌ)∙∙∙∙∙∙∙∙∙∙∙∙∙∙∙∙∙∙∙∙∙]]]
en_US_sappsd;KPIM000161;[[[Ŝţŏċķ ĺēʋēĺ ŏƒ şēĺĺąƃĺē ɱąţēŗįąĺş (ƃąţċĥ ɱąŋąğēƌ)∙∙∙∙∙∙∙∙∙∙∙∙∙∙∙∙∙∙∙]]]
en_US_sappsd;KPIM000162;[[[Ŝţŏċķ ĺēʋēĺ ŏƒ ŗąŵ ɱąţēŗįąĺş ąŋƌ şēɱį-ƒįŋįşĥēƌ ğŏŏƌş (ŋŏţ ƃąţċĥ ɱąŋąğēƌ)∙∙∙∙∙∙∙∙∙∙∙∙∙∙∙∙∙∙∙∙∙∙∙∙∙∙∙∙∙∙]]]
en_US_sappsd;KPIM000163;[[[Ŝţŏċķ ĺēʋēĺ ŏƒ ŗąŵ ɱąţēŗįąĺş ąŋƌ şēɱį-ƒįŋįşĥēƌ ğŏŏƌş (ƃąţċĥ ɱąŋąğēƌ)∙∙∙∙∙∙∙∙∙∙∙∙∙∙∙∙∙∙∙∙∙∙∙∙∙∙∙∙]]]
en_US_sappsd;KPLE000110;[[[Ŏűţƃŏűŋƌ ƌēĺįʋēŗįēş ŏʋēŗƌűē ƒŏŗ ğŏŏƌş įşşűē ρŏşţįŋğ∙∙∙∙∙∙∙∙∙∙∙∙∙∙∙∙∙∙∙∙]]]
en_US_sappsd;KPLE000111;[[[Ĭŋƃŏűŋƌ ƌēĺįʋēŗįēş ŏʋēŗƌűē ƒŏŗ ğŏŏƌş ŗēċēįρţ ρŏşţįŋğ∙∙∙∙∙∙∙∙∙∙∙∙∙∙∙∙∙∙∙∙]]]
en_US_sappsd;KPLE000120;[[[Ĭŋƃŏűŋƌ ƌēĺįʋēŗįēş ċŗēąţēƌ∙∙∙∙∙∙∙]]]
en_US_sappsd;KPLE000121;[[[Ŏűţƃŏűŋƌ ƌēĺįʋēŗįēş ċŗēąţēƌ∙∙∙∙∙∙∙∙]]]
en_US_sappsd;KPLE000171;[[[Ďēĺįʋēŗįēş ŵįţĥ ŏűţρűţ ρŗŏċēşşįŋğ (ρēŗ ɱēƌįűɱ)∙∙∙∙∙∙∙∙∙∙∙∙∙∙∙∙∙]]]
en_US_sappsd;KPLE000190;[[[Ĉŏŋƒįğűŗąţįŏŋ ċĥēċķ: Ďŏċűɱēŋţ ƒĺŏŵ űρƌąţē ƒŗŏɱ ΜΜ ţŏ ĻĔ∙∙∙∙∙∙∙∙∙∙∙∙∙∙∙∙∙∙∙∙∙∙]]]
en_US_sappsd;KPLE000204;[[[Ŝĥįρɱēŋţ ċŏşţ įţēɱş ŋŏţ ƒűĺĺŷ ρŗŏċēşşēƌ∙∙∙∙∙∙∙∙∙∙∙∙∙∙]]]
en_US_sappsd;KPLE000205;[[[Ŏűţƃŏűŋƌ şĥįρɱēŋţş ŋŏţ ŷēţ ċŏɱρĺēţēƌ∙∙∙∙∙∙∙∙∙∙∙∙]]]
en_US_sappsd;KPLE000206;[[[Ĭŋƃŏűŋƌ şĥįρɱēŋţş ŋŏţ ŷēţ ċŏɱρĺēţēƌ∙∙∙∙∙∙∙∙∙∙∙∙]]]
en_US_sappsd;KPLE000207;[[[Ĉĥąŋğēş įŋ şĥįρɱēŋţş∙∙∙∙]]]
en_US_sappsd;KPLE000305;[[[Ďēĺįʋēŗŷ įţēɱş şĥįρρēƌ ąŋƌ ŏʋēŗƌűē ƒŏŗ ƃįĺĺįŋğ∙∙∙∙∙∙∙∙∙∙∙∙∙∙∙∙∙]]]
en_US_sappsd;KPLE000307;[[[Ĉĥąŋğēş įŋ ƌēĺįʋēŗįēş∙∙∙∙∙]]]
en_US_sappsd;KPLE000360;[[[Ŏűţƃŏűŋƌ ƌēĺįʋēŗŷ įţēɱ ċŗēąţįŏŋ ţŏ ğŏŏƌş įşşűē ρŏşţįŋğ∙∙∙∙∙∙∙∙∙∙∙∙∙∙∙∙∙∙∙∙∙]]]
en_US_sappsd;KPLE000361;[[[Ŏűţƃŏűŋƌ ƌēĺįʋēŗŷ įţēɱ ċŗēąţįŏŋ ţŏ ğŏŏƌş įşşűē ρŏşţįŋğ (ţŗąŋşƒēŗ ŏŗƌēŗ)∙∙∙∙∙∙∙∙∙∙∙∙∙∙∙∙∙∙∙∙∙∙∙∙∙∙∙∙∙∙]]]
en_US_sappsd;KPLE000362;[[[Ĭŋƃŏűŋƌ ƌēĺįʋēŗŷ įţēɱ ċŗēąţįŏŋ ţŏ ğŏŏƌş ŗēċēįρţ ρŏşţįŋğ∙∙∙∙∙∙∙∙∙∙∙∙∙∙∙∙∙∙∙∙∙∙]]]
en_US_sappsd;KPMRP00108;[[[Ƥĺąŋŋēƌ ŏŗƌēŗş (ĻĀ/ĶĎ) ŵįţĥ ƒįŋįşĥ ƃąşįċ ƌąţē įŋ ţĥē ρąşţ∙∙∙∙∙∙∙∙∙∙∙∙∙∙∙∙∙∙∙∙∙∙∙]]]
en_US_sappsd;KPMRP00109;[[[Ŏʋēŗƌűē ρĺąŋŋēƌ ŏŗƌēŗş ąşşįğŋēƌ ţŏ şąĺēş∙∙∙∙∙∙∙∙∙∙∙∙∙∙]]]
en_US_sappsd;KPMRP00201;[[[ΜŘƤ ąŗēą ρĺąŋŋįŋğ ƒįĺē - ɱąţēŗįąĺş ɱąŗķēƌ ƒŏŗ ƌēĺēţįŏŋ∙∙∙∙∙∙∙∙∙∙∙∙∙∙∙∙∙∙∙∙∙]]]
en_US_sappsd;KPMRP00202;[[[ΜŘƤ ąŗēą ρĺąŋŋįŋğ ƒįĺē - şţąţűş ƌŏēş ŋŏţ ąĺĺŏŵ ρĺąŋŋįŋğ∙∙∙∙∙∙∙∙∙∙∙∙∙∙∙∙∙∙∙∙∙∙]]]
en_US_sappsd;KPMRP00205;[[[ΜŘƤ ρĺąŋŋįŋğ ƒįĺē - ɱąţēŗįąĺş ɱąŗķēƌ ƒŏŗ ƌēĺēţįŏŋ∙∙∙∙∙∙∙∙∙∙∙∙∙∙∙∙∙∙∙]]]
en_US_sappsd;KPMRP00206;[[[ΜŘƤ ρĺąŋŋįŋğ ƒįĺē ɱąţēŗįąĺş - şţąţűş ƌŏēş ŋŏţ ąĺĺŏŵ ρĺąŋŋįŋğ∙∙∙∙∙∙∙∙∙∙∙∙∙∙∙∙∙∙∙∙∙∙∙∙]]]
en_US_sappsd;KPMRP00260;[[[Μąţēŗįąĺş ţŏűċĥēƌ ƃŷ ΜŘƤ ĺąşţ ŵēēķ∙∙∙∙∙∙∙∙∙∙∙]]]
en_US_sappsd;KPPP000101;[[[Ƥŗŏƌűċţįŏŋ ŏŗƌēŗş ŏʋēŗƌűē ƒŏŗ ŗēĺēąşē∙∙∙∙∙∙∙∙∙∙∙∙∙]]]
en_US_sappsd;KPPP000103;[[[Ƥŗŏƌűċţįŏŋ ŏŗƌēŗş ŏʋēŗƌűē ƒŏŗ ƌēĺįʋēŗŷ ċŏɱρĺēţēƌ∙∙∙∙∙∙∙∙∙∙∙∙∙∙∙∙∙∙]]]
en_US_sappsd;KPPP000106;[[[Ƥŗŏƌűċţįŏŋ ŏŗƌēŗş ŵįţĥ ŏʋēŗƌűē ƃąşįċ ƒįŋįşĥ ƌąţē ąŋƌ ŋŏ ƌēĺēţįŏŋ ƒĺąğ∙∙∙∙∙∙∙∙∙∙∙∙∙∙∙∙∙∙∙∙∙∙∙∙∙∙∙∙∙]]]
en_US_sappsd;KPPP000107;[[[Ƥŗŏƌűċţįŏŋ ŏŗƌēŗş ċŗēąţēƌ∙∙∙∙∙∙∙]]]
en_US_sappsd;KPPP000108;[[[Ƥŗŏƌűċţįŏŋ ŏŗƌēŗş ŗēĺēąşēƌ ŵįţĥŏűţ ƒįŗşţ ċŏŋƒįŗɱąţįŏŋ∙∙∙∙∙∙∙∙∙∙∙∙∙∙∙∙∙∙∙∙∙]]]
en_US_sappsd;KPPP000111;[[[Ƥŗŏƌűċţįŏŋ ŏŗƌēŗ ċŏɱρŏŋēŋţş ŏʋēŗƌűē ƒŏŗ ċŏŋşűɱρţįŏŋ∙∙∙∙∙∙∙∙∙∙∙∙∙∙∙∙∙∙∙∙]]]
en_US_sappsd;KPPP000121;[[[Ŏʋēŗƌűē ρŗŏƌűċţįŏŋ ŏŗƌēŗş ąşşįğŋēƌ ţŏ şąĺēş∙∙∙∙∙∙∙∙∙∙∙∙∙∙∙∙]]]
en_US_sappsd;KPPP000122;[[[Āĺĺ şţąţűş ċĥąŋğēş ρēŗ ρŗŏƌűċţįŏŋ ŏŗƌēŗ∙∙∙∙∙∙∙∙∙∙∙∙∙∙]]]
en_US_sappsd;KPPP000142;[[[Āűţŏɱąţįŏŋ ŗąţē: Ƥŗŏƌűċţįŏŋ ŏŗƌēŗ ţēċĥŋįċąĺ ċŏɱρĺēţįŏŋ∙∙∙∙∙∙∙∙∙∙∙∙∙∙∙∙∙∙∙∙∙]]]
en_US_sappsd;KPPP000242;[[[Āűţŏɱąţįŏŋ ŗąţē: Ƥŗŏċēşş ŏŗƌēŗ ţēċĥŋįċąĺ ċŏɱρĺēţįŏŋ∙∙∙∙∙∙∙∙∙∙∙∙∙∙∙∙∙∙∙∙]]]
en_US_sappsd;KPPP000160;[[[Ƥŗŏƌűċţįŏŋ ŏŗƌēŗ ċŗēąţįŏŋ ţŏ ţēċĥŋįċąĺ ċŏɱρĺēţįŏŋ∙∙∙∙∙∙∙∙∙∙∙∙∙∙∙∙∙∙∙]]]
en_US_sappsd;KPPP000161;[[[Ƥŗŏƌűċţįŏŋ ŏŗƌēŗ ċŗēąţįŏŋ ţŏ ƒįŗşţ şēţţĺēɱēŋţ∙∙∙∙∙∙∙∙∙∙∙∙∙∙∙∙∙]]]
en_US_sappsd;KPPP000162;[[[Ƥŗŏƌűċţįŏŋ ŏŗƌēŗ ċŏɱρŏŋēŋţ ċŗēąţįŏŋ ţŏ ğŏŏƌş įşşűē ρŏşţįŋğ∙∙∙∙∙∙∙∙∙∙∙∙∙∙∙∙∙∙∙∙∙∙∙]]]
en_US_sappsd;KPPP000163;[[[Ƥŗŏƌűċţįŏŋ ŏŗƌēŗ ċŏɱρŏŋēŋţ ċŗēąţįŏŋ ţŏ ğŏŏƌş ŗēċēįρţ (űşįŋğ ƌįŗēċţ ρŗŏċűŗēɱēŋţ)∙∙∙∙∙∙∙∙∙∙∙∙∙∙∙∙∙∙∙∙∙∙∙∙∙∙∙∙∙∙∙∙∙∙]]]
en_US_sappsd;KPPP000164;[[[Ƥŗŏƌűċţįŏŋ ŏŗƌēŗ ŏρēŗąţįŏŋş ċŗēąţįŏŋ ţŏ ēχēċűţįŏŋ ƒįŋįşĥ∙∙∙∙∙∙∙∙∙∙∙∙∙∙∙∙∙∙∙∙∙∙]]]
en_US_sappsd;KPPP000190;[[[Ŏŗƌēŗ ţŷρē űşąğē įŋ ρŗŏƌűċţįŏŋ ŏŗƌēŗş (ċŗŏşş-ρĺąŋţ)∙∙∙∙∙∙∙∙∙∙∙∙∙∙∙∙∙∙∙∙]]]
en_US_sappsd;KPPP000192;[[[Řŏűţįŋğ űşąğē įŋ ƌįşċŗēţē ɱąŋűƒąċţűŗįŋğ (ρēŗ ɱąţēŗįąĺ/ρĺąŋţ)∙∙∙∙∙∙∙∙∙∙∙∙∙∙∙∙∙∙∙∙∙∙∙∙]]]
en_US_sappsd;KPPP000195;[[[Ƥŗŏƌűċţįŏŋ ʋēŗşįŏŋ űşąğē įŋ ƌįşċŗēţē ɱąŋűƒąċţűŗįŋğ (ρēŗ ɱąţēŗįąĺ/ρĺąŋţ)∙∙∙∙∙∙∙∙∙∙∙∙∙∙∙∙∙∙∙∙∙∙∙∙∙∙∙∙∙∙]]]
en_US_sappsd;KPPP000201;[[[Ƥŗŏċēşş ŏŗƌēŗş ŏʋēŗƌűē ƒŏŗ ŗēĺēąşē∙∙∙∙∙∙∙∙∙∙∙]]]
en_US_sappsd;KPPP000203;[[[Ƥŗŏċēşş ŏŗƌēŗş ŏʋēŗƌűē ƒŏŗ ƌēĺįʋēŗŷ ċŏɱρĺēţēƌ∙∙∙∙∙∙∙∙∙∙∙∙∙∙∙∙∙]]]
en_US_sappsd;KPPP000206;[[[Ƥŗŏċēşş ŏŗƌēŗş ŵįţĥ ŏʋēŗƌűē ƃąşįċ ƒįŋįşĥ ƌąţē ąŋƌ ŋŏ ƌēĺēţįŏŋ ƒĺąğ∙∙∙∙∙∙∙∙∙∙∙∙∙∙∙∙∙∙∙∙∙∙∙∙∙∙∙]]]
en_US_sappsd;KPPP000207;[[[Ƥŗŏċēşş ŏŗƌēŗş ċŗēąţēƌ∙∙∙∙∙]]]
en_US_sappsd;KPPP000208;[[[Ƥŗŏċēşş ŏŗƌēŗş ŗēĺēąşēƌ ŵįţĥŏűţ ƒįŗşţ ċŏŋƒįŗɱąţįŏŋ∙∙∙∙∙∙∙∙∙∙∙∙∙∙∙∙∙∙∙]]]
en_US_sappsd;KPPP000211;[[[Ƥŗŏċēşş ŏŗƌēŗ ċŏɱρŏŋēŋţş ŏʋēŗƌűē ƒŏŗ ċŏŋşűɱρţįŏŋ∙∙∙∙∙∙∙∙∙∙∙∙∙∙∙∙∙∙]]]
en_US_sappsd;KPPP000222;[[[Ŏʋēŗƌűē ρŗŏċēşş ŏŗƌēŗş ąşşįğŋēƌ ţŏ şąĺēş∙∙∙∙∙∙∙∙∙∙∙∙∙∙]]]
en_US_sappsd;KPPP000223;[[[Āĺĺ şţąţűş ċĥąŋğēş ρēŗ ρŗŏċēşş ŏŗƌēŗ∙∙∙∙∙∙∙∙∙∙∙∙]]]
en_US_sappsd;KPPP000260;[[[Ƥŗŏċēşş ŏŗƌēŗ ċŗēąţįŏŋ ţŏ ţēċĥŋįċąĺ ċŏɱρĺēţįŏŋ∙∙∙∙∙∙∙∙∙∙∙∙∙∙∙∙∙]]]
en_US_sappsd;KPPP000261;[[[Ƥŗŏċēşş ŏŗƌēŗ ċŗēąţįŏŋ ţŏ ƒįŗşţ şēţţĺēɱēŋţ∙∙∙∙∙∙∙∙∙∙∙∙∙∙∙]]]
en_US_sappsd;KPPP000262;[[[Ƥŗŏċēşş ŏŗƌēŗ ċŏɱρŏŋēŋţ ċŗēąţįŏŋ ţŏ ğŏŏƌş įşşűē ρŏşţįŋğ∙∙∙∙∙∙∙∙∙∙∙∙∙∙∙∙∙∙∙∙∙∙]]]
en_US_sappsd;KPPP000263;[[[Ƥŗŏċēşş ŏŗƌēŗ ċŏɱρŏŋēŋţ ċŗēąţįŏŋ ţŏ ğŏŏƌş ŗēċēįρţ (űşįŋğ ƌįŗēċţ ρŗŏċűŗēɱēŋţ)∙∙∙∙∙∙∙∙∙∙∙∙∙∙∙∙∙∙∙∙∙∙∙∙∙∙∙∙∙∙∙∙]]]
en_US_sappsd;KPPP000264;[[[Ƥŗŏċēşş ŏŗƌēŗ ŏρēŗąţįŏŋş ċŗēąţįŏŋ ţŏ ēχēċűţįŏŋ ƒįŋįşĥ∙∙∙∙∙∙∙∙∙∙∙∙∙∙∙∙∙∙∙∙∙]]]
en_US_sappsd;KPPP000290;[[[Ŏŗƌēŗ ţŷρē űşąğē įŋ ρŗŏċēşş ŏŗƌēŗş (ċŗŏşş-ρĺąŋţ)∙∙∙∙∙∙∙∙∙∙∙∙∙∙∙∙∙∙]]]
en_US_sappsd;KPPP000292;[[[Μąşţēŗ ŗēċįρē űşąğē įŋ ρŗŏċēşş ɱąŋűƒąċţűŗįŋğ (ρēŗ ɱąţēŗįąĺ/ρĺąŋţ)∙∙∙∙∙∙∙∙∙∙∙∙∙∙∙∙∙∙∙∙∙∙∙∙∙∙∙]]]
en_US_sappsd;KPPP000295;[[[Ƥŗŏƌűċţįŏŋ ʋēŗşįŏŋ űşąğē įŋ ρŗŏċēşş ɱąŋűƒąċţűŗįŋğ (ρēŗ ɱąţēŗįąĺ/ρĺąŋţ)∙∙∙∙∙∙∙∙∙∙∙∙∙∙∙∙∙∙∙∙∙∙∙∙∙∙∙∙∙]]]
en_US_sappsd;KPPP000409;[[[Μąţēŗįąĺş ŵįţĥ ΜŘƤ ĺįşţ ēŗŗŏŗ ɱēşşąğēş∙∙∙∙∙∙∙∙∙∙∙∙∙]]]
en_US_sappsd;KPPP000410;[[[ΜŘƤ ēĺēɱēŋţş ţŏ ƃē ċąŋċēĺēƌ ρēŗ ɱąţēŗįąĺ∙∙∙∙∙∙∙∙∙∙∙∙∙∙]]]
en_US_sappsd;KPPP000411;[[[ΜŘƤ ēĺēɱēŋţş ţŏ ƃē ŗēşċĥēƌűĺēƌ ρēŗ ɱąţēŗįąĺ∙∙∙∙∙∙∙∙∙∙∙∙∙∙∙∙]]]
en_US_sappsd;KPPROJ0105;[[[Ńēţŵŏŗķ ŏŗƌēŗş ŵįţĥ ŏʋēŗƌűē şċĥēƌűĺēƌ ƒįŋįşĥ ƌąţē ąŋƌ ŋŏ ƌēĺēţįŏŋ ƒĺąğ∙∙∙∙∙∙∙∙∙∙∙∙∙∙∙∙∙∙∙∙∙∙∙∙∙∙∙∙∙]]]
en_US_sappsd;KPPROJ0190;[[[Ŏŗƌēŗ ţŷρē űşąğē įŋ ŋēţŵŏŗķ ŏŗƌēŗş (ċŗŏşş-ρĺąŋţ)∙∙∙∙∙∙∙∙∙∙∙∙∙∙∙∙∙∙]]]
en_US_sappsd;KPPROJ0205;[[[Řēĺēąşēƌ ρŗŏĵēċţş ŵįţĥ ŴƁŜ ēĺēɱēŋţ ċŏɱρĺēţįŏŋ ρēŗ ĺēʋēĺ∙∙∙∙∙∙∙∙∙∙∙∙∙∙∙∙∙∙∙∙∙∙]]]
en_US_sappsd;KPPROJ0302;[[[ŴƁŜ ēĺēɱēŋţş ŗēĺēąşēƌ ƃűţ ŋŏţ ţēċĥŋįċąĺĺŷ ċŏɱρĺēţēƌ ŏŗ ċĺŏşēƌ∙∙∙∙∙∙∙∙∙∙∙∙∙∙∙∙∙∙∙∙∙∙∙∙∙]]]
en_US_sappsd;KPPROJ0305;[[[Āĺĺ şţąţűş ċĥąŋğēş ρēŗ ŗēĺēąşēƌ ŴƁŜ ēĺēɱēŋţ∙∙∙∙∙∙∙∙∙∙∙∙∙∙∙∙]]]
en_US_sappsd;KPPROJ0360;[[[ŴƁŜ ēĺēɱēŋţ ċŗēąţįŏŋ (ŵįţĥŏűţ įŋʋēşţɱēŋţ ρŗŏƒįĺē) ţŏ ċĺŏşűŗē∙∙∙∙∙∙∙∙∙∙∙∙∙∙∙∙∙∙∙∙∙∙∙∙]]]
en_US_sappsd;KPPROJ0361;[[[ŴƁŜ ēĺēɱēŋţ ċŗēąţįŏŋ (ŵįţĥ įŋʋēşţɱēŋţ ρŗŏƒįĺē) ţŏ ċĺŏşűŗē∙∙∙∙∙∙∙∙∙∙∙∙∙∙∙∙∙∙∙∙∙∙∙]]]
en_US_sappsd;KPPURCH201;[[[Ƥűŗċĥąşē ŏŗƌēŗ įţēɱş ċŗēąţēƌ∙∙∙∙∙∙∙∙]]]
en_US_sappsd;KPPURCH203;[[[Ƥűŗċĥąşē ŏŗƌēŗ įţēɱş ŏρēŋ ąŋƌ ŏʋēŗƌűē∙∙∙∙∙∙∙∙∙∙∙∙∙]]]
en_US_sappsd;KPPURCH204;[[[Ĕŗŗŏŗş įŋ įŋċŏɱρĺēţē ρűŗċĥąşē ŏŗƌēŗş∙∙∙∙∙∙∙∙∙∙∙∙]]]
en_US_sappsd;KPPURCH207;[[[Ƥűŗċĥąşē ŏŗƌēŗ įţēɱş ŵįţĥŏűţ ƒįŋąĺ įŋʋŏįċē įŋƌįċąţŏŗ∙∙∙∙∙∙∙∙∙∙∙∙∙∙∙∙∙∙∙∙]]]
en_US_sappsd;KPPURCH212;[[[Ƥűŗċĥąşē ŏŗƌēŗ įţēɱş ċŗēąţēƌ ąƒţēŗ įŋʋŏįċē∙∙∙∙∙∙∙∙∙∙∙∙∙∙∙]]]
en_US_sappsd;KPPURCH221;[[[Ĉĥąŋğēş įŋ ρűŗċĥąşē ŏŗƌēŗş∙∙∙∙∙∙∙]]]
en_US_sappsd;KPPURCH222;[[[Ƥűŗċĥąşē ŏŗƌēŗ įţēɱş ċŗēąţēƌ ŵįţĥŏűţ ŗēƒēŗēŋċē ţŏ ċŏŋţŗąċţ∙∙∙∙∙∙∙∙∙∙∙∙∙∙∙∙∙∙∙∙∙∙∙]]]
en_US_sappsd;KPPURCH223;[[[Ŏʋēŗƌűē ρűŗċĥąşē ŏŗƌēŗ įţēɱş ŵįţĥŏűţ ąŋŷ ċŏŋƒįŗɱąţįŏŋ∙∙∙∙∙∙∙∙∙∙∙∙∙∙∙∙∙∙∙∙∙]]]
en_US_sappsd;KPPURCH225;[[[Ŏρēŋ ρűŗċĥąşē ŏŗƌēŗ įţēɱş ŵįţĥ ŏʋēŗƌűē įŋƃŏűŋƌ ƌēĺįʋēŗŷ įţēɱş∙∙∙∙∙∙∙∙∙∙∙∙∙∙∙∙∙∙∙∙∙∙∙∙∙]]]
en_US_sappsd;KPPURCH228;[[[ΜŘƤ-ŗēĺēʋąŋţ şűρρĺįēŗ ċŏŋƒįŗɱąţįŏŋş ŏʋēŗƌűē∙∙∙∙∙∙∙∙∙∙∙∙∙∙∙∙]]]
en_US_sappsd;KPPURCH242;[[[Ƥűŗċĥąşē ŏŗƌēŗş ċŗēąţēƌ ƃŷ űşēŗş (ƒŏŗ ƌēƒąűĺţ ʋąĺűē ċĥēċķ)∙∙∙∙∙∙∙∙∙∙∙∙∙∙∙∙∙∙∙∙∙∙∙]]]
en_US_sappsd;KPPURCH260;[[[Ƥűŗċĥąşē ŏŗƌēŗ įţēɱ ċŗēąţįŏŋ ţŏ ĢŘ/ĬŘ ċĺēąŗįŋğ∙∙∙∙∙∙∙∙∙∙∙∙∙∙∙∙∙]]]
en_US_sappsd;KPPURCH261;[[[Ƥűŗċĥąşē ŏŗƌēŗ įţēɱ ċŗēąţįŏŋ (ŵįţĥŏűţ ąċċŏűŋţ ąşşįğŋɱēŋţ) ţŏ įŋʋŏįċē ŗēċēįρţ ċŗēąţįŏŋ∙∙∙∙∙∙∙∙∙∙∙∙∙∙∙∙∙∙∙∙]]]
en_US_sappsd;KPPURCH263;[[[Ĭŋţēŗċŏɱρąŋŷ ρűŗċĥąşē ŏŗƌēŗ įţēɱ ĺįŋķēƌ ţŏ ŏŗƌēŗ-ţŏ-įŋʋŏįċē ρŗŏċēşş∙∙∙∙∙∙∙∙∙∙∙∙∙∙∙∙∙∙∙∙∙∙∙∙∙∙∙∙]]]
en_US_sappsd;KPPURCH265;[[[Ƥűŗċĥąşē ŏŗƌēŗ įţēɱ ċŗēąţįŏŋ (ŵįţĥŏűţ ĢŘ) ţŏ ƑĬ-ĀƤ ċĺēąŗįŋğ∙∙∙∙∙∙∙∙∙∙∙∙∙∙∙∙∙∙∙∙∙∙∙∙]]]
en_US_sappsd;KPPURCH266;[[[Ƥűŗċĥąşē ŏŗƌēŗ įţēɱ ċŗēąţįŏŋ (şűƃċŏŋţŗąċţįŋğ) ţŏ įŋʋŏįċē ŗēċēįρţ ċŗēąţįŏŋ∙∙∙∙∙∙∙∙∙∙∙∙∙∙∙∙∙∙∙∙∙∙∙∙∙∙∙∙∙∙∙]]]
en_US_sappsd;KPPURCH267;[[[Ƥűŗċĥąşē ŏŗƌēŗ įţēɱ ċŗēąţįŏŋ ţŏ şēŗʋįċē ēŋţŗŷ şĥēēţ įŋʋŏįċįŋğ∙∙∙∙∙∙∙∙∙∙∙∙∙∙∙∙∙∙∙∙∙∙∙∙∙]]]
en_US_sappsd;KPPURCH268;[[[Ƥűŗċĥąşē ŏŗƌēŗ įţēɱ ċŗēąţįŏŋ (ŵįţĥ ąċċŏűŋţ ąşşįğŋɱēŋţ) ţŏ įŋʋŏįċē ŗēċēįρţ ċŗēąţįŏŋ∙∙∙∙∙∙∙∙∙∙∙∙∙∙∙∙∙∙∙]]]
en_US_sappsd;KPPURCH273;[[[Ƥűŗċĥąşē ŏŗƌēŗş ŵįţĥ ŏűţρűţ ρŗŏċēşşįŋğ (ρēŗ ɱēƌįűɱ)∙∙∙∙∙∙∙∙∙∙∙∙∙∙∙∙∙∙∙∙]]]
en_US_sappsd;KPPURCH290;"[[[Ĉŏŋƒįğűŗąţįŏŋ ċĥēċķ: Ŝűğğēşţ ""ƌēĺįʋēŗŷ ċŏɱρĺēţēƌ""∙∙∙∙∙∙∙∙∙∙∙∙∙∙∙∙∙∙∙]]]"
en_US_sappsd;KPPURCH297;[[[Ƥŗįċįŋğ ρŗŏċēƌűŗē űşąğē įŋ ρűŗċĥąşįŋğ ƌŏċűɱēŋţş (ċŗŏşş-ρűŗċĥąşįŋğ ŏŗğąŋįžąţįŏŋ)∙∙∙∙∙∙∙∙∙∙∙∙∙∙∙∙∙∙∙∙∙∙∙∙∙∙∙∙∙∙∙∙∙∙]]]
en_US_sappsd;KPPURCH298;[[[Ƥűŗċĥąşįŋğ ƌŏċűɱēŋţ ţŷρē űşąğē (ċŗŏşş-ċŏɱρąŋŷ ċŏƌē)∙∙∙∙∙∙∙∙∙∙∙∙∙∙∙∙∙∙∙∙]]]
en_US_sappsd;KPPURCH301;[[[Ƥűŗċĥąşē ŗēƣűįşįţįŏŋ įţēɱş ċŗēąţēƌ∙∙∙∙∙∙∙∙∙∙∙]]]
en_US_sappsd;KPPURCH303;[[[Ƥűŗċĥąşē ŗēƣűįşįţįŏŋ įţēɱş ŏρēŋ ąŋƌ ŏʋēŗƌűē∙∙∙∙∙∙∙∙∙∙∙∙∙∙∙∙]]]
en_US_sappsd;KPPURCH309;[[[Ĉĥąŋğēş įŋ ρűŗċĥąşē ŗēƣűįşįţįŏŋş∙∙∙∙∙∙∙∙∙∙]]]
en_US_sappsd;KPPURCH360;[[[Ƥűŗċĥąşē ŗēƣűįşįţįŏŋ įţēɱ ċŗēąţįŏŋ ţŏ ρűŗċĥąşē ŏŗƌēŗ įţēɱ ċŗēąţįŏŋ∙∙∙∙∙∙∙∙∙∙∙∙∙∙∙∙∙∙∙∙∙∙∙∙∙∙∙]]]
en_US_sappsd;KPPURCH362;[[[Ŝţŏċķ ţŗąŋşρŏŗţ ŗēƣűįşįţįŏŋ įţēɱ ċŗēąţįŏŋ ţŏ şţŏċķ ţŗąŋşρŏŗţ ŏŗƌēŗ įţēɱ ċŗēąţįŏŋ∙∙∙∙∙∙∙∙∙∙∙∙∙∙∙∙∙∙∙∙∙∙∙∙∙∙∙∙∙∙∙∙∙∙]]]
en_US_sappsd;KPPURCH404;[[[Ŝűρρĺįēŗ įŋʋŏįċēş ċŗēąţēƌ∙∙∙∙∙∙∙]]]
en_US_sappsd;KPPURCH409;[[[Ɓĺŏċķēƌ şűρρĺįēŗ įŋʋŏįċē įţēɱş ŵįţĥ ŏʋēŗƌűē ƑĬ-ĀƤ įţēɱş∙∙∙∙∙∙∙∙∙∙∙∙∙∙∙∙∙∙∙∙∙∙]]]
en_US_sappsd;KPPURCH411;[[[Ŝűρρĺįēŗ įŋʋŏįċēş ŵįţĥ ŏʋēŗƌűē ƑĬ-ĀƤ įţēɱş∙∙∙∙∙∙∙∙∙∙∙∙∙∙∙]]]
en_US_sappsd;KPPURCH412;[[[Ĉĥąŋğēş įŋ şűρρĺįēŗ įŋʋŏįċēş∙∙∙∙∙∙∙∙]]]
en_US_sappsd;KPPURCH413;[[[Ĉąŋċēĺēƌ şűρρĺįēŗ įŋʋŏįċēş∙∙∙∙∙∙∙]]]
en_US_sappsd;KPPURCH460;[[[Ŝűρρĺįēŗ įŋʋŏįċē įşşűįŋğ (ŵįţĥ ρűŗċĥąşē ŏŗƌēŗ) ţŏ ƑĬ-ĀƤ ċĺēąŗįŋğ∙∙∙∙∙∙∙∙∙∙∙∙∙∙∙∙∙∙∙∙∙∙∙∙∙∙]]]
en_US_sappsd;KPPURCH508;[[[Ďįşţįŋċţ ēŗŗŏŗş ƌűŗįŋğ ƌēĺįʋēŗŷ ƌűē ŗűŋş (şţŏċķ ţŗąŋşρŏŗţ ŏŗƌēŗş)∙∙∙∙∙∙∙∙∙∙∙∙∙∙∙∙∙∙∙∙∙∙∙∙∙∙∙]]]
en_US_sappsd;KPPURCH560;[[[Ŝţŏċķ ţŗąŋşρŏŗţ ŏŗƌēŗ įţēɱ ċŗēąţįŏŋ (ŵįţĥŏűţ ƌēĺįʋēŗŷ) ţŏ ĢŘ∙∙∙∙∙∙∙∙∙∙∙∙∙∙∙∙∙∙∙∙∙∙∙∙]]]
en_US_sappsd;KPPURCH561;[[[Ŝţŏċķ ţŗąŋşρŏŗţ ŏŗƌēŗ įţēɱ ċŗēąţįŏŋ (ŵįţĥ ƌēĺįʋēŗŷ) ţŏ ĢŘ∙∙∙∙∙∙∙∙∙∙∙∙∙∙∙∙∙∙∙∙∙∙∙]]]
en_US_sappsd;KPPURCH562;[[[Ĭŋţēŗċŏɱρąŋŷ şţŏċķ ţŗąŋşρŏŗţ ŏŗƌēŗ įţēɱ ċŗēąţįŏŋ ţŏ ƑĬ-ĀŘ ċĺēąŗįŋğ∙∙∙∙∙∙∙∙∙∙∙∙∙∙∙∙∙∙∙∙∙∙∙∙∙∙∙]]]
en_US_sappsd;KPPURCH609;[[[Ŏʋēŗƌűē ρűŗċĥąşē şċĥēƌűĺįŋğ ąğŗēēɱēŋţ şċĥēƌűĺē ĺįŋēş∙∙∙∙∙∙∙∙∙∙∙∙∙∙∙∙∙∙∙∙]]]
en_US_sappsd;KPPURCH610;[[[Ŏʋēŗƌűē ρűŗċĥąşē şċĥēƌűĺįŋğ ąğŗēēɱēŋţş ŵįţĥ ΜŘƤ ĺįşţ∙∙∙∙∙∙∙∙∙∙∙∙∙∙∙∙∙∙∙∙]]]
en_US_sappsd;KPPURCH660;[[[Ŝċĥēƌűĺįŋğ ąğŗēēɱēŋţ įţēɱ ċŗēąţįŏŋ ţŏ ēŋƌ ŏƒ ʋąĺįƌįţŷ∙∙∙∙∙∙∙∙∙∙∙∙∙∙∙∙∙∙∙∙∙]]]
en_US_sappsd;KPPURCH661;[[[Ƥűŗċĥąşē ƣűąŋţįţŷ ċŏŋţŗąċţ įţēɱ ċŗēąţįŏŋ ţŏ ēŋƌ ŏƒ ʋąĺįƌįţŷ∙∙∙∙∙∙∙∙∙∙∙∙∙∙∙∙∙∙∙∙∙∙∙∙]]]
en_US_sappsd;KPPURCH662;[[[Ƥűŗċĥąşē ʋąĺűē ċŏŋţŗąċţ įţēɱ ċŗēąţįŏŋ ţŏ ēŋƌ ŏƒ ʋąĺįƌįţŷ∙∙∙∙∙∙∙∙∙∙∙∙∙∙∙∙∙∙∙∙∙∙]]]
en_US_sappsd;KPPURCH701;[[[Ŏρēŋ ρűŗċĥąşē ŏŗƌēŗ įţēɱş ŵįţĥŏűţ şēŗʋįċē ēŋţŗŷ şĥēēţ∙∙∙∙∙∙∙∙∙∙∙∙∙∙∙∙∙∙∙∙∙]]]
en_US_sappsd;KPPURCH702;[[[Ŝēŗʋįċē ēŋţŗŷ şĥēēţş ŵįţĥŏűţ ąċċēρţąŋċē∙∙∙∙∙∙∙∙∙∙∙∙∙∙]]]
en_US_sappsd;KPPURCH703;[[[Ŝēŗʋįċē ēŋţŗŷ şĥēēţş ŵįţĥŏűţ ƒįŋąĺ ēŋţŗŷ∙∙∙∙∙∙∙∙∙∙∙∙∙∙]]]
en_US_sappsd;KPPURCH704;[[[Ĉĥąŋğēş ţŏ şēŗʋįċē ēŋţŗŷ şĥēēţş∙∙∙∙∙∙∙∙∙∙]]]
en_US_sappsd;KPSD000133;[[[Ŝąĺēş ƌŏċűɱēŋţş ċŗēąţēƌ∙∙∙∙∙∙]]]
en_US_sappsd;KPSD000171;[[[Ŝąĺēş ƌŏċűɱēŋţş ŵįţĥ ŏűţρűţ ρŗŏċēşşįŋğ (ρēŗ ɱēƌįűɱ)∙∙∙∙∙∙∙∙∙∙∙∙∙∙∙∙∙∙∙∙]]]
en_US_sappsd;KPSD000190;[[[Ŝąĺēş ƌŏċűɱēŋţ ţŷρē űşąğē (ċŗŏşş-şąĺēş ąŗēą)∙∙∙∙∙∙∙∙∙∙∙∙∙∙∙∙]]]
en_US_sappsd;KPSD000194;[[[Ƥŗįċįŋğ ρŗŏċēƌűŗē űşąğē įŋ şąĺēş ƌŏċűɱēŋţş (ċŗŏşş-şąĺēş ŏŗğąŋįžąţįŏŋ)∙∙∙∙∙∙∙∙∙∙∙∙∙∙∙∙∙∙∙∙∙∙∙∙∙∙∙∙∙]]]
en_US_sappsd;KPSD000195;[[[Ŏŗƌēŗ ŗēąşŏŋ űşąğē ρēŗ ƌŏċűɱēŋţ ċąţēğŏŗŷ∙∙∙∙∙∙∙∙∙∙∙∙∙∙]]]
en_US_sappsd;KPSD000201;[[[Ŝąĺēş įŋʋŏįċēş ŋŏţ ρŏşţēƌ ţŏ ąċċŏűŋţįŋğ∙∙∙∙∙∙∙∙∙∙∙∙∙∙]]]
en_US_sappsd;KPSD000207;[[[Ŝąĺēş ƃįĺĺįŋğ ƌŏċűɱēŋţş ŵįţĥŏűţ ŏűţρűţ ɱēşşąğē∙∙∙∙∙∙∙∙∙∙∙∙∙∙∙∙∙]]]
en_US_sappsd;KPSD000208;[[[Ŝąĺēş įŋʋŏįċēş ŵįţĥ ŏρēŋ ƑĬ-ĀŘ įţēɱş∙∙∙∙∙∙∙∙∙∙∙∙]]]
en_US_sappsd;KPSD000215;[[[Ĉąŋċēĺįŋğ şąĺēş įŋʋŏįċēş∙∙∙∙∙∙]]]
en_US_sappsd;KPSD000216;[[[Ďįşţįŋċţ ēŗŗŏŗş ƌűŗįŋğ ƃįĺĺįŋğ ƌűē ŗűŋş∙∙∙∙∙∙∙∙∙∙∙∙∙∙]]]
en_US_sappsd;KPSD000217;[[[Ĉĥąŋğēş įŋ şąĺēş ƃįĺĺįŋğ ƌŏċűɱēŋţş∙∙∙∙∙∙∙∙∙∙∙]]]
en_US_sappsd;KPSD000218;[[[Ŝąĺēş ƃįĺĺįŋğ ƌŏċűɱēŋţş ċŗēąţēƌ∙∙∙∙∙∙∙∙∙∙]]]
en_US_sappsd;KPSD000260;[[[Ŝąĺēş ƃįĺĺįŋğ ƌŏċűɱēŋţ ċŗēąţįŏŋ ţŏ ƑĬ-ĀŘ ċĺēąŗįŋğ∙∙∙∙∙∙∙∙∙∙∙∙∙∙∙∙∙∙∙]]]
en_US_sappsd;KPSD000271;[[[Ɓįĺĺįŋğ ƌŏċűɱēŋţş ŵįţĥ ŏűţρűţ ρŗŏċēşşįŋğ (ρēŗ ɱēƌįűɱ)∙∙∙∙∙∙∙∙∙∙∙∙∙∙∙∙∙∙∙∙∙]]]
en_US_sappsd;KPSD000292;[[[Ƥŗįċįŋğ ρŗŏċēƌűŗē űşąğē įŋ şąĺēş ƃįĺĺįŋğ ƌŏċűɱēŋţş (ċŗŏşş-şąĺēş ŏŗğąŋįžąţįŏŋ)∙∙∙∙∙∙∙∙∙∙∙∙∙∙∙∙∙∙∙∙∙∙∙∙∙∙∙∙∙∙∙∙∙]]]
en_US_sappsd;KPSD000293;[[[Ɓįĺĺįŋğ ţŷρē űşąğē įŋ şąĺēş ƃįĺĺįŋğ ƌŏċűɱēŋţş (ċŗŏşş-şąĺēş ŏŗğąŋįžąţįŏŋ)∙∙∙∙∙∙∙∙∙∙∙∙∙∙∙∙∙∙∙∙∙∙∙∙∙∙∙∙∙∙]]]
en_US_sappsd;KPSD000303;[[[Ŏʋēŗƌűē şąĺēş şċĥēƌűĺē ĺįŋē įţēɱş∙∙∙∙∙∙∙∙∙∙∙]]]
en_US_sappsd;KPSD000304;[[[Ŝċĥēƌűĺē ĺįŋēş įŋįţįąĺĺŷ ŋŏţ ċŏŋƒįŗɱēƌ ƒŏŗ ŗēƣűēşţēƌ ƌēĺįʋēŗŷ ƌąţē∙∙∙∙∙∙∙∙∙∙∙∙∙∙∙∙∙∙∙∙∙∙∙∙∙∙∙]]]
en_US_sappsd;KPSD000306;[[[Μįşşįŋğ ƒįēĺƌş įŋ įŋċŏɱρĺēţē şąĺēş ƌŏċűɱēŋţ įţēɱş∙∙∙∙∙∙∙∙∙∙∙∙∙∙∙∙∙∙∙]]]
en_US_sappsd;KPSD000307;[[[Řēĵēċţēƌ şąĺēş ƌŏċűɱēŋţ įţēɱş∙∙∙∙∙∙∙∙∙]]]
en_US_sappsd;KPSD000319;[[[Ɓįĺĺįŋğ ρĺąŋ ƌąţēş ŋŏţ ƃįĺĺēƌ ąŋƌ ŏʋēŗƌűē∙∙∙∙∙∙∙∙∙∙∙∙∙∙∙]]]
en_US_sappsd;KPSD000321;[[[Ŝąĺēş ƌŏċűɱēŋţ įţēɱş ŏʋēŗƌűē ƒŏŗ ƃįĺĺįŋğ∙∙∙∙∙∙∙∙∙∙∙∙∙∙]]]
en_US_sappsd;KPSD000322;[[[Ŏρēŋ ąŋƌ ŗēşċĥēƌűĺēƌ şąĺēş şċĥēƌűĺē ĺįŋē įţēɱş∙∙∙∙∙∙∙∙∙∙∙∙∙∙∙∙∙]]]
en_US_sappsd;KPSD000323;[[[Μąŋűąĺ ċŏŋƌįţįŏŋ ċĥąŋğēş įŋ şąĺēş ƌŏċűɱēŋţ įţēɱş∙∙∙∙∙∙∙∙∙∙∙∙∙∙∙∙∙∙]]]
en_US_sappsd;KPSD000324;[[[Ĉĥąŋğēş įŋ şąĺēş ƌŏċűɱēŋţş∙∙∙∙∙∙∙]]]
en_US_sappsd;KPSD000326;[[[Ďįşţįŋċţ ēŗŗŏŗş ƌűŗįŋğ ƌēĺįʋēŗŷ ƌűē ŗűŋş (şąĺēş)∙∙∙∙∙∙∙∙∙∙∙∙∙∙∙∙∙∙]]]
en_US_sappsd;KPSD000327;[[[Ďēĺēţēƌ įţēɱş įŋ şąĺēş ƌŏċűɱēŋţş∙∙∙∙∙∙∙∙∙∙]]]
en_US_sappsd;KPSD000360;[[[Ŝąĺēş ŏŗƌēŗ įţēɱ ċŗēąţįŏŋ ţŏ ŏűţƃŏűŋƌ ƌēĺįʋēŗŷ įţēɱ ċŗēąţįŏŋ∙∙∙∙∙∙∙∙∙∙∙∙∙∙∙∙∙∙∙∙∙∙∙∙]]]
en_US_sappsd;KPSD000361;[[[Ŝąĺēş ŏŗƌēŗ įţēɱ ċŗēąţįŏŋ ţŏ şąĺēş įŋʋŏįċē įţēɱ ċŗēąţįŏŋ∙∙∙∙∙∙∙∙∙∙∙∙∙∙∙∙∙∙∙∙∙∙]]]
en_US_sappsd;KPSD000362;[[[Ŝąĺēş ŏŗƌēŗ įţēɱ ċŗēąţįŏŋ ţŏ ƑĬ-ĀŘ įţēɱ ċĺēąŗįŋğ∙∙∙∙∙∙∙∙∙∙∙∙∙∙∙∙∙∙]]]
en_US_sappsd;KPSD000363;[[[Ţĥįŗƌ-ρąŗţŷ şąĺēş ŏŗƌēŗ įţēɱ ċŗēąţįŏŋ ţŏ şąĺēş įŋʋŏįċē įţēɱ ċŗēąţįŏŋ∙∙∙∙∙∙∙∙∙∙∙∙∙∙∙∙∙∙∙∙∙∙∙∙∙∙∙∙]]]
en_US_sappsd;KPSD000364;[[[Ŝąĺēş ŏŗƌēŗ įţēɱ (ρűŗċĥąşē ţŏ ŏŗƌēŗ) ţŏ şąĺēş įŋʋŏįċē įţēɱ∙∙∙∙∙∙∙∙∙∙∙∙∙∙∙∙∙∙∙∙∙∙∙]]]
en_US_sappsd;KPSD000365;[[[Ŝąĺēş ŏŗƌēŗ įţēɱ (ɱąķē ţŏ ŏŗƌēŗ) ţŏ şąĺēş įŋʋŏįċē įţēɱ∙∙∙∙∙∙∙∙∙∙∙∙∙∙∙∙∙∙∙∙∙]]]
en_US_sappsd;KPSD000366;[[[Ĭŋţēŗċŏɱρąŋŷ şąĺēş ŏŗƌēŗ įţēɱ ċŗēąţįŏŋ ţŏ ƑĬ-ĀƤ įţēɱ ċĺēąŗįŋğ∙∙∙∙∙∙∙∙∙∙∙∙∙∙∙∙∙∙∙∙∙∙∙∙∙]]]
en_US_sappsd;KPSD000367;[[[Ŝąĺēş ŏŗƌēŗ įţēɱ ċŗēąţįŏŋ (ŏŗƌēŗ-ŗēĺąţēƌ ƃįĺĺįŋğ) ţŏ ƑĬ-ĀŘ įţēɱ ċĺēąŗįŋğ∙∙∙∙∙∙∙∙∙∙∙∙∙∙∙∙∙∙∙∙∙∙∙∙∙∙∙∙∙∙]]]
en_US_sappsd;KPSD000368;[[[Ǭűŏţąţįŏŋ įţēɱ ċŗēąţįŏŋ ţŏ şąĺēş ŏŗƌēŗ įţēɱ ċŗēąţįŏŋ∙∙∙∙∙∙∙∙∙∙∙∙∙∙∙∙∙∙∙∙]]]
en_US_sappsd;KPSD000369;[[[Ŝąĺēş ŏŗƌēŗ įţēɱ ċŗēąţįŏŋ (şēĺĺ ƒŗŏɱ şţŏċķ) ţŏ ƌēĺįʋēŗŷ ċŗēąţįŏŋ∙∙∙∙∙∙∙∙∙∙∙∙∙∙∙∙∙∙∙∙∙∙∙∙∙∙]]]
en_US_sappsd;KPSD000380;[[[Řēţűŗŋş ŏŗƌēŗ įţēɱ ċŗēąţįŏŋ ţŏ ğŏŏƌş ŗēċēįρţ ρŏşţįŋğ∙∙∙∙∙∙∙∙∙∙∙∙∙∙∙∙∙∙∙∙]]]
en_US_sappsd;KPSD000392;[[[Řēĵēċţįŏŋ ŗēąşŏŋ űşąğē ρēŗ įţēɱ ċąţēğŏŗŷ∙∙∙∙∙∙∙∙∙∙∙∙∙∙]]]
en_US_sappsd;KPSD000460;[[[Ďēƃįţ ɱēɱŏ ŗēƣűēşţ įţēɱ ċŗēąţįŏŋ ţŏ ƑĬ-ĀŘ įţēɱ ċĺēąŗįŋğ∙∙∙∙∙∙∙∙∙∙∙∙∙∙∙∙∙∙∙∙∙∙]]]
en_US_sappsd;KPSD000462;[[[Ĉŗēƌįţ ɱēɱŏ ŗēƣűēşţ įţēɱ ċŗēąţįŏŋ ţŏ ƑĬ-ĀŘ įţēɱ ċĺēąŗįŋğ∙∙∙∙∙∙∙∙∙∙∙∙∙∙∙∙∙∙∙∙∙∙]]]
en_US_sappsd;KPWM000403;[[[Ŝĺŏŵ-ɱŏʋįŋğ ƣűąŋţş įŋ ŵąŗēĥŏűşē ɱąŋąğēɱēŋţ∙∙∙∙∙∙∙∙∙∙∙∙∙∙∙]]]
en_US_sappsd;KWMD000107;[[[Ĉĥąŋğēş ţŏ ɱąţēŗįąĺ ɱąşţēŗ ƌąţą∙∙∙∙∙∙∙∙∙∙]]]
en_US_sappsd;KWMD000109;[[[Μąţēŗįąĺ ɱąşţēŗ ƌąţą űşąğē įŋ ɱąŋűƒąċţűŗįŋğ (ρēŗ ρĺąŋţ)∙∙∙∙∙∙∙∙∙∙∙∙∙∙∙∙∙∙∙∙∙∙]]]
en_US_sappsd;KWMD000110;[[[Μąţēŗįąĺ ɱąşţēŗ ƌąţą űşąğē įŋ ρŗŏċűŗēɱēŋţ (ρēŗ ρĺąŋţ)∙∙∙∙∙∙∙∙∙∙∙∙∙∙∙∙∙∙∙∙∙]]]
en_US_sappsd;KWMD000160;[[[Μąţēŗįąĺ ɱąşţēŗ ƌąţą ċŗēąţįŏŋ ρēŗ ρĺąŋţ ţŏ ƒįŗşţ ρŗŏƌűċţįŏŋ ŏŗƌēŗ ƌēĺįʋēŗŷ∙∙∙∙∙∙∙∙∙∙∙∙∙∙∙∙∙∙∙∙∙∙∙∙∙∙∙∙∙∙∙]]]
en_US_sappsd;KWMD000161;[[[Μąţēŗįąĺ ɱąşţēŗ ƌąţą ċŗēąţįŏŋ ρēŗ ρĺąŋţ ţŏ ƒįŗşţ ρŗŏċēşş ŏŗƌēŗ ƌēĺįʋēŗŷ∙∙∙∙∙∙∙∙∙∙∙∙∙∙∙∙∙∙∙∙∙∙∙∙∙∙∙∙∙∙]]]
en_US_sappsd;KWMD000203;[[[Ĉĥąŋğēş ţŏ ċűşţŏɱēŗ ɱąşţēŗ ƌąţą∙∙∙∙∙∙∙∙∙∙]]]
en_US_sappsd;KWMD000204;[[[Ĉűşţŏɱēŗ ɱąşţēŗ ƌąţą űşąğē įŋ şąĺēş ƃįĺĺįŋğ ƌŏċűɱēŋţş (ċŗŏşş-şąĺēş ąŗēą)∙∙∙∙∙∙∙∙∙∙∙∙∙∙∙∙∙∙∙∙∙∙∙∙∙∙∙∙∙∙]]]
en_US_sappsd;KWMD000205;[[[Ĉűşţŏɱēŗ ɱąşţēŗ ƌąţą űşąğē įŋ şąĺēş ƃįĺĺįŋğ ƌŏċűɱēŋţş (ρēŗ şąĺēş ąŗēą)∙∙∙∙∙∙∙∙∙∙∙∙∙∙∙∙∙∙∙∙∙∙∙∙∙∙∙∙∙]]]
en_US_sappsd;KWMD000206;[[[Ĉűşţŏɱēŗ ɱąşţēŗ ƌąţą űşąğē įŋ ƑĬ-ĀŘ (ρēŗ ċŏɱρąŋŷ ċŏƌē)∙∙∙∙∙∙∙∙∙∙∙∙∙∙∙∙∙∙∙∙∙]]]
en_US_sappsd;KWMD000207;[[[Ĉűşţŏɱēŗ ɱąşţēŗ ƌąţą űşąğē įŋ ƑĬ-ĀŘ (ċŗŏşş-ċŏɱρąŋŷ ċŏƌē)∙∙∙∙∙∙∙∙∙∙∙∙∙∙∙∙∙∙∙∙∙∙]]]
en_US_sappsd;KWMD000260;[[[Ĉűşţŏɱēŗ ɱąşţēŗ ƌąţą ċŗēąţįŏŋ ţŏ ƒįŗşţ ŏρēŋ įţēɱ ċĺēąŗįŋğ∙∙∙∙∙∙∙∙∙∙∙∙∙∙∙∙∙∙∙∙∙∙∙]]]
en_US_sappsd;KWMD000309;[[[Ĉĥąŋğēş ţŏ şűρρĺįēŗ ɱąşţēŗ ƌąţą∙∙∙∙∙∙∙∙∙∙]]]
en_US_sappsd;KWMD000311;[[[Ŝűρρĺįēŗ ɱąşţēŗ ƌąţą űşąğē įŋ ρűŗċĥąşįŋğ ƌŏċűɱēŋţş (ċŗŏşş-ρűŗċĥąşįŋğ ŏŗğąŋįžąţįŏŋ)∙∙∙∙∙∙∙∙∙∙∙∙∙∙∙∙∙∙∙]]]
en_US_sappsd;KWMD000312;[[[Ŝűρρĺįēŗ ɱąşţēŗ ƌąţą űşąğē įŋ ρűŗċĥąşįŋğ ƌŏċűɱēŋţş (ρēŗ ρűŗċĥąşįŋğ ŏŗğąŋįžąţįŏŋ)∙∙∙∙∙∙∙∙∙∙∙∙∙∙∙∙∙∙∙∙∙∙∙∙∙∙∙∙∙∙∙∙∙∙]]]
en_US_sappsd;KWMD000313;[[[Ŝűρρĺįēŗ ɱąşţēŗ ƌąţą űşąğē įŋ ƑĬ-ĀƤ (ρēŗ ċŏɱρąŋŷ ċŏƌē)∙∙∙∙∙∙∙∙∙∙∙∙∙∙∙∙∙∙∙∙∙]]]
en_US_sappsd;KWMD000314;[[[Ŝűρρĺįēŗ ɱąşţēŗ ƌąţą űşąğē įŋ ƑĬ-ĀƤ (ċŗŏşş-ċŏɱρąŋŷ ċŏƌē)∙∙∙∙∙∙∙∙∙∙∙∙∙∙∙∙∙∙∙∙∙∙]]]
en_US_sappsd;KWMD000315;[[[Ƥűŗċĥąşįŋğ įŋƒŏ ŗēċŏŗƌ űşąğē įŋ ρűŗċĥąşē ƌŏċűɱēŋţş (ċŗŏşş-ρűŗċĥąşįŋğ ŏŗğąŋįžąţįŏŋ)∙∙∙∙∙∙∙∙∙∙∙∙∙∙∙∙∙∙∙]]]
en_US_sappsd;KWMD000360;[[[Ŝűρρĺįēŗ ɱąşţēŗ ƌąţą ċŗēąţįŏŋ ţŏ ƒįŗşţ ŏρēŋ įţēɱ ċĺēąŗįŋğ∙∙∙∙∙∙∙∙∙∙∙∙∙∙∙∙∙∙∙∙∙∙∙]]]
en_US_sappsd;KWMD000501;[[[Ţēŗɱş ŏƒ ρąŷɱēŋţ űşąğē įŋ ƑĬ-ĀƤ įŋʋŏįċēş (ρēŗ ċŏɱρąŋŷ ċŏƌē)∙∙∙∙∙∙∙∙∙∙∙∙∙∙∙∙∙∙∙∙∙∙∙∙]]]
en_US_sappsd;KWMD000502;[[[Ţēŗɱş ŏƒ ρąŷɱēŋţ űşąğē įŋ ƑĬ-ĀƤ įŋʋŏįċēş (ċŗŏşş-ċŏɱρąŋŷ ċŏƌē)∙∙∙∙∙∙∙∙∙∙∙∙∙∙∙∙∙∙∙∙∙∙∙∙∙]]]
en_US_sappsd;KWMD000503;[[[Ţēŗɱş ŏƒ ρąŷɱēŋţ űşąğē įŋ ƑĬ-ĀŘ įŋʋŏįċēş (ρēŗ ċŏɱρąŋŷ ċŏƌē)∙∙∙∙∙∙∙∙∙∙∙∙∙∙∙∙∙∙∙∙∙∙∙∙]]]
en_US_sappsd;KWMD000504;[[[Ţēŗɱş ŏƒ ρąŷɱēŋţ űşąğē įŋ ƑĬ-ĀŘ įŋʋŏįċēş (ċŗŏşş-ċŏɱρąŋŷ ċŏƌē)∙∙∙∙∙∙∙∙∙∙∙∙∙∙∙∙∙∙∙∙∙∙∙∙∙]]]
en_US_sappsd;KWPM000115;[[[Ƥĺąŋţ ɱąįŋţēŋąŋċē ŋŏţįƒįċąţįŏŋş ċŗēąţēƌ∙∙∙∙∙∙∙∙∙∙∙∙∙∙]]]
en_US_sappsd;KWPM000116;[[[Ĉűşţŏɱēŗ şēŗʋįċē ŋŏţįƒįċąţįŏŋş ċŗēąţēƌ∙∙∙∙∙∙∙∙∙∙∙∙∙]]]
en_US_sappsd;KWPM000117;[[[Ƥĺąŋţ ɱąįŋţēŋąŋċē ŋŏţįƒįċąţįŏŋş ŏρēŋ ąŋƌ ŏʋēŗƌűē∙∙∙∙∙∙∙∙∙∙∙∙∙∙∙∙∙∙]]]
en_US_sappsd;KWPM000118;[[[Ĉűşţŏɱēŗ şēŗʋįċē ŋŏţįƒįċąţįŏŋş ŏρēŋ ąŋƌ ŏʋēŗƌűē∙∙∙∙∙∙∙∙∙∙∙∙∙∙∙∙∙∙]]]
en_US_sappsd;KWPM000119;[[[Ƥĺąŋţ ɱąįŋţēŋąŋċē ŋŏţįƒįċąţįŏŋş ρēŋƌįŋğ∙∙∙∙∙∙∙∙∙∙∙∙∙∙]]]
en_US_sappsd;KWPM000120;[[[Ĉűşţŏɱēŗ şēŗʋįċē ŋŏţįƒįċąţįŏŋş ρēŋƌįŋğ∙∙∙∙∙∙∙∙∙∙∙∙∙]]]
en_US_sappsd;KWPM000160;[[[Ƥĺąŋţ ɱąįŋţēŋąŋċē ŋŏţįƒįċąţįŏŋ ċŗēąţįŏŋ ţŏ ŋŏţįƒįċąţįŏŋ ċŏɱρĺēţįŏŋ∙∙∙∙∙∙∙∙∙∙∙∙∙∙∙∙∙∙∙∙∙∙∙∙∙∙∙]]]
en_US_sappsd;KWPM000161;[[[Ĉűşţŏɱēŗ şēŗʋįċē ŋŏţįƒįċąţįŏŋ ċŗēąţįŏŋ ţŏ ŋŏţįƒįċąţįŏŋ ċŏɱρĺēţįŏŋ∙∙∙∙∙∙∙∙∙∙∙∙∙∙∙∙∙∙∙∙∙∙∙∙∙∙∙]]]
en_US_sappsd;KWPM000203;[[[Ƥĺąŋţ ɱąįŋţēŋąŋċē ŏŗƌēŗş ċŗēąţēƌ∙∙∙∙∙∙∙∙∙∙]]]
en_US_sappsd;KWPM000204;[[[Ĉűşţŏɱēŗ şēŗʋįċē ŏŗƌēŗş ċŗēąţēƌ∙∙∙∙∙∙∙∙∙∙]]]
en_US_sappsd;KWPM000215;[[[Āĺĺ şţąţűş ċĥąŋğēş ρēŗ ρĺąŋţ ɱąįŋţēŋąŋċē ŏŗƌēŗ∙∙∙∙∙∙∙∙∙∙∙∙∙∙∙∙∙]]]
en_US_sappsd;KWPM000216;[[[Āĺĺ şţąţűş ċĥąŋğēş ρēŗ ċűşţŏɱēŗ şēŗʋįċē ŏŗƌēŗ∙∙∙∙∙∙∙∙∙∙∙∙∙∙∙∙∙]]]
en_US_sappsd;KWPM000217;[[[Ƥĺąŋţ ɱąįŋţēŋąŋċē ŏŗƌēŗş ŏʋēŗƌűē ƒŏŗ ŗēĺēąşē∙∙∙∙∙∙∙∙∙∙∙∙∙∙∙∙]]]
en_US_sappsd;KWPM000218;[[[Ĉűşţŏɱēŗ şēŗʋįċē ŏŗƌēŗş ŏʋēŗƌűē ƒŏŗ ŗēĺēąşē∙∙∙∙∙∙∙∙∙∙∙∙∙∙∙∙]]]
en_US_sappsd;KWPM000219;[[[Ƥĺąŋţ ɱąįŋţēŋąŋċē ŏŗƌēŗş ŗēĺēąşēƌ ąŋƌ ŏʋēŗƌűē ƒŏŗ ţēċĥŋįċąĺ ċŏɱρĺēţįŏŋ∙∙∙∙∙∙∙∙∙∙∙∙∙∙∙∙∙∙∙∙∙∙∙∙∙∙∙∙∙]]]
en_US_sappsd;KWPM000220;[[[Ĉűşţŏɱēŗ şēŗʋįċē ŏŗƌēŗş ŗēĺēąşēƌ ąŋƌ ŏʋēŗƌűē ƒŏŗ ţēċĥŋįċąĺ ċŏɱρĺēţįŏŋ∙∙∙∙∙∙∙∙∙∙∙∙∙∙∙∙∙∙∙∙∙∙∙∙∙∙∙∙∙]]]
en_US_sappsd;KWPM000221;[[[Ƥĺąŋţ ɱąįŋţēŋąŋċē ŏŗƌēŗş ŋŏţ şēţţĺēƌ∙∙∙∙∙∙∙∙∙∙∙∙]]]
en_US_sappsd;KWPM000222;[[[Ĉűşţŏɱēŗ şēŗʋįċē ŏŗƌēŗş ŋŏţ şēţţĺēƌ∙∙∙∙∙∙∙∙∙∙∙∙]]]
en_US_sappsd;KWPM000260;[[[Ƥĺąŋţ ɱąįŋţēŋąŋċē ŏŗƌēŗ ċŗēąţįŏŋ ţŏ ŏŗƌēŗ ċĺŏşűŗē∙∙∙∙∙∙∙∙∙∙∙∙∙∙∙∙∙∙∙]]]
en_US_sappsd;KWPM000261;[[[Ƥĺąŋţ ɱąįŋţēŋąŋċē ŏŗƌēŗ ċŗēąţįŏŋ ţŏ ŏŗƌēŗ şēţţĺēɱēŋţ∙∙∙∙∙∙∙∙∙∙∙∙∙∙∙∙∙∙∙∙]]]
en_US_sappsd;KWPM000262;[[[Ĉűşţŏɱēŗ şēŗʋįċē ŏŗƌēŗ ċŗēąţįŏŋ ţŏ ŏŗƌēŗ ċĺŏşűŗē∙∙∙∙∙∙∙∙∙∙∙∙∙∙∙∙∙∙]]]
en_US_sappsd;KWPM000263;[[[Ĉűşţŏɱēŗ şēŗʋįċē ŏŗƌēŗ ċŗēąţįŏŋ ţŏ ŏŗƌēŗ şēţţĺēɱēŋţ∙∙∙∙∙∙∙∙∙∙∙∙∙∙∙∙∙∙∙∙]]]
en_US_sappsd;KWPM000264;[[[Ƥĺąŋţ ɱąįŋţēŋąŋċē ŏŗƌēŗ ċŏɱρŏŋēŋţ ċŗēąţįŏŋ ţŏ ğŏŏƌş įşşűē ρŏşţįŋğ∙∙∙∙∙∙∙∙∙∙∙∙∙∙∙∙∙∙∙∙∙∙∙∙∙∙∙]]]
en_US_sappsd;KWPM000265;[[[Ĉűşţŏɱēŗ şēŗʋįċē ŏŗƌēŗ ċŏɱρŏŋēŋţ ċŗēąţįŏŋ ţŏ ğŏŏƌş įşşűē ρŏşţįŋğ∙∙∙∙∙∙∙∙∙∙∙∙∙∙∙∙∙∙∙∙∙∙∙∙∙∙]]]
en_US_sappsd;KWPM000290;[[[Ŏŗƌēŗ ţŷρē űşąğē įŋ ƤΜ/ĈŜ ŏŗƌēŗş (ċŗŏşş-ρĺąŋţ)∙∙∙∙∙∙∙∙∙∙∙∙∙∙∙∙∙]]]
en_US_sappsd;KWPM000462;[[[Μąįŋţēŋąŋċē ρĺąŋ įţēɱ ċŗēąţįŏŋ ţŏ şēŗʋįċē ċŏŋţŗąċţ ēŋƌ∙∙∙∙∙∙∙∙∙∙∙∙∙∙∙∙∙∙∙∙∙]]]
en_US_sappsd;KWQM000101;[[[Ĭŋşρēċţįŏŋ ĺŏţş ŵįţĥ ŏűţşţąŋƌįŋğ ƣűąŋţįţįēş∙∙∙∙∙∙∙∙∙∙∙∙∙∙∙∙]]]
en_US_sappsd;KWQM000102;[[[Ĭŋşρēċţįŏŋ ĺŏţş ŵįţĥŏűţ űşąğē ƌēċįşįŏŋ∙∙∙∙∙∙∙∙∙∙∙∙∙]]]
en_US_sappsd;KWQM000103;[[[Ĭŋşρēċţįŏŋ ĺŏţş ŵįţĥŏűţ įŋşρēċţįŏŋ ċŏɱρĺēţįŏŋ∙∙∙∙∙∙∙∙∙∙∙∙∙∙∙∙∙]]]
en_US_sappsd;KWQM000161;[[[Ļŏţ ċŗēąţįŏŋ ƒŏŗ ğŏŏƌş ŗēċēįρţ įŋşρēċţįŏŋ ƒŗŏɱ ρűŗċĥąşįŋğ ţŏ űşąğē ƌēċįşįŏŋ∙∙∙∙∙∙∙∙∙∙∙∙∙∙∙∙∙∙∙∙∙∙∙∙∙∙∙∙∙∙∙∙]]]
en_US_sappsd;KWQM000162;[[[Ļŏţ ċŗēąţįŏŋ ƒŏŗ ğŏŏƌş ŗēċēįρţ įŋşρēċţįŏŋ ƒŗŏɱ ɱąŋűƒąċţűŗįŋğ ţŏ űşąğē ƌēċįşįŏŋ∙∙∙∙∙∙∙∙∙∙∙∙∙∙∙∙∙∙∙∙∙∙∙∙∙∙∙∙∙∙∙∙∙]]]
en_US_sappsd;KWQM000163;[[[Ļŏţ ċŗēąţįŏŋ ƒŏŗ įŋ-ρŗŏċēşş įŋşρēċţįŏŋ ƌűŗįŋğ ɱąŋűƒąċţűŗįŋğ ţŏ űşąğē ƌēċįşįŏŋ∙∙∙∙∙∙∙∙∙∙∙∙∙∙∙∙∙∙∙∙∙∙∙∙∙∙∙∙∙∙∙∙∙]]]
en_US_sappsd;KWSERV0101;[[[Ŝēŗʋįċē ŏŗƌēŗş ċŗēąţēƌ∙∙∙∙∙]]]
en_US_sappsd;KWSERV0102;[[[Ŝēŗʋįċē ƣűŏţąţįŏŋş ċŗēąţēƌ∙∙∙∙∙∙∙]]]
en_US_sappsd;KWSERV0103;[[[Ŝēŗʋįċē ċŏŋƒįŗɱąţįŏŋş ċŗēąţēƌ∙∙∙∙∙∙∙∙∙]]]
en_US_sappsd;KWSERV0104;[[[Ŝēŗʋįċē ŗēƣűēşţş ċŗēąţēƌ∙∙∙∙∙∙]]]
en_US_sappsd;KWSERV0105;[[[Ŝēŗʋįċē ċŏŋţŗąċţş ċŗēąţēƌ∙∙∙∙∙∙∙]]]
en_US_sappsd;KWSERV0106;[[[Ŝŏĺűţįŏŋ ŏŗƌēŗş ċŗēąţēƌ∙∙∙∙∙∙]]]
en_US_sappsd;KWSERV0160;[[[Ŝēŗʋįċē ŏŗƌēŗ ċŗēąţįŏŋ ţŏ şēŗʋįċē ŏŗƌēŗ ċŏɱρĺēţįŏŋ∙∙∙∙∙∙∙∙∙∙∙∙∙∙∙∙∙∙∙]]]
en_US_sappsd;KXEWM00101;[[[Ŵąʋēş ŏʋēŗƌűē ƒŏŗ ŗēĺēąşē∙∙∙∙∙∙∙]]]
en_US_sappsd;KXEWM00102;[[[Ŵąʋēş ŗēĺēąşēƌ ŵįţĥ ƌēƒēċţş∙∙∙∙∙∙∙∙]]]
en_US_sappsd;KXEWM00201;[[[Ŵąŗēĥŏűşē ŏŗƌēŗş ŏʋēŗƌűē ƒŏŗ ċŏŋƒįŗɱąţįŏŋ∙∙∙∙∙∙∙∙∙∙∙∙∙∙∙]]]
en_US_sappsd;KXEWM00202;[[[Ĉŏŋƒįŗɱēƌ ŵąŗēĥŏűşē ŏŗƌēŗş∙∙∙∙∙∙∙]]]
en_US_sappsd;KXEWM00203;[[[Ŵąŗēĥŏűşē ŏŗƌēŗş ċŗēąţēƌ∙∙∙∙∙∙]]]
en_US_sappsd;KXEWM00260;[[[Ŵąŗēĥŏűşē ŏŗƌēŗ ċŗēąţįŏŋ ţŏ ċŏŋƒįŗɱąţįŏŋ∙∙∙∙∙∙∙∙∙∙∙∙∙∙]]]
en_US_sappsd;KXEWM00301;[[[Ŵąŗēĥŏűşē ţąşķş ŏʋēŗƌűē ƒŏŗ ċŏŋƒįŗɱąţįŏŋ∙∙∙∙∙∙∙∙∙∙∙∙∙∙]]]
en_US_sappsd;KXEWM00302;[[[Řēρĺēŋįşĥɱēŋţ ţąşķş ŏʋēŗƌűē ƒŏŗ ċŏŋƒįŗɱąţįŏŋ∙∙∙∙∙∙∙∙∙∙∙∙∙∙∙∙]]]
en_US_sappsd;KXEWM00303;[[[Ŵąŗēĥŏűşē ţąşķ įţēɱş ċŗēąţēƌ∙∙∙∙∙∙∙∙]]]
en_US_sappsd;KXEWM00304;[[[Ŵąŗēĥŏűşē ţąşķ įţēɱş ċŏŋƒįŗɱēƌ∙∙∙∙∙∙∙∙∙]]]
en_US_sappsd;KXEWM00305;[[[Ĉŏŋƒįŗɱēƌ ŵąŗēĥŏűşē ţąşķ įţēɱş ŵįţĥ ēχċēρţįŏŋ ċŏƌēş∙∙∙∙∙∙∙∙∙∙∙∙∙∙∙∙∙∙∙∙]]]
en_US_sappsd;KXEWM00390;[[[Ĕχċēρţįŏŋ ċŏƌē űşąğē įŋ ċŏŋƒįŗɱēƌ ŵąŗēĥŏűşē ţąşķş (ρēŗ ŵąŗēĥŏűşē)∙∙∙∙∙∙∙∙∙∙∙∙∙∙∙∙∙∙∙∙∙∙∙∙∙∙∙]]]
en_US_sappsd;KXEWM00401;[[[Ŏʋēŗƌűē įŋƃŏűŋƌ ƌēĺįʋēŗŷ įţēɱş ŵįţĥŏűţ ċŏɱρĺēţēƌ ρűţąŵąŷ∙∙∙∙∙∙∙∙∙∙∙∙∙∙∙∙∙∙∙∙∙∙]]]
en_US_sappsd;KXEWM00402;[[[Ŏʋēŗƌűē įŋƃŏűŋƌ ƌēĺįʋēŗŷ įţēɱş ŵįţĥŏűţ ċŏɱρĺēţēƌ ğŏŏƌş ŗēċēįρţ∙∙∙∙∙∙∙∙∙∙∙∙∙∙∙∙∙∙∙∙∙∙∙∙∙]]]
en_US_sappsd;KXEWM00403;[[[Ĭŋƃŏűŋƌ ƌēĺįʋēŗŷ įţēɱş ċŗēąţēƌ įŋ ĔŴΜ∙∙∙∙∙∙∙∙∙∙∙∙∙]]]
en_US_sappsd;KXEWM00404;[[[Ģŏŏƌş ŗēċēįρţ ρŏşţįŋğş ƒŏŗ įŋƃŏűŋƌ ƌēĺįʋēŗŷ įţēɱş įŋ ĔŴΜ∙∙∙∙∙∙∙∙∙∙∙∙∙∙∙∙∙∙∙∙∙∙]]]
en_US_sappsd;KXEWM00460;[[[Ĭŋƃŏűŋƌ ƌēĺįʋēŗŷ įţēɱ ċŗēąţįŏŋ (ƒŏŗ ρűŗċĥąşįŋğ ƌŏċűɱēŋţ) ţŏ ρűţąŵąŷ ċŏɱρĺēţįŏŋ∙∙∙∙∙∙∙∙∙∙∙∙∙∙∙∙∙∙∙∙∙∙∙∙∙∙∙∙∙∙∙∙∙]]]
en_US_sappsd;KXEWM00461;[[[Ĭŋƃŏűŋƌ ƌēĺįʋēŗŷ įţēɱ ċŗēąţįŏŋ (ƒŏŗ ɱąŋűƒąċţűŗįŋğ) ţŏ ρűţąŵąŷ ċŏɱρĺēţįŏŋ∙∙∙∙∙∙∙∙∙∙∙∙∙∙∙∙∙∙∙∙∙∙∙∙∙∙∙∙∙∙]]]
en_US_sappsd;KXEWM00490;[[[Ƥŗŏċēşş ċŏƌē űşąğē įŋ įŋƃŏűŋƌ ƌēĺįʋēŗŷ įţēɱş∙∙∙∙∙∙∙∙∙∙∙∙∙∙∙∙]]]
en_US_sappsd;KXEWM00501;[[[Ŏűţƃŏűŋƌ ƌēĺįʋēŗŷ ŏŗƌēŗ įţēɱş ŏʋēŗƌűē ƒŏŗ ρįċķįŋğ∙∙∙∙∙∙∙∙∙∙∙∙∙∙∙∙∙∙∙]]]
en_US_sappsd;KXEWM00502;[[[Ŏűţƃŏűŋƌ ƌēĺįʋēŗŷ ŏŗƌēŗ įţēɱş ŏʋēŗƌűē ƒŏŗ ğŏŏƌş įşşűē ρŏşţįŋğ∙∙∙∙∙∙∙∙∙∙∙∙∙∙∙∙∙∙∙∙∙∙∙∙∙]]]
en_US_sappsd;KXEWM00503;[[[Ŏűţƃŏűŋƌ ƌēĺįʋēŗŷ ŏŗƌēŗ įţēɱş ċŗēąţēƌ∙∙∙∙∙∙∙∙∙∙∙∙∙]]]
en_US_sappsd;KXEWM00504;[[[Ģŏŏƌş įşşűē ρŏşţįŋğş ƒŏŗ ŏűţƃŏűŋƌ ƌēĺįʋēŗŷ ŏŗƌēŗ įţēɱş∙∙∙∙∙∙∙∙∙∙∙∙∙∙∙∙∙∙∙∙∙]]]
en_US_sappsd;KXEWM00560;[[[Ŏűţƃŏűŋƌ ƌēĺįʋēŗŷ ŏŗƌēŗ įţēɱ ċŗēąţįŏŋ (ƒŏŗ şąĺēş ƌŏċűɱēŋţ) ţŏ ƌēĺįʋēŗŷ ċŗēąţįŏŋ∙∙∙∙∙∙∙∙∙∙∙∙∙∙∙∙∙∙∙∙∙∙∙∙∙∙∙∙∙∙∙∙∙∙]]]
en_US_sappsd;KXEWM00590;[[[Ƥŗŏċēşş ċŏƌē űşąğē įŋ ŏűţƃŏűŋƌ ƌēĺįʋēŗŷ ŏŗƌēŗ įţēɱş∙∙∙∙∙∙∙∙∙∙∙∙∙∙∙∙∙∙∙∙]]]
en_US_sappsd;KXEWM00701;[[[Ŏűţƃŏűŋƌ ƌēĺįʋēŗŷ įţēɱş ŏʋēŗƌűē ƒŏŗ ğŏŏƌş įşşűē ρŏşţįŋğ įŋ ĔŴΜ∙∙∙∙∙∙∙∙∙∙∙∙∙∙∙∙∙∙∙∙∙∙∙∙∙]]]
en_US_sappsd;KXEWM00702;[[[Ŏűţƃŏűŋƌ ƌēĺįʋēŗŷ įţēɱş ċŗēąţēƌ įŋ ĔŴΜ∙∙∙∙∙∙∙∙∙∙∙∙∙]]]
en_US_sappsd;KXEWM00860;[[[Ĭŋƃŏűŋƌ ƌēĺįʋēŗŷ ŋŏţįƒįċąţįŏŋ įţēɱ ċŗēąţįŏŋ (ƒŏŗ ρűŗċĥąşįŋğ ƌŏċűɱēŋţ) ţŏ ρűţąŵąŷ ċŏɱρĺēţįŏŋ∙∙∙∙∙∙∙∙∙∙∙∙∙∙∙∙∙∙∙∙∙∙]]]
en_US_sappsd;KXEWM00861;[[[Ĭŋƃŏűŋƌ ƌēĺįʋēŗŷ ŋŏţįƒįċąţįŏŋ įţēɱ ċŗēąţįŏŋ (ƒŏŗ ρŗŏƌűċţįŏŋ) ţŏ ρűţąŵąŷ ċŏɱρĺēţįŏŋ∙∙∙∙∙∙∙∙∙∙∙∙∙∙∙∙∙∙∙]]]
en_US_sappsd;KXEWM00862;[[[Ŏűţƃŏűŋƌ ƌēĺįʋēŗŷ ŗēƣűēşţ įţēɱ ċŗēąţįŏŋ (ƒŏŗ şąĺēş ƌŏċűɱēŋţ) ţŏ ƌēĺįʋēŗŷ ċŗēąţįŏŋ∙∙∙∙∙∙∙∙∙∙∙∙∙∙∙∙∙∙∙]]]
en_US_sappsd;KXEWM00901;[[[Āʋąįĺąƃĺē űŋŗēşţŗįċţēƌ-űşē şţŏċķ ŋŏţ ɱŏʋēƌ∙∙∙∙∙∙∙∙∙∙∙∙∙∙∙]]]
en_US_sappsd;KXEWM00902;[[[Āʋąįĺąƃĺē ƃĺŏċķēƌ şţŏċķ ŋŏţ ɱŏʋēƌ∙∙∙∙∙∙∙∙∙∙∙]]]
en_US_sappsd;KXEWM00903;[[[Āʋąįĺąƃĺē ƣűąĺįţŷ įŋşρēċţįŏŋ şţŏċķ ŋŏţ ɱŏʋēƌ∙∙∙∙∙∙∙∙∙∙∙∙∙∙∙∙]]]