locale;kpiId;phaseId;stepId;title;subtitle
zh_CN;CPACM00160;10;step_10_10;已创建合同工作区;
zh_CN;CPACM00160;10;step_10_20;合同工作区已发布且有效;
zh_CN;CPAOP00160;10;step_10_10;已创建采购申请项目;
zh_CN;CPAOP00160;20;step_20_10;已创建采购订单项目;
zh_CN;CPAOP00161;10;step_10_10;已创建采购订单项目;
zh_CN;CPAOP00161;20;step_20_10;已创建收货;
zh_CN;CPAOP00161;30;step_30_10;已创建发票项目;
zh_CN;CPAOP00162;10;step_10_10;已提交发票项目;
zh_CN;CPAOP00162;10;step_10_20;已对账发票项目;
zh_CN;CPAOP00162;20;step_20_10;已支付发票项目;
zh_CN;CPAOP00163;10;step_10_10;已创建采购订单项目;
zh_CN;CPAOP00163;20;step_20_10;已创建发票项目;
zh_CN;CPAOP00163;20;step_20_30;已支付发票项目;
zh_CN;CPASC00160;10;step_10_10;已创建货源确定请求;
zh_CN;CPASC00160;20;step_20_10;已创建完整货源确定项目;
zh_CN;CPASC00160;30;step_30_10;已创建第一个货源确定事件;
zh_CN;CPASC00160;30;step_30_20;已结束最后一个货源确定事件;
zh_CN;CPASC00160;40;step_40_10;已完成完整货源确定项目;
zh_CN;CPASC00161;10;step_10_10;已创建完整货源确定项目;
zh_CN;CPASC00161;20;step_20_10;已创建第一个货源确定事件;
zh_CN;CPASC00161;20;step_20_20;已创建最后一个货源确定事件;
zh_CN;CPASC00161;30;step_30_10;已完成完整货源确定项目;
zh_CN;CPASC00163;10;step_10_10;已创建货源确定事件;
zh_CN;CPASC00163;20;step_20_10;投标已开始;
zh_CN;CPASC00163;20;step_20_20;投标已结束;
zh_CN;CPASC00163;30;step_30_10;货源确定事件已结束;
zh_CN;CPASC00164;10;step_10_10;已创建货源确定事件;
zh_CN;CPASC00164;20;step_20_10;投标已开始;
zh_CN;CPASC00164;20;step_20_20;投标已结束;
zh_CN;CPASC00164;30;step_30_10;货源确定事件已结束;
zh_CN;CPASC00165;10;step_10_10;已创建货源确定事件;
zh_CN;CPASC00165;20;step_20_10;投标已开始;
zh_CN;CPASC00165;20;step_20_20;投标已结束;
zh_CN;CPASC00165;30;step_30_10;货源确定事件已结束;
zh_CN;CPASM00160;10;step_10_10;供应商请求已创建;
zh_CN;CPASM00160;10;step_10_20;已批准供应商请求;
zh_CN;CPASM00160;20;step_20_10;供应商注册已开始;
zh_CN;CPASM00160;20;step_20_20;供应商注册调查问卷已提交;
zh_CN;CPASM00160;20;step_20_30;供应商注册已批准;
zh_CN;CPASM00161;10;step_10_10;旧供应商资格项目项已创建;
zh_CN;CPASM00161;10;step_10_20;旧供应商资格项目项调查问卷已提交;
zh_CN;CPASM00161;10;step_10_30;旧供应商资格项目项已批准;
zh_CN;KBSRM00160;10;step_10_10;已创建购物车项目;
zh_CN;KBSRM00160;10;step_10_20;已完成购物车项目;
zh_CN;KBSRM00160;10;step_10_30;已审批购物车项目;
zh_CN;KBSRM00160;20;step_20_10;已创建计划交货日期和后续凭证的购物车项目;
zh_CN;KBSRM00760;10;step_10_10;已创建招标项目;
zh_CN;KBSRM00760;10;step_10_20;已完成且等待审批的招标项目;
zh_CN;KBSRM00760;10;step_10_30;已发布的招标项目;
zh_CN;KBSRM00760;20;step_20_10;已提交首个投标;
zh_CN;KBSRM00760;20;step_20_20;已达到招标提交截止日期;
zh_CN;KBSRM00760;20;step_20_30;已接受首个投标;
zh_CN;KBSRM00761;10;step_10_10;已创建竞标项目;
zh_CN;KBSRM00761;10;step_10_20;竞标项目已完成且就绪;
zh_CN;KBSRM00761;10;step_10_30;已激活竞标项目;
zh_CN;KBSRM00761;20;step_20_10;已提交首个投标;
zh_CN;KBSRM00761;20;step_20_20;已结束竞标项目;
zh_CN;KBSRM00761;20;step_20_30;已接受首个投标;
zh_CN;KCSAL00660;10;step_10_10;已创建机会;
zh_CN;KCSAL00660;10;step_10_20;"机会已设置为“处理中”";
zh_CN;KCSAL00660;40;step_40_10;已完成机会;
zh_CN;KFFI000960;10;step_10_10;已开具供应商发票;
zh_CN;KFFI000960;10;step_10_20;已创建并过账供应商发票;
zh_CN;KFFI000960;10;step_10_30;FI-AP 项目已付款审批;
zh_CN;KFFI000960;20;step_20_10;已创建 FI-AP 清算凭证;
zh_CN;KFFI000960;20;step_20_20;已清算 FI-AP 项目;
zh_CN;KFFI000961;10;step_10_10;已开具供应商发票;
zh_CN;KFFI000961;10;step_10_20;已创建并过账供应商发票;
zh_CN;KFFI000961;10;step_10_30;FI-AP 项目已付款审批;
zh_CN;KFFI000961;20;step_20_10;已创建 FI-AP 清算凭证;
zh_CN;KFFI000961;20;step_20_20;已清算 FI-AP 项目;
zh_CN;KFFI001060;10;step_10_10;已开具客户发票;
zh_CN;KFFI001060;20;step_20_10;已清算 FI-AR 项目;
zh_CN;KFFI001061;10;step_10_10;已开具客户发票;
zh_CN;KFFI001061;20;step_20_10;已清算 FI-AR 项目;
zh_CN;KFFI001860;10;step_10_10;已创建资产主数据;
zh_CN;KFFI001860;20;step_20_10;已创建首次购置过账;
zh_CN;KFFI001860;30;step_30_10;最终资产或非资产接收方首次结算;
zh_CN;KFFI001860;40;step_40_10;已取消激活资产主数据;
zh_CN;KFFI001861;10;step_10_10;已创建资产主数据;
zh_CN;KFFI001861;20;step_20_10;已创建首次购置过账;
zh_CN;KFFI001861;30;step_30_10;折旧计算已开始;
zh_CN;KFFI001861;50;step_50_10;已取消激活资产主数据;
zh_CN;KFFI001960;10;step_10_10;已创建公用事业发票;
zh_CN;KFFI001960;20;step_20_10;已清算 FI-CA 项目;
zh_CN;KFFI002260;10;step_10_10;已创建集中发票;
zh_CN;KFFI002260;20;step_20_10;已清算 FI-CA 项目;
zh_CN;KFFI002360;10;step_10_10;已创建产品成本收集器;
zh_CN;KFFI002360;20;step_20_10;已初始确认产品成本收集器;
zh_CN;KFFI002360;30;step_30_10;已首次结算产品成本收集器;
zh_CN;KFFI002660;10;step_10_10;已创建供方合同;
zh_CN;KFFI002660;10;step_10_20;合同已开始;
zh_CN;KFFI002660;20;step_20_10;已创建首个开票凭证;
zh_CN;KFFI002660;30;step_30_10;已创建首个开发票凭证;
zh_CN;KIAUT00160;10;step_10_10;运行计划数量组件的基本开始日期;
zh_CN;KIAUT00160;10;step_10_20;运行计划数量组件的需求日期;
zh_CN;KIAUT00160;40;step_40_10;订单基本完成日期在未来的运行计划数量组件;
zh_CN;KIISU00160;10;step_10_10;已创建合同;
zh_CN;KIISU00160;30;step_30_10;已创建与合同相关的首个开票凭证;
zh_CN;KIISU00160;40;step_40_10;已创建与合同相关的首个打印凭证;
zh_CN;KIISU00160;50;step_50_10;已创建与合同相关的首个合同会计凭证;
zh_CN;KIISU00160;50;step_50_20;已清算与合同相关的首个合同会计项目;
zh_CN;KIISU00260;10;step_10_10;已创建开票凭证;
zh_CN;KIISU00260;20;step_20_10;已创建并过账打印凭证;
zh_CN;KIISU00261;10;step_10_10;已创建异常计费凭证;
zh_CN;KIISU00261;10;step_10_20;已审批异常计费凭证;
zh_CN;KIISU00261;20;step_20_10;已创建并过账打印凭证;
zh_CN;KIISU00261;20;step_20_20;已打印打印凭证;
zh_CN;KIISU00161;10;step_10_10;已创建开票订单;
zh_CN;KIISU00161;40;step_40_10;计划开票日期在未来的开票订单;
zh_CN;KIISU00162;10;step_10_10;已创建开票订单;
zh_CN;KIISU00162;20;step_20_10;已为开村订单保存抄表结果;
zh_CN;KIISU00162;40;step_40_10;计划开票日期在未来的开票订单;
zh_CN;KIISU00360;10;step_10_10;已创建打印凭证;
zh_CN;KIISU00360;20;step_20_10;已在会计中创建未清项目;
zh_CN;KIISU00360;20;step_20_20;已在会计中清算未清项目;
zh_CN;KIISU00361;10;step_10_10;已创建异常打印凭证;
zh_CN;KIISU00361;10;step_10_20;已审批异常打印凭证;
zh_CN;KIISU00361;20;step_20_10;已在会计中创建未清项目;
zh_CN;KIISU00361;20;step_20_20;已在会计中清算未清项目;
zh_CN;KIRET00460;10;step_10_10;已创建库存调拨单项目;
zh_CN;KIRET00460;20;step_20_10;已交货库存调拨单项目;
zh_CN;KIRET00460;20;step_20_20;已发出库存调拨单项目;
zh_CN;KIRET00460;30;step_30_10;已接收库存调拨单项目;
zh_CN;KIRET00461;10;step_10_10;已创建库存调拨单项目;
zh_CN;KIRET00461;20;step_20_10;已交货库存调拨单项目;
zh_CN;KIRET00461;20;step_20_20;已发出库存调拨单项目;
zh_CN;KIRET00461;30;step_30_10;已接收库存调拨单项目;
zh_CN;KIRET00462;10;step_10_10;已创建库存调拨单项目;
zh_CN;KIRET00462;20;step_20_10;已交货库存调拨单项目;
zh_CN;KIRET00462;20;step_20_20;已发出库存调拨单项目;
zh_CN;KIRET00462;30;step_30_10;已接收库存调拨单项目;
zh_CN;KIRET00463;10;step_10_10;已创建库存调拨单项目;
zh_CN;KIRET00463;20;step_20_10;已交货库存调拨单项目;
zh_CN;KIRET00463;20;step_20_20;已发出库存调拨单项目;
zh_CN;KIRET00463;30;step_30_10;已接收库存调拨单项目;
zh_CN;KIRET00464;10;step_10_10;已创建库存调拨单项目;
zh_CN;KIRET00464;20;step_20_10;已交货库存调拨单项目;
zh_CN;KIRET00464;20;step_20_20;已发出库存调拨单项目;
zh_CN;KIRET00464;30;step_30_10;已接收库存调拨单项目;
zh_CN;KIRET00464;40;step_40_10;已创建 FI-AR 项目;
zh_CN;KIRET00464;40;step_40_20;已创建 FI-AP 项目;
zh_CN;KIRET00464;40;step_40_30;已清算 FI-AP 项目;
zh_CN;KIRET00464;40;step_40_40;已清算 FI-AR 项目;
zh_CN;KIRET00465;10;step_10_10;已创建库存调拨单项目;
zh_CN;KIRET00465;20;step_20_10;已交货库存调拨单项目;
zh_CN;KIRET00465;20;step_20_20;已发出库存调拨单项目;
zh_CN;KIRET00465;30;step_30_10;已接收库存调拨单项目;
zh_CN;KIRET00465;40;step_40_10;已创建 FI-AR 项目;
zh_CN;KIRET00465;40;step_40_20;已创建 FI-AP 项目;
zh_CN;KIRET00465;40;step_40_30;已清算 FI-AP 项目;
zh_CN;KIRET00465;40;step_40_40;已清算 FI-AR 项目;
zh_CN;KIRET00466;10;step_10_10;已创建库存调拨单项目;
zh_CN;KIRET00466;20;step_20_10;已交货库存调拨单项目;
zh_CN;KIRET00466;20;step_20_20;已发出库存调拨单项目;
zh_CN;KIRET00466;30;step_30_10;已接收库存调拨单项目;
zh_CN;KIRET00466;40;step_40_10;已创建 FI-AR 项目;
zh_CN;KIRET00466;40;step_40_20;已创建 FI-AP 项目;
zh_CN;KIRET00466;40;step_40_30;已清算 FI-AP 项目;
zh_CN;KIRET00466;40;step_40_40;已清算 FI-AR 项目;
zh_CN;KIRET00467;10;step_10_10;已创建库存调拨单项目;
zh_CN;KIRET00467;20;step_20_10;已交货库存调拨单项目;
zh_CN;KIRET00467;20;step_20_20;已发出库存调拨单项目;
zh_CN;KIRET00467;30;step_30_10;已接收库存调拨单项目;
zh_CN;KIRET00467;40;step_40_10;已创建 FI-AR 项目;
zh_CN;KIRET00467;40;step_40_20;已创建 FI-AP 项目;
zh_CN;KIRET00467;40;step_40_30;已清算 FI-AP 项目;
zh_CN;KIRET00467;40;step_40_40;已清算 FI-AR 项目;
zh_CN;KIRET00560;10;step_10_10;已创建采购订单项目;
zh_CN;KIRET00560;20;step_20_10;已创建收货;
zh_CN;KIRET00560;30;step_30_10;已创建供应商发票;
zh_CN;KIRET00561;10;step_10_10;已创建采购订单项目;
zh_CN;KIRET00561;20;step_20_10;已创建收货;
zh_CN;KIRET00561;30;step_30_10;已创建供应商发票;
zh_CN;KIRET00562;10;step_10_10;已创建采购订单项目;
zh_CN;KIRET00562;20;step_20_10;已创建收货;
zh_CN;KIRET00562;30;step_30_10;已创建供应商发票;
zh_CN;KIRET00563;10;step_10_10;已创建采购订单项目;
zh_CN;KIRET00563;20;step_20_10;已创建收货;
zh_CN;KIRET00563;30;step_30_10;已创建供应商发票;
zh_CN;KPIM000160;10;step_10_10;物料/工厂/存储地点与库存的组合;
zh_CN;KPIM000160;20;step_20_10;与 1 年前移动的最后货物组合;
zh_CN;KPIM000160;20;step_20_20;与 7-12 个期间前移动的最后货物组合;
zh_CN;KPIM000160;20;step_20_30;与 4-6 个期间前移动的最后货物组合;
zh_CN;KPIM000160;20;step_20_40;与 2-3 个期间前移动的最后货物组合;
zh_CN;KPIM000160;20;step_20_50;与上一期间移动的最后货物组合;
zh_CN;KPIM000160;20;step_20_60;与本期间移动的最后货物组合;
zh_CN;KPIM000161;10;step_10_10;物料/工厂/存储地点/批次与库存的组合;
zh_CN;KPIM000161;20;step_20_10;与 1 年前移动的最后货物组合;
zh_CN;KPIM000161;20;step_20_20;与 7-12 个期间前移动的最后货物组合;
zh_CN;KPIM000161;20;step_20_30;与 4-6 个期间前移动的最后货物组合;
zh_CN;KPIM000161;20;step_20_40;与 2-3 个期间前移动的最后货物组合;
zh_CN;KPIM000161;20;step_20_50;与上一期间移动的最后货物组合;
zh_CN;KPIM000161;20;step_20_60;与本期间移动的最后货物组合;
zh_CN;KPIM000162;10;step_10_10;物料/工厂/存储地点与库存的组合;
zh_CN;KPIM000162;20;step_20_10;与 1 年前移动的最后货物组合;
zh_CN;KPIM000162;20;step_20_20;与 7-12 个期间前移动的最后货物组合;
zh_CN;KPIM000162;20;step_20_30;与 4-6 个期间前移动的最后货物组合;
zh_CN;KPIM000162;20;step_20_40;与 2-3 个期间前移动的最后货物组合;
zh_CN;KPIM000162;20;step_20_50;与上一期间移动的最后货物组合;
zh_CN;KPIM000162;20;step_20_60;与本期间移动的最后货物组合;
zh_CN;KPIM000163;10;step_10_10;物料/工厂/存储地点/批次与库存的组合;
zh_CN;KPIM000163;20;step_20_10;与 1 年前移动的最后货物组合;
zh_CN;KPIM000163;20;step_20_20;与 7-12 个期间前移动的最后货物组合;
zh_CN;KPIM000163;20;step_20_30;与 4-6 个期间前移动的最后货物组合;
zh_CN;KPIM000163;20;step_20_40;与 2-3 个期间前移动的最后货物组合;
zh_CN;KPIM000163;20;step_20_50;与上一期间移动的最后货物组合;
zh_CN;KPIM000163;20;step_20_60;与本期间移动的最后货物组合;
zh_CN;KPLE000360;10;step_10_10;已创建交货项目;
zh_CN;KPLE000360;10;step_10_20;已拣配交货项目;
zh_CN;KPLE000360;40;step_40_10;已过账发货的交货项目;
zh_CN;KPLE000361;10;step_10_10;已创建交货项目;
zh_CN;KPLE000361;20;step_20_10;已创建并确认转储单项目的交货项目;
zh_CN;KPLE000361;50;step_50_10;已过账发货的交货项目;
zh_CN;KPLE000362;10;step_10_10;已创建交货项目;
zh_CN;KPLE000362;50;step_50_10;已过账收货的交货项目;
zh_CN;KPMRP00260;10;step_10_10;MRP 已在上周处理的物料/工厂组合;
zh_CN;KPMRP00260;15;step_15_10;物料/工厂组合不含逾期销售未交付订单;
zh_CN;KPMRP00260;20;step_20_10;物料/工厂组合不含逾期计划订单未交付订单;
zh_CN;KPMRP00260;30;step_30_10;物料/工厂组合不含逾期制造未交付订单;
zh_CN;KPMRP00260;40;step_40_10;物料/工厂组合不含逾期采购未交付订单;
zh_CN;KPMRP00260;50;step_50_10;物料/工厂组合不含 MRP 异常;
zh_CN;KPMRP00260;60;step_60_10;物料/工厂组合用于上周的制造订单中;
zh_CN;KPMRP00260;70;step_70_10;物料/工厂组合用于上周的采购订单项目中;
zh_CN;KPPP000160;10;step_10_10;已创建生产订单;
zh_CN;KPPP000160;10;step_10_20;已下达生产订单;
zh_CN;KPPP000160;20;step_20_10;已初始确认生产订单;
zh_CN;KPPP000160;30;step_30_10;已交货生产订单;
zh_CN;KPPP000160;40;step_40_10;已技术上完成交货生产订单;
zh_CN;KPPP000161;10;step_10_10;已创建生产订单;
zh_CN;KPPP000161;10;step_10_20;已下达生产订单;
zh_CN;KPPP000161;20;step_20_10;已初始确认生产订单;
zh_CN;KPPP000161;30;step_30_10;已交货生产订单;
zh_CN;KPPP000161;40;step_40_10;已首次结算交货生产订单;
zh_CN;KPPP000162;10;step_10_10;已创建生产订单组件;
zh_CN;KPPP000162;10;step_10_20;已针对组件下达生产订单;
zh_CN;KPPP000162;50;step_50_10;已针对组件过账首次发货;
zh_CN;KPPP000163;10;step_10_10;已创建生产订单组件;
zh_CN;KPPP000163;20;step_20_10;已创建采购申请项目;
zh_CN;KPPP000163;30;step_30_10;已创建采购订单项目;
zh_CN;KPPP000163;40;step_40_10;已针对采购订单项目过账收货;
zh_CN;KPPP000164;10;step_10_10;已创建生产订单工序;
zh_CN;KPPP000164;45;step_45_10;已下达生产订单的工序;
zh_CN;KPPP000164;50;step_50_10;已确认工序执行开始日期;
zh_CN;KPPP000164;50;step_50_20;已最终确认工序执行完成日期;
zh_CN;KPPP000260;10;step_10_10;已创建流程订单;
zh_CN;KPPP000260;10;step_10_20;已下达生产订单;
zh_CN;KPPP000260;20;step_20_10;已初始确认流程订单;
zh_CN;KPPP000260;30;step_30_10;已交货流程订单;
zh_CN;KPPP000260;40;step_40_10;已技术上完成交货流程订单;
zh_CN;KPPP000261;10;step_10_10;已创建流程订单;
zh_CN;KPPP000261;10;step_10_20;已下达生产订单;
zh_CN;KPPP000261;20;step_20_10;已初始确认流程订单;
zh_CN;KPPP000261;30;step_30_10;已交货流程订单;
zh_CN;KPPP000261;40;step_40_10;已首次结算交货流程订单;
zh_CN;KPPP000262;10;step_10_10;已创建流程订单组件;
zh_CN;KPPP000262;10;step_10_20;已针对组件下达流程订单;
zh_CN;KPPP000262;50;step_50_10;已针对组件过账首次发货;
zh_CN;KPPP000263;10;step_10_10;已创建流程订单组件;
zh_CN;KPPP000263;20;step_20_10;已创建采购申请项目;
zh_CN;KPPP000263;30;step_30_10;已创建采购订单项目;
zh_CN;KPPP000263;40;step_40_10;已针对采购订单项目过账收货;
zh_CN;KPPP000264;10;step_10_10;已创建流程订单工序;
zh_CN;KPPP000264;45;step_45_10;已下达流程订单的工序;
zh_CN;KPPP000264;50;step_50_10;已确认工序执行开始日期;
zh_CN;KPPP000264;50;step_50_20;已最终确认工序执行完成日期;
zh_CN;KPPROJ0360;10;step_10_10;已创建 WBS 要素;
zh_CN;KPPROJ0360;10;step_10_20;已审批 WBS 要素;
zh_CN;KPPROJ0360;20;step_20_10;已首次结算 WBS 要素;
zh_CN;KPPROJ0360;20;step_20_20;已关闭 WBS 要素;
zh_CN;KPPROJ0361;10;step_10_10;已创建 WBS 要素;
zh_CN;KPPROJ0361;10;step_10_20;已审批 WBS 要素;
zh_CN;KPPROJ0361;20;step_20_10;已首次结算 WBS 要素;
zh_CN;KPPROJ0361;20;step_20_20;已关闭 WBS 要素;
zh_CN;KPPURCH260;10;step_10_10;已创建采购订单项目;
zh_CN;KPPURCH260;20;step_20_10;已创建收货;
zh_CN;KPPURCH260;30;step_30_10;已创建供应商发票;
zh_CN;KPPURCH260;40;step_40_10;已清算 FI-AP 项目;
zh_CN;KPPURCH261;10;step_10_10;已创建采购订单项目;
zh_CN;KPPURCH261;20;step_20_10;已创建收货;
zh_CN;KPPURCH261;30;step_30_10;已创建供应商发票;
zh_CN;KPPURCH263;10;step_10_10;已创建采购订单项目;
zh_CN;KPPURCH263;20;step_20_10;已创建销售订单项目;
zh_CN;KPPURCH263;30;step_30_10;已创建交货项目;
zh_CN;KPPURCH263;40;step_40_10;已过账发货;
zh_CN;KPPURCH263;40;step_40_20;已创建收货;
zh_CN;KPPURCH263;50;step_50_10;已创建供应商发票;
zh_CN;KPPURCH265;10;step_10_10;已创建采购订单项目;
zh_CN;KPPURCH265;20;step_20_10;已创建供应商发票;
zh_CN;KPPURCH265;30;step_30_10;已创建 FI-AP 项目;
zh_CN;KPPURCH265;30;step_30_20;已创建 FI-AP 清算凭证;
zh_CN;KPPURCH266;10;step_10_10;已创建采购订单项目;
zh_CN;KPPURCH266;20;step_20_10;已创建收货;
zh_CN;KPPURCH266;30;step_30_10;已创建供应商发票;
zh_CN;KPPURCH267;10;step_10_10;已创建采购订单项目;
zh_CN;KPPURCH267;20;step_20_10;已为采购订单项目创建首个服务条目表;
zh_CN;KPPURCH267;20;step_20_20;已接受采购订单项目的首个服务条目表;
zh_CN;KPPURCH267;30;step_30_10;已为服务条目表创建首个发票;
zh_CN;KPPURCH268;10;step_10_10;已创建采购订单项目;
zh_CN;KPPURCH268;20;step_20_10;已创建收货;
zh_CN;KPPURCH268;30;step_30_10;已创建供应商发票;
zh_CN;KPPURCH360;10;step_10_10;已创建采购申请项目;
zh_CN;KPPURCH360;20;step_20_10;已创建采购订单项目;
zh_CN;KPPURCH362;10;step_10_10;已创建库存调拨申请项目;
zh_CN;KPPURCH362;20;step_20_10;已创建库存调拨单项目;
zh_CN;KPPURCH460;10;step_10_10;已开具供应商发票;
zh_CN;KPPURCH460;10;step_10_20;已创建并过账供应商发票;
zh_CN;KPPURCH460;20;step_20_10;FI-AP 项目已付款审批;
zh_CN;KPPURCH460;20;step_20_20;已创建 FI-AP 清算凭证;
zh_CN;KPPURCH460;20;step_20_30;已清算 FI-AP 项目;
zh_CN;KPPURCH560;10;step_10_10;已创建库存调拨单项目;
zh_CN;KPPURCH560;20;step_20_10;已发出库存调拨单项目;
zh_CN;KPPURCH560;20;step_20_20;已接收库存调拨单项目;
zh_CN;KPPURCH561;10;step_10_10;已创建库存调拨单项目;
zh_CN;KPPURCH561;20;step_20_10;已交货库存调拨单项目;
zh_CN;KPPURCH561;20;step_20_20;已发出库存调拨单项目;
zh_CN;KPPURCH561;30;step_30_10;已接收库存调拨单项目;
zh_CN;KPPURCH562;10;step_10_10;已创建库存调拨单项目;
zh_CN;KPPURCH562;20;step_20_10;已交货库存调拨单项目;
zh_CN;KPPURCH562;20;step_20_20;已发出库存调拨单项目;
zh_CN;KPPURCH562;30;step_30_10;已接收库存调拨单项目;
zh_CN;KPPURCH562;40;step_40_03;已创建 FI-AR 项目;
zh_CN;KPPURCH562;40;step_40_07;已创建 FI-AP 项目;
zh_CN;KPPURCH562;40;step_40_10;已清算 FI-AP 项目;
zh_CN;KPPURCH562;40;step_40_20;已清算 FI-AR 项目;
zh_CN;KPPURCH660;10;step_10_10;已创建计划协议项目;
zh_CN;KPPURCH660;10;step_10_20;计划协议的有效期开始;
zh_CN;KPPURCH660;20;step_20_10;计划协议的有效期结束位于过去;
zh_CN;KPPURCH661;10;step_10_10;已创建数量合同项目;
zh_CN;KPPURCH661;10;step_10_20;数量合同的有效期开始;
zh_CN;KPPURCH661;20;step_20_10;已为合同项目创建首个下达订单;
zh_CN;KPPURCH661;20;step_20_20;数量合同的有效期结束位于过去;
zh_CN;KPPURCH662;10;step_10_10;已创建价值合同项目;
zh_CN;KPPURCH662;10;step_10_20;价值合同的有效期开始;
zh_CN;KPPURCH662;20;step_20_10;已为合同项目创建首个下达订单;
zh_CN;KPPURCH662;20;step_20_20;价值合同的有效期结束位于过去;
zh_CN;KPSD000260;10;step_10_10;已创建销售开票凭证;
zh_CN;KPSD000260;20;step_20_10;已创建 FI-AR 项目;
zh_CN;KPSD000260;20;step_20_20;已清算 FI-AR 项目;
zh_CN;KPSD000360;10;step_10_10;已创建销售订单项目;
zh_CN;KPSD000360;20;step_20_10;已创建交货项目;
zh_CN;KPSD000361;10;step_10_10;已创建销售订单项目;
zh_CN;KPSD000361;20;step_20_10;已创建交货项目;
zh_CN;KPSD000361;30;step_30_10;已过账发货;
zh_CN;KPSD000361;40;step_40_10;已创建客户发票项目;
zh_CN;KPSD000362;10;step_10_10;已创建销售订单项目;
zh_CN;KPSD000362;20;step_20_10;已创建交货项目;
zh_CN;KPSD000362;30;step_30_10;已过账发货;
zh_CN;KPSD000362;40;step_40_10;已创建客户发票项目;
zh_CN;KPSD000362;50;step_50_10;已创建 FI-AR 项目;
zh_CN;KPSD000362;50;step_50_20;已清算 FI-AR 项目;
zh_CN;KPSD000363;10;step_10_10;已创建销售订单项目;
zh_CN;KPSD000363;20;step_20_10;已创建采购申请项目;
zh_CN;KPSD000363;30;step_30_10;已创建采购订单项目;
zh_CN;KPSD000363;40;step_40_10;已创建供应商发票;
zh_CN;KPSD000363;50;step_50_10;已创建客户发票项目;
zh_CN;KPSD000364;10;step_10_10;已创建销售订单项目;
zh_CN;KPSD000364;20;step_20_10;已创建采购申请项目;
zh_CN;KPSD000364;30;step_30_10;已创建采购订单项目;
zh_CN;KPSD000364;40;step_40_10;已过账收货;
zh_CN;KPSD000364;40;step_40_20;已过账发货;
zh_CN;KPSD000364;50;step_50_10;已创建客户发票项目;
zh_CN;KPSD000365;10;step_10_10;已创建销售订单项目;
zh_CN;KPSD000365;20;step_20_10;已创建制造订单;
zh_CN;KPSD000365;20;step_20_20;已下达制造订单;
zh_CN;KPSD000365;30;step_30_10;已初始确认制造订单;
zh_CN;KPSD000365;40;step_40_10;已交货制造订单;
zh_CN;KPSD000365;40;step_40_20;已过账发货的销售订单项目;
zh_CN;KPSD000365;50;step_50_10;已创建客户发票项目;
zh_CN;KPSD000366;10;step_10_10;已创建销售订单项目;
zh_CN;KPSD000366;20;step_20_10;已创建交货项目;
zh_CN;KPSD000366;30;step_30_10;已过账发货;
zh_CN;KPSD000366;40;step_40_10;已创建客户发票项目;
zh_CN;KPSD000366;50;step_50_10;已创建客户 FI-AR 项目;
zh_CN;KPSD000366;60;step_60_10;已创建公司间凭证;
zh_CN;KPSD000366;70;step_70_10;已创建公司间 FI-AR 项目;
zh_CN;KPSD000366;70;step_70_20;已创建公司间 FI-AP 项目;
zh_CN;KPSD000367;10;step_10_10;已创建销售订单项目;
zh_CN;KPSD000367;20;step_20_10;已创建客户发票;
zh_CN;KPSD000367;30;step_30_10;已创建 FI-AR 项目;
zh_CN;KPSD000367;30;step_30_20;已清算 FI-AR 项目;
zh_CN;KPSD000368;10;step_10_10;已创建报价项目;
zh_CN;KPSD000368;20;step_20_10;已创建参考报价项目的首个销售订单项目;
zh_CN;KPSD000368;20;step_20_20;已完全处理报价项目;
zh_CN;KPSD000369;10;step_10_10;已创建销售订单项目;
zh_CN;KPSD000369;50;step_50_10;已创建交货项目;
zh_CN;KPSD000380;10;step_10_10;已创建退货订单项目;
zh_CN;KPSD000380;20;step_20_10;已创建退货交货项目;
zh_CN;KPSD000380;30;step_30_10;已过账收货;
zh_CN;KPSD000380;40;step_40_10;已创建贷项凭证项目;
zh_CN;KPSD000460;10;step_10_10;已创建借项凭证请求项目;
zh_CN;KPSD000460;20;step_20_10;已创建借项凭证项目;
zh_CN;KPSD000460;30;step_30_10;已创建 FI-AR 项目;
zh_CN;KPSD000460;30;step_30_20;已清算 FI-AR 项目;
zh_CN;KPSD000462;10;step_10_10;已创建贷项凭证请求项目;
zh_CN;KPSD000462;20;step_20_10;已创建贷项凭证项目;
zh_CN;KPSD000462;30;step_30_10;已创建 FI-AR 项目;
zh_CN;KPSD000462;30;step_30_20;已清算 FI-AR 项目;
zh_CN;KWMD000160;10;step_10_10;已在物料主数据中创建工作计划视图;
zh_CN;KWMD000160;20;step_20_10;已创建物料清单;
zh_CN;KWMD000160;30;step_30_10;已创建工艺路线;
zh_CN;KWMD000160;40;step_40_10;已创建成本估算，无错误;
zh_CN;KWMD000160;40;step_40_20;已审批成本估算;
zh_CN;KWMD000160;50;step_50_10;已创建首个生产订单;
zh_CN;KWMD000160;50;step_50_20;已交货首个生产订单;
zh_CN;KWMD000161;10;step_10_10;已在物料主数据中创建工作计划视图;
zh_CN;KWMD000161;20;step_20_10;已创建物料清单;
zh_CN;KWMD000161;30;step_30_10;已创建主配方;
zh_CN;KWMD000161;40;step_40_10;已创建成本估算，无错误;
zh_CN;KWMD000161;40;step_40_20;已审批成本估算;
zh_CN;KWMD000161;50;step_50_10;已创建首个流程订单;
zh_CN;KWMD000161;50;step_50_20;已交货首个流程订单;
zh_CN;KWMD000260;10;step_10_10;已针对销售范围创建客户主数据;
zh_CN;KWMD000260;30;step_30_10;已针对客户创建首个销售订单;
zh_CN;KWMD000260;40;step_40_10;已针对首个销售订单创建首个发票;
zh_CN;KWMD000260;50;step_50_10;已针对首个销售订单创建首个发票;
zh_CN;KWMD000360;10;step_10_10;已针对采购组织创建供应商主数据;
zh_CN;KWMD000360;30;step_30_10;已针对供应商创建首个采购订单;
zh_CN;KWMD000360;40;step_40_10;已针对首个采购订单创建首个发票;
zh_CN;KWMD000360;40;step_40_20;已针对首个采购订单清算首个发票;
zh_CN;KWPM000160;10;step_10_10;已创建维护通知;
zh_CN;KWPM000160;10;step_10_20;已开始维护通知处理;
zh_CN;KWPM000160;10;step_10_30;已完成处理维护通知;
zh_CN;KWPM000161;10;step_10_10;已创建服务通知;
zh_CN;KWPM000161;10;step_10_20;已开始服务通知处理;
zh_CN;KWPM000161;10;step_10_30;已完成处理服务通知;
zh_CN;KWPM000260;10;step_10_10;已创建维护订单;
zh_CN;KWPM000260;10;step_10_20;已下达维护订单;
zh_CN;KWPM000260;20;step_20_10;已初始确认维护订单;
zh_CN;KWPM000260;20;step_20_20;已最终确认维护订单;
zh_CN;KWPM000260;30;step_30_10;维护订单已确认且已在技术上完成;
zh_CN;KWPM000260;30;step_30_20;维护订单已确认并关闭;
zh_CN;KWPM000261;10;step_10_10;已创建维护订单;
zh_CN;KWPM000261;10;step_10_20;已下达维护订单;
zh_CN;KWPM000261;20;step_20_10;已初始确认维护订单;
zh_CN;KWPM000261;30;step_30_10;维护订单已技术上完成;
zh_CN;KWPM000261;40;step_40_10;已首次结算维护订单;
zh_CN;KWPM000262;10;step_10_10;已创建服务订单;
zh_CN;KWPM000262;10;step_10_20;已下达服务订单;
zh_CN;KWPM000262;20;step_20_10;已初始确认服务订单;
zh_CN;KWPM000262;20;step_20_20;已最终确认服务订单;
zh_CN;KWPM000262;30;step_30_10;服务订单已确认且已在技术上完成;
zh_CN;KWPM000262;30;step_30_20;服务订单已确认并关闭;
zh_CN;KWPM000263;10;step_10_10;已创建服务订单;
zh_CN;KWPM000263;10;step_10_20;已下达服务订单;
zh_CN;KWPM000263;20;step_20_10;已初始确认服务订单;
zh_CN;KWPM000263;30;step_30_10;服务订单已在技术上完成;
zh_CN;KWPM000263;40;step_40_10;已首次结算服务订单;
zh_CN;KWPM000264;10;step_10_10;已创建维护订单组件;
zh_CN;KWPM000264;10;step_10_20;已针对组件下达维护订单;
zh_CN;KWPM000264;40;step_40_10;已针对组件过账首次发货;
zh_CN;KWPM000265;10;step_10_10;已创建服务订单组件;
zh_CN;KWPM000265;10;step_10_20;已针对组件下达服务订单;
zh_CN;KWPM000265;40;step_40_10;已针对组件过账首次发货;
zh_CN;KWPM000462;10;step_10_10;维护项目已创建;
zh_CN;KWPM000462;20;step_20_10;已针对维护项目创建第一个服务订单;
zh_CN;KWPM000462;20;step_20_20;已针对维护项目完成第一个服务订单;
zh_CN;KWPM000462;30;step_30_10;已达到服务合同结束日期的维护项目;
zh_CN;KWQM000161;10;step_10_10;已创建检验批次;
zh_CN;KWQM000161;50;step_50_10;已采用具有使用决策的检验批次;
zh_CN;KWQM000162;10;step_10_10;已创建检验批次;
zh_CN;KWQM000162;50;step_50_10;已采用具有使用决策的检验批次;
zh_CN;KWQM000163;10;step_10_10;已创建检验批次;
zh_CN;KWQM000163;40;step_40_10;已采用具有使用决策的检验批次;
zh_CN;KWSERV0160;10;step_10_10;已创建服务订单;
zh_CN;KWSERV0160;10;step_10_20;首先审批的服务订单;
zh_CN;KWSERV0160;30;step_30_10;审批后最后完成的服务订单;
zh_CN;KXEWM00260;10;step_10_10;已创建仓库订单;
zh_CN;KXEWM00260;10;step_10_20;已开始仓库订单;
zh_CN;KXEWM00260;20;step_20_10;已确认仓库订单;
zh_CN;KXEWM00460;10;step_10_10;已创建交货项目;
zh_CN;KXEWM00460;20;step_20_10;已过账收货的交货项目;
zh_CN;KXEWM00460;30;step_30_10;已计划入库的交货项目;
zh_CN;KXEWM00460;30;step_30_20;入库已完成的交货项目;
zh_CN;KXEWM00461;10;step_10_10;已创建交货项目;
zh_CN;KXEWM00461;20;step_20_10;已过账收货的交货项目;
zh_CN;KXEWM00461;30;step_30_10;已计划入库的交货项目;
zh_CN;KXEWM00461;30;step_30_20;入库已完成的交货项目;
zh_CN;KXEWM00560;10;step_10_10;已创建交货订单项目;
zh_CN;KXEWM00560;20;step_20_10;已拣配交货订单项目;
zh_CN;KXEWM00560;30;step_30_10;已过账发货的交货订单项目;
zh_CN;KXEWM00560;40;step_40_10;已创建交货的交货订单项目;
zh_CN;KXEWM00860;10;step_10_10;已创建交货通知项目;
zh_CN;KXEWM00860;20;step_20_10;已创建交货项目;
zh_CN;KXEWM00860;30;step_30_10;已过账收货的交货项目;
zh_CN;KXEWM00860;40;step_40_10;已计划入库的交货项目;
zh_CN;KXEWM00860;40;step_40_20;入库已完成的交货项目;
zh_CN;KXEWM00861;10;step_10_10;已创建交货通知项目;
zh_CN;KXEWM00861;20;step_20_10;已创建交货项目;
zh_CN;KXEWM00861;30;step_30_10;已过账收货的交货项目;
zh_CN;KXEWM00861;40;step_40_10;已计划入库的交货项目;
zh_CN;KXEWM00861;40;step_40_20;入库已完成的交货项目;
zh_CN;KXEWM00862;10;step_10_10;已创建交货请求项目;
zh_CN;KXEWM00862;20;step_20_10;已创建交货订单项目;
zh_CN;KXEWM00862;30;step_30_10;已拣配交货订单项目;
zh_CN;KXEWM00862;40;step_40_10;已过账发货的交货订单项目;
zh_CN;KXEWM00862;50;step_50_10;已创建交货的交货订单项目;