locale;id;text
zh_CN;valueDriverAffected;受影响的价值驱动因素
zh_CN;rootCause;根本原因
zh_CN;lmsId;源系统
zh_CN;topX;小部件上的条目数
zh_CN;lobId;业务范围
zh_CN;businessProcessId;端到端流程
zh_CN;recommendationCategoryId;创新建议类别
zh_CN;kpiId;绩效指标
zh_CN;timeAggregationType;分析期间
zh_CN;amountTimePeriod;时间期间
zh_CN;kpiKindId;绩效指标类别
zh_CN;improvementOpportunityId;改进机会
zh_CN;contextInformationId;流程流抑制因素