locale;id;text;longText
en_US_sappsd;TREND_PPI;[[[Ƥēŗƒŏŗɱąŋċē Ĭŋƌįċąţŏŗ Ţŗēŋƌş∙∙∙∙∙∙∙∙]]];[[[Āƌƌ ą ţŗēŋƌ ąŋąĺŷşįş ƒŏŗ ą ρēŗƒŏŗɱąŋċē įŋƌįċąţŏŗ.∙∙∙∙∙∙∙∙∙∙∙∙∙∙∙∙∙∙∙]]]
en_US_sappsd;CORRECTION_RECOMMENDATIONS;[[[Ţŏρ Ĉŏŗŗēċţįŏŋ Řēċŏɱɱēŋƌąţįŏŋş∙∙∙∙∙∙∙∙∙]]];[[[Āƌƌ ą ĺįşţ ŵįţĥ ţĥē ɱŏşţ ŗēĺēʋąŋţ ċŏŗŗēċţįŏŋ ŗēċŏɱɱēŋƌąţįŏŋş.∙∙∙∙∙∙∙∙∙∙∙∙∙∙∙∙∙∙∙∙∙∙∙∙∙]]]
en_US_sappsd;INNOVATION_RECOMMENDATIONS;[[[Ţŏρ Ĭŋŋŏʋąţįŏŋ Řēċŏɱɱēŋƌąţįŏŋş∙∙∙∙∙∙∙∙∙]]];[[[Āƌƌ ą ĺįşţ ŵįţĥ ţĥē ɱŏşţ ŗēĺēʋąŋţ įŋŋŏʋąţįŏŋ ŗēċŏɱɱēŋƌąţįŏŋş.∙∙∙∙∙∙∙∙∙∙∙∙∙∙∙∙∙∙∙∙∙∙∙∙∙]]]
en_US_sappsd;PROCESS_FLOWS;[[[Ţŏρ Ƥŗŏċēşş Ƒĺŏŵş∙∙∙∙∙∙∙]]];[[[Āƌƌ ą ĺįşţ ŵįţĥ ţĥē ɱŏşţ ŗēĺēʋąŋţ ρŗŏċēşş ƒĺŏŵş.∙∙∙∙∙∙∙∙∙∙∙∙∙∙∙∙∙∙]]]
en_US_sappsd;PERFORMANCE_INDICATORS;[[[Ţŏρ Ƥēŗƒŏŗɱąŋċē Ĭŋƌįċąţŏŗş∙∙∙∙∙∙∙]]];[[[Āƌƌ ą ĺįşţ ŵįţĥ ţĥē ɱŏşţ ŗēĺēʋąŋţ ρēŗƒŏŗɱąŋċē įŋƌįċąţŏŗş.∙∙∙∙∙∙∙∙∙∙∙∙∙∙∙∙∙∙∙∙∙∙∙]]]
en_US_sappsd;PF_FAVORITES;[[[Ƥŗŏċēşş Ƒĺŏŵ Ƒąʋŏŗįţēş∙∙∙∙∙]]];[[[Āƌƌ ą ĺįşţ ŵįţĥ ƃŏŏķɱąŗķş ţŏ ŷŏűŗ ƒąʋŏŗįţē ρŗŏċēşş ƒĺŏŵş.∙∙∙∙∙∙∙∙∙∙∙∙∙∙∙∙∙∙∙∙∙∙∙]]]
en_US_sappsd;PPI_FAVORITES;[[[Ƥēŗƒŏŗɱąŋċē Ĭŋƌįċąţŏŗ Ƒąʋŏŗįţēş∙∙∙∙∙∙∙∙∙∙]]];[[[Āƌƌ ą ĺįşţ ŵįţĥ ƃŏŏķɱąŗķş ţŏ ŷŏűŗ ƒąʋŏŗįţē ρēŗƒŏŗɱąŋċē įŋƌįċąţŏŗş.∙∙∙∙∙∙∙∙∙∙∙∙∙∙∙∙∙∙∙∙∙∙∙∙∙∙∙]]]
en_US_sappsd;CR_FAVORITES;[[[Ĉŏŗŗēċţįŏŋ Řēċŏɱɱēŋƌąţįŏŋ Ƒąʋŏŗįţēş∙∙∙∙∙∙∙∙∙∙∙∙]]];[[[Āƌƌ ą ĺįşţ ŵįţĥ ƃŏŏķɱąŗķş ţŏ ŷŏűŗ ƒąʋŏŗįţē ċŏŗŗēċţįŏŋ ŗēċŏɱɱēŋƌąţįŏŋş.∙∙∙∙∙∙∙∙∙∙∙∙∙∙∙∙∙∙∙∙∙∙∙∙∙∙∙∙∙]]]