locale;id;text;longText
ja;TREND_PPI;プロセスパフォーマンス指標の傾向;プロセスパフォーマンス指標の傾向分析を追加します。
ja;CORRECTION_RECOMMENDATIONS;上位の修正の推奨案;最も関連性の高い修正の推奨案のリストを追加します。
ja;INNOVATION_RECOMMENDATIONS;上位の先進ソリューションの推奨案;最も関連性の高い先進ソリューションの推奨案のリストを追加します。
ja;PROCESS_FLOWS;上位のプロセスフロー;最も関連性の高いプロセスフローのリストを追加します。
ja;PERFORMANCE_INDICATORS;上位のプロセスパフォーマンス指標;最も関連性の高いプロセスパフォーマンス指標のリストを追加します。
ja;PF_FAVORITES;お気に入りのプロセスフロー;お気に入りのプロセスフローのブックマークのリストを追加します。
ja;PPI_FAVORITES;お気に入りのプロセスパフォーマンス指標;お気に入りのプロセスパフォーマンス指標のブックマークのリストを追加します。
ja;CR_FAVORITES;お気に入りの修正の推奨案;お気に入りの修正の推奨案のブックマークのリストを追加します。