id;text
ACC;Accounts
ACTIONS;Actions
BATCHES;Batches
CHN;Changes
COMBN;Combinations
COND;Conditions
CUST;Customers
DATES;Dates
DAYS;Days
DOC;Documents
DUMPS;Dumps
ENTRIES;Entries
EXCEP;Exceptions
FLD;Fields
H;Hours
ITEMS;Items
ITEMSSL;Schedule Line Items
LEAVE_REQ;Leave Requests
MAT;Materials
MESSAGES;Messages
MIN;Minutes
MS;Milliseconds
NUMB_RANGE;Number Ranges
OBJECTS;Objects
PERCENT;Percent
QUANTS;Quants
SEC;Seconds
TRP;Trips
TRP_REQ;Trip Requests
USE;Usages
VEN;Vendors
VHCL;Vehicles
