locale;id;text
zh_CN;ASS_COST;降低资产维护成本
zh_CN;CASH_FOREC;提高现金预测准确性
zh_CN;CHURN;减少客户流失
zh_CN;CMPLXTY;降低数据管理成本
zh_CN;DII;缩短库存天数
zh_CN;DPO;缩短应付账款周转天数
zh_CN;DSO;缩短应收账款周转天数
zh_CN;FORECACC;提高需求预测准确性
zh_CN;FSSC;降低财务成本
zh_CN;GRC_COST;降低合规与风险管理成本
zh_CN;INC_BP_HRM;增加业务流程协调
zh_CN;INC_BP_STD;提高对标准化 SAP 业务流程的遵守
zh_CN;LOG_COST;降低总物流成本
zh_CN;MANCYCL;缩短制造周期时间
zh_CN;MARKET;提高营销促销的有效性
zh_CN;MAVERICK;提高用户合规性
zh_CN;METREAD;将仪表读数缩短为发票周期时间
zh_CN;MFGCOST;降低总制造成本
zh_CN;MROF;减少非预定停机或中断
zh_CN;OIP;提高采购全职员工效率
zh_CN;PEC;缩短年度账簿结算天数
zh_CN;POF;提高准时交货绩效
zh_CN;SALE_COST;降低销售成本
zh_CN;SC_COST;降低整体供应链计划成本
zh_CN;SERV_PROC;降低不合规的服务支出
zh_CN;SOF;降低服务和支持成本
zh_CN;STOCK_OUT;减少因缺货导致的收入损失
zh_CN;SUST_EMISS;降低排放成本
zh_CN;SUST_WASTE;降低废品生成成本
zh_CN;T2M;缩短新产品上市时间
zh_CN;UNCOLL_AR;减少坏账冲销