﻿VALUEDRIVER_ID;LOB_ID
ASS_COST;AM
CASH_FOREC;FINANCE
CHURN;SALES
CMPLXTY;FINANCE
CMPLXTY;SALES
CMPLXTY;SERVICE
CMPLXTY;SOUR_PROC
CMPLXTY;AM
CMPLXTY;MANUF
CMPLXTY;SUP_CHAIN
CMPLXTY;RDE
DII;SUP_CHAIN
DPO;FINANCE
DPO;SOUR_PROC
DSO;FINANCE
DSO;SALES
FORECACC;SUP_CHAIN
FSSC;FINANCE
FSSC;SALES
GRC_COST;FINANCE
GRC_COST;SALES
GRC_COST;SOUR_PROC
INC_BP_HRM;AM
INC_BP_HRM;COMMERCE
INC_BP_HRM;FINANCE
INC_BP_HRM;HR
INC_BP_HRM;MANUF
INC_BP_HRM;MARKETING
INC_BP_HRM;RDE
INC_BP_HRM;SALES
INC_BP_HRM;SERVICE
INC_BP_HRM;SOUR_PROC
INC_BP_HRM;SUP_CHAIN
INC_BP_HRM;SUSTAIN
INC_BP_STD;AM
INC_BP_STD;COMMERCE
INC_BP_STD;FINANCE
INC_BP_STD;HR
INC_BP_STD;MANUF
INC_BP_STD;MARKETING
INC_BP_STD;RDE
INC_BP_STD;SALES
INC_BP_STD;SERVICE
INC_BP_STD;SOUR_PROC
INC_BP_STD;SUP_CHAIN
INC_BP_STD;SUSTAIN
LOG_COST;SUP_CHAIN
MANCYCL;MANUF
MARKET;MARKETING
MAVERICK;SOUR_PROC
METREAD;FINANCE
METREAD;SALES
MFGCOST;MANUF
MROF;AM
MROF;SERVICE
OIP;SOUR_PROC
PEC;FINANCE
POF;MANUF
POF;SALES
POF;SOUR_PROC
SALE_COST;SALES
SC_COST;MANUF
SC_COST;SUP_CHAIN
SERV_PROC;SOUR_PROC
SOF;FINANCE
SOF;SERVICE
STOCK_OUT;SUP_CHAIN
SUST_EMISS;SALES
SUST_EMISS;SOUR_PROC
SUST_EMISS;SUSTAIN
SUST_WASTE;MANUF
SUST_WASTE;SUSTAIN
T2M;RDE
UNCOLL_AR;FINANCE
