pfStep_kpiId;io_id;pfStep_phaseId;pfStep_stepId;metric
CPASC00163;IMPROVE_CONSIST_EVENT;10;step_10_10;CNT
KFFI000960;IMPROVE_OTP_DPO;20;step_20_10;CNT
KFFI000960;IMPROVE_OTP_DPO;20;step_20_20;CNT
KFFI001060;IMPROVE_COM_RATE_DSO;10;step_10_10;CNT
KFFI001060;IMPROVE_COM_RATE_DSO;20;step_20_10;CNT
KFFI001060;IMPROVE_COM_RATE_DSO;20;step_20_10;LTAVG
KFFI001060;INCREASE_ACC_CASH_ALL;20;step_20_10;CNT
KFFI000961;IMPROVE_OTP_DPO;20;step_20_10;CNT
KFFI000961;IMPROVE_OTP_DPO;20;step_20_20;CNT
KFFI000961;IMPROVE_OTP_DPO;20;step_20_20;LTAVG
KFFI001061;IMPROVE_COM_RATE_DSO;10;step_10_10;CNT
KFFI001061;IMPROVE_COM_RATE_DSO;20;step_20_10;CNT
KFFI001061;IMPROVE_COM_RATE_DSO;20;step_20_10;LTAVG
KFFI001061;INCREASE_ACC_CASH_ALL;20;step_20_10;CNT
KFFI001061;USE_DUNNING;20;step_20_10;CNT
KIRET00460;IMPROVE_DEL_SCHED;20;step_20_20;CNT
KIRET00460;IMPROVE_DEL_SCHED;30;step_30_10;CNT
KIRET00460;IMPROVE_DEL_SCHED;30;step_30_10;LTAVG
KIRET00461;IMPROVE_DEL_SCHED;20;step_20_20;CNT
KIRET00461;IMPROVE_DEL_SCHED;30;step_30_10;CNT
KIRET00461;IMPROVE_DEL_SCHED;30;step_30_10;LTAVG
KIRET00462;IMPROVE_DEL_SCHED;20;step_20_20;CNT
KIRET00462;IMPROVE_DEL_SCHED;30;step_30_10;CNT
KIRET00462;IMPROVE_DEL_SCHED;30;step_30_10;LTAVG
KIRET00463;IMPROVE_DEL_SCHED;20;step_20_20;CNT
KIRET00463;IMPROVE_DEL_SCHED;30;step_30_10;CNT
KIRET00463;IMPROVE_DEL_SCHED;30;step_30_10;LTAVG
KIRET00464;REDUCE_OPEN_PAY_IMPR_DEL_SCH;20;step_20_20;CNT
KIRET00464;REDUCE_OPEN_PAY_IMPR_DEL_SCH;30;step_30_10;CNT
KIRET00464;REDUCE_OPEN_PAY_IMPR_DEL_SCH;30;step_30_10;LTAVG
KIRET00464;REDUCE_OPEN_PAY_IMPR_DEL_SCH;40;step_40_30;CNT
KIRET00464;REDUCE_OPEN_PAY_IMPR_DEL_SCH;40;step_40_40;CNT
KIRET00465;REDUCE_OPEN_PAY_IMPR_DEL_SCH;20;step_20_20;CNT
KIRET00465;REDUCE_OPEN_PAY_IMPR_DEL_SCH;30;step_30_10;CNT
KIRET00465;REDUCE_OPEN_PAY_IMPR_DEL_SCH;30;step_30_10;LTAVG
KIRET00465;REDUCE_OPEN_PAY_IMPR_DEL_SCH;40;step_40_30;CNT
KIRET00465;REDUCE_OPEN_PAY_IMPR_DEL_SCH;40;step_40_40;CNT
KIRET00466;REDUCE_OPEN_PAY_IMPR_DEL_SCH;20;step_20_20;CNT
KIRET00466;REDUCE_OPEN_PAY_IMPR_DEL_SCH;30;step_30_10;CNT
KIRET00466;REDUCE_OPEN_PAY_IMPR_DEL_SCH;30;step_30_10;LTAVG
KIRET00466;REDUCE_OPEN_PAY_IMPR_DEL_SCH;40;step_40_30;CNT
KIRET00466;REDUCE_OPEN_PAY_IMPR_DEL_SCH;40;step_40_40;CNT
KIRET00467;REDUCE_OPEN_PAY_IMPR_DEL_SCH;20;step_20_20;CNT
KIRET00467;REDUCE_OPEN_PAY_IMPR_DEL_SCH;30;step_30_10;CNT
KIRET00467;REDUCE_OPEN_PAY_IMPR_DEL_SCH;30;step_30_10;LTAVG
KIRET00467;REDUCE_OPEN_PAY_IMPR_DEL_SCH;40;step_40_30;CNT
KIRET00467;REDUCE_OPEN_PAY_IMPR_DEL_SCH;40;step_40_40;CNT
KIRET00560;ASSESS_COMPL_RATE_LEADTIME;10;step_10_10;CNT
KIRET00560;ASSESS_COMPL_RATE_LEADTIME;20;step_20_10;CNT
KIRET00560;ASSESS_COMPL_RATE_LEADTIME;20;step_20_10;LTAVG
KIRET00560;ASSESS_COMPL_RATE_LEADTIME;30;step_30_10;CNT
KIRET00560;ASSESS_COMPL_RATE_LEADTIME;30;step_30_10;LTAVG
KIRET00561;ASSESS_COMPL_RATE_LEADTIME;10;step_10_10;CNT
KIRET00561;ASSESS_COMPL_RATE_LEADTIME;20;step_20_10;CNT
KIRET00561;ASSESS_COMPL_RATE_LEADTIME;20;step_20_10;LTAVG
KIRET00561;ASSESS_COMPL_RATE_LEADTIME;30;step_30_10;CNT
KIRET00561;ASSESS_COMPL_RATE_LEADTIME;30;step_30_10;LTAVG
KIRET00562;ASSESS_COMPL_RATE_LEADTIME;10;step_10_10;CNT
KIRET00562;ASSESS_COMPL_RATE_LEADTIME;20;step_20_10;CNT
KIRET00562;ASSESS_COMPL_RATE_LEADTIME;20;step_20_10;LTAVG
KIRET00562;ASSESS_COMPL_RATE_LEADTIME;30;step_30_10;CNT
KIRET00562;ASSESS_COMPL_RATE_LEADTIME;30;step_30_10;LTAVG
KIRET00562;ANALYZE_PO_ITEMS_WO_PR_REF;10;step_10_10;CNT
KIRET00562;REDUCE_LATE_DEL;10;step_10_10;CNT
KIRET00562;ANALYZE_IR_BEFORE_GR;10;step_10_10;CNT
KIRET00562;IMPROVE_MD_QUAL;10;step_10_10;CNT
KIRET00563;ASSESS_COMPL_RATE_LEADTIME;10;step_10_10;CNT
KIRET00563;ASSESS_COMPL_RATE_LEADTIME;20;step_20_10;CNT
KIRET00563;ASSESS_COMPL_RATE_LEADTIME;20;step_20_10;LTAVG
KIRET00563;ASSESS_COMPL_RATE_LEADTIME;30;step_30_10;CNT
KIRET00563;ASSESS_COMPL_RATE_LEADTIME;30;step_30_10;LTAVG
KIRET00563;ANALYZE_PO_ITEMS_WO_PR_REF;10;step_10_10;CNT
KIRET00563;REDUCE_LATE_DEL;10;step_10_10;CNT
KIRET00563;ANALYZE_IR_BEFORE_GR;10;step_10_10;CNT
KIRET00563;IMPROVE_MD_QUAL;10;step_10_10;CNT
KPIM000160;ASSESS_STOCKLEVEL_TIME;10;step_10_10;CNT
KPIM000160;ASSESS_STOCKLEVEL_TIME;20;step_20_10;CNT
KPIM000160;ASSESS_STOCKLEVEL_TIME;20;step_20_20;CNT
KPIM000160;ASSESS_STOCKLEVEL_TIME;20;step_20_30;CNT
KPIM000160;ASSESS_STOCKLEVEL_TIME;20;step_20_40;CNT
KPIM000160;ASSESS_STOCKLEVEL_TIME;20;step_20_50;CNT
KPIM000160;ASSESS_STOCKLEVEL_TIME;20;step_20_60;CNT
KPIM000160;REDUCE_STOCKLEVEL_DELETED;20;step_20_10;CNT
KPIM000160;REDUCE_STOCKLEVEL_DELETED;20;step_20_20;CNT
KPIM000160;REDUCE_STOCKLEVEL_DELETED;20;step_20_30;CNT
KPIM000160;REDUCE_STOCKLEVEL_DELETED;20;step_20_40;CNT
KPIM000160;REDUCE_STOCKLEVEL_DELETED;20;step_20_50;CNT
KPIM000160;REDUCE_STOCKLEVEL_DELETED;20;step_20_60;CNT
KPIM000161;ASSESS_STOCKLEVEL_TIME;10;step_10_10;CNT
KPIM000161;ASSESS_STOCKLEVEL_TIME;20;step_20_10;CNT
KPIM000161;ASSESS_STOCKLEVEL_TIME;20;step_20_20;CNT
KPIM000161;ASSESS_STOCKLEVEL_TIME;20;step_20_30;CNT
KPIM000161;ASSESS_STOCKLEVEL_TIME;20;step_20_40;CNT
KPIM000161;ASSESS_STOCKLEVEL_TIME;20;step_20_50;CNT
KPIM000161;ASSESS_STOCKLEVEL_TIME;20;step_20_60;CNT
KPIM000161;REDUCE_STOCKLEVEL_DELETED;20;step_20_10;CNT
KPIM000161;REDUCE_STOCKLEVEL_DELETED;20;step_20_20;CNT
KPIM000161;REDUCE_STOCKLEVEL_DELETED;20;step_20_30;CNT
KPIM000161;REDUCE_STOCKLEVEL_DELETED;20;step_20_40;CNT
KPIM000161;REDUCE_STOCKLEVEL_DELETED;20;step_20_50;CNT
KPIM000161;REDUCE_STOCKLEVEL_DELETED;20;step_20_60;CNT
KPIM000162;ASSESS_STOCKLEVEL_TIME;10;step_10_10;CNT
KPIM000162;ASSESS_STOCKLEVEL_TIME;20;step_20_10;CNT
KPIM000162;ASSESS_STOCKLEVEL_TIME;20;step_20_20;CNT
KPIM000162;ASSESS_STOCKLEVEL_TIME;20;step_20_30;CNT
KPIM000162;ASSESS_STOCKLEVEL_TIME;20;step_20_40;CNT
KPIM000162;ASSESS_STOCKLEVEL_TIME;20;step_20_50;CNT
KPIM000162;ASSESS_STOCKLEVEL_TIME;20;step_20_60;CNT
KPIM000162;REDUCE_STOCKLEVEL_DELETED;20;step_20_10;CNT
KPIM000162;REDUCE_STOCKLEVEL_DELETED;20;step_20_20;CNT
KPIM000162;REDUCE_STOCKLEVEL_DELETED;20;step_20_30;CNT
KPIM000162;REDUCE_STOCKLEVEL_DELETED;20;step_20_40;CNT
KPIM000162;REDUCE_STOCKLEVEL_DELETED;20;step_20_50;CNT
KPIM000162;REDUCE_STOCKLEVEL_DELETED;20;step_20_60;CNT
KPIM000163;ASSESS_STOCKLEVEL_TIME;10;step_10_10;CNT
KPIM000163;ASSESS_STOCKLEVEL_TIME;20;step_20_10;CNT
KPIM000163;ASSESS_STOCKLEVEL_TIME;20;step_20_20;CNT
KPIM000163;ASSESS_STOCKLEVEL_TIME;20;step_20_30;CNT
KPIM000163;ASSESS_STOCKLEVEL_TIME;20;step_20_40;CNT
KPIM000163;ASSESS_STOCKLEVEL_TIME;20;step_20_50;CNT
KPIM000163;ASSESS_STOCKLEVEL_TIME;20;step_20_60;CNT
KPIM000163;REDUCE_STOCKLEVEL_DELETED;20;step_20_10;CNT
KPIM000163;REDUCE_STOCKLEVEL_DELETED;20;step_20_20;CNT
KPIM000163;REDUCE_STOCKLEVEL_DELETED;20;step_20_30;CNT
KPIM000163;REDUCE_STOCKLEVEL_DELETED;20;step_20_40;CNT
KPIM000163;REDUCE_STOCKLEVEL_DELETED;20;step_20_50;CNT
KPIM000163;REDUCE_STOCKLEVEL_DELETED;20;step_20_60;CNT
KPPP000160;IMPROVE_MANUFACT_PERF;10;step_10_20;CNT
KPPP000160;IMPROVE_MANUFACT_PERF;20;step_20_10;CNT
KPPP000160;IMPROVE_MANUFACT_PERF;30;step_30_10;CNT
KPPP000160;IMPROVE_MANUFACT_PERF;40;step_40_10;CNT
KPPP000260;IMPROVE_PROC_MANUFACT_PERF;10;step_10_20;CNT
KPPP000260;IMPROVE_PROC_MANUFACT_PERF;20;step_20_10;CNT
KPPP000260;IMPROVE_PROC_MANUFACT_PERF;30;step_30_10;CNT
KPPP000260;IMPROVE_PROC_MANUFACT_PERF;40;step_40_10;CNT
KPPROJ0360;IMPROVE_WBS_MD_QUAL;10;step_10_10;CNT
KPPROJ0361;IMPROVE_WBS_MD_QUAL;10;step_10_10;CNT
KPPURCH261;ASSESS_COMPL_RATE_LEADTIME;10;step_10_10;CNT
KPPURCH261;ASSESS_COMPL_RATE_LEADTIME;20;step_20_10;CNT
KPPURCH261;ASSESS_COMPL_RATE_LEADTIME;20;step_20_10;LTAVG
KPPURCH261;ASSESS_COMPL_RATE_LEADTIME;30;step_30_10;CNT
KPPURCH261;ASSESS_COMPL_RATE_LEADTIME;30;step_30_10;LTAVG
KPPURCH265;ASSESS_COMPL_RATE_LEADTIME;10;step_10_10;CNT
KPPURCH265;ASSESS_COMPL_RATE_LEADTIME;20;step_20_10;CNT
KPPURCH265;ASSESS_COMPL_RATE_LEADTIME;20;step_20_10;LTAVG
KPPURCH265;ASSESS_COMPL_RATE_LEADTIME;30;step_30_20;CNT
KPPURCH265;ANALYZE_PO_ITEMS_WO_PR_REF;10;step_10_10;CNT
KPPURCH265;IDENTIFY_AUTOM_OPP;10;step_10_10;CNT
KPPURCH265;INCREASE_ADH_EXP_DATES;10;step_10_10;CNT
KPPURCH268;ASSESS_COMPL_RATE_LEADTIME;10;step_10_10;CNT
KPPURCH268;ASSESS_COMPL_RATE_LEADTIME;20;step_20_10;CNT
KPPURCH268;ASSESS_COMPL_RATE_LEADTIME;20;step_20_10;LTAVG
KPPURCH268;ASSESS_COMPL_RATE_LEADTIME;30;step_30_10;CNT
KPPURCH268;ASSESS_COMPL_RATE_LEADTIME;30;step_30_10;LTAVG
KPPURCH268;ANALYZE_PO_ITEMS_WO_PR_REF;10;step_10_10;CNT
KPPURCH268;REDUCE_LATE_DEL;10;step_10_10;CNT
KPPURCH268;ANALYZE_IR_BEFORE_GR;10;step_10_10;CNT
KPPURCH268;IMPROVE_MD_QUAL;10;step_10_10;CNT
KPPURCH460;IMPROVE_OTP_DPO;20;step_20_20;CNT
KPPURCH460;IMPROVE_OTP_DPO;20;step_20_30;CNT
KPPURCH560;IMPROVE_DEL_SCHED;20;step_20_10;CNT
KPPURCH560;IMPROVE_DEL_SCHED;20;step_20_20;LTAVG
KPPURCH560;IMPROVE_DEL_SCHED;20;step_20_20;CNT
KPPURCH561;IMPROVE_DEL_SCHED;20;step_20_20;CNT
KPPURCH561;IMPROVE_DEL_SCHED;30;step_30_10;LTAVG
KPPURCH561;IMPROVE_DEL_SCHED;30;step_30_10;CNT
KPPURCH562;REDUCE_OPEN_PAY_IMPR_DEL_SCH;20;step_20_20;CNT
KPPURCH562;REDUCE_OPEN_PAY_IMPR_DEL_SCH;30;step_30_10;CNT
KPPURCH562;REDUCE_OPEN_PAY_IMPR_DEL_SCH;30;step_30_10;LTAVG
KPPURCH562;REDUCE_OPEN_PAY_IMPR_DEL_SCH;40;step_40_10;CNT
KPPURCH562;REDUCE_OPEN_PAY_IMPR_DEL_SCH;40;step_40_20;CNT
KPPURCH660;IDENTIFY_MISSED_AUTOM_OPP_ERS;10;step_10_10;CNT
KPPURCH660;REDUCE_NOT_USED_SCHED_AGR;10;step_10_10;CNT
KPPURCH660;AVOID_SCHED_AGR_EXC_QUANT;10;step_10_10;CNT
KPPURCH661;AVOID_PC_NOT_USED;10;step_10_10;CNT
KPPURCH661;AVOID_PC_EXC_QUANT;10;step_10_10;CNT
KPPURCH662;AVOID_PC_NOT_USED;10;step_10_10;CNT
KPPURCH662;AVOID_PC_EXC_VALUE;10;step_10_10;CNT
KPSD000260;IMPROVE_OTP_DSO;20;step_20_20;CNT
KPSD000360;IMPROVE_DEL_RATE;10;step_10_10;CNT
KPSD000360;IMPROVE_DEL_RATE;20;step_20_10;LTAVG
KPSD000360;IMPROVE_DEL_RATE;20;step_20_10;CNT
KPSD000361;ASSESS_LT_SO_TO_INV;10;step_10_10;CNT
KPSD000361;ASSESS_LT_SO_TO_INV;20;step_20_10;CNT
KPSD000361;ASSESS_LT_SO_TO_INV;20;step_20_10;LTAVG
KPSD000361;ASSESS_LT_SO_TO_INV;30;step_30_10;CNT
KPSD000361;ASSESS_LT_SO_TO_INV;30;step_30_10;LTAVG
KPSD000361;ASSESS_LT_SO_TO_INV;40;step_40_10;CNT
KPSD000361;ASSESS_LT_SO_TO_INV;40;step_40_10;LTAVG
KPSD000362;IDENTIFY_BOTTLENECKS;20;step_20_10;LTAVG
KPSD000362;IDENTIFY_BOTTLENECKS;30;step_30_10;LTAVG
KPSD000362;IDENTIFY_BOTTLENECKS;40;step_40_10;LTAVG
KPSD000362;IDENTIFY_BOTTLENECKS;50;step_50_10;LTAVG
KPSD000362;IDENTIFY_BOTTLENECKS;50;step_50_20;LTAVG
KPSD000363;IDENTIFY_GENERAL_IMP;10;step_10_10;CNT
KPSD000363;IDENTIFY_GENERAL_IMP;20;step_20_10;CNT
KPSD000363;IDENTIFY_GENERAL_IMP;20;step_20_10;LTAVG
KPSD000363;IDENTIFY_GENERAL_IMP;30;step_30_10;CNT
KPSD000363;IDENTIFY_GENERAL_IMP;30;step_30_10;LTAVG
KPSD000363;IDENTIFY_GENERAL_IMP;40;step_40_10;CNT
KPSD000363;IDENTIFY_GENERAL_IMP;40;step_40_10;LTAVG
KPSD000363;IDENTIFY_GENERAL_IMP;50;step_50_10;CNT
KPSD000363;IDENTIFY_GENERAL_IMP;50;step_50_10;LTAVG
KPSD000364;IDENTIFY_GENERAL_IMP;10;step_10_10;CNT
KPSD000364;IDENTIFY_GENERAL_IMP;20;step_20_10;CNT
KPSD000364;IDENTIFY_GENERAL_IMP;20;step_20_10;LTAVG
KPSD000364;IDENTIFY_GENERAL_IMP;30;step_30_10;CNT
KPSD000364;IDENTIFY_GENERAL_IMP;30;step_30_10;LTAVG
KPSD000364;IDENTIFY_GENERAL_IMP;40;step_40_10;CNT
KPSD000364;IDENTIFY_GENERAL_IMP;40;step_40_10;LTAVG
KPSD000364;IDENTIFY_GENERAL_IMP;40;step_40_20;CNT
KPSD000364;IDENTIFY_GENERAL_IMP;40;step_40_20;LTAVG
KPSD000364;IDENTIFY_GENERAL_IMP;50;step_50_10;CNT
KPSD000364;IDENTIFY_GENERAL_IMP;50;step_50_10;LTAVG
KPSD000364;AVOID_REDUCE_STOCK;10;step_10_10;CNT
KPSD000364;AVOID_REDUCE_STOCK;20;step_20_10;CNT
KPSD000364;AVOID_REDUCE_STOCK;20;step_20_10;LTAVG
KPSD000364;AVOID_REDUCE_STOCK;30;step_30_10;CNT
KPSD000364;AVOID_REDUCE_STOCK;30;step_30_10;LTAVG
KPSD000364;AVOID_REDUCE_STOCK;40;step_40_10;CNT
KPSD000364;AVOID_REDUCE_STOCK;40;step_40_10;LTAVG
KPSD000364;AVOID_REDUCE_STOCK;40;step_40_20;CNT
KPSD000364;AVOID_REDUCE_STOCK;40;step_40_20;LTAVG
KPSD000364;AVOID_REDUCE_STOCK;50;step_50_10;CNT
KPSD000364;AVOID_REDUCE_STOCK;50;step_50_10;LTAVG
KPSD000365;IDENTIFY_GENERAL_IMP;10;step_10_10;CNT
KPSD000365;IDENTIFY_GENERAL_IMP;20;step_20_10;LTAVG
KPSD000365;IDENTIFY_GENERAL_IMP;20;step_20_10;CNT
KPSD000365;IDENTIFY_GENERAL_IMP;20;step_20_20;LTAVG
KPSD000365;IDENTIFY_GENERAL_IMP;20;step_20_20;CNT
KPSD000365;IDENTIFY_GENERAL_IMP;30;step_30_10;LTAVG
KPSD000365;IDENTIFY_GENERAL_IMP;30;step_30_10;CNT
KPSD000365;IDENTIFY_GENERAL_IMP;40;step_40_10;LTAVG
KPSD000365;IDENTIFY_GENERAL_IMP;40;step_40_10;CNT
KPSD000365;IDENTIFY_GENERAL_IMP;40;step_40_20;LTAVG
KPSD000365;IDENTIFY_GENERAL_IMP;40;step_40_20;CNT
KPSD000365;IDENTIFY_GENERAL_IMP;50;step_50_10;LTAVG
KPSD000365;IDENTIFY_GENERAL_IMP;50;step_50_10;CNT
KPSD000365;REDUCE_INCOMP_SOS;20;step_20_10;CNT
KPSD000365;INCREASE_SCP_AUTOMATION;10;step_10_10;CNT
KPSD000365;INCREASE_SCP_AUTOMATION;20;step_20_10;LTAVG
KPSD000365;INCREASE_SCP_AUTOMATION;20;step_20_10;CNT
KPSD000365;INCREASE_SCP_AUTOMATION;20;step_20_20;LTAVG
KPSD000365;INCREASE_SCP_AUTOMATION;20;step_20_20;CNT
KPSD000365;INCREASE_SCP_AUTOMATION;30;step_30_10;LTAVG
KPSD000365;INCREASE_SCP_AUTOMATION;30;step_30_10;CNT
KPSD000365;INCREASE_SCP_AUTOMATION;40;step_40_10;LTAVG
KPSD000365;INCREASE_SCP_AUTOMATION;40;step_40_10;CNT
KPSD000365;INCREASE_SCP_AUTOMATION;40;step_40_20;LTAVG
KPSD000365;INCREASE_SCP_AUTOMATION;40;step_40_20;CNT
KPSD000365;INCREASE_SCP_AUTOMATION;50;step_50_10;LTAVG
KPSD000365;INCREASE_SCP_AUTOMATION;50;step_50_10;CNT
KPSD000365;INCREASE_ADHERENCE_SD_MANUF;10;step_10_10;CNT
KPSD000365;INCREASE_DATE_ADHERENCE;10;step_10_10;CNT
KPSD000365;AVOID_REDUCE_STOCK;20;step_20_10;CNT
KPSD000365;AVOID_REDUCE_STOCK;40;step_40_20;CNT
KPSD000460;IMPROVE_COM_RATE_DSO;10;step_10_10;CNT
KPSD000460;IMPROVE_COM_RATE_DSO;20;step_20_10;CNT
KPSD000460;IMPROVE_COM_RATE_DSO;30;step_30_10;CNT
KPSD000460;IMPROVE_COM_RATE_DSO;30;step_30_20;CNT
KPSD000460;INCREASE_ACC_CASH_ALL;30;step_30_20;CNT
KPSD000462;IMPROVE_COM_RATE_DSO;10;step_10_10;CNT
KPSD000462;IMPROVE_COM_RATE_DSO;20;step_20_10;CNT
KPSD000462;IMPROVE_COM_RATE_DSO;30;step_30_10;CNT
KPSD000462;IMPROVE_COM_RATE_DSO;30;step_30_20;CNT
KXEWM00460;IMPROVE_WH_REC_CYCLE_TM;30;step_30_10;CNT
KXEWM00460;IMPROVE_WH_REC_CYCLE_TM;30;step_30_20;LTAVG
KXEWM00460;IMPROVE_WH_REC_CYCLE_TM;30;step_30_20;CNT
KXEWM00461;IMPROVE_WH_REC_CYCLE_TM;30;step_30_10;CNT
KXEWM00461;IMPROVE_WH_REC_CYCLE_TM;30;step_30_20;LTAVG
KXEWM00461;IMPROVE_WH_REC_CYCLE_TM;30;step_30_20;CNT
