locale;id;text
pt_BR;valueDriverAffected;Agregador de valor afetado
pt_BR;rootCause;Causa-raiz
pt_BR;lmsId;Sistema de origem
pt_BR;topX;Número de entradas no widget
pt_BR;lobId;Linha de negócios
pt_BR;businessProcessId;Processo completo
pt_BR;recommendationCategoryId;Categoria da recomendação de inovação
pt_BR;kpiId;Indicador de desempenho
pt_BR;timeAggregationType;Período para análise
pt_BR;amountTimePeriod;Período
pt_BR;kpiKindId;Categoria do indicador de desempenho
pt_BR;improvementOpportunityId;Oportunidade de melhoria
pt_BR;contextInformationId;Bloqueador do fluxo de processos