WIDGETTYPE_ID;FIELDNAME_ID;FIELDKIND;ORDER;FIELDGROUPID;ENTITYNAMEFORVALUES;DEFAULTVALUE
CORRECTION_RECOMMENDATIONS;valueDriverAffected;ENTRY_POINT;1;;ValueDrivers;
CORRECTION_RECOMMENDATIONS;rootCause;ENTRY_POINT;2;;RootCauses;
CORRECTION_RECOMMENDATIONS;lmsId;PARAMETER;3;;SystemInfo;
CORRECTION_RECOMMENDATIONS;topX;PARAMETER;4;;ENUM;5
INNOVATION_RECOMMENDATIONS;lobId;FILTER;1;;LoBs;
INNOVATION_RECOMMENDATIONS;businessProcessId;FILTER;2;;BusinessProcesses;
INNOVATION_RECOMMENDATIONS;lmsId;PARAMETER;3;;SystemInfo;
INNOVATION_RECOMMENDATIONS;recommendationCategoryId;PARAMETER;4;;RecommendationCategories;
INNOVATION_RECOMMENDATIONS;topX;PARAMETER;5;;ENUM;5
TREND_PPI;lmsId;PARAMETER;1;;SystemInfo;
TREND_PPI;kpiId;PARAMETER;2;;Kpis;
TREND_PPI;timeAggregationType;PARAMETER;3;PERIOD;ENUM;WEEK
TREND_PPI;amountTimePeriod;PARAMETER;4;PERIOD;ENUM;8_WEEKS
TREND_PPI;aggregationGranularity;PARAMETER;5;;ENUM;DAY
PF_FAVORITES;lmsId;PARAMETER;1;;SystemInfo;
PF_FAVORITES;topX;PARAMETER;2;;ENUM;5
PPI_FAVORITES;lmsId;PARAMETER;1;;SystemInfo;
PPI_FAVORITES;topX;PARAMETER;2;;ENUM;5
CR_FAVORITES;lmsId;PARAMETER;1;;SystemInfo;
CR_FAVORITES;topX;PARAMETER;2;;ENUM;5
PERFORMANCE_INDICATORS;lobId;FILTER;1;;LoBs;
PERFORMANCE_INDICATORS;businessProcessId;FILTER;2;;BusinessProcesses;
PERFORMANCE_INDICATORS;lmsId;PARAMETER;3;;SystemInfo;
PERFORMANCE_INDICATORS;kpiKindId;PARAMETER;4;;KpiKinds;
PERFORMANCE_INDICATORS;topX;PARAMETER;5;;ENUM;5
PROCESS_FLOWS;lobId;FILTER;1;;LoBs;
PROCESS_FLOWS;businessProcessId;FILTER;2;;BusinessProcesses;
PROCESS_FLOWS;lmsId;PARAMETER;3;;SystemInfo;
PROCESS_FLOWS;topX;PARAMETER;4;;ENUM;5
