locale;id;name
en_US_sappsd;AERO;[[[Āēŗŏşρąċē ąŋƌ Ďēƒēŋşē∙∙∙∙∙]]]
en_US_sappsd;AUTO;[[[Āűţŏɱŏţįʋē∙∙∙∙]]]
en_US_sappsd;BANK;[[[Ɓąŋķįŋğ∙∙∙∙∙∙∙]]]
en_US_sappsd;BUILD;[[[Ɓűįĺƌįŋğ Ƥŗŏƌűċţş∙∙∙∙∙∙∙]]]
en_US_sappsd;RAIL;[[[Ĉąŗğŏ Ţŗąŋşρŏŗţąţįŏŋ ąŋƌ Ļŏğįşţįċş∙∙∙∙∙∙∙∙∙∙∙]]]
en_US_sappsd;CHEM;[[[Ĉĥēɱįċąĺş∙∙∙∙∙]]]
en_US_sappsd;CP;[[[Ĉŏŋşűɱēŗ Ƥŗŏƌűċţş∙∙∙∙∙∙∙]]]
en_US_sappsd;DEFAULT;[[[Ĉŗŏşş-Ĭŋƌűşţŗŷ (Ńŏţ įŋƌűşţŗŷ-şρēċįƒįċ)∙∙∙∙∙∙∙∙∙∙∙∙∙]]]
en_US_sappsd;DEFSEC;[[[Ďēƒēŋşē ąŋƌ Ŝēċűŗįţŷ∙∙∙∙]]]
en_US_sappsd;ECO;[[[Ĕŋğįŋēēŗįŋğ, Ĉŏŋşţŗűċţįŏŋ, ąŋƌ Ŏρēŗąţįŏŋş∙∙∙∙∙∙∙∙∙∙∙∙∙∙∙]]]
en_US_sappsd;HEALTH;[[[Ĥēąĺţĥċąŗē∙∙∙∙]]]
en_US_sappsd;HIGHTECH;[[[Ĥįğĥ Ţēċĥ∙∙∙∙∙]]]
en_US_sappsd;EDU;[[[Ĥįğĥēŗ Ĕƌűċąţįŏŋ ąŋƌ Řēşēąŗċĥ∙∙∙∙∙∙∙∙∙]]]
en_US_sappsd;IMC;[[[Ĭŋƌűşţŗįąĺ Μąŋűƒąċţűŗįŋğ∙∙∙∙∙∙]]]
en_US_sappsd;INSUR;[[[Ĭŋşűŗąŋċē∙∙∙∙∙]]]
en_US_sappsd;LIFE;[[[Ļįƒē Ŝċįēŋċēş∙∙∙∙∙∙]]]
en_US_sappsd;MEDIA;[[[Μēƌįą∙∙∙∙∙∙∙∙∙]]]
en_US_sappsd;MILL;[[[Μįĺĺ Ƥŗŏƌűċţş∙∙∙∙∙∙]]]
en_US_sappsd;MINING;[[[Μįŋįŋğ∙∙∙∙∙∙∙∙]]]
en_US_sappsd;OIL;[[[Ŏįĺ, Ģąş, ąŋƌ Ĕŋēŗğŷ∙∙∙∙]]]
en_US_sappsd;AIR;[[[Ƥąşşēŋğēŗ Ţŗąʋēĺ ąŋƌ Ļēįşűŗē∙∙∙∙∙∙∙∙]]]
en_US_sappsd;PROFSVC;[[[Ƥŗŏƒēşşįŏŋąĺ Ŝēŗʋįċēş∙∙∙∙∙]]]
en_US_sappsd;PUBLIC;[[[Ƥűƃĺįċ Ŝēċţŏŗ∙∙∙∙∙∙]]]
en_US_sappsd;RETAIL;[[[Řēţąįĺ∙∙∙∙∙∙∙∙]]]
en_US_sappsd;SPO;[[[Ŝρŏŗţş∙∙∙∙∙∙∙∙]]]
en_US_sappsd;TELE;[[[Ţēĺēċŏɱɱűŋįċąţįŏŋş∙∙∙∙∙∙]]]
en_US_sappsd;UTILITY;[[[Ůţįĺįţįēş∙∙∙∙∙]]]
en_US_sappsd;WHOLE;[[[Ŵĥŏĺēşąĺē Ďįşţŗįƃűţįŏŋ∙∙∙∙∙]]]