locale;id;text;longText
zh_CN;TREND_PPI;绩效指标趋势;添加绩效指标的趋势分析
zh_CN;CORRECTION_RECOMMENDATIONS;最佳更正建议;添加最相关的更正建议列表。
zh_CN;INNOVATION_RECOMMENDATIONS;最佳创新建议;添加最相关的创新建议列表。
zh_CN;PROCESS_FLOWS;最佳流程流;添加最相关的流程流列表。
zh_CN;PERFORMANCE_INDICATORS;最佳绩效指标;添加最相关的绩效指标列表。
zh_CN;PF_FAVORITES;流程流收藏夹;为收藏的流程流添加带有书签的列表。
zh_CN;PPI_FAVORITES;绩效指标收藏夹;为收藏的绩效指标添加带有书签的列表。
zh_CN;CR_FAVORITES;更正建议收藏夹;为收藏的更正建议添加带有书签的列表。