locale;id;text
es;ACC;Cuentas
es;ACTIONS;Acciones
es;BATCHES;Lotes
es;CHN;Modificaciones
es;COMBN;Combinaciones
es;COND;Condiciones
es;CUST;Clientes
es;DATES;Fechas
es;DAYS;Días
es;DOC;Documentos
es;DUMPS;Volcados
es;ENTRIES;Entradas
es;EXCEP;Excepciones
es;FLD;Campos
es;H;Horas
es;ITEMS;Posiciones
es;ITEMSSL;Repartos de plan de entregas
es;LEAVE_REQ;Solicitudes de baja
es;MAT;Materiales
es;MESSAGES;Mensajes
es;MIN;Minutos
es;MS;Milisegundos
es;NUMB_RANGE;Rangos de números
es;OBJECTS;Objetos
es;PERCENT;Porcentaje
es;QUANTS;Cuantos
es;SEC;Segundos
es;TRP;Viajes
es;TRP_REQ;Solicitudes de viaje
es;USE;Usos
es;VEN;Proveedores
es;VHCL;Vehículos