﻿ID;TEXT;VALUELEVER_ID
ASS_COST;Reduce Asset Maintenance Cost;
CASH_FOREC;Increase Cash Forecast Accuracy;
CHURN;Reduce Customer Churn;
CMPLXTY;Reduce Data Management Cost;
DII;Reduce Days in Inventory;
DPO;Improve Days Payable Outstanding;EFFECTIVENESS
DSO;Reduce Days Sales Outstanding;EFFECTIVENESS
FORECACC;Improve Demand Forecast Accuracy;
FSSC;Reduce Finance Cost;
GRC_COST;Reduce Compliance and Risk Management Cost;
INC_BP_HRM;Increase Business Process Harmonization;
INC_BP_STD;Increase Adherence to Standardized SAP Business Processes;
LOG_COST;Reduce Total Logistics Cost;
MANCYCL;Reduce Manufacturing Cycle Time;
MARKET;Increase Effectiveness of Marketing Promotions;
MAVERICK;Improve User Compliance;
METREAD;Reduce Meter Reading to Invoice Cycle Time;
MFGCOST;Reduce Total Manufacturing Cost;
MROF;Reduce Unplanned Downtime or Outages;
OIP;Improve Procurement FTE Productivity;
PEC;Reduce Days to Close Annual Books;
POF;Improve On-Time Delivery Performance;
SALE_COST;Reduce Sales Cost;
SC_COST;Reduce Overall Supply Chain Planning Cost;
SERV_PROC;Reduce Non-Compliant Services Spend;
SOF;Reduce Service and Support Cost;
STOCK_OUT;Reduce Revenue Loss Due to Stockouts;
SUST_EMISS;Reduce Emissions Cost;
SUST_WASTE;Reduce Waste Generation Cost;
T2M;Reduce Time to Market for New Products;
UNCOLL_AR;Reduce Uncollectible Accounts Receivable Write-Offs;
