locale;kpiId;phaseId;stepId;title;subtitle
fr;CPACM00160;10;step_10_10;Espaces de travail Contrat créés;
fr;CPACM00160;10;step_10_20;Espaces de travail Contrat publiés et effectifs;
fr;CPAOP00160;10;step_10_10;Postes de demande d'achat créés;
fr;CPAOP00160;20;step_20_10;Postes de commande d'achat créés;
fr;CPAOP00161;10;step_10_10;Postes de commande d'achat créés;
fr;CPAOP00161;20;step_20_10;Entrées de marchandises créées;
fr;CPAOP00161;30;step_30_10;Postes de facture créés;
fr;CPAOP00162;10;step_10_10;Postes de facture envoyés;
fr;CPAOP00162;10;step_10_20;Postes de facture rapprochés;
fr;CPAOP00162;20;step_20_10;Postes de facture payés;
fr;CPAOP00163;10;step_10_10;Postes de commande d'achat créés;
fr;CPAOP00163;20;step_20_10;Postes de facture créés;
fr;CPAOP00163;20;step_20_30;Postes de facture payés;
fr;CPASC00160;10;step_10_10;Demandes de détermination des sources d'approvisionnement créées;
fr;CPASC00160;20;step_20_10;Projets de détermination des sources d'approvisionnement complets créés;
fr;CPASC00160;30;step_30_10;Première activité de détermination des sources d'approvisionnement créée;
fr;CPASC00160;30;step_30_20;Dernière activité de détermination des sources d'approvisionnement terminée;
fr;CPASC00160;40;step_40_10;Projets de détermination des sources d'approvisionnement complets terminés;
fr;CPASC00161;10;step_10_10;Projets de détermination des sources d'approvisionnement complets créés;
fr;CPASC00161;20;step_20_10;Première activité de détermination des sources d'approvisionnement créée;
fr;CPASC00161;20;step_20_20;Dernière activité de détermination des sources d'approvisionnement créée;
fr;CPASC00161;30;step_30_10;Projets de détermination des sources d'approvisionnement complets terminés;
fr;CPASC00163;10;step_10_10;Activités de détermination des sources d'approvisionnement créées;
fr;CPASC00163;20;step_20_10;Dépôt d'offre lancé;
fr;CPASC00163;20;step_20_20;Dépôt d'offre terminé;
fr;CPASC00163;30;step_30_10;Activités de détermination des sources d'approvisionnement terminées;
fr;CPASC00164;10;step_10_10;Activités de détermination des sources d'approvisionnement créées;
fr;CPASC00164;20;step_20_10;Dépôt d'offre lancé;
fr;CPASC00164;20;step_20_20;Dépôt d'offre terminé;
fr;CPASC00164;30;step_30_10;Activités de détermination des sources d'approvisionnement terminées;
fr;CPASC00165;10;step_10_10;Activités de détermination des sources d'approvisionnement créées;
fr;CPASC00165;20;step_20_10;Dépôt d'offre lancé;
fr;CPASC00165;20;step_20_20;Dépôt d'offre terminé;
fr;CPASC00165;30;step_30_10;Activités de détermination des sources d'approvisionnement terminées;
fr;CPASM00160;10;step_10_10;Demandes fournisseur créées;
fr;CPASM00160;10;step_10_20;Demandes fournisseur approuvées;
fr;CPASM00160;20;step_20_10;Enregistrement du fournisseur lancé;
fr;CPASM00160;20;step_20_20;Questionnaires d'enregistrement du fournisseur envoyés;
fr;CPASM00160;20;step_20_30;Enregistrement du fournisseur approuvé;
fr;CPASM00161;10;step_10_10;Postes du projet de qualification de l'ancien fournisseur créés;
fr;CPASM00161;10;step_10_20;Questionnaire sur les postes du projet de qualification des anciens fournisseurs envoyé;
fr;CPASM00161;10;step_10_30;Postes du projet de qualification de l'ancien fournisseur approuvés;
fr;KBSRM00160;10;step_10_10;Postes de panier créés;
fr;KBSRM00160;10;step_10_20;Postes de panier incomplets;
fr;KBSRM00160;10;step_10_30;Postes de panier approuvés;
fr;KBSRM00160;20;step_20_10;Postes de panier avec date de livraison planifiée et document lié créé;
fr;KBSRM00760;10;step_10_10;Postes de l'appel d'offres créés;
fr;KBSRM00760;10;step_10_20;Postes de l'appel d'offres complets et en attente d'approbation;
fr;KBSRM00760;10;step_10_30;Postes de l'appel d'offres publiés;
fr;KBSRM00760;20;step_20_10;Première offre soumise;
fr;KBSRM00760;20;step_20_20;Délai de soumission de l'appel d'offres atteint;
fr;KBSRM00760;20;step_20_30;Première offre acceptée;
fr;KBSRM00761;10;step_10_10;Postes de l'enchère créés;
fr;KBSRM00761;10;step_10_20;Postes de l'enchère complets et prêts;
fr;KBSRM00761;10;step_10_30;Postes de l'enchère activés;
fr;KBSRM00761;20;step_20_10;Première offre soumise;
fr;KBSRM00761;20;step_20_20;Postes de l'enchère terminés;
fr;KBSRM00761;20;step_20_30;Première offre acceptée;
fr;KCSAL00660;10;step_10_10;Opportunités créées;
fr;KCSAL00660;10;step_10_20;"Opportunités définies sur ""En cours""";
fr;KCSAL00660;40;step_40_10;Opportunités terminées;
fr;KFFI000960;10;step_10_10;Factures fournisseur émises;
fr;KFFI000960;10;step_10_20;Factures fournisseur créées et enregistrées;
fr;KFFI000960;10;step_10_30;Postes FI-AP validés pour paiement;
fr;KFFI000960;20;step_20_10;Pièces de rapprochement FI-AP créées;
fr;KFFI000960;20;step_20_20;Postes FI-AP rapprochés;
fr;KFFI000961;10;step_10_10;Factures fournisseur émises;
fr;KFFI000961;10;step_10_20;Factures fournisseur créées et enregistrées;
fr;KFFI000961;10;step_10_30;Postes FI-AP validés pour paiement;
fr;KFFI000961;20;step_20_10;Pièces de rapprochement FI-AP créées;
fr;KFFI000961;20;step_20_20;Postes FI-AP rapprochés;
fr;KFFI001060;10;step_10_10;Factures client émises;
fr;KFFI001060;20;step_20_10;Postes FI-AR rapprochés;
fr;KFFI001061;10;step_10_10;Factures client émises;
fr;KFFI001061;20;step_20_10;Postes FI-AR rapprochés;
fr;KFFI001860;10;step_10_10;Fiche d'immobilisation créée;
fr;KFFI001860;20;step_20_10;Première écriture d'entrée créée;
fr;KFFI001860;30;step_30_10;Première imputation à l'immobilisation finale ou récepteur sans immobilisation;
fr;KFFI001860;40;step_40_10;Fiche d'immobilisation désactivée;
fr;KFFI001861;10;step_10_10;Fiche d'immobilisation créée;
fr;KFFI001861;20;step_20_10;Première écriture d'entrée créée;
fr;KFFI001861;30;step_30_10;Calcul de l'amortissement démarré;
fr;KFFI001861;50;step_50_10;Fiche d'immobilisation désactivée;
fr;KFFI001960;10;step_10_10;Factures Services publics créées;
fr;KFFI001960;20;step_20_10;Postes FI-CA rapprochés;
fr;KFFI002260;10;step_10_10;Factures convergentes créées;
fr;KFFI002260;20;step_20_10;Postes FI-CA rapprochés;
fr;KFFI002360;10;step_10_10;Collecteurs des coûts par produit créés;
fr;KFFI002360;20;step_20_10;Collecteurs des coûts par produit initialement confirmés;
fr;KFFI002360;30;step_30_10;Collecteurs des coûts par produit imputés en premier;
fr;KFFI002660;10;step_10_10;Contrat de fournisseur créé;
fr;KFFI002660;10;step_10_20;Le contrat a commencé;
fr;KFFI002660;20;step_20_10;Premier document de facturation créé;
fr;KFFI002660;30;step_30_10;Premier document de facturation créé;
fr;KIAUT00160;10;step_10_10;Date de début de base d'une composante de quantité échéancée;
fr;KIAUT00160;10;step_10_20;Date du besoin d'une composante de quantité échéancée;
fr;KIAUT00160;40;step_40_10;Composante de quantité échéancée avec date de fin de base de l'ordre située dans le futur;
fr;KIISU00160;10;step_10_10;Contrats créés;
fr;KIISU00160;30;step_30_10;Premier document de facturation lié au contrat créé;
fr;KIISU00160;40;step_40_10;Premier document imprimé lié au contrat créé;
fr;KIISU00160;50;step_50_10;Première pièce de compte courant contrats liée au contrat créé;
fr;KIISU00160;50;step_50_20;Premier poste de compte courant contrats lié au contrat rapproché;
fr;KIISU00260;10;step_10_10;Documents de facturation créés;
fr;KIISU00260;20;step_20_10;Documents imprimés créés et enregistrés;
fr;KIISU00261;10;step_10_10;Documents de facturation mis en attente pour vérification créés;
fr;KIISU00261;10;step_10_20;Documents de facturation mis en attente pour vérification validés;
fr;KIISU00261;20;step_20_10;Documents imprimés créés et enregistrés;
fr;KIISU00261;20;step_20_20;Documents imprimés;
fr;KIISU00161;10;step_10_10;Ordres de décompte créés;
fr;KIISU00161;40;step_40_10;Ordres de décompte avec date de facturation planifiée dans le futur;
fr;KIISU00162;10;step_10_10;Ordres de décompte créés;
fr;KIISU00162;20;step_20_10;Résultat de relevé sauvegardé pour les ordres de décompte;
fr;KIISU00162;40;step_40_10;Ordres de décompte avec date de facturation planifiée dans le futur;
fr;KIISU00360;10;step_10_10;Documents imprimés créés;
fr;KIISU00360;20;step_20_10;Postes non soldés créés dans la gestion comptable;
fr;KIISU00360;20;step_20_20;Postes non soldés rapprochés dans la gestion comptable;
fr;KIISU00361;10;step_10_10;Documents imprimés mis en attente pour vérification créés;
fr;KIISU00361;10;step_10_20;Documents imprimés mis en attente pour vérification validés;
fr;KIISU00361;20;step_20_10;Postes non soldés créés dans la gestion comptable;
fr;KIISU00361;20;step_20_20;Postes non soldés rapprochés dans la gestion comptable;
fr;KIRET00460;10;step_10_10;Postes de commande de transfert créés;
fr;KIRET00460;20;step_20_10;Postes de commande de transfert livrés;
fr;KIRET00460;20;step_20_20;Postes de commande de transfert sortis;
fr;KIRET00460;30;step_30_10;Postes de commande de transfert reçus;
fr;KIRET00461;10;step_10_10;Postes de commande de transfert créés;
fr;KIRET00461;20;step_20_10;Postes de commande de transfert livrés;
fr;KIRET00461;20;step_20_20;Postes de commande de transfert sortis;
fr;KIRET00461;30;step_30_10;Postes de commande de transfert reçus;
fr;KIRET00462;10;step_10_10;Postes de commande de transfert créés;
fr;KIRET00462;20;step_20_10;Postes de commande de transfert livrés;
fr;KIRET00462;20;step_20_20;Postes de commande de transfert sortis;
fr;KIRET00462;30;step_30_10;Postes de commande de transfert reçus;
fr;KIRET00463;10;step_10_10;Postes de commande de transfert créés;
fr;KIRET00463;20;step_20_10;Postes de commande de transfert livrés;
fr;KIRET00463;20;step_20_20;Postes de commande de transfert sortis;
fr;KIRET00463;30;step_30_10;Postes de commande de transfert reçus;
fr;KIRET00464;10;step_10_10;Postes de commande de transfert créés;
fr;KIRET00464;20;step_20_10;Postes de commande de transfert livrés;
fr;KIRET00464;20;step_20_20;Postes de commande de transfert sortis;
fr;KIRET00464;30;step_30_10;Postes de commande de transfert reçus;
fr;KIRET00464;40;step_40_10;Postes FI-AR créés;
fr;KIRET00464;40;step_40_20;Postes FI-AP créés;
fr;KIRET00464;40;step_40_30;Postes FI-AP rapprochés;
fr;KIRET00464;40;step_40_40;Postes FI-AR rapprochés;
fr;KIRET00465;10;step_10_10;Postes de commande de transfert créés;
fr;KIRET00465;20;step_20_10;Postes de commande de transfert livrés;
fr;KIRET00465;20;step_20_20;Postes de commande de transfert sortis;
fr;KIRET00465;30;step_30_10;Postes de commande de transfert reçus;
fr;KIRET00465;40;step_40_10;Postes FI-AR créés;
fr;KIRET00465;40;step_40_20;Postes FI-AP créés;
fr;KIRET00465;40;step_40_30;Postes FI-AP rapprochés;
fr;KIRET00465;40;step_40_40;Postes FI-AR rapprochés;
fr;KIRET00466;10;step_10_10;Postes de commande de transfert créés;
fr;KIRET00466;20;step_20_10;Postes de commande de transfert livrés;
fr;KIRET00466;20;step_20_20;Postes de commande de transfert sortis;
fr;KIRET00466;30;step_30_10;Postes de commande de transfert reçus;
fr;KIRET00466;40;step_40_10;Postes FI-AR créés;
fr;KIRET00466;40;step_40_20;Postes FI-AP créés;
fr;KIRET00466;40;step_40_30;Postes FI-AP rapprochés;
fr;KIRET00466;40;step_40_40;Postes FI-AR rapprochés;
fr;KIRET00467;10;step_10_10;Postes de commande de transfert créés;
fr;KIRET00467;20;step_20_10;Postes de commande de transfert livrés;
fr;KIRET00467;20;step_20_20;Postes de commande de transfert sortis;
fr;KIRET00467;30;step_30_10;Postes de commande de transfert reçus;
fr;KIRET00467;40;step_40_10;Postes FI-AR créés;
fr;KIRET00467;40;step_40_20;Postes FI-AP créés;
fr;KIRET00467;40;step_40_30;Postes FI-AP rapprochés;
fr;KIRET00467;40;step_40_40;Postes FI-AR rapprochés;
fr;KIRET00560;10;step_10_10;Postes de commande d'achat créés;
fr;KIRET00560;20;step_20_10;Entrées de marchandises créées;
fr;KIRET00560;30;step_30_10;Factures fournisseur créées;
fr;KIRET00561;10;step_10_10;Postes de commande d'achat créés;
fr;KIRET00561;20;step_20_10;Entrées de marchandises créées;
fr;KIRET00561;30;step_30_10;Factures fournisseur créées;
fr;KIRET00562;10;step_10_10;Postes de commande d'achat créés;
fr;KIRET00562;20;step_20_10;Entrées de marchandises créées;
fr;KIRET00562;30;step_30_10;Factures fournisseur créées;
fr;KIRET00563;10;step_10_10;Postes de commande d'achat créés;
fr;KIRET00563;20;step_20_10;Entrées de marchandises créées;
fr;KIRET00563;30;step_30_10;Factures fournisseur créées;
fr;KPIM000160;10;step_10_10;Combinaisons d'article, de division et de magasin avec un stock;
fr;KPIM000160;20;step_20_10;Combinaisons avec dernier mouvement de marchandises datant de plus d'1 an;
fr;KPIM000160;20;step_20_20;Combinaisons avec dernier mouvement de marchandises au cours des périodes 7 à 12;
fr;KPIM000160;20;step_20_30;Combinaisons avec dernier mouvement de marchandises au cours des périodes 4 à 6;
fr;KPIM000160;20;step_20_40;Combinaisons avec dernier mouvement de marchandises au cours des périodes 2 à 3;
fr;KPIM000160;20;step_20_50;Combinaisons avec dernier mouvement de marchandises au cours de la période précédente;
fr;KPIM000160;20;step_20_60;Combinaisons avec dernier mouvement de marchandises au cours de la période en cours;
fr;KPIM000161;10;step_10_10;Combinaisons d'article, de division, de magasin et de lot avec un stock;
fr;KPIM000161;20;step_20_10;Combinaisons avec dernier mouvement de marchandises datant de plus d'1 an;
fr;KPIM000161;20;step_20_20;Combinaisons avec dernier mouvement de marchandises au cours des périodes 7 à 12;
fr;KPIM000161;20;step_20_30;Combinaisons avec dernier mouvement de marchandises au cours des périodes 4 à 6;
fr;KPIM000161;20;step_20_40;Combinaisons avec dernier mouvement de marchandises au cours des périodes 2 à 3;
fr;KPIM000161;20;step_20_50;Combinaisons avec dernier mouvement de marchandises au cours de la période précédente;
fr;KPIM000161;20;step_20_60;Combinaisons avec dernier mouvement de marchandises au cours de la période en cours;
fr;KPIM000162;10;step_10_10;Combinaisons d'article, de division et de magasin avec un stock;
fr;KPIM000162;20;step_20_10;Combinaisons avec dernier mouvement de marchandises datant de plus d'1 an;
fr;KPIM000162;20;step_20_20;Combinaisons avec dernier mouvement de marchandises au cours des périodes 7 à 12;
fr;KPIM000162;20;step_20_30;Combinaisons avec dernier mouvement de marchandises au cours des périodes 4 à 6;
fr;KPIM000162;20;step_20_40;Combinaisons avec dernier mouvement de marchandises au cours des périodes 2 à 3;
fr;KPIM000162;20;step_20_50;Combinaisons avec dernier mouvement de marchandises au cours de la période précédente;
fr;KPIM000162;20;step_20_60;Combinaisons avec dernier mouvement de marchandises au cours de la période en cours;
fr;KPIM000163;10;step_10_10;Combinaisons d'article, de division, de magasin et de lot avec un stock;
fr;KPIM000163;20;step_20_10;Combinaisons avec dernier mouvement de marchandises datant de plus d'1 an;
fr;KPIM000163;20;step_20_20;Combinaisons avec dernier mouvement de marchandises au cours des périodes 7 à 12;
fr;KPIM000163;20;step_20_30;Combinaisons avec dernier mouvement de marchandises au cours des périodes 4 à 6;
fr;KPIM000163;20;step_20_40;Combinaisons avec dernier mouvement de marchandises au cours des périodes 2 à 3;
fr;KPIM000163;20;step_20_50;Combinaisons avec dernier mouvement de marchandises au cours de la période précédente;
fr;KPIM000163;20;step_20_60;Combinaisons avec dernier mouvement de marchandises au cours de la période en cours;
fr;KPLE000360;10;step_10_10;Postes de livraison créés;
fr;KPLE000360;10;step_10_20;Postes de livraison prélevés;
fr;KPLE000360;40;step_40_10;Postes de livraison avec sortie de marchandises enregistrée;
fr;KPLE000361;10;step_10_10;Postes de livraison créés;
fr;KPLE000361;20;step_20_10;Postes de livraison avec poste d'ordre de transfert créé et confirmé;
fr;KPLE000361;50;step_50_10;Postes de livraison avec sortie de marchandises enregistrée;
fr;KPLE000362;10;step_10_10;Postes de livraison créés;
fr;KPLE000362;50;step_50_10;Postes de livraison avec entrée de marchandises enregistrée;
fr;KPMRP00260;10;step_10_10;Combinaisons d'article et de division traitées la semaine dernière par MRP;
fr;KPMRP00260;15;step_15_10;Combinaisons d'article et de division sans file d'attente de ventes en retard;
fr;KPMRP00260;20;step_20_10;Combinaisons d'article et de division sans file d'attente d'ordres planifiés en retard;
fr;KPMRP00260;30;step_30_10;Combinaisons d'article et de division sans file d'attente de fabrication en retard;
fr;KPMRP00260;40;step_40_10;Combinaisons d'article et de division sans file d'attente d'achats en retard;
fr;KPMRP00260;50;step_50_10;Combinaisons d'article et de division sans exception MRP;
fr;KPMRP00260;60;step_60_10;Combinaisons d'article et de division utilisées dans l'ordre de production la semaine dernière;
fr;KPMRP00260;70;step_70_10;Combinaisons d'article et de division utilisées dans le poste de commande d'achat la semaine dernière;
fr;KPPP000160;10;step_10_10;Ordres de fabrication créés;
fr;KPPP000160;10;step_10_20;Ordres de fabrication validés;
fr;KPPP000160;20;step_20_10;Ordres de fabrication initialement confirmés;
fr;KPPP000160;30;step_30_10;Ordres de fabrication livrés;
fr;KPPP000160;40;step_40_10;Ordres de fabrication livrés clôturés au niveau technique;
fr;KPPP000161;10;step_10_10;Ordres de fabrication créés;
fr;KPPP000161;10;step_10_20;Ordres de fabrication validés;
fr;KPPP000161;20;step_20_10;Ordres de fabrication initialement confirmés;
fr;KPPP000161;30;step_30_10;Ordres de fabrication livrés;
fr;KPPP000161;40;step_40_10;Ordres de fabrication livrés imputés en premier;
fr;KPPP000162;10;step_10_10;Composants d'ordre de fabrication créés;
fr;KPPP000162;10;step_10_20;Ordre de fabrication validé pour les composants;
fr;KPPP000162;50;step_50_10;Première sortie de marchandises enregistrée pour les composants;
fr;KPPP000163;10;step_10_10;Composants d'ordre de fabrication créés;
fr;KPPP000163;20;step_20_10;Postes de demande d'achat créés;
fr;KPPP000163;30;step_30_10;Postes de commande d'achat créés;
fr;KPPP000163;40;step_40_10;Entrée de marchandises enregistrée pour les postes de commande d'achat;
fr;KPPP000164;10;step_10_10;Opérations de l'ordre de fabrication créées;
fr;KPPP000164;45;step_45_10;Opérations avec ordre de fabrication lancé;
fr;KPPP000164;50;step_50_10;Date de début d'exécution des opérations confirmée;
fr;KPPP000164;50;step_50_20;Date de fin d'exécution des opérations confirmée;
fr;KPPP000260;10;step_10_10;Ordres de process créés;
fr;KPPP000260;10;step_10_20;Ordres de process validés;
fr;KPPP000260;20;step_20_10;Ordres de process initialement confirmés;
fr;KPPP000260;30;step_30_10;Ordre de process livrés;
fr;KPPP000260;40;step_40_10;Ordres de process livrés clôturés au niveau technique;
fr;KPPP000261;10;step_10_10;Ordres de process créés;
fr;KPPP000261;10;step_10_20;Ordres de process validés;
fr;KPPP000261;20;step_20_10;Ordres de process initialement confirmés;
fr;KPPP000261;30;step_30_10;Ordre de process livrés;
fr;KPPP000261;40;step_40_10;Ordres de process livrés imputés en premier;
fr;KPPP000262;10;step_10_10;Composants d'ordre de process créés;
fr;KPPP000262;10;step_10_20;Ordre de process validé pour les composants;
fr;KPPP000262;50;step_50_10;Première sortie de marchandises enregistrée pour les composants;
fr;KPPP000263;10;step_10_10;Composants d'ordre de process créés;
fr;KPPP000263;20;step_20_10;Postes de demande d'achat créés;
fr;KPPP000263;30;step_30_10;Postes de commande d'achat créés;
fr;KPPP000263;40;step_40_10;Entrée de marchandises enregistrée pour les postes de commande d'achat;
fr;KPPP000264;10;step_10_10;Opérations de l'ordre de fabrication créées;
fr;KPPP000264;45;step_45_10;Opérations avec ordre de process lancé;
fr;KPPP000264;50;step_50_10;Date de début d'exécution des opérations confirmée;
fr;KPPP000264;50;step_50_20;Date de fin d'exécution des opérations confirmée;
fr;KPPROJ0360;10;step_10_10;Éléments d'OTP créés;
fr;KPPROJ0360;10;step_10_20;Éléments d'OTP validés;
fr;KPPROJ0360;20;step_20_10;Éléments d'OTP imputés en premier;
fr;KPPROJ0360;20;step_20_20;Éléments d'OTP clôturés;
fr;KPPROJ0361;10;step_10_10;Éléments d'OTP créés;
fr;KPPROJ0361;10;step_10_20;Éléments d'OTP validés;
fr;KPPROJ0361;20;step_20_10;Éléments d'OTP imputés en premier;
fr;KPPROJ0361;20;step_20_20;Éléments d'OTP clôturés;
fr;KPPURCH260;10;step_10_10;Postes de commande d'achat créés;
fr;KPPURCH260;20;step_20_10;Entrées de marchandises créées;
fr;KPPURCH260;30;step_30_10;Factures fournisseur créées;
fr;KPPURCH260;40;step_40_10;Postes FI-AP rapprochés;
fr;KPPURCH261;10;step_10_10;Postes de commande d'achat créés;
fr;KPPURCH261;20;step_20_10;Entrées de marchandises créées;
fr;KPPURCH261;30;step_30_10;Factures fournisseur créées;
fr;KPPURCH263;10;step_10_10;Postes de commande d'achat créés;
fr;KPPURCH263;20;step_20_10;Postes de commande client créés;
fr;KPPURCH263;30;step_30_10;Postes de livraison créés;
fr;KPPURCH263;40;step_40_10;Sorties de marchandises enregistrées;
fr;KPPURCH263;40;step_40_20;Entrées de marchandises créées;
fr;KPPURCH263;50;step_50_10;Factures fournisseur créées;
fr;KPPURCH265;10;step_10_10;Postes de commande d'achat créés;
fr;KPPURCH265;20;step_20_10;Factures fournisseur créées;
fr;KPPURCH265;30;step_30_10;Postes FI-AP créés;
fr;KPPURCH265;30;step_30_20;Pièces de rapprochement FI-AP créées;
fr;KPPURCH266;10;step_10_10;Postes de commande d'achat créés;
fr;KPPURCH266;20;step_20_10;Entrées de marchandises créées;
fr;KPPURCH266;30;step_30_10;Factures fournisseur créées;
fr;KPPURCH267;10;step_10_10;Postes de commande d'achat créés;
fr;KPPURCH267;20;step_20_10;Première feuille de saisie des services créée pour les postes de commande d'achat;
fr;KPPURCH267;20;step_20_20;Première feuille de saisie des services acceptée pour les postes de commande d'achat;
fr;KPPURCH267;30;step_30_10;Première facture créée pour la feuille de saisie des services;
fr;KPPURCH268;10;step_10_10;Postes de commande d'achat créés;
fr;KPPURCH268;20;step_20_10;Entrées de marchandises créées;
fr;KPPURCH268;30;step_30_10;Factures fournisseur créées;
fr;KPPURCH360;10;step_10_10;Postes de demande d'achat créés;
fr;KPPURCH360;20;step_20_10;Postes de commande d'achat créés;
fr;KPPURCH362;10;step_10_10;Postes de demande d'achat pour transfert créés;
fr;KPPURCH362;20;step_20_10;Postes de commande de transfert créés;
fr;KPPURCH460;10;step_10_10;Factures fournisseur émises;
fr;KPPURCH460;10;step_10_20;Factures fournisseur créées et enregistrées;
fr;KPPURCH460;20;step_20_10;Postes FI-AP validés pour paiement;
fr;KPPURCH460;20;step_20_20;Pièces de rapprochement FI-AP créées;
fr;KPPURCH460;20;step_20_30;Postes FI-AP rapprochés;
fr;KPPURCH560;10;step_10_10;Postes de commande de transfert créés;
fr;KPPURCH560;20;step_20_10;Postes de commande de transfert sortis;
fr;KPPURCH560;20;step_20_20;Postes de commande de transfert reçus;
fr;KPPURCH561;10;step_10_10;Postes de commande de transfert créés;
fr;KPPURCH561;20;step_20_10;Postes de commande de transfert livrés;
fr;KPPURCH561;20;step_20_20;Postes de commande de transfert sortis;
fr;KPPURCH561;30;step_30_10;Postes de commande de transfert reçus;
fr;KPPURCH562;10;step_10_10;Postes de commande de transfert créés;
fr;KPPURCH562;20;step_20_10;Postes de commande de transfert livrés;
fr;KPPURCH562;20;step_20_20;Postes de commande de transfert sortis;
fr;KPPURCH562;30;step_30_10;Postes de commande de transfert reçus;
fr;KPPURCH562;40;step_40_03;Postes FI-AR créés;
fr;KPPURCH562;40;step_40_07;Postes FI-AP créés;
fr;KPPURCH562;40;step_40_10;Postes FI-AP rapprochés;
fr;KPPURCH562;40;step_40_20;Postes FI-AR rapprochés;
fr;KPPURCH660;10;step_10_10;Postes de programme de livraisons créés;
fr;KPPURCH660;10;step_10_20;Début de validité des programmes de livraisons;
fr;KPPURCH660;20;step_20_10;Fin de validité des programmes de livraisons située dans le passé;
fr;KPPURCH661;10;step_10_10;Postes de contrat en quantité créés;
fr;KPPURCH661;10;step_10_20;Début de validité des contrats en quantité;
fr;KPPURCH661;20;step_20_10;Premier appel sur contrat créé pour les postes de contrat;
fr;KPPURCH661;20;step_20_20;Fin de validité des contrats en quantité située dans le passé;
fr;KPPURCH662;10;step_10_10;Postes de contrat en valeur créés;
fr;KPPURCH662;10;step_10_20;Début de validité des contrats en valeur;
fr;KPPURCH662;20;step_20_10;Premier appel sur contrat créé pour les postes de contrat;
fr;KPPURCH662;20;step_20_20;Fin de validité des contrats en valeur située dans le passé;
fr;KPSD000260;10;step_10_10;Documents de facturation de vente créés;
fr;KPSD000260;20;step_20_10;Postes FI-AR créés;
fr;KPSD000260;20;step_20_20;Postes FI-AR rapprochés;
fr;KPSD000360;10;step_10_10;Postes de commande client créés;
fr;KPSD000360;20;step_20_10;Postes de livraison créés;
fr;KPSD000361;10;step_10_10;Postes de commande client créés;
fr;KPSD000361;20;step_20_10;Postes de livraison créés;
fr;KPSD000361;30;step_30_10;Sortie de marchandises enregistrée;
fr;KPSD000361;40;step_40_10;Postes de facture client créés;
fr;KPSD000362;10;step_10_10;Postes de commande client créés;
fr;KPSD000362;20;step_20_10;Postes de livraison créés;
fr;KPSD000362;30;step_30_10;Sortie de marchandises enregistrée;
fr;KPSD000362;40;step_40_10;Postes de facture client créés;
fr;KPSD000362;50;step_50_10;Postes FI-AR créés;
fr;KPSD000362;50;step_50_20;Postes FI-AR rapprochés;
fr;KPSD000363;10;step_10_10;Postes de commande client créés;
fr;KPSD000363;20;step_20_10;Postes de demande d'achat créés;
fr;KPSD000363;30;step_30_10;Postes de commande d'achat créés;
fr;KPSD000363;40;step_40_10;Facture fournisseur créée;
fr;KPSD000363;50;step_50_10;Postes de facture client créés;
fr;KPSD000364;10;step_10_10;Postes de commande client créés;
fr;KPSD000364;20;step_20_10;Postes de demande d'achat créés;
fr;KPSD000364;30;step_30_10;Postes de commande d'achat créés;
fr;KPSD000364;40;step_40_10;Entrée de marchandises enregistrée;
fr;KPSD000364;40;step_40_20;Sortie de marchandises enregistrée;
fr;KPSD000364;50;step_50_10;Postes de facture client créés;
fr;KPSD000365;10;step_10_10;Postes de commande client créés;
fr;KPSD000365;20;step_20_10;Ordres de production créés;
fr;KPSD000365;20;step_20_20;Ordres de production validés;
fr;KPSD000365;30;step_30_10;Ordres de production initialement confirmés;
fr;KPSD000365;40;step_40_10;Ordres de production livrés;
fr;KPSD000365;40;step_40_20;Postes de commande client avec sortie de marchandises enregistrée;
fr;KPSD000365;50;step_50_10;Postes de facture client créés;
fr;KPSD000366;10;step_10_10;Postes de commande client créés;
fr;KPSD000366;20;step_20_10;Postes de livraison créés;
fr;KPSD000366;30;step_30_10;Sortie de marchandises enregistrée;
fr;KPSD000366;40;step_40_10;Postes de facture client créés;
fr;KPSD000366;50;step_50_10;Postes FI-AR client créés;
fr;KPSD000366;60;step_60_10;Documents inter-sociétés créés;
fr;KPSD000366;70;step_70_10;Postes FI-AR inter-sociétés créés;
fr;KPSD000366;70;step_70_20;Postes FI-AP inter-sociétés créés;
fr;KPSD000367;10;step_10_10;Postes de commande client créés;
fr;KPSD000367;20;step_20_10;Factures client créés;
fr;KPSD000367;30;step_30_10;Postes FI-AR créés;
fr;KPSD000367;30;step_30_20;Postes FI-AR rapprochés;
fr;KPSD000368;10;step_10_10;Postes d'offre créés;
fr;KPSD000368;20;step_20_10;Premiers postes de commande client créés en référence à un poste d'offre;
fr;KPSD000368;20;step_20_20;Postes d'offre intégralement traités;
fr;KPSD000369;10;step_10_10;Postes de commande client créés;
fr;KPSD000369;50;step_50_10;Postes de livraison créés;
fr;KPSD000380;10;step_10_10;Postes d'ordre de retour créés;
fr;KPSD000380;20;step_20_10;Postes de livraison retour créés;
fr;KPSD000380;30;step_30_10;Entrée de marchandises enregistrée;
fr;KPSD000380;40;step_40_10;Postes d'avoir créés;
fr;KPSD000460;10;step_10_10;Postes de demande de note de débit créés;
fr;KPSD000460;20;step_20_10;Postes de note de débit créés;
fr;KPSD000460;30;step_30_10;Postes FI-AR créés;
fr;KPSD000460;30;step_30_20;Postes FI-AR rapprochés;
fr;KPSD000462;10;step_10_10;Postes de demande d'avoir créés;
fr;KPSD000462;20;step_20_10;Postes d'avoir créés;
fr;KPSD000462;30;step_30_10;Postes FI-AR créés;
fr;KPSD000462;30;step_30_20;Postes FI-AR rapprochés;
fr;KWMD000160;10;step_10_10;Vue de planification du travail créée dans la fiche article;
fr;KWMD000160;20;step_20_10;Nomenclature créée;
fr;KWMD000160;30;step_30_10;Gamme créée;
fr;KWMD000160;40;step_40_10;Calcul du coût de revient créé sans erreur;
fr;KWMD000160;40;step_40_20;Calcul du coût de revient validé;
fr;KWMD000160;50;step_50_10;Premier ordre de fabrication créé;
fr;KWMD000160;50;step_50_20;Premier ordre de fabrication livré;
fr;KWMD000161;10;step_10_10;Vue de planification du travail créée dans la fiche article;
fr;KWMD000161;20;step_20_10;Nomenclature créée;
fr;KWMD000161;30;step_30_10;Recette de base créée;
fr;KWMD000161;40;step_40_10;Calcul du coût de revient créé sans erreur;
fr;KWMD000161;40;step_40_20;Calcul du coût de revient validé;
fr;KWMD000161;50;step_50_10;Premier ordre de process créé;
fr;KWMD000161;50;step_50_20;Premier ordre de process livré;
fr;KWMD000260;10;step_10_10;Données de base client créées pour le domaine commercial;
fr;KWMD000260;30;step_30_10;Première commande client créée pour le client;
fr;KWMD000260;40;step_40_10;Première facture créée pour la première commande client;
fr;KWMD000260;50;step_50_10;Première facture rapprochée pour la première commande client;
fr;KWMD000360;10;step_10_10;Données de base fournisseur créées pour l'organisation d'achats;
fr;KWMD000360;30;step_30_10;Première commande d'achat créée pour le fournisseur;
fr;KWMD000360;40;step_40_10;Première facture créée pour la première commande d'achat;
fr;KWMD000360;40;step_40_20;Première facture rapprochée pour la première commande d'achat;
fr;KWPM000160;10;step_10_10;Avis PM créés;
fr;KWPM000160;10;step_10_20;Traitement des avis PM lancé;
fr;KWPM000160;10;step_10_30;Traitement des avis PM terminé;
fr;KWPM000161;10;step_10_10;Avis de service créés;
fr;KWPM000161;10;step_10_20;Traitement des avis de service lancé;
fr;KWPM000161;10;step_10_30;Traitement des avis de service terminé;
fr;KWPM000260;10;step_10_10;Ordres de travail créés;
fr;KWPM000260;10;step_10_20;Ordres de travail validés;
fr;KWPM000260;20;step_20_10;Ordres de travail initialement confirmés;
fr;KWPM000260;20;step_20_20;Ordres de travail définitivement confirmés;
fr;KWPM000260;30;step_30_10;Ordres de travail confirmés et clôturés au niveau technique;
fr;KWPM000260;30;step_30_20;Ordres de travail confirmés et clôturés;
fr;KWPM000261;10;step_10_10;Ordres de travail créés;
fr;KWPM000261;10;step_10_20;Ordres de travail validés;
fr;KWPM000261;20;step_20_10;Ordres de travail initialement confirmés;
fr;KWPM000261;30;step_30_10;Ordres de travail clôturés au niveau technique;
fr;KWPM000261;40;step_40_10;Ordres de travail imputés en premier;
fr;KWPM000262;10;step_10_10;Ordres de service créés;
fr;KWPM000262;10;step_10_20;Ordres de service validés;
fr;KWPM000262;20;step_20_10;Ordres de service initialement confirmés;
fr;KWPM000262;20;step_20_20;Ordres de service définitivement confirmés;
fr;KWPM000262;30;step_30_10;Ordres de service confirmés et clôturés au niveau technique;
fr;KWPM000262;30;step_30_20;Ordres de service confirmés et clôturés;
fr;KWPM000263;10;step_10_10;Ordres de service créés;
fr;KWPM000263;10;step_10_20;Ordres de service validés;
fr;KWPM000263;20;step_20_10;Ordres de service initialement confirmés;
fr;KWPM000263;30;step_30_10;Ordres de service clôturés au niveau technique;
fr;KWPM000263;40;step_40_10;Ordres de service imputés en premier;
fr;KWPM000264;10;step_10_10;Composants d'ordre de travail créés;
fr;KWPM000264;10;step_10_20;Ordre de travail validé pour les composants;
fr;KWPM000264;40;step_40_10;Première sortie de marchandises enregistrée pour les composants;
fr;KWPM000265;10;step_10_10;Composants d'ordre de service créés;
fr;KWPM000265;10;step_10_20;Ordre de travail validé pour les composants;
fr;KWPM000265;40;step_40_10;Première sortie de marchandises enregistrée pour les composants;
fr;KWPM000462;10;step_10_10;Poste d'entretien créé;
fr;KWPM000462;20;step_20_10;Premier ordre de service créé pour les postes d'entretien;
fr;KWPM000462;20;step_20_20;Premier ordre de service achevé pour les postes d'entretien;
fr;KWPM000462;30;step_30_10;Postes d'entretien dont la date de fin de contrat de service est atteinte;
fr;KWQM000161;10;step_10_10;Lots de contrôle créés;
fr;KWQM000161;50;step_50_10;Lots de contrôle avec décision d'utilisation prise;
fr;KWQM000162;10;step_10_10;Lots de contrôle créés;
fr;KWQM000162;50;step_50_10;Lots de contrôle avec décision d'utilisation prise;
fr;KWQM000163;10;step_10_10;Lots de contrôle créés;
fr;KWQM000163;40;step_40_10;Lots de contrôle avec décision d'utilisation prise;
fr;KWSERV0160;10;step_10_10;Ordres de service créés;
fr;KWSERV0160;10;step_10_20;Premiers ordres de service validés;
fr;KWSERV0160;30;step_30_10;Derniers ordres de service terminés après validation;
fr;KXEWM00260;10;step_10_10;Ordres magasin créés;
fr;KXEWM00260;10;step_10_20;Ordres magasin lancés;
fr;KXEWM00260;20;step_20_10;Ordres magasin confirmés;
fr;KXEWM00460;10;step_10_10;Postes de livraison créés;
fr;KXEWM00460;20;step_20_10;Postes de livraison avec entrée de marchandises enregistrée;
fr;KXEWM00460;30;step_30_10;Postes de livraison avec entrée en stock planifiée;
fr;KXEWM00460;30;step_30_20;Postes de livraison avec entrée en stock achevée;
fr;KXEWM00461;10;step_10_10;Postes de livraison créés;
fr;KXEWM00461;20;step_20_10;Postes de livraison avec entrée de marchandises enregistrée;
fr;KXEWM00461;30;step_30_10;Postes de livraison avec entrée en stock planifiée;
fr;KXEWM00461;30;step_30_20;Postes de livraison avec entrée en stock achevée;
fr;KXEWM00560;10;step_10_10;Postes d'ordre de livraison créés;
fr;KXEWM00560;20;step_20_10;Postes d'ordre de livraison prélevés;
fr;KXEWM00560;30;step_30_10;Postes d'ordre de livraison avec sortie de marchandises enregistrée;
fr;KXEWM00560;40;step_40_10;Postes d'ordre de livraison avec livraison créée;
fr;KXEWM00860;10;step_10_10;Postes de notification de livraison créés;
fr;KXEWM00860;20;step_20_10;Postes de livraison créés;
fr;KXEWM00860;30;step_30_10;Postes de livraison avec entrée de marchandises enregistrée;
fr;KXEWM00860;40;step_40_10;Postes de livraison avec entrée en stock planifiée;
fr;KXEWM00860;40;step_40_20;Postes de livraison avec entrée en stock achevée;
fr;KXEWM00861;10;step_10_10;Postes de notification de livraison créés;
fr;KXEWM00861;20;step_20_10;Postes de livraison créés;
fr;KXEWM00861;30;step_30_10;Postes de livraison avec entrée de marchandises enregistrée;
fr;KXEWM00861;40;step_40_10;Postes de livraison avec entrée en stock planifiée;
fr;KXEWM00861;40;step_40_20;Postes de livraison avec entrée en stock achevée;
fr;KXEWM00862;10;step_10_10;Postes de demande de livraison créés;
fr;KXEWM00862;20;step_20_10;Postes d'ordre de livraison créés;
fr;KXEWM00862;30;step_30_10;Postes d'ordre de livraison prélevés;
fr;KXEWM00862;40;step_40_10;Postes d'ordre de livraison avec sortie de marchandises enregistrée;
fr;KXEWM00862;50;step_50_10;Postes d'ordre de livraison avec livraison créée;