locale;id;text
de;A2D_A2O;Akquise bis Onboarding
de;A2D_MA;Anlagen verwalten
de;A2D_O2M;Betrieb bis Pflege
de;FIN_I2C;Rechnung bis Kasse
de;FIN_I2P;Rechnung bis Zahlung
de;FIN_MRE;Immobilien verwalten
de;FIN_MT;Treasury verwalten
de;FIN_P2OF;Planung bis Financials-Optimierung
de;FIN_R2R;Datensatz bis Bericht
de;GOV_MGRC;Governance, Risk and Compliance verwalten
de;GOV_MPO;Portfolio und Projekte verwalten
de;GOV_MSO;Nachhaltigkeit verwalten
de;I2M_D2R;Entwurf bis Freigabe
de;I2M_MPS;Produkte/Services verwalten
de;L2C_M2L;Markt bis Lead
de;L2C_MCC;Kunden und Kanäle verwalten
de;L2C_O2F;Auftrag bis Erfüllung
de;L2C_O2Q;Opportunity bis Angebot
de;L2C_R2S;Anfrage bis Service
de;P2F_DP2F;Produktlieferung bis Erfüllung
de;P2F_DS2F;Servicelieferung bis Erfüllung
de;P2F_M2I;Herstellung bis Inspektion
de;P2F_MF;Erfüllung verwalten
de;P2F_P2OF;Planung bis Erfüllungsoptimierung
de;S2P_MSC;Lieferanten und Zusammenarbeit verwalten
de;S2P_P2R;Beschaffung bis Eingang
de;S2P_S2C;Bezug bis Vertrag