locale;id;text
en_US_sappsd;ASS_COST;[[[Řēƌűċē Āşşēţ Μąįŋţēŋąŋċē Ĉŏşţ∙∙∙∙∙∙∙∙∙]]]
en_US_sappsd;CASH_FOREC;[[[Ĭŋċŗēąşē Ĉąşĥ Ƒŏŗēċąşţ Āċċűŗąċŷ∙∙∙∙∙∙∙∙∙∙]]]
en_US_sappsd;CHURN;[[[Řēƌűċē Ĉűşţŏɱēŗ Ĉĥűŗŋ∙∙∙∙∙]]]
en_US_sappsd;CMPLXTY;[[[Řēƌűċē Ďąţą Μąŋąğēɱēŋţ Ĉŏşţ∙∙∙∙∙∙∙∙]]]
en_US_sappsd;DII;[[[Řēƌűċē Ďąŷş įŋ Ĭŋʋēŋţŏŗŷ∙∙∙∙∙∙]]]
en_US_sappsd;DPO;[[[Ĭɱρŗŏʋē Ďąŷş Ƥąŷąƃĺē Ŏűţşţąŋƌįŋğ∙∙∙∙∙∙∙∙∙∙]]]
en_US_sappsd;DSO;[[[Řēƌűċē Ďąŷş Ŝąĺēş Ŏűţşţąŋƌįŋğ∙∙∙∙∙∙∙∙∙]]]
en_US_sappsd;FORECACC;[[[Ĭɱρŗŏʋē Ďēɱąŋƌ Ƒŏŗēċąşţ Āċċűŗąċŷ∙∙∙∙∙∙∙∙∙∙]]]
en_US_sappsd;FSSC;[[[Řēƌűċē Ƒįŋąŋċē Ĉŏşţ∙∙∙∙∙]]]
en_US_sappsd;GRC_COST;[[[Řēƌűċē Ĉŏɱρĺįąŋċē ąŋƌ Řįşķ Μąŋąğēɱēŋţ Ĉŏşţ∙∙∙∙∙∙∙∙∙∙∙∙∙∙∙]]]
en_US_sappsd;INC_BP_HRM;[[[Ĭŋċŗēąşē Ɓűşįŋēşş Ƥŗŏċēşş Ĥąŗɱŏŋįžąţįŏŋ∙∙∙∙∙∙∙∙∙∙∙∙∙∙]]]
en_US_sappsd;INC_BP_STD;[[[Ĭŋċŗēąşē Āƌĥēŗēŋċē ţŏ Ŝţąŋƌąŗƌįžēƌ ŜĀƤ Ɓűşįŋēşş Ƥŗŏċēşşēş∙∙∙∙∙∙∙∙∙∙∙∙∙∙∙∙∙∙∙∙∙∙∙]]]
en_US_sappsd;LOG_COST;[[[Řēƌűċē Ţŏţąĺ Ļŏğįşţįċş Ĉŏşţ∙∙∙∙∙∙∙∙]]]
en_US_sappsd;MANCYCL;[[[Řēƌűċē Μąŋűƒąċţűŗįŋğ Ĉŷċĺē Ţįɱē∙∙∙∙∙∙∙∙∙∙]]]
en_US_sappsd;MARKET;[[[Ĭŋċŗēąşē Ĕƒƒēċţįʋēŋēşş ŏƒ Μąŗķēţįŋğ Ƥŗŏɱŏţįŏŋş∙∙∙∙∙∙∙∙∙∙∙∙∙∙∙∙∙]]]
en_US_sappsd;MAVERICK;[[[Ĭɱρŗŏʋē Ůşēŗ Ĉŏɱρĺįąŋċē∙∙∙∙∙∙]]]
en_US_sappsd;METREAD;[[[Řēƌűċē Μēţēŗ Řēąƌįŋğ ţŏ Ĭŋʋŏįċē Ĉŷċĺē Ţįɱē∙∙∙∙∙∙∙∙∙∙∙∙∙∙∙]]]
en_US_sappsd;MFGCOST;[[[Řēƌűċē Ţŏţąĺ Μąŋűƒąċţűŗįŋğ Ĉŏşţ∙∙∙∙∙∙∙∙∙∙]]]
en_US_sappsd;MROF;[[[Řēƌűċē Ůŋρĺąŋŋēƌ Ďŏŵŋţįɱē ŏŗ Ŏűţąğēş∙∙∙∙∙∙∙∙∙∙∙∙]]]
en_US_sappsd;OIP;[[[Ĭɱρŗŏʋē Ƥŗŏċűŗēɱēŋţ ƑŢĔ Ƥŗŏƌűċţįʋįţŷ∙∙∙∙∙∙∙∙∙∙∙∙]]]
en_US_sappsd;PEC;[[[Řēƌűċē Ďąŷş ţŏ Ĉĺŏşē Āŋŋűąĺ Ɓŏŏķş∙∙∙∙∙∙∙∙∙∙∙]]]
en_US_sappsd;POF;[[[Ĭɱρŗŏʋē Ŏŋ-Ţįɱē Ďēĺįʋēŗŷ Ƥēŗƒŏŗɱąŋċē∙∙∙∙∙∙∙∙∙∙∙∙]]]
en_US_sappsd;SALE_COST;[[[Řēƌűċē Ŝąĺēş Ĉŏşţ∙∙∙∙∙∙∙]]]
en_US_sappsd;SC_COST;[[[Řēƌűċē Ŏʋēŗąĺĺ Ŝűρρĺŷ Ĉĥąįŋ Ƥĺąŋŋįŋğ Ĉŏşţ∙∙∙∙∙∙∙∙∙∙∙∙∙∙∙]]]
en_US_sappsd;SERV_PROC;[[[Řēƌűċē Ńŏŋ-Ĉŏɱρĺįąŋţ Ŝēŗʋįċēş Ŝρēŋƌ∙∙∙∙∙∙∙∙∙∙∙∙]]]
en_US_sappsd;SOF;[[[Řēƌűċē Ŝēŗʋįċē ąŋƌ Ŝűρρŏŗţ Ĉŏşţ∙∙∙∙∙∙∙∙∙∙]]]
en_US_sappsd;STOCK_OUT;[[[Řēƌűċē Řēʋēŋűē Ļŏşş Ďűē ţŏ Ŝţŏċķŏűţş∙∙∙∙∙∙∙∙∙∙∙∙]]]
en_US_sappsd;SUST_EMISS;[[[Řēƌűċē Ĕɱįşşįŏŋş Ĉŏşţ∙∙∙∙∙]]]
en_US_sappsd;SUST_WASTE;[[[Řēƌűċē Ŵąşţē Ģēŋēŗąţįŏŋ Ĉŏşţ∙∙∙∙∙∙∙∙]]]
en_US_sappsd;T2M;[[[Řēƌűċē Ţįɱē ţŏ Μąŗķēţ ƒŏŗ Ńēŵ Ƥŗŏƌűċţş∙∙∙∙∙∙∙∙∙∙∙∙∙]]]
en_US_sappsd;UNCOLL_AR;[[[Řēƌűċē Ůŋċŏĺĺēċţįƃĺē Āċċŏűŋţş Řēċēįʋąƃĺē Ŵŗįţē-Ŏƒƒş∙∙∙∙∙∙∙∙∙∙∙∙∙∙∙∙∙∙∙∙]]]