kpi_id;PROCESSMODULE_ID
CPACM00101;S2P_S2C
CPACM00102;S2P_S2C
CPACM00160;S2P_S2C
CPAOP00110;S2P_P2R
CPAOP00111;S2P_P2R
CPAOP00112;S2P_P2R
CPAOP00113;S2P_P2R
CPAOP00114;S2P_P2R
CPAOP00116;S2P_P2R
CPAOP00117;FIN_I2P
CPAOP00118;FIN_I2P
CPAOP00119;FIN_I2P
CPAOP00160;S2P_P2R
CPAOP00161;S2P_P2R
CPAOP00162;FIN_I2P
CPAOP00163;S2P_P2R
CPASC00101;S2P_S2C
CPASC00102;S2P_S2C
CPASC00103;S2P_S2C
CPASC00104;S2P_S2C
CPASC00105;S2P_S2C
CPASC00106;S2P_S2C
CPASC00110;S2P_S2C
CPASC00111;S2P_MSC
CPASC00111;S2P_S2C
CPASC00112;S2P_S2C
CPASC00116;S2P_S2C
CPASC00117;S2P_S2C
CPASC00118;S2P_S2C
CPASC00160;S2P_S2C
CPASC00161;S2P_S2C
CPASC00163;S2P_S2C
CPASC00164;S2P_S2C
CPASC00165;S2P_S2C
CPASM00101;S2P_MSC
CPASM00102;S2P_MSC
CPASM00103;S2P_MSC
CPASM00104;S2P_MSC
CPASM00105;S2P_MSC
CPASM00160;S2P_MSC
CPASM00161;S2P_MSC
KBSRM00101;S2P_P2R
KBSRM00102;S2P_P2R
KBSRM00103;S2P_P2R
KBSRM00104;S2P_P2R
KBSRM00160;S2P_P2R
KBSRM00190;S2P_P2R
KBSRM00191;S2P_P2R
KBSRM00192;S2P_P2R
KBSRM00193;S2P_P2R
KBSRM00194;S2P_P2R
KBSRM00201;S2P_P2R
KBSRM00202;S2P_P2R
KBSRM00203;S2P_P2R
KBSRM00204;S2P_P2R
KBSRM00205;S2P_P2R
KBSRM00301;S2P_P2R
KBSRM00302;S2P_P2R
KBSRM00303;S2P_P2R
KBSRM00304;S2P_P2R
KBSRM00305;S2P_P2R
KBSRM00401;FIN_I2P
KBSRM00402;FIN_I2P
KBSRM00403;FIN_I2P
KBSRM00404;FIN_I2P
KBSRM00405;FIN_I2P
KBSRM00601;S2P_S2C
KBSRM00602;S2P_S2C
KBSRM00690;S2P_P2R
KBSRM00690;S2P_S2C
KBSRM00701;S2P_S2C
KBSRM00702;S2P_S2C
KBSRM00703;S2P_S2C
KBSRM00760;S2P_S2C
KBSRM00761;S2P_S2C
KCSAL00190;L2C_O2F
KCSAL00190;L2C_O2Q
KCSAL00201;L2C_O2F
KCSAL00201;L2C_O2Q
KCSAL00201;L2C_R2S
KCSAL00202;L2C_O2F
KCSAL00202;L2C_O2Q
KCSAL00202;L2C_R2S
KCSAL00501;L2C_M2L
KCSAL00501;L2C_O2F
KCSAL00502;L2C_M2L
KCSAL00502;L2C_O2F
KCSAL00503;L2C_M2L
KCSAL00503;L2C_O2F
KCSAL00504;L2C_M2L
KCSAL00504;L2C_O2F
KCSAL00560;L2C_M2L
KCSAL00560;L2C_O2F
KCSAL00601;L2C_O2F
KCSAL00601;L2C_O2Q
KCSAL00602;L2C_O2F
KCSAL00602;L2C_O2Q
KCSAL00603;L2C_O2F
KCSAL00603;L2C_O2Q
KCSAL00604;L2C_O2F
KCSAL00604;L2C_O2Q
KCSAL00660;L2C_O2F
KCSAL00660;L2C_O2Q
KCSAL00701;L2C_O2F
KCSAL00702;L2C_O2F
KCSAL00705;L2C_O2F
KCSAL00707;L2C_O2F
KCSAL00760;L2C_O2F
KCSAL00901;L2C_O2F
KCSAL00901;L2C_O2Q
KCSAL00901;L2C_R2S
KCSAL00901;P2F_DS2F
KCSAL00902;L2C_O2F
KCSAL00902;L2C_O2Q
KCSAL00902;L2C_R2S
KCSAL00902;P2F_DS2F
KCSAL00903;L2C_O2F
KCSAL00903;L2C_O2Q
KCSAL00903;L2C_R2S
KCSAL00903;P2F_DS2F
KCSAL00904;L2C_O2F
KCSAL00904;L2C_O2Q
KCSAL00904;L2C_R2S
KCSAL00904;P2F_DS2F
KCSAL01001;L2C_O2F
KCSAL01001;L2C_O2Q
KCSAL01001;L2C_R2S
KCSAL01001;P2F_DS2F
KCSAL01002;L2C_O2F
KCSAL01002;L2C_O2Q
KCSAL01002;L2C_R2S
KCSAL01002;P2F_DS2F
KCSAL01003;L2C_O2F
KCSAL01003;L2C_O2Q
KCSAL01003;L2C_R2S
KCSAL01003;P2F_DS2F
KCSAL01004;L2C_O2F
KCSAL01004;L2C_O2Q
KCSAL01004;L2C_R2S
KCSAL01004;P2F_DS2F
KCSER00301;P2F_DS2F
KCSER00302;P2F_DS2F
KCSER00305;P2F_DS2F
KCSER00307;P2F_DS2F
KCSER00360;P2F_DS2F
KCSER00401;P2F_DS2F
KCSER00402;P2F_DS2F
KCSER00403;P2F_DS2F
KCSER00404;P2F_DS2F
KFFI000104;FIN_I2C
KFFI000104;FIN_I2P
KFFI000104;FIN_R2R
KFFI000105;FIN_I2C
KFFI000105;FIN_I2P
KFFI000105;FIN_R2R
KFFI000106;FIN_I2C
KFFI000106;FIN_I2P
KFFI000106;FIN_P2OF
KFFI000106;FIN_R2R
KFFI000106;GOV_MGRC
KFFI000190;FIN_I2C
KFFI000190;FIN_I2P
KFFI000190;FIN_R2R
KFFI000191;FIN_I2C
KFFI000191;FIN_I2P
KFFI000191;FIN_R2R
KFFI000193;FIN_R2R
KFFI000202;FIN_I2P
KFFI000212;FIN_I2P
KFFI000212;GOV_MGRC
KFFI000213;FIN_I2P
KFFI000213;GOV_MGRC
KFFI000214;FIN_I2P
KFFI000215;FIN_I2P
KFFI000215;GOV_MGRC
KFFI000216;FIN_I2P
KFFI000217;FIN_I2P
KFFI000302;FIN_I2C
KFFI000310;FIN_I2C
KFFI000311;FIN_I2C
KFFI000312;FIN_I2C
KFFI000313;FIN_I2C
KFFI000405;FIN_I2P
KFFI000406;FIN_I2P
KFFI000409;FIN_I2P
KFFI000501;FIN_MT
KFFI000502;FIN_MT
KFFI000504;FIN_MT
KFFI000705;FIN_R2R
KFFI000706;FIN_I2P
KFFI000706;FIN_R2R
KFFI000707;FIN_I2P
KFFI000707;FIN_R2R
KFFI000708;FIN_I2P
KFFI000708;FIN_R2R
KFFI000790;FIN_R2R
KFFI000940;FIN_I2P
KFFI000960;FIN_I2P
KFFI000961;FIN_I2P
KFFI001040;FIN_I2C
KFFI001060;FIN_I2C
KFFI001061;FIN_I2C
KFFI001201;FIN_R2R
KFFI001303;FIN_I2C
KFFI001402;FIN_I2C
KFFI001460;FIN_I2C
KFFI001501;FIN_P2OF
KFFI001501;I2M_D2R
KFFI001502;FIN_P2OF
KFFI001502;I2M_D2R
KFFI001601;FIN_P2OF
KFFI001601;FIN_R2R
KFFI001602;FIN_P2OF
KFFI001602;FIN_R2R
KFFI001603;FIN_P2OF
KFFI001603;FIN_R2R
KFFI001605;FIN_P2OF
KFFI001605;FIN_R2R
KFFI001609;FIN_P2OF
KFFI001609;FIN_R2R
KFFI001701;FIN_P2OF
KFFI001801;A2D_MA
KFFI001801;A2D_O2M
KFFI001801;FIN_R2R
KFFI001802;A2D_A2O
KFFI001802;A2D_MA
KFFI001802;FIN_R2R
KFFI001803;A2D_MA
KFFI001803;A2D_O2M
KFFI001803;FIN_R2R
KFFI001804;A2D_MA
KFFI001804;A2D_O2M
KFFI001804;FIN_R2R
KFFI001805;A2D_A2O
KFFI001805;A2D_MA
KFFI001805;A2D_O2M
KFFI001805;FIN_R2R
KFFI001806;A2D_A2O
KFFI001806;A2D_MA
KFFI001806;A2D_O2M
KFFI001806;FIN_R2R
KFFI001807;A2D_A2O
KFFI001807;A2D_MA
KFFI001807;A2D_O2M
KFFI001807;FIN_R2R
KFFI001808;A2D_MA
KFFI001808;A2D_O2M
KFFI001808;FIN_R2R
KFFI001860;A2D_A2O
KFFI001860;A2D_MA
KFFI001860;FIN_R2R
KFFI001861;A2D_MA
KFFI001861;A2D_O2M
KFFI001861;FIN_R2R
KFFI001890;A2D_A2O
KFFI001890;A2D_MA
KFFI001890;A2D_O2M
KFFI001890;FIN_R2R
KFFI001891;A2D_A2O
KFFI001891;A2D_MA
KFFI001891;A2D_O2M
KFFI001891;FIN_R2R
KFFI001960;FIN_I2C
KFFI002003;FIN_I2P
KFFI002003;FIN_P2OF
KFFI002003;S2P_P2R
KFFI002004;A2D_A2O
KFFI002004;FIN_I2P
KFFI002004;FIN_P2OF
KFFI002004;GOV_MPO
KFFI002005;FIN_I2P
KFFI002005;FIN_P2OF
KFFI002005;L2C_O2F
KFFI002260;FIN_I2C
KFFI002305;FIN_P2OF
KFFI002306;FIN_P2OF
KFFI002308;FIN_P2OF
KFFI002309;FIN_P2OF
KFFI002309;P2F_M2I
KFFI002360;FIN_P2OF
KFFI002360;P2F_M2I
KFFI002395;FIN_P2OF
KFFI002501;FIN_I2C
KFFI002601;FIN_I2C
KFFI002602;FIN_I2C
KFFI002603;FIN_I2C
KFFI002604;FIN_I2C
KFFI002605;FIN_I2C
KFFI002606;FIN_I2C
KFFI002607;FIN_I2C
KFFI002660;FIN_I2C
KFFI002801;A2D_A2O
KFFI002801;A2D_MA
KFFI002801;FIN_MRE
KFFI002802;A2D_A2O
KFFI002802;A2D_MA
KFFI002802;FIN_MRE
KFFI002803;A2D_A2O
KFFI002803;A2D_MA
KFFI002803;FIN_MRE
KIAUT00101;P2F_P2OF
KIAUT00102;P2F_P2OF
KIAUT00103;P2F_P2OF
KIAUT00160;P2F_P2OF
KIAUT00190;P2F_P2OF
KIAUT00301;P2F_M2I
KIAUT00302;P2F_M2I
KIISU00101;FIN_I2C
KIISU00102;FIN_I2C
KIISU00103;FIN_I2C
KIISU00104;FIN_I2C
KIISU00160;FIN_I2C
KIISU00161;FIN_I2C
KIISU00162;FIN_I2C
KIISU00201;FIN_I2C
KIISU00203;FIN_I2C
KIISU00204;FIN_I2C
KIISU00205;FIN_I2C
KIISU00260;FIN_I2C
KIISU00261;FIN_I2C
KIISU00302;FIN_I2C
KIISU00304;FIN_I2C
KIISU00305;FIN_I2C
KIISU00306;FIN_I2C
KIISU00360;FIN_I2C
KIISU00361;FIN_I2C
KIPSM00101;FIN_P2OF
KIPSM00102;FIN_P2OF
KIPSM00103;FIN_P2OF
KIPSM00104;FIN_P2OF
KIPSM00105;FIN_P2OF
KIPSM00106;FIN_P2OF
KIRET00460;S2P_P2R
KIRET00461;S2P_P2R
KIRET00462;S2P_P2R
KIRET00463;S2P_P2R
KIRET00464;FIN_I2C
KIRET00464;FIN_I2P
KIRET00464;S2P_P2R
KIRET00465;FIN_I2C
KIRET00465;FIN_I2P
KIRET00465;S2P_P2R
KIRET00466;FIN_I2C
KIRET00466;FIN_I2P
KIRET00466;S2P_P2R
KIRET00467;FIN_I2C
KIRET00467;FIN_I2P
KIRET00467;S2P_P2R
KIRET00560;S2P_P2R
KIRET00561;S2P_P2R
KIRET00562;S2P_P2R
KIRET00563;S2P_P2R
KIRET00601;I2M_MPS
KIRET00602;I2M_MPS
KIRET00603;I2M_MPS
KITM000101;P2F_DP2F
KITM000102;P2F_DP2F
KITM000201;P2F_DP2F
KITM000202;P2F_DP2F
KITM000204;P2F_DP2F
KITM000260;P2F_DP2F
KITM000290;P2F_DP2F
KITM000291;P2F_DP2F
KITM000292;P2F_DP2F
KITM000293;P2F_DP2F
KITM000294;P2F_DP2F
KITM000295;P2F_DP2F
KITM000301;P2F_DP2F
KITM000302;P2F_DP2F
KITM000304;P2F_DP2F
KITM000305;P2F_DP2F
KPCONF0110;P2F_M2I
KPCONF0120;A2D_A2O
KPCONF0120;GOV_MPO
KPCONF0130;A2D_O2M
KPCONF0130;L2C_R2S
KPCONF0140;P2F_M2I
KPCONF0401;GOV_MSO
KPCONF0401;P2F_M2I
KPCONF0402;GOV_MSO
KPCONF0402;P2F_M2I
KPCONF0403;A2D_O2M
KPCONF0405;P2F_DS2F
KPGR000101;A2D_O2M
KPGR000101;L2C_O2F
KPGR000101;P2F_DP2F
KPGR000101;S2P_P2R
KPGR000102;A2D_O2M
KPGR000102;L2C_O2F
KPGR000102;P2F_DP2F
KPGR000102;S2P_P2R
KPIM000101;P2F_MF
KPIM000105;L2C_O2F
KPIM000105;P2F_DP2F
KPIM000105;P2F_MF
KPIM000106;L2C_O2F
KPIM000106;P2F_DP2F
KPIM000106;P2F_MF
KPIM000107;P2F_DP2F
KPIM000107;P2F_MF
KPIM000108;P2F_DP2F
KPIM000108;P2F_MF
KPIM000115;P2F_M2I
KPIM000115;P2F_MF
KPIM000160;P2F_DP2F
KPIM000160;P2F_MF
KPIM000161;P2F_DP2F
KPIM000161;P2F_MF
KPIM000162;P2F_DP2F
KPIM000162;P2F_MF
KPIM000163;P2F_DP2F
KPIM000163;P2F_MF
KPLE000110;P2F_DP2F
KPLE000111;P2F_DP2F
KPLE000111;S2P_P2R
KPLE000120;P2F_DP2F
KPLE000120;S2P_P2R
KPLE000121;P2F_DP2F
KPLE000171;L2C_O2F
KPLE000171;P2F_DP2F
KPLE000190;P2F_DP2F
KPLE000204;P2F_DP2F
KPLE000205;P2F_DP2F
KPLE000206;P2F_DP2F
KPLE000207;P2F_DP2F
KPLE000260;P2F_DP2F
KPLE000305;FIN_I2C
KPLE000307;P2F_DP2F
KPLE000360;GOV_MSO
KPLE000360;P2F_DP2F
KPLE000361;GOV_MSO
KPLE000361;P2F_DP2F
KPLE000362;P2F_DP2F
KPLE000362;S2P_P2R
KPMRP00108;P2F_P2OF
KPMRP00109;L2C_O2F
KPMRP00109;P2F_P2OF
KPMRP00201;P2F_P2OF
KPMRP00202;P2F_P2OF
KPMRP00205;P2F_P2OF
KPMRP00206;P2F_P2OF
KPMRP00260;P2F_P2OF
KPPP000101;P2F_M2I
KPPP000103;P2F_M2I
KPPP000106;P2F_M2I
KPPP000107;P2F_M2I
KPPP000108;P2F_M2I
KPPP000111;P2F_M2I
KPPP000121;L2C_O2F
KPPP000121;P2F_M2I
KPPP000122;P2F_M2I
KPPP000142;P2F_M2I
KPPP000160;P2F_M2I
KPPP000161;FIN_P2OF
KPPP000161;P2F_M2I
KPPP000162;P2F_M2I
KPPP000163;P2F_M2I
KPPP000163;S2P_P2R
KPPP000164;P2F_M2I
KPPP000164;S2P_P2R
KPPP000190;P2F_M2I
KPPP000192;I2M_D2R
KPPP000192;I2M_MPS
KPPP000192;P2F_M2I
KPPP000195;I2M_D2R
KPPP000195;I2M_MPS
KPPP000195;P2F_M2I
KPPP000201;P2F_M2I
KPPP000203;P2F_M2I
KPPP000206;P2F_M2I
KPPP000207;P2F_M2I
KPPP000208;P2F_M2I
KPPP000211;P2F_M2I
KPPP000222;L2C_O2F
KPPP000222;P2F_M2I
KPPP000223;P2F_M2I
KPPP000242;P2F_M2I
KPPP000260;P2F_M2I
KPPP000261;FIN_P2OF
KPPP000261;P2F_M2I
KPPP000262;P2F_M2I
KPPP000263;P2F_M2I
KPPP000263;S2P_P2R
KPPP000264;P2F_M2I
KPPP000264;S2P_P2R
KPPP000290;P2F_M2I
KPPP000292;I2M_D2R
KPPP000292;I2M_MPS
KPPP000292;P2F_M2I
KPPP000295;I2M_D2R
KPPP000295;I2M_MPS
KPPP000295;P2F_M2I
KPPP000409;P2F_P2OF
KPPP000410;P2F_P2OF
KPPP000411;P2F_P2OF
KPPROJ0105;A2D_A2O
KPPROJ0105;GOV_MPO
KPPROJ0190;A2D_A2O
KPPROJ0190;GOV_MPO
KPPROJ0205;A2D_A2O
KPPROJ0205;GOV_MPO
KPPROJ0302;A2D_A2O
KPPROJ0302;GOV_MPO
KPPROJ0305;A2D_A2O
KPPROJ0305;GOV_MPO
KPPROJ0360;A2D_A2O
KPPROJ0360;FIN_P2OF
KPPROJ0360;GOV_MPO
KPPROJ0361;A2D_A2O
KPPROJ0361;FIN_P2OF
KPPROJ0361;GOV_MPO
KPPURCH201;S2P_P2R
KPPURCH203;S2P_P2R
KPPURCH204;S2P_P2R
KPPURCH207;FIN_P2OF
KPPURCH207;S2P_P2R
KPPURCH212;GOV_MGRC
KPPURCH212;S2P_P2R
KPPURCH221;GOV_MGRC
KPPURCH221;S2P_P2R
KPPURCH222;GOV_MGRC
KPPURCH222;S2P_P2R
KPPURCH222;S2P_S2C
KPPURCH223;S2P_P2R
KPPURCH225;S2P_P2R
KPPURCH228;S2P_P2R
KPPURCH242;S2P_P2R
KPPURCH260;S2P_P2R
KPPURCH261;S2P_P2R
KPPURCH263;S2P_P2R
KPPURCH265;FIN_I2P
KPPURCH265;S2P_P2R
KPPURCH266;S2P_P2R
KPPURCH267;S2P_P2R
KPPURCH268;S2P_P2R
KPPURCH273;S2P_P2R
KPPURCH290;S2P_P2R
KPPURCH297;S2P_P2R
KPPURCH298;S2P_P2R
KPPURCH301;P2F_P2OF
KPPURCH301;S2P_P2R
KPPURCH303;P2F_P2OF
KPPURCH303;S2P_P2R
KPPURCH309;P2F_P2OF
KPPURCH309;S2P_P2R
KPPURCH360;P2F_P2OF
KPPURCH360;S2P_P2R
KPPURCH362;P2F_P2OF
KPPURCH362;S2P_P2R
KPPURCH404;FIN_I2P
KPPURCH409;FIN_I2P
KPPURCH411;FIN_I2P
KPPURCH412;FIN_I2P
KPPURCH413;FIN_I2P
KPPURCH460;FIN_I2P
KPPURCH460;FIN_R2R
KPPURCH508;S2P_P2R
KPPURCH560;S2P_P2R
KPPURCH561;S2P_P2R
KPPURCH562;FIN_I2C
KPPURCH562;FIN_I2P
KPPURCH562;S2P_P2R
KPPURCH609;S2P_P2R
KPPURCH609;S2P_S2C
KPPURCH610;S2P_P2R
KPPURCH610;S2P_S2C
KPPURCH660;S2P_P2R
KPPURCH661;GOV_MGRC
KPPURCH661;S2P_S2C
KPPURCH662;GOV_MGRC
KPPURCH662;S2P_S2C
KPPURCH701;S2P_P2R
KPPURCH702;S2P_P2R
KPPURCH703;S2P_P2R
KPPURCH704;S2P_P2R
KPSD000133;GOV_MSO
KPSD000133;L2C_O2F
KPSD000133;L2C_O2Q
KPSD000133;L2C_R2S
KPSD000171;L2C_O2F
KPSD000171;L2C_O2Q
KPSD000190;L2C_O2F
KPSD000190;L2C_O2Q
KPSD000190;L2C_R2S
KPSD000194;L2C_O2F
KPSD000194;L2C_O2Q
KPSD000195;L2C_O2F
KPSD000201;FIN_I2C
KPSD000207;FIN_I2C
KPSD000208;FIN_I2C
KPSD000215;FIN_I2C
KPSD000216;FIN_I2C
KPSD000217;FIN_I2C
KPSD000218;FIN_I2C
KPSD000260;FIN_I2C
KPSD000271;FIN_I2C
KPSD000292;FIN_I2C
KPSD000293;FIN_I2C
KPSD000303;L2C_O2F
KPSD000304;L2C_O2F
KPSD000306;L2C_O2F
KPSD000306;L2C_O2Q
KPSD000307;L2C_O2F
KPSD000319;FIN_I2C
KPSD000321;FIN_I2C
KPSD000321;L2C_O2F
KPSD000322;L2C_O2F
KPSD000323;L2C_O2F
KPSD000324;L2C_O2F
KPSD000324;L2C_O2Q
KPSD000324;L2C_R2S
KPSD000326;L2C_O2F
KPSD000327;L2C_O2F
KPSD000360;L2C_O2F
KPSD000361;L2C_O2F
KPSD000362;FIN_I2C
KPSD000362;L2C_O2F
KPSD000363;L2C_O2F
KPSD000364;L2C_O2F
KPSD000365;L2C_O2F
KPSD000366;FIN_I2C
KPSD000366;FIN_I2P
KPSD000366;L2C_O2F
KPSD000367;FIN_I2C
KPSD000367;L2C_O2F
KPSD000368;L2C_O2Q
KPSD000369;L2C_O2F
KPSD000380;GOV_MGRC
KPSD000380;GOV_MSO
KPSD000380;L2C_R2S
KPSD000392;L2C_O2F
KPSD000392;L2C_O2Q
KPSD000460;FIN_I2C
KPSD000462;FIN_I2C
KPWM000260;P2F_DP2F
KPWM000261;P2F_DP2F
KPWM000403;P2F_MF
KPWM000560;P2F_DP2F
KPWM000561;P2F_DP2F
KWMD000107;GOV_MGRC
KWMD000107;I2M_MPS
KWMD000109;I2M_MPS
KWMD000109;P2F_M2I
KWMD000110;I2M_MPS
KWMD000110;P2F_M2I
KWMD000110;S2P_P2R
KWMD000160;I2M_MPS
KWMD000160;P2F_M2I
KWMD000161;I2M_MPS
KWMD000161;P2F_M2I
KWMD000203;GOV_MGRC
KWMD000203;L2C_MCC
KWMD000204;GOV_MGRC
KWMD000204;L2C_MCC
KWMD000205;GOV_MGRC
KWMD000205;L2C_MCC
KWMD000206;GOV_MGRC
KWMD000206;L2C_MCC
KWMD000207;GOV_MGRC
KWMD000207;L2C_MCC
KWMD000260;L2C_MCC
KWMD000309;GOV_MGRC
KWMD000309;S2P_MSC
KWMD000311;GOV_MGRC
KWMD000311;S2P_MSC
KWMD000312;GOV_MGRC
KWMD000312;S2P_MSC
KWMD000313;GOV_MGRC
KWMD000313;S2P_MSC
KWMD000314;GOV_MGRC
KWMD000314;S2P_MSC
KWMD000315;S2P_MSC
KWMD000360;S2P_MSC
KWMD000501;FIN_I2P
KWMD000502;FIN_I2P
KWMD000503;FIN_I2C
KWMD000504;FIN_I2C
KWPM000115;A2D_O2M
KWPM000116;P2F_DS2F
KWPM000117;A2D_O2M
KWPM000118;P2F_DS2F
KWPM000119;A2D_O2M
KWPM000120;P2F_DS2F
KWPM000160;A2D_O2M
KWPM000161;P2F_DS2F
KWPM000203;A2D_O2M
KWPM000204;P2F_DS2F
KWPM000215;A2D_O2M
KWPM000216;P2F_DS2F
KWPM000217;A2D_O2M
KWPM000218;P2F_DS2F
KWPM000219;A2D_O2M
KWPM000220;P2F_DS2F
KWPM000221;A2D_O2M
KWPM000221;FIN_P2OF
KWPM000222;FIN_P2OF
KWPM000222;P2F_DS2F
KWPM000260;A2D_O2M
KWPM000261;A2D_O2M
KWPM000261;FIN_P2OF
KWPM000262;P2F_DS2F
KWPM000263;FIN_P2OF
KWPM000263;P2F_DS2F
KWPM000264;A2D_O2M
KWPM000265;P2F_DS2F
KWPM000290;A2D_O2M
KWPM000290;P2F_DS2F
KWPM000462;P2F_DS2F
KWQM000101;P2F_M2I
KWQM000101;S2P_P2R
KWQM000102;A2D_O2M
KWQM000102;P2F_M2I
KWQM000102;S2P_P2R
KWQM000103;A2D_O2M
KWQM000103;P2F_M2I
KWQM000103;S2P_P2R
KWQM000161;GOV_MSO
KWQM000161;S2P_P2R
KWQM000162;GOV_MSO
KWQM000162;P2F_M2I
KWQM000163;P2F_M2I
KWSERV0101;P2F_DS2F
KWSERV0102;L2C_O2Q
KWSERV0102;P2F_DS2F
KWSERV0103;P2F_DS2F
KWSERV0104;P2F_DS2F
KWSERV0105;L2C_O2F
KWSERV0105;P2F_DS2F
KWSERV0106;P2F_DS2F
KWSERV0160;P2F_DS2F
KXEWM00101;P2F_DP2F
KXEWM00101;P2F_MF
KXEWM00102;P2F_DP2F
KXEWM00102;P2F_MF
KXEWM00201;P2F_DP2F
KXEWM00201;P2F_MF
KXEWM00202;P2F_DP2F
KXEWM00202;P2F_MF
KXEWM00203;P2F_DP2F
KXEWM00203;P2F_MF
KXEWM00260;P2F_DP2F
KXEWM00260;P2F_MF
KXEWM00301;P2F_DP2F
KXEWM00301;P2F_MF
KXEWM00302;P2F_DP2F
KXEWM00302;P2F_MF
KXEWM00303;P2F_DP2F
KXEWM00303;P2F_MF
KXEWM00304;P2F_DP2F
KXEWM00304;P2F_MF
KXEWM00305;P2F_DP2F
KXEWM00305;P2F_MF
KXEWM00390;P2F_DP2F
KXEWM00390;P2F_MF
KXEWM00401;P2F_MF
KXEWM00401;S2P_P2R
KXEWM00402;P2F_MF
KXEWM00402;S2P_P2R
KXEWM00403;P2F_MF
KXEWM00403;S2P_P2R
KXEWM00404;P2F_MF
KXEWM00404;S2P_P2R
KXEWM00460;P2F_MF
KXEWM00461;P2F_MF
KXEWM00490;P2F_MF
KXEWM00490;S2P_P2R
KXEWM00501;P2F_DP2F
KXEWM00501;P2F_MF
KXEWM00502;P2F_DP2F
KXEWM00502;P2F_MF
KXEWM00503;P2F_DP2F
KXEWM00503;P2F_MF
KXEWM00504;P2F_DP2F
KXEWM00504;P2F_MF
KXEWM00560;P2F_DP2F
KXEWM00560;P2F_MF
KXEWM00590;P2F_DP2F
KXEWM00590;P2F_MF
KXEWM00701;P2F_DP2F
KXEWM00701;P2F_MF
KXEWM00702;P2F_DP2F
KXEWM00702;P2F_MF
KXEWM00860;P2F_MF
KXEWM00861;P2F_MF
KXEWM00862;P2F_MF
KXEWM00901;P2F_MF
KXEWM00902;P2F_MF
KXEWM00903;P2F_MF