id;widgetType
TREND_PF_KPSD000260_CTX_20_57;TREND_PF
TREND_PF_KFFI001060_CTX_20_30;TREND_PF
TREND_PPI_KPSD000207;TREND_PPI
TREND_PPI_KFFI001402;TREND_PPI
CORRECTION_RECOMMENDATIONS_REDUCE_LATE_CUST_PAY;CORRECTION_RECOMMENDATIONS
ABOUT_WIDGET_REDUCE_LATE_CUST_PAY;ABOUT_WIDGET
TREND_PF_KPPURCH460_CTX_20_120;TREND_PF
TREND_PF_KPPURCH460_CTX_20_75;TREND_PF
TREND_PF_KFFI000960_CTX_20_70;TREND_PF
TREND_PF_KFFI000960_CTX_20_30;TREND_PF
CORRECTION_RECOMMENDATIONS_REDUCE_LATE_SUPP_PAY;CORRECTION_RECOMMENDATIONS
ABOUT_WIDGET_REDUCE_LATE_SUPP_PAY;ABOUT_WIDGET