locale;id;text
zh_CN;ARB_BILLTO;SAP Ariba 中的收票方
zh_CN;ARB_ERP_VENDOR;SAP Ariba 中的 ERP 供应商
zh_CN;ARB_PGRP;SAP Ariba 中的采购组
zh_CN;ARB_PGRP_NAME;SAP Ariba 中的采购组名称
zh_CN;ARB_SHIPTO;SAP Ariba 中的收货方
zh_CN;ARB_SM_SUPPLIER;SAP Ariba 中的 SM 供应商
zh_CN;ARB_SM_SUPPLIER_NAME;Ariba 中的 SM 供应商名称
zh_CN;ARB_SUPPLIER;SAP Ariba 中的供应商
zh_CN;ARB_SUPPLIER_NAME;SAP Ariba 中的供应商名称
zh_CN;BC_ARBGB;应用程序范围
zh_CN;BC_ARKTX;短文本
zh_CN;BC_CHNGIND;更改类型
zh_CN;BC_CLASS;用户主数据中的用户组
zh_CN;BC_DELTA;增量（天数）
zh_CN;BC_FLAG;标志已设置/未设置
zh_CN;BC_KDAUF;销售订单编号
zh_CN;BC_KDEIN;销售订单计划
zh_CN;BC_KDPOS;销售订单位置
zh_CN;BC_MESSAGE;T100 消息文本
zh_CN;BC_MSGNR;消息编号
zh_CN;BC_NETVAL;净值
zh_CN;BC_NUMBER;编号
zh_CN;BC_QUANTITY;数量
zh_CN;BC_REPORT;报表名称
zh_CN;BC_STATUS_ACTIVE;活动/非活动
zh_CN;BC_SYMSGID;消息类
zh_CN;BC_TCODE;事务代码
zh_CN;BC_TCODE_NOTXT;事务代码（不含文本的语义标识）
zh_CN;BC_UNIT;单元
zh_CN;BC_USER;用户
zh_CN;BC_USTYP;用户类型
zh_CN;BC_VARIANT;报表变式
zh_CN;BC_WAERS;货币
zh_CN;BC_XFELD;复选框是/否
zh_CN;BW_DOCNO;凭证编号
zh_CN;BW_POSNO;凭证中的项目编号
zh_CN;CALDAY;日期
zh_CN;CALMONTH;月
zh_CN;CALYEAR;年
zh_CN;CRM_ACTIVITY_CAT;活动类别
zh_CN;CRM_ACTIVITY_CLASS;活动类
zh_CN;CRM_AUTOMATION;自动创建
zh_CN;CRM_CATEGORY;类别
zh_CN;CRM_CHANGE_TYPE;更改类型
zh_CN;CRM_CONTRACT_MESSAGE;合同确定
zh_CN;CRM_CONTRACT_QUAN_VA;数量合同
zh_CN;CRM_COUNTRY;国家/地区
zh_CN;CRM_DIRECTION;活动方向
zh_CN;CRM_DIS_CHANNEL;分销渠道
zh_CN;CRM_DIVISION;产品组
zh_CN;CRM_FIELD_DESC;表字段描述
zh_CN;CRM_FORECAST_REL;预测相关性
zh_CN;CRM_IMPORTANCE;机会/线索优先级
zh_CN;CRM_INBOX_STATUS;代理收件箱项目的状态
zh_CN;CRM_INDUSTRY;行业部门
zh_CN;CRM_INPUT_CHANNEL;输入渠道
zh_CN;CRM_ITEM_TYPE;CRM 项目类型
zh_CN;CRM_LEAD_QUAL_LEVEL;线索资格级别
zh_CN;CRM_LEAD_TYPE;线索组
zh_CN;CRM_OBJECTIVE;活动的目标
zh_CN;CRM_OBJREF_PROFILE;参数文件标识对象关系
zh_CN;CRM_OPPORT_TYPE;机会类型
zh_CN;CRM_ORG_UNIT;CRM 中的组织单位 (HRP1000)
zh_CN;CRM_PARTNER;CRM 合作伙伴
zh_CN;CRM_PHASE;销售阶段
zh_CN;CRM_PRIORITY;优先级
zh_CN;CRM_PROCESSING_TYPE;处理类型
zh_CN;CRM_PROCESS_BLOCKED;活动标识
zh_CN;CRM_PROCESS_TYPE;业务交易类型
zh_CN;CRM_SALESCYCLE;销售周期
zh_CN;CRM_SALES_ORG;CRM 销售组织
zh_CN;CRM_SOURCE;机会/线索来源
zh_CN;CRM_STAT_BILLING;开票状态
zh_CN;CRM_STAT_CANCELLED;取消状态
zh_CN;CRM_STAT_ERROR;错误状态
zh_CN;CRM_STAT_FINAL_CONF;最终服务确认
zh_CN;CRM_STAT_FOR_BILLING;累计账单的相关状态
zh_CN;CRM_STAT_GOODS_ISSUE;发货状态
zh_CN;CRM_STAT_LIFECYCLE;生命周期状态
zh_CN;CRM_STAT_OPEN;"状态“打开”"
zh_CN;CRM_STAT_RELEASED;下达状态
zh_CN;CRM_STAT_TRANSFER;传输状态
zh_CN;CRM_TEMPLATE_TYPE;CRM 模板类型
zh_CN;CRM_USER_STATUS;站点标识
zh_CN;EKF_BILL_PROCESS;开票流程
zh_CN;EKF_BILL_REVREASON;开票凭证的冲销原因
zh_CN;EKF_BILL_TYPE;开票类型
zh_CN;EKF_DOCTYPE;凭证类型
zh_CN;EKF_HBKID;开户行
zh_CN;EKF_HVORG;行项目的主交易
zh_CN;EKF_INVLOCK_KK;开发票锁定
zh_CN;EKF_INVTRIGLOCK;开发票锁定
zh_CN;EKF_INV_CATEGORY;开发票类别
zh_CN;EKF_INV_CRMODE;创建模式
zh_CN;EKF_INV_ITEMTYPE;开发票项目类型
zh_CN;EKF_INV_PROCESS;开发票流程
zh_CN;EKF_INV_TYPE;开发票类型
zh_CN;EKF_ITEMTYPE;开票项目的类型
zh_CN;EKF_REVREASON;冲销原因
zh_CN;EKF_SEGMT;细分报表的细分
zh_CN;EKF_SIMULATED;已模拟开发票请求
zh_CN;EKF_SRCDOCCAT_KK;源凭证类别
zh_CN;EKF_SRCDOCTYPE;源凭证类型
zh_CN;EKF_SRCITEMCAT;源项目类别
zh_CN;EKF_SRCPROCESS_KK;开票凭证的原始流程
zh_CN;EKF_TVORG;凭证项目的子交易
zh_CN;EKF_UMSKZ;特殊总账标识
zh_CN;EPR_MEINS;计量单位
zh_CN;ERP_ABART;释放类型
zh_CN;ERP_ABFER;装运完成类型
zh_CN;ERP_ABGRU;拒绝原因
zh_CN;ERP_ABGSL;结果分析码
zh_CN;ERP_ABLEINH;抄表单位
zh_CN;ERP_ABLEINHEIT;抄表单位
zh_CN;ERP_ABRVORG;开票交易
zh_CN;ERP_ABSTA;拒绝状态
zh_CN;ERP_ABUEB;审批创建参数文件
zh_CN;ERP_ABWST;处理控制
zh_CN;ERP_ACTION_CODE;操作代码
zh_CN;ERP_AFAPL;折旧表
zh_CN;ERP_AFASL;折旧代码
zh_CN;ERP_AIMMO;标识：不动产
zh_CN;ERP_AKKNZ;PM 订单类别标识
zh_CN;ERP_AKTNR;促销
zh_CN;ERP_ANDOR;“或”或“与”链接标识
zh_CN;ERP_ANEQS;完整性标识资产
zh_CN;ERP_ANLKL;资产类
zh_CN;ERP_ANWND;使用银行数据存储的应用程序
zh_CN;ERP_APLID;错误管理
zh_CN;ERP_APPLK;应用程序范围
zh_CN;ERP_APROF;结算参数文件
zh_CN;ERP_AP_VERWE;工作中心类别
zh_CN;ERP_ARGST;总装运成本状态
zh_CN;ERP_ARTPR;优先级类型
zh_CN;ERP_ASTNR;订单状态
zh_CN;ERP_ATTYP;物料类别
zh_CN;ERP_AUART;PP 订单类型
zh_CN;ERP_AUERU;建议最终确认
zh_CN;ERP_AUFSD;客户冻结订单
zh_CN;ERP_AUFTYP;订单类别
zh_CN;ERP_AUGRD;AUGRD_KK
zh_CN;ERP_AUGRD_KK;清算原因 FI-CA
zh_CN;ERP_AUGRU;订单原因
zh_CN;ERP_AUGST_KK;清算状态
zh_CN;ERP_AUREL;与分配表相关
zh_CN;ERP_AUTET;自动 MRP 中的使用
zh_CN;ERP_AUTOMATION;自动创建
zh_CN;ERP_AVORG;结算交易
zh_CN;ERP_AWTYP;参考程序
zh_CN;ERP_BANPR;采购申请处理状态
zh_CN;ERP_BAT_OR_DIA;批处理或对话框
zh_CN;ERP_BCREASON;冲销原因
zh_CN;ERP_BDART;需求类型
zh_CN;ERP_BEDAE;需求类型计划独立需求
zh_CN;ERP_BEDAR;初始开始日期
zh_CN;ERP_BELEGART;凭证类型
zh_CN;ERP_BEL_ART;发票的凭证类型选择
zh_CN;ERP_BERID;MRP 范围
zh_CN;ERP_BESKZ;采购标识
zh_CN;ERP_BESTA;删除确认状态（项目）
zh_CN;ERP_BESTQ;WMS 中的库存类别
zh_CN;ERP_BETYP;需求类型
zh_CN;ERP_BEZOB;强制参考
zh_CN;ERP_BFART;服务级别
zh_CN;ERP_BKLAS;评估类
zh_CN;ERP_BLART;凭证类型
zh_CN;ERP_BLART_KK;凭证类型
zh_CN;ERP_BLCKD;采购申请已冻结
zh_CN;ERP_BL_DOC_TYPE;FM 预算凭证类型
zh_CN;ERP_BSAKZ;采购订单类型的控制标识
zh_CN;ERP_BSARK;采购订单类型
zh_CN;ERP_BSCHL;过账代码
zh_CN;ERP_BSEXT;允许外部采购订单
zh_CN;ERP_BSINT;允许内部采购订单
zh_CN;ERP_BSTAE;确认控制代码
zh_CN;ERP_BSTAT;凭证状态
zh_CN;ERP_BSTYP;采购凭证类别
zh_CN;ERP_BUKRS;公司代码
zh_CN;ERP_BUSAB;会计员
zh_CN;ERP_BU_BPKIND;业务伙伴类型
zh_CN;ERP_BU_GROUP;业务伙伴分组
zh_CN;ERP_BU_TYPE;业务伙伴类别
zh_CN;ERP_BWART;移动类型 IM
zh_CN;ERP_BWKEY;评估范围
zh_CN;ERP_BWLVS;移动类型 WM
zh_CN;ERP_BWTAR;评估类型
zh_CN;ERP_BWVAR;评估变式
zh_CN;ERP_CDTCODE;更改事务
zh_CN;ERP_CHANGE_TYPE;更改类型
zh_CN;ERP_CHARG;批次编号
zh_CN;ERP_CMGST;信用状态
zh_CN;ERP_CONTR_ART;ERP 合同类型
zh_CN;ERP_COTYP;控制配方目标类型
zh_CN;ERP_COUNTRY;ERP 国家/地区
zh_CN;ERP_CO_CRSTAT;控制配方状态
zh_CN;ERP_CO_SELKZ;成本会计行项目的选择标识
zh_CN;ERP_CTLPC;风险类别
zh_CN;ERP_CYCLE_DATE_KK;期间结束日期
zh_CN;ERP_CYCLE_DAY_KK;开票周期
zh_CN;ERP_DELKZ;MRP 元素
zh_CN;ERP_DISLS;批量（物料计划）
zh_CN;ERP_DISMM;MRP 类型
zh_CN;ERP_DISPO;MRP 控制员
zh_CN;ERP_DISVF;MRP 程序
zh_CN;ERP_DOCCAT;凭证类别 EWM
zh_CN;ERP_DOCTYPE_PDI;EWM 入库交货的凭证类型
zh_CN;ERP_DTART;MRP 清单类型
zh_CN;ERP_EBTYP;确认类别
zh_CN;ERP_EFART;输入类型
zh_CN;ERP_EIGKZ;财产标识
zh_CN;ERP_EKGRP;采购组
zh_CN;ERP_EKORG;采购组织
zh_CN;ERP_ENDAR;原始结束日期
zh_CN;ERP_EQART;对象类型
zh_CN;ERP_EQTYP;设备类别
zh_CN;ERP_EQUNR;设备编号
zh_CN;ERP_ERLOESE;收入过账
zh_CN;ERP_ERLRE;完成规则
zh_CN;ERP_ESTAK;采购凭证的状态
zh_CN;ERP_ESTKZ;创建标识
zh_CN;ERP_ETDRK;打印相关
zh_CN;ERP_ETTYP;计划行类别
zh_CN;ERP_E_KOFIZ;IS-U 合同的科目确定
zh_CN;ERP_FAKSD;集中开票冻结客户
zh_CN;ERP_FAKSK;开头冻结抬头
zh_CN;ERP_FAKSP;开票冻结项目
zh_CN;ERP_FAREG;开票规则
zh_CN;ERP_FBGST;计算的总体状态
zh_CN;ERP_FDLEV;计划级别
zh_CN;ERP_FDNAM_SD;字段名称 SD
zh_CN;ERP_FEHGR;不完整程序
zh_CN;ERP_FEH_STA;成本核算状态
zh_CN;ERP_FEVOR;生产计划员（无文本）
zh_CN;ERP_FFPRF;动态项目处理器参数文件
zh_CN;ERP_FIBL_DORIGIN;分组来源
zh_CN;ERP_FICA_INT_REASON;FI-CA：内部争议类型
zh_CN;ERP_FIELD_DESC;表字段描述
zh_CN;ERP_FIKRS;财务管理范围
zh_CN;ERP_FKART;开票类型
zh_CN;ERP_FKART_T;装运成本类型
zh_CN;ERP_FKBER;功能范围
zh_CN;ERP_FKIVP;IV 开票项目状态
zh_CN;ERP_FKPTY;项目类别装运成本
zh_CN;ERP_FKREL;与开票相关
zh_CN;ERP_FKSAA;开票状态项目订单下达
zh_CN;ERP_FKSTA;开票状态（交货）
zh_CN;ERP_FKSTK;开票状态
zh_CN;ERP_FKSTO;已取消开票凭证
zh_CN;ERP_FKTYP;开票类别
zh_CN;ERP_FM_BTART;金额类型 (FM)
zh_CN;ERP_FM_WRTTP;值类型 (FM)
zh_CN;ERP_FPART;开票计划类型
zh_CN;ERP_FPTYP;开票计划类别
zh_CN;ERP_FRGGR;下达组
zh_CN;ERP_FRGKE;采购凭证中的下达标识
zh_CN;ERP_FRGKZ;下达标识
zh_CN;ERP_FRGSX;下达策略
zh_CN;ERP_FRKRL;装运成本相关性
zh_CN;ERP_FSSTA;开票冻结状态项目
zh_CN;ERP_FSTAG;字段状态组
zh_CN;ERP_GBSTA;总体采购状态（项目）
zh_CN;ERP_GBSTK;总体采购状态（抬头）
zh_CN;ERP_GLVOR;业务交易
zh_CN;ERP_GPART;业务伙伴
zh_CN;ERP_GRDTX;差异原因
zh_CN;ERP_GRPID;批输入会话
zh_CN;ERP_GRUND;库存差异原因
zh_CN;ERP_GSBER;业务范围
zh_CN;ERP_HERKUNFT;检验批次来源
zh_CN;ERP_HERKZ;通知来源
zh_CN;ERP_HKONT;总账科目
zh_CN;ERP_HKTID;科目标识详细信息
zh_CN;ERP_HORIZ;区间
zh_CN;ERP_HORIZ_QUALIFIER;调用区间的限定符
zh_CN;ERP_HVORG;主要交易
zh_CN;ERP_ILART;维护活动类型
zh_CN;ERP_IM_PROFIL;投资计量参数文件
zh_CN;ERP_INACT;标识：状态处于非活动
zh_CN;ERP_INCO1;国际贸易条款（第 1 部分）
zh_CN;ERP_INGRP;计划员组
zh_CN;ERP_INSMK;库存类型
zh_CN;ERP_INTAG;解释算法
zh_CN;ERP_ISTAT_D;计划状态
zh_CN;ERP_ITEM_CATEGORY;EWM 项目类别
zh_CN;ERP_IVTYPE;IV 类别
zh_CN;ERP_IWERK_INGRP;工厂 + 计划员组
zh_CN;ERP_KALKA;成本核算类型
zh_CN;ERP_KALNR;生产成本估算编号
zh_CN;ERP_KALSM_SD;SD 中的定价程序
zh_CN;ERP_KAPPL;应用程序
zh_CN;ERP_KBLART;凭证类型：手动凭证条目
zh_CN;ERP_KBLTYP;专项资金凭证类别
zh_CN;ERP_KBNKZ;看板标识
zh_CN;ERP_KHERK;条件来源
zh_CN;ERP_KKBER;信用控制范围
zh_CN;ERP_KLIMP;执行信用额度检查
zh_CN;ERP_KLVAR;成本核算变式
zh_CN;ERP_KMANU;处理手动条件
zh_CN;ERP_KMEIN;凭证中的条件单位
zh_CN;ERP_KNPRS;定价类型
zh_CN;ERP_KNTTP;科目分配类别
zh_CN;ERP_KOARS;账户类型
zh_CN;ERP_KOART;账户类型
zh_CN;ERP_KOFIZ_KK;科目确定标识
zh_CN;ERP_KOKRS;成本控制范围
zh_CN;ERP_KOSTA;拣配状态/入库状态
zh_CN;ERP_KOSTK;拣配状态
zh_CN;ERP_KOSTL;成本中心
zh_CN;ERP_KOWRR;统计值
zh_CN;ERP_KSCHL;条件类型
zh_CN;ERP_KSTAR;成本要素
zh_CN;ERP_KSTEU;条件控制
zh_CN;ERP_KTGRD;客户科目分配组
zh_CN;ERP_KTGRM;物料科目分配组
zh_CN;ERP_KTOGR;科目确定
zh_CN;ERP_KTOKD;客户科目组
zh_CN;ERP_KTOKK;供应商科目组
zh_CN;ERP_KTOKL;账户类
zh_CN;ERP_KTOPL;科目表
zh_CN;ERP_KUKLA;客户分类
zh_CN;ERP_KUNNR;客户
zh_CN;ERP_KZVBR;消耗过账
zh_CN;ERP_LAUFI;付款运行标识
zh_CN;ERP_LAUFK;段标识
zh_CN;ERP_LBWST;评估策略
zh_CN;ERP_LDEST;假脱机：输出设备
zh_CN;ERP_LFART;交货类型
zh_CN;ERP_LFGSA;交货状态
zh_CN;ERP_LGNUM;仓库编号
zh_CN;ERP_LGORT;存储地点
zh_CN;ERP_LGTYP;存储类型
zh_CN;ERP_LIEF;工序外部处理
zh_CN;ERP_LIFNR;供应商
zh_CN;ERP_LIFSD;集中交货冻结客户
zh_CN;ERP_LIFSK;交货冻结抬头
zh_CN;ERP_LIFSP;交货冻结项目
zh_CN;ERP_LISOF;立即创建交货
zh_CN;ERP_LLAND;目的地国家/地区
zh_CN;ERP_LOCKR;锁定原因
zh_CN;ERP_LOEKZ;采购凭证中的删除标识
zh_CN;ERP_LOEKZ_ESSR;条目表中的删除标识
zh_CN;ERP_LOGSYSTEM;逻辑系统
zh_CN;ERP_LOTYP;锁定对象类别
zh_CN;ERP_LPRIO;交货优先级
zh_CN;ERP_LSSTA;交货冻结状态
zh_CN;ERP_LSSTK;总体交货冻结状态
zh_CN;ERP_LVSTA;WM 活动状态
zh_CN;ERP_LVSTK;WM 状态
zh_CN;ERP_MAABC;ABC 标识
zh_CN;ERP_MABER;催款范围
zh_CN;ERP_MAFID;记录类型
zh_CN;ERP_MAGRV;物料组包装物料
zh_CN;ERP_MAHNA;催款程序
zh_CN;ERP_MAHNV;催款程序
zh_CN;ERP_MANOUTSORT;开票中的手动 OS
zh_CN;ERP_MANOUTS_IN;开发票中的手动异常原因
zh_CN;ERP_MANSP;催款冻结
zh_CN;ERP_MANST;催款级别
zh_CN;ERP_MANUAL;手动生成
zh_CN;ERP_MANUE;已手动处理消息
zh_CN;ERP_MANUR;确认类型的标识
zh_CN;ERP_MATKL;物料组
zh_CN;ERP_MATNR;物料编号
zh_CN;ERP_MEDKZ;计划订单分配
zh_CN;ERP_MEILR;里程碑确认
zh_CN;ERP_MEPROCSTATE;采购凭证处理状态
zh_CN;ERP_MITKZ;调整标识
zh_CN;ERP_MKSP;生产版本已锁定
zh_CN;ERP_MMSTA;工厂特定物料状态
zh_CN;ERP_MODIFLAG;可更改
zh_CN;ERP_MPTYP;维护计划类别
zh_CN;ERP_MRM_ZLSPR;物流付款冻结
zh_CN;ERP_MSCHL;催款代码
zh_CN;ERP_MSGAR;消息类型
zh_CN;ERP_MSTAE;跨物料状态
zh_CN;ERP_MSTYP_KK;催款级别类别
zh_CN;ERP_MTART;物料类型
zh_CN;ERP_MTVFP;可用性检查的检查组
zh_CN;ERP_NABPF;不适用于结算
zh_CN;ERP_NACHA;消息传输媒介
zh_CN;ERP_NCOST;无成本核算
zh_CN;ERP_NODIS;请求记录与 MRP 不相关
zh_CN;ERP_NO_DISP_PLUS;对物料计划有效
zh_CN;ERP_OBART;对象类型
zh_CN;ERP_OBJTYPE;对象类型
zh_CN;ERP_OBLACT;承诺管理处于活动状态
zh_CN;ERP_OBLIGO;承诺管理处于活动状态
zh_CN;ERP_OTYPE;对象类型
zh_CN;ERP_PAART;订单类型计划订单
zh_CN;ERP_PARTNER;ERP 业务伙伴
zh_CN;ERP_PARVW;合作伙伴职能
zh_CN;ERP_PDSTA;项目级别的 POD 状态
zh_CN;ERP_PDSTK;交货证明状态
zh_CN;ERP_PERBZ;结算类型
zh_CN;ERP_PERIO;下一开票日期
zh_CN;ERP_PERIV;会计年度变式
zh_CN;ERP_PKSTA;项目的拣配状态
zh_CN;ERP_PLANV;任务清单使用的 ERP 代码
zh_CN;ERP_PLAN_SORT;维护计划排序字段
zh_CN;ERP_PLKNZ;PM 订单计划标识
zh_CN;ERP_PLNST;任务清单状态
zh_CN;ERP_PLNTY;任务清单类型
zh_CN;ERP_PLSCN;计划场景
zh_CN;ERP_PMCS_IND;PM/CS 标识
zh_CN;ERP_POKEN;消息编号
zh_CN;ERP_PORTION;比例
zh_CN;ERP_POSAR;项目类型
zh_CN;ERP_POSTP;项目类别（物料清单）
zh_CN;ERP_PO_ART;ERP 采购订单类型
zh_CN;ERP_PO_LOEKZ;采购中的交货标识
zh_CN;ERP_PO_PSTYP;ERP 采购订单过账类型
zh_CN;ERP_PPROF;计划参数文件
zh_CN;ERP_PRART;项目类型
zh_CN;ERP_PRCTR;利润中心
zh_CN;ERP_PRDNR;产品编号
zh_CN;ERP_PRFG;检查状态
zh_CN;ERP_PRINTLOCK;凭证已冻结打印
zh_CN;ERP_PRIOK;优先级
zh_CN;ERP_PROCESSING_TYPE;处理类型
zh_CN;ERP_PROCTY;仓库流程类型
zh_CN;ERP_PRODH_D;产品层次结构
zh_CN;ERP_PROFL;项目参数文件
zh_CN;ERP_PROID;流程代码
zh_CN;ERP_PR_ART;ERP 采购申请类型
zh_CN;ERP_PR_PSTYP;ERP 采购申请项目类型
zh_CN;ERP_PR_STATU;采购申请的处理状态
zh_CN;ERP_PSPID;项目定义
zh_CN;ERP_PSTYV;项目类别
zh_CN;ERP_PS_POSID;WBS 元素（外部）
zh_CN;ERP_PS_POSNR;WBS 元素（内部）
zh_CN;ERP_PS_ZUORD;网络分配
zh_CN;ERP_QBEWERTUNG;代码评估
zh_CN;ERP_QMART;通知类型
zh_CN;ERP_QMTYP;QM 通知类别
zh_CN;ERP_QM_PHASE;通知处理阶段
zh_CN;ERP_QPART;检验类型
zh_CN;ERP_QSPERRFKT;将要冻结的功能
zh_CN;ERP_RBSTAT;发票凭证状态
zh_CN;ERP_REASON;创建打印凭证的原因
zh_CN;ERP_RECIPE_PRO;ERP 配方参数文件
zh_CN;ERP_RECNNTPARTY;不动产通知发出人
zh_CN;ERP_RECNNTREASON;不动产通知原因
zh_CN;ERP_RECNNTREASONREJ;不动产拒绝原因
zh_CN;ERP_RECNTYPE;不动产合同类型
zh_CN;ERP_REDUCTION_AMOUNT;扣减金额
zh_CN;ERP_REFERENCE;分配给凭证
zh_CN;ERP_REFPLAN;分配到计划订单
zh_CN;ERP_REFPREQ;分配到采购申请
zh_CN;ERP_REF_MNTPLAN;创建标识 PM
zh_CN;ERP_REPTP;生产类型
zh_CN;ERP_REVNR;PM 修订
zh_CN;ERP_RE_CATEGORY;不动产合同类别
zh_CN;ERP_RE_RELEVANTEVAL;不动产评估相关性
zh_CN;ERP_RE_USERSUPPLIER;不动产用户/供应商
zh_CN;ERP_RFBSK;过账状态
zh_CN;ERP_RFGSA;参考的总体状态
zh_CN;ERP_RFSTA;参考状态
zh_CN;ERP_RGEKZ;标识：订单反冲
zh_CN;ERP_RLDNR;总账会计中的分类账
zh_CN;ERP_ROUTE;ERP 路由
zh_CN;ERP_ROUTE_PRO;ERP 路由参数文件
zh_CN;ERP_RUEK;完成确认
zh_CN;ERP_SATZA;确认的记录类型
zh_CN;ERP_SCMGCASE_TYPE;案例类型
zh_CN;ERP_SCOPE;对象类
zh_CN;ERP_SDABW;特殊处理标识
zh_CN;ERP_SD_AUART;销售凭证类型
zh_CN;ERP_SFCPF;生产计划参数文件（无文本）
zh_CN;ERP_SFEPR;重复制造参数文件
zh_CN;ERP_SHKZG;借/贷标识
zh_CN;ERP_SHTYP;装运类型
zh_CN;ERP_SIMULATION;标识：开票模拟
zh_CN;ERP_SOBES;特殊采购标识
zh_CN;ERP_SOBKZ;特殊库存标识
zh_CN;ERP_SOBSL;特殊采购类型
zh_CN;ERP_SPART;产品组
zh_CN;ERP_SPERR;库存盘点冻结标识
zh_CN;ERP_SPGRU;冻结原因
zh_CN;ERP_SPLEV;付款冻结级别
zh_CN;ERP_SPRAS;消息语言
zh_CN;ERP_STABR;对账单传输（装运成本项目）
zh_CN;ERP_STAGAREA;备货区
zh_CN;ERP_STAGAREAGR;备货区组
zh_CN;ERP_STATG;状态组
zh_CN;ERP_STATUS;对象状态
zh_CN;ERP_STATUS_SYSTEM;JEST 系统状态
zh_CN;ERP_STATUS_VALUE;状态值 (EWM)
zh_CN;ERP_STATUS_VT_KK;供方合同状态
zh_CN;ERP_STAT_PARA;案例的系统状态
zh_CN;ERP_STBER;状态计算（装运成本项目）
zh_CN;ERP_STEUS;ERP 控制代码
zh_CN;ERP_STFRE;状态科目确定
zh_CN;ERP_STGRD;冲销原因
zh_CN;ERP_STICH;计划标识
zh_CN;ERP_STLAL_NOTXT;备选物料清单（无文本）
zh_CN;ERP_STLAN;物料清单使用
zh_CN;ERP_STLST;物料清单状态
zh_CN;ERP_STRAT;维护策略
zh_CN;ERP_STRGR;计划策略组
zh_CN;ERP_STSMA;状态参数文件
zh_CN;ERP_STTRG;运输状态
zh_CN;ERP_STTXT;维护状态
zh_CN;ERP_STUFE;级别（不含文本的语义标识）
zh_CN;ERP_TABNAME;表名称
zh_CN;ERP_TABNAMVB;表名称 SD
zh_CN;ERP_TARIFTYP;费率类别
zh_CN;ERP_TDARMOD;打印：归档模式
zh_CN;ERP_TEST_OR_PROD;测试运行或生产运行
zh_CN;ERP_TETXT;日期描述
zh_CN;ERP_TPLNR;功能位置
zh_CN;ERP_TPLST;运输计划点
zh_CN;ERP_TRAGR;运输组
zh_CN;ERP_TRIGSTAT;开票订单的状态
zh_CN;ERP_TRMER;计划错误
zh_CN;ERP_TRSPG;装运冻结原因
zh_CN;ERP_TRSTA;运输计划状态
zh_CN;ERP_UPDTM;更新物料
zh_CN;ERP_UPTYP;子项目类别
zh_CN;ERP_USTXT;自发申请组
zh_CN;ERP_UVALL;普遍不完整
zh_CN;ERP_UVFAK;开票不完整
zh_CN;ERP_UVPAK;包装不完整
zh_CN;ERP_UVPIK;拣配/入库不完整
zh_CN;ERP_UVPRS;定价不完整
zh_CN;ERP_UVVLK;交货不完整
zh_CN;ERP_UVWAK;货物移动不完整
zh_CN;ERP_VALIDATION;开票验证
zh_CN;ERP_VALIDAT_IN;开发票名称验证
zh_CN;ERP_VAUNA;回溯开票
zh_CN;ERP_VBTYP;销售和分销凭证类别
zh_CN;ERP_VBUND;贸易伙伴
zh_CN;ERP_VERANTX;工作中心负责人
zh_CN;ERP_VERID;生产版本（无文本）
zh_CN;ERP_VERNR;项目的负责人
zh_CN;ERP_VERWE;任务清单使用
zh_CN;ERP_VGABE;交易/事件类型
zh_CN;ERP_VGART;交易类型
zh_CN;ERP_VGEXT;外部业务交易（无文本）
zh_CN;ERP_VGINT;过账规则
zh_CN;ERP_VGMAN;交易
zh_CN;ERP_VGTYP;交易类型
zh_CN;ERP_VKBUR;销售办事处
zh_CN;ERP_VKGRP;销售组
zh_CN;ERP_VKONT;合同科目
zh_CN;ERP_VKORG;ERP 销售组织
zh_CN;ERP_VLFKZ;工厂类别
zh_CN;ERP_VMSTA;SD 物料状态
zh_CN;ERP_VPRSV;价格控制标识
zh_CN;ERP_VRGNG;业务交易
zh_CN;ERP_VSART;装运类型
zh_CN;ERP_VSBED;装运条件
zh_CN;ERP_VSTEL;装运点
zh_CN;ERP_VSZTP;调度时间
zh_CN;ERP_VTWEG;分销渠道
zh_CN;ERP_WARPL;维护计划
zh_CN;ERP_WBSTA;GM 状态
zh_CN;ERP_WBSTK;总体 GM 状态
zh_CN;ERP_WERK;工厂
zh_CN;ERP_WHNO;仓库编号
zh_CN;ERP_WMAK;物料类型标识
zh_CN;ERP_XGWGK;LVA 检查：金额或数量
zh_CN;ERP_XREVERSAL;冲销标识
zh_CN;ERP_ZAHLKOND;付款条件
zh_CN;ERP_ZAHLS;付款的冻结代码
zh_CN;ERP_ZBFIX;付款条件集
zh_CN;ERP_ZEITPKT;事件
zh_CN;ERP_ZLSCH;付款方式
zh_CN;ERP_ZLSPR;付款冻结代码
zh_CN;ERP_ZTERM;付款条款
zh_CN;ERP_ZUAWA;根本分配编号排序键值
zh_CN;ERP_ZWELS;付款方式（无文本）
zh_CN;EWM_AAREA;活动范围
zh_CN;EWM_ACT_TYPE;活动类型
zh_CN;EWM_ADJUST_QTY;数量调整
zh_CN;EWM_CAT;库存类型
zh_CN;EWM_DE_WCRTYPE;仓库订单创建规则类别
zh_CN;EWM_DE_WHOSTAT;仓库订单状态
zh_CN;EWM_DOCTYPE;凭证类型
zh_CN;EWM_EXCEPT;例外代码
zh_CN;EWM_ITEMTYPE;仓库流程的项目类型
zh_CN;EWM_LGBER;仓储分区
zh_CN;EWM_LGNUM;仓库编号 EWM
zh_CN;EWM_LGTYP;存储类型
zh_CN;EWM_LPTYP;仓位类型
zh_CN;EWM_MATNR;产品编号
zh_CN;EWM_PARTY_ROLE;合作伙伴角色
zh_CN;EWM_PRCODE;流程代码
zh_CN;EWM_PROCTYPE;流程类型
zh_CN;EWM_QUEUE;队列
zh_CN;EWM_ROUTE;路由
zh_CN;EWM_TOSTAT;仓库任务状态
zh_CN;EWM_TRART;仓库流程类别
zh_CN;EWM_WAVECAT;波次类别
zh_CN;EWM_WAVETYPE;波次类型
zh_CN;EWM_WCR;仓库订单创建规则
zh_CN;EWM_WTCODE;仓库任务的特殊功能
zh_CN;EW_STOCK_DOCCAT;类型：SO 库存或项目库存
zh_CN;FSCM_CATEGORY;类别
zh_CN;FSCM_FIN_P2P_STATE;付款承诺状态
zh_CN;FSCM_P2P_LEVEL;付款承诺级别
zh_CN;FSCM_REASON_CODE;原因代码
zh_CN;GRC_LOGSYS;逻辑系统
zh_CN;ISU_ABLESART;计划抄表类别
zh_CN;ISU_ABLESARTST;MR 控制
zh_CN;ISU_ABLSPERR;冻结抄表原因
zh_CN;ISU_ABLSTAT;抄表状态
zh_CN;ISU_ABRFREIG;释放开票原因
zh_CN;ISU_ABRSPERR;冻结开票原因
zh_CN;ISU_AKLASSE;开票类
zh_CN;ISU_AKTIV;抄表处于活动状态
zh_CN;ISU_GEMFAKT;联合开发票
zh_CN;ISU_INVOICING_PARTY;公用事业开发票方
zh_CN;ISU_ISTABLART;抄表类型
zh_CN;ISU_PRUEFPKT;独立验证
zh_CN;ISU_VSTELLE;场所
zh_CN;SCMO_APPLICATION;SCMO 应用程序
zh_CN;SCMO_APP_STATUS;应用程序状态
zh_CN;SRM_BBP_METYPE;传输媒介
zh_CN;SRM_BE_DOC_TYPE;采购申请凭证类型
zh_CN;SRM_BID_TYPE;RFx 的类型
zh_CN;SRM_BID_VALIDATION;投标验证
zh_CN;SRM_CATEGORY_ID;SRM 类别标识（无文本）
zh_CN;SRM_CHECK_IND;项目级别的检查标识
zh_CN;SRM_INCOTERM;国际贸易条款代码
zh_CN;SRM_ITM_RELEASED;SRM 项目状态
zh_CN;SRM_LOCATION;SAP SRM 中的位置
zh_CN;SRM_LOGSYS;原始系统
zh_CN;SRM_OBJECT_TYPE;交易类别
zh_CN;SRM_OBJ_TYPE;后端系统中的对象类型
zh_CN;SRM_ORG_UNIT;SRM 中的组织单位 (HRP1000)
zh_CN;SRM_PROCESSING_TYPE;处理类型
zh_CN;SRM_PROCESS_BLOCKED;活动/非活动交易
zh_CN;SRM_PRODUCT_TYPE;产品类型
zh_CN;SRM_SUBTYPE;业务凭证的说明
zh_CN;SRM_SUBTYPE_I;凭证项目的说明
zh_CN;SRM_SUPPLIER;SAP SRM 中的供应商
zh_CN;SRM_USE_CONDITIONS;投标：确定投标中的价格信息
zh_CN;SRM_VERSION_TYPE;版本类型
zh_CN;TIME;时间
zh_CN;TM_CONS_ALLOWED;允许合并
zh_CN;TM_CREATION_TYPE;创建类型
zh_CN;TM_ENABLE_CHARGE_CAL;启用费用计算
zh_CN;TM_ENABLE_SETTLEMENT;启用结算
zh_CN;TM_ERP_SHP_REL;凭证创建相关性
zh_CN;TM_ITEM_CAT;项目类别
zh_CN;TM_LOGSYS;TM 逻辑系统（发送方系统）
zh_CN;TM_MOT;TM 运输模式
zh_CN;TM_MOT_CAT;TM 运输模式类别
zh_CN;TM_MOVEM_TYPE;TM 移动类型
zh_CN;TM_ORG_UNIT;TM 中的组织单位 (HRP1000)
zh_CN;TM_PLN_SCT_REL;转包相关性
zh_CN;TM_SET_BY_SERVICE;条目来源
zh_CN;TM_SHIPPING_TYPE;TM 装运类型
zh_CN;TM_SHPM_TRANSM;传输到 ERP 状态
zh_CN;TM_TOR_CAT;TM TOR 类别
zh_CN;TM_TOR_TYPE;TM TOR 类型
zh_CN;TM_TRAFFIC_DIRECT;TM 货物流向
zh_CN;TM_TRQ_CAT;TM TRQ 类别
zh_CN;TM_TRQ_TYPE;TM TRQ 类型
zh_CN;TZONE;时区