locale;id;text;longText
de;TREND_PPI;Trends des Performance-Indikators;Fügen Sie eine Trendanalyse für einen Performance-Indikator hinzu.
de;CORRECTION_RECOMMENDATIONS;Wichtigste Korrekturempfehlungen;Fügen Sie eine Liste mit den relevantesten Korrekturempfehlungen hinzu.
de;INNOVATION_RECOMMENDATIONS;Wichtigste Innovationsempfehlungen;Fügen Sie eine Liste mit den relevantesten Innovationsempfehlungen hinzu.
de;PROCESS_FLOWS;Wichtigste Prozessabläufe;Fügen Sie eine Liste mit den relevantesten Prozessabläufen hinzu.
de;PERFORMANCE_INDICATORS;Wichtigste Performance-Indikatoren;Fügen Sie eine Liste mit den relevantesten Performance-Indikatoren hinzu.
de;PF_FAVORITES;Bevorzugte Prozessabläufe;Fügen Sie eine Liste mit Lesezeichen für Ihre bevorzugten Prozessabläufe hinzu.
de;PPI_FAVORITES;Bevorzugte Performance-Indikatoren;Fügen Sie eine Liste mit Lesezeichen für Ihre bevorzugten Performance-Indikatoren hinzu.
de;CR_FAVORITES;Bevorzugte Korrekturempfehlungen;Fügen Sie eine Liste mit Lesezeichen für Ihre bevorzugten Korrekturempfehlungen hinzu.