locale;id;name
ja;AERO;航空宇宙および防衛
ja;AUTO;自動車
ja;BANK;銀行
ja;BUILD;建材
ja;RAIL;貨物輸送およびロジスティクス
ja;CHEM;化学製品
ja;CP;消費財
ja;DEFAULT;業界共通 (業界固有ではない)
ja;DEFSEC;防衛とセキュリティ
ja;ECO;エンジニアリング・建設
ja;HEALTH;医療
ja;HIGHTECH;ハイテク
ja;EDU;高等教育および研究
ja;IMC;工業生産
ja;INSUR;保険
ja;LIFE;ライフサイエンス
ja;MEDIA;メディア
ja;MILL;ミル製品
ja;MINING;鉱業
ja;OIL;石油・ガス・エネルギー
ja;AIR;旅行・レジャー
ja;PROFSVC;プロフェッショナルサービス
ja;PUBLIC;公共セクター
ja;RETAIL;小売
ja;SPO;スポーツ
ja;TELE;通信
ja;UTILITY;公益産業
ja;WHOLE;卸売販売