locale;id;text
en_US_sappsd;ACC;[[[Āċċŏűŋţş∙∙∙∙∙∙]]]
en_US_sappsd;ACTIONS;[[[Āċţįŏŋş∙∙∙∙∙∙∙]]]
en_US_sappsd;BATCHES;[[[Ɓąţċĥēş∙∙∙∙∙∙∙]]]
en_US_sappsd;CHN;[[[Ĉĥąŋğēş∙∙∙∙∙∙∙]]]
en_US_sappsd;COMBN;[[[Ĉŏɱƃįŋąţįŏŋş∙∙∙∙∙∙∙]]]
en_US_sappsd;COND;[[[Ĉŏŋƌįţįŏŋş∙∙∙∙]]]
en_US_sappsd;CUST;[[[Ĉűşţŏɱēŗş∙∙∙∙∙]]]
en_US_sappsd;DATES;[[[Ďąţēş∙∙∙∙∙∙∙∙∙]]]
en_US_sappsd;DAYS;[[[Ďąŷş]]]
en_US_sappsd;DOC;[[[Ďŏċűɱēŋţş∙∙∙∙∙]]]
en_US_sappsd;DUMPS;[[[Ďűɱρş∙∙∙∙∙∙∙∙∙]]]
en_US_sappsd;ENTRIES;[[[Ĕŋţŗįēş∙∙∙∙∙∙∙]]]
en_US_sappsd;EXCEP;[[[Ĕχċēρţįŏŋş∙∙∙∙]]]
en_US_sappsd;FLD;[[[Ƒįēĺƌş∙∙∙∙∙∙∙∙]]]
en_US_sappsd;H;[[[Ĥŏűŗş∙∙∙∙∙∙∙∙∙]]]
en_US_sappsd;ITEMS;[[[Ĭţēɱş∙∙∙∙∙∙∙∙∙]]]
en_US_sappsd;ITEMSSL;[[[Ŝċĥēƌűĺē Ļįŋē Ĭţēɱş∙∙∙∙∙]]]
en_US_sappsd;LEAVE_REQ;[[[Ļēąʋē Řēƣűēşţş∙∙∙∙∙]]]
en_US_sappsd;MAT;[[[Μąţēŗįąĺş∙∙∙∙∙]]]
en_US_sappsd;MESSAGES;[[[Μēşşąğēş∙∙∙∙∙∙]]]
en_US_sappsd;MIN;[[[Μįŋűţēş∙∙∙∙∙∙∙]]]
en_US_sappsd;MS;[[[Μįĺĺįşēċŏŋƌş∙∙∙∙∙∙∙]]]
en_US_sappsd;NUMB_RANGE;[[[Ńűɱƃēŗ Řąŋğēş∙∙∙∙∙∙]]]
en_US_sappsd;OBJECTS;[[[Ŏƃĵēċţş∙∙∙∙∙∙∙]]]
en_US_sappsd;PERCENT;[[[Ƥēŗċēŋţ∙∙∙∙∙∙∙]]]
en_US_sappsd;QUANTS;[[[Ǭűąŋţş∙∙∙∙∙∙∙∙]]]
en_US_sappsd;SEC;[[[Ŝēċŏŋƌş∙∙∙∙∙∙∙]]]
en_US_sappsd;TRP;[[[Ţŗįρş∙∙∙∙∙∙∙∙∙]]]
en_US_sappsd;TRP_REQ;[[[Ţŗįρ Řēƣűēşţş∙∙∙∙∙∙]]]
en_US_sappsd;USE;[[[Ůşąğēş∙∙∙∙∙∙∙∙]]]
en_US_sappsd;VEN;[[[Ʋēŋƌŏŗş∙∙∙∙∙∙∙]]]
en_US_sappsd;VHCL;[[[Ʋēĥįċĺēş∙∙∙∙∙∙]]]