locale;kpiId;phaseId;title;subtitle
ko;CPACM00160;10;소싱 및 조달;계약 작업 공간
ko;CPAOP00160;10;소싱 및 조달;구매 요청
ko;CPAOP00160;20;소싱 및 조달;구매 오더
ko;CPAOP00161;10;소싱 및 조달;구매 오더
ko;CPAOP00161;20;공급망;상품 이동
ko;CPAOP00161;30;재무;공급업체 송장
ko;CPAOP00162;10;재무;공급업체 송장
ko;CPAOP00162;20;재무;송장 지급
ko;CPAOP00163;10;소싱 및 조달;구매 오더
ko;CPAOP00163;20;재무;공급업체 송장
ko;CPASC00160;10;소싱 및 조달;소싱 요청
ko;CPASC00160;20;소싱 및 조달;소싱 프로젝트
ko;CPASC00160;30;소싱 및 조달;소싱 이벤트
ko;CPASC00160;40;소싱 및 조달;소싱 프로젝트
ko;CPASC00161;10;소싱 및 조달;소싱 프로젝트
ko;CPASC00161;20;소싱 및 조달;소싱 이벤트
ko;CPASC00161;30;소싱 및 조달;소싱 프로젝트
ko;CPASC00163;10;소싱 및 조달;소싱 이벤트
ko;CPASC00163;20;소싱 및 조달;입찰
ko;CPASC00163;30;소싱 및 조달;소싱 이벤트
ko;CPASC00164;10;소싱 및 조달;소싱 이벤트
ko;CPASC00164;20;소싱 및 조달;입찰
ko;CPASC00164;30;소싱 및 조달;소싱 이벤트
ko;CPASC00165;10;소싱 및 조달;소싱 이벤트
ko;CPASC00165;20;소싱 및 조달;입찰
ko;CPASC00165;30;소싱 및 조달;소싱 이벤트
ko;CPASM00160;10;소싱 및 조달;공급업체 요청
ko;CPASM00160;20;소싱 및 조달;공급업체 등록
ko;CPASM00161;10;소싱 및 조달;공급업체 심사
ko;KBSRM00160;10;조달;장바구니
ko;KBSRM00160;20;조달;구매 문서
ko;KBSRM00760;10;조달;입찰 초대
ko;KBSRM00760;20;조달;벤더 입찰(견적)
ko;KBSRM00761;10;조달;경매
ko;KBSRM00761;20;조달;벤더 입찰(견적)
ko;KCSAL00660;10;판매;기회
ko;KCSAL00660;20;판매;비즈니스 액티비티
ko;KCSAL00660;30;판매;태스크
ko;KCSAL00660;40;판매;기회
ko;KFFI000960;10;재무;회계 문서
ko;KFFI000960;20;재무;반제 문서
ko;KFFI000961;10;재무;회계 문서
ko;KFFI000961;20;재무;반제 문서
ko;KFFI001060;10;재무;회계 문서
ko;KFFI001060;20;재무;반제 문서
ko;KFFI001061;10;재무;회계 문서
ko;KFFI001061;20;재무;반제 문서
ko;KFFI001860;10;재무;자산 마스터
ko;KFFI001860;20;재무 및 조달;회계 문서
ko;KFFI001860;30;재무;정산 문서
ko;KFFI001860;40;재무;자산 마스터
ko;KFFI001861;10;재무;자산 마스터
ko;KFFI001861;20;재무 및 조달;회계 문서
ko;KFFI001861;30;재무;감가상각 게시
ko;KFFI001861;40;재무;자산 게시
ko;KFFI001861;50;재무;자산 마스터
ko;KFFI001960;10;재무;회계 문서
ko;KFFI001960;20;재무;반제 문서
ko;KFFI002260;10;재무;회계 문서
ko;KFFI002260;20;재무;반제 문서
ko;KFFI002360;10;재무;제품 원가 취합처
ko;KFFI002360;20;제조;계획 오더 확인
ko;KFFI002360;30;제조/금융;자재 정산
ko;KFFI002660;10;판매;프로바이더 계약
ko;KFFI002660;20;판매;청구 문서
ko;KFFI002660;30;판매;송장 처리 문서
ko;KIAUT00160;10;제조;실행 일정 수량
ko;KIAUT00160;20;공급망;창고 재고
ko;KIAUT00160;30;조달;구매 오더 / 구매 요청 / 일정 계약
ko;KIAUT00160;40;제조;실행 일정 수량
ko;KIISU00160;10;판매;계약
ko;KIISU00160;20;판매;검침 오더
ko;KIISU00160;30;판매;청구 문서
ko;KIISU00160;40;판매;인쇄 문서
ko;KIISU00160;50;재무;계약 회계 문서
ko;KIISU00161;10;판매;청구 오더
ko;KIISU00161;20;판매;검침 오더
ko;KIISU00161;30;판매;계약
ko;KIISU00161;40;판매;청구 오더
ko;KIISU00162;10;판매;청구 오더
ko;KIISU00162;20;판매;검침 오더
ko;KIISU00162;30;판매;계약
ko;KIISU00162;40;판매;청구 오더
ko;KIISU00260;10;판매;청구 문서
ko;KIISU00260;20;판매;인쇄 문서
ko;KIISU00261;10;판매;청구 문서
ko;KIISU00261;20;판매;인쇄 문서
ko;KIISU00360;10;판매;인쇄 문서
ko;KIISU00360;20;재무;회계 문서
ko;KIISU00361;10;판매;인쇄 문서
ko;KIISU00361;20;재무;회계 문서
ko;KIRET00460;10;소싱 및 조달;재고 운송 오더
ko;KIRET00460;20;공급망;보충 납품
ko;KIRET00460;30;공급망;상품 이동
ko;KIRET00461;10;소싱 및 조달;재고 운송 오더
ko;KIRET00461;20;공급망;보충 납품
ko;KIRET00461;30;공급망;상품 이동
ko;KIRET00462;10;소싱 및 조달;재고 운송 오더
ko;KIRET00462;20;공급망;보충 납품
ko;KIRET00462;30;공급망;상품 이동
ko;KIRET00463;10;소싱 및 조달;재고 운송 오더
ko;KIRET00463;20;공급망;보충 납품
ko;KIRET00463;30;공급망;상품 이동
ko;KIRET00464;10;소싱 및 조달;재고 운송 오더
ko;KIRET00464;20;공급망;보충 납품
ko;KIRET00464;30;공급망;상품 이동
ko;KIRET00464;40;재무;회계 문서
ko;KIRET00465;10;소싱 및 조달;재고 운송 오더
ko;KIRET00465;20;공급망;보충 납품
ko;KIRET00465;30;공급망;상품 이동
ko;KIRET00465;40;재무;회계 문서
ko;KIRET00466;10;소싱 및 조달;재고 운송 오더
ko;KIRET00466;20;공급망;보충 납품
ko;KIRET00466;30;공급망;상품 이동
ko;KIRET00466;40;재무;회계 문서
ko;KIRET00467;10;소싱 및 조달;재고 운송 오더
ko;KIRET00467;20;공급망;보충 납품
ko;KIRET00467;30;공급망;상품 이동
ko;KIRET00467;40;재무;회계 문서
ko;KIRET00560;10;소싱 및 조달;구매 오더
ko;KIRET00560;20;공급망;상품 이동
ko;KIRET00560;30;재무;공급업체 송장
ko;KIRET00561;10;소싱 및 조달;구매 오더
ko;KIRET00561;20;공급망;상품 이동
ko;KIRET00561;30;재무;공급업체 송장
ko;KIRET00562;10;소싱 및 조달;구매 오더
ko;KIRET00562;20;공급망;상품 이동
ko;KIRET00562;30;재무;공급업체 송장
ko;KIRET00563;10;소싱 및 조달;구매 오더
ko;KIRET00563;20;공급망;상품 이동
ko;KIRET00563;30;재무;공급업체 송장
ko;KPIM000160;10;공급망;재고 수준
ko;KPIM000160;20;공급망;상품 이동
ko;KPIM000161;10;공급망;재고 수준
ko;KPIM000161;20;공급망;상품 이동
ko;KPIM000162;10;공급망;재고 수준
ko;KPIM000162;20;공급망;상품 이동
ko;KPIM000163;10;공급망;재고 수준
ko;KPIM000163;20;공급망;상품 이동
ko;KPLE000360;10;공급망;출하
ko;KPLE000360;20;공급망;취급 단위
ko;KPLE000360;30;공급망;선적 문서
ko;KPLE000360;40;공급망;상품 이동
ko;KPLE000361;10;공급망;출하
ko;KPLE000361;20;공급망;이전 오더
ko;KPLE000361;30;공급망;취급 단위
ko;KPLE000361;40;공급망;선적 문서
ko;KPLE000361;50;공급망;상품 이동
ko;KPLE000362;10;공급망;입하
ko;KPLE000362;20;공급망;선적 문서
ko;KPLE000362;30;공급망;취급 단위
ko;KPLE000362;40;공급망;이전 오더
ko;KPLE000362;50;공급망;상품 이동
ko;KPMRP00260;10;공급망;MRP 실행
ko;KPMRP00260;15;판매;판매 오더 및 출하
ko;KPMRP00260;20;공급망;계획 오더
ko;KPMRP00260;30;제조;제조 오더
ko;KPMRP00260;40;조달;구매 문서
ko;KPMRP00260;50;공급망;MRP 리스트
ko;KPMRP00260;60;제조;제조 오더
ko;KPMRP00260;70;조달;구매 문서
ko;KPPP000160;10;제조;생산 오더
ko;KPPP000160;20;제조;오더 확인
ko;KPPP000160;30;제조;상품 이동
ko;KPPP000160;40;제조;생산 오더
ko;KPPP000161;10;제조/금융;생산 오더
ko;KPPP000161;20;제조;오더 확인
ko;KPPP000161;30;제조;상품 이동
ko;KPPP000161;40;제조/금융;정산 오더
ko;KPPP000162;10;제조;생산 오더
ko;KPPP000162;20;공급망;창고 재고
ko;KPPP000162;30;조달;구매 오더 / 구매 요청
ko;KPPP000162;40;제조;생산 오더 / 계획 오더
ko;KPPP000162;50;공급망;상품 이동
ko;KPPP000163;10;제조;생산 오더
ko;KPPP000163;20;조달;구매 요청
ko;KPPP000163;30;조달;구매 오더
ko;KPPP000163;40;공급망;상품 이동
ko;KPPP000164;10;제조;생산 오더
ko;KPPP000164;20;제조;워크 센터
ko;KPPP000164;30;제조;외부 처리
ko;KPPP000164;40;제조;관리 키
ko;KPPP000164;45;제조;생산 오더
ko;KPPP000164;50;제조;확인
ko;KPPP000260;10;제조;프로세스 오더
ko;KPPP000260;15;제조;관리 레서피
ko;KPPP000260;20;제조;오더 확인
ko;KPPP000260;30;제조;상품 이동
ko;KPPP000260;40;제조;프로세스 오더
ko;KPPP000261;10;제조;프로세스 오더
ko;KPPP000261;20;제조;오더 확인
ko;KPPP000261;30;제조;상품 이동
ko;KPPP000261;40;제조/금융;정산 오더
ko;KPPP000262;10;제조;프로세스 오더
ko;KPPP000262;20;공급망;창고 재고
ko;KPPP000262;30;조달;구매 오더 / 구매 요청
ko;KPPP000262;40;제조;프로세스 오더 / 계획 오더
ko;KPPP000262;50;공급망;상품 이동
ko;KPPP000263;10;제조;프로세스 오더
ko;KPPP000263;20;조달;구매 요청
ko;KPPP000263;30;조달;구매 오더
ko;KPPP000263;40;공급망;상품 이동
ko;KPPP000264;10;제조;프로세스 오더
ko;KPPP000264;20;제조;워크 센터
ko;KPPP000264;30;제조;외부 처리
ko;KPPP000264;40;제조;관리 키
ko;KPPP000264;45;제조;프로세스 오더
ko;KPPP000264;50;제조;확인
ko;KPPROJ0360;10;자산 관리;작업 분석 구조
ko;KPPROJ0360;20;자산 관리 / 금융;정산 작업 분석 구조
ko;KPPROJ0361;10;자산 관리;작업 분석 구조
ko;KPPROJ0361;20;자산 관리 / 금융;정산 작업 분석 구조
ko;KPPURCH260;10;조달;구매 오더
ko;KPPURCH260;20;공급망;상품 이동
ko;KPPURCH260;30;재무;공급업체 송장
ko;KPPURCH260;40;재무;계정 문서
ko;KPPURCH261;10;소싱 및 조달;구매 오더
ko;KPPURCH261;20;공급망;상품 이동
ko;KPPURCH261;30;재무;공급업체 송장
ko;KPPURCH263;10;소싱 및 조달;구매 오더
ko;KPPURCH263;20;판매;판매 오더
ko;KPPURCH263;30;공급망;출하
ko;KPPURCH263;40;공급망;상품 이동
ko;KPPURCH263;50;재무;공급업체 송장
ko;KPPURCH265;10;소싱 및 조달;구매 오더
ko;KPPURCH265;20;재무;공급업체 송장
ko;KPPURCH265;30;재무;회계 문서
ko;KPPURCH266;10;소싱 및 조달;구매 오더
ko;KPPURCH266;20;공급망;상품 이동
ko;KPPURCH266;30;재무;공급업체 송장
ko;KPPURCH267;10;소싱 및 조달;구매 오더
ko;KPPURCH267;20;소싱 및 조달;서비스 입력 시트(SES)
ko;KPPURCH267;30;재무;공급업체 송장
ko;KPPURCH268;10;소싱 및 조달;구매 오더
ko;KPPURCH268;20;공급망;상품 이동
ko;KPPURCH268;30;재무;공급업체 송장
ko;KPPURCH360;10;소싱 및 조달;구매 요청
ko;KPPURCH360;20;소싱 및 조달;구매 오더
ko;KPPURCH362;10;소싱 및 조달;재고 운송 요청
ko;KPPURCH362;20;소싱 및 조달;재고 운송 오더
ko;KPPURCH460;10;재무;공급업체 송장
ko;KPPURCH460;20;재무;회계 문서
ko;KPPURCH560;10;소싱 및 조달;재고 운송 오더
ko;KPPURCH560;20;공급망;상품 이동
ko;KPPURCH561;10;소싱 및 조달;재고 운송 오더
ko;KPPURCH561;20;공급망;보충 납품
ko;KPPURCH561;30;공급망;상품 이동
ko;KPPURCH562;10;소싱 및 조달;재고 운송 오더
ko;KPPURCH562;20;공급망;보충 납품
ko;KPPURCH562;30;공급망;상품 이동
ko;KPPURCH562;40;재무;회계 문서
ko;KPPURCH660;10;소싱 및 조달;일정 계약
ko;KPPURCH660;20;공급망;상품 이동
ko;KPPURCH661;10;소싱 및 조달;수량 계약
ko;KPPURCH661;20;소싱 및 조달;구매 오더
ko;KPPURCH662;10;소싱 및 조달;금액 계약
ko;KPPURCH662;20;소싱 및 조달;구매 오더
ko;KPSD000260;10;영업 / 재무;판매 대금 청구 문서
ko;KPSD000260;20;재무;회계 문서
ko;KPSD000360;10;판매;판매 오더
ko;KPSD000360;20;공급망;출하
ko;KPSD000361;10;판매;판매 오더
ko;KPSD000361;20;공급망;출하
ko;KPSD000361;30;공급망;상품 이동
ko;KPSD000361;40;영업 / 재무;고객 송장
ko;KPSD000362;10;판매;판매 오더
ko;KPSD000362;20;공급망;출하
ko;KPSD000362;30;공급망;상품 이동
ko;KPSD000362;40;영업 / 재무;고객 송장
ko;KPSD000362;50;재무;회계 문서
ko;KPSD000363;10;판매;판매 오더
ko;KPSD000363;20;조달;구매 요청
ko;KPSD000363;30;조달;구매 오더
ko;KPSD000363;40;조달 / 재무;공급업체 송장
ko;KPSD000363;50;영업 / 재무;고객 송장
ko;KPSD000364;10;판매;판매 오더
ko;KPSD000364;20;조달;구매 요청
ko;KPSD000364;30;조달;구매 오더
ko;KPSD000364;40;공급망;상품 이동
ko;KPSD000364;50;영업 / 재무;고객 송장
ko;KPSD000365;10;판매;판매 오더
ko;KPSD000365;20;제조;제조 오더
ko;KPSD000365;30;제조;제조 오더 확인
ko;KPSD000365;40;공급망;상품 이동
ko;KPSD000365;50;영업 / 재무;고객 송장
ko;KPSD000366;10;판매;판매 오더
ko;KPSD000366;20;공급망;출하
ko;KPSD000366;30;공급망;상품 이동
ko;KPSD000366;40;영업 / 재무;고객 송장
ko;KPSD000366;50;재무;회계 문서
ko;KPSD000366;60;영업 / 재무;회사 간 송장
ko;KPSD000366;70;재무;회계 문서
ko;KPSD000367;10;판매;판매 오더
ko;KPSD000367;20;영업 / 재무;고객 송장
ko;KPSD000367;30;재무;회계 문서
ko;KPSD000368;10;판매;견적
ko;KPSD000368;20;판매;판매 오더
ko;KPSD000369;10;판매;판매 오더
ko;KPSD000369;20;공급망;창고 재고
ko;KPSD000369;30;조달 / 공급망;구매 오더 / 구매 요청
ko;KPSD000369;40;제조;제조 오더 / 계획 오더
ko;KPSD000369;50;공급망;출하
ko;KPSD000380;10;판매;반품 오더
ko;KPSD000380;20;공급망;반품 납품
ko;KPSD000380;30;공급망;상품 이동
ko;KPSD000380;40;판매;대변 메모
ko;KPSD000460;10;판매;차변 메모 요청
ko;KPSD000460;20;영업 / 재무;차변 메모
ko;KPSD000460;30;재무;회계 문서
ko;KPSD000462;10;판매;대변 메모 요청
ko;KPSD000462;20;영업 / 재무;대변 메모
ko;KPSD000462;30;재무;회계 문서
ko;KWMD000160;10;제조;자재 마스터
ko;KWMD000160;20;제조;BOM
ko;KWMD000160;30;제조;라우팅 / 생산 버전
ko;KWMD000160;40;재무;표준 원가 추정
ko;KWMD000160;50;제조;생산 오더
ko;KWMD000161;10;제조;자재 마스터
ko;KWMD000161;20;제조;BOM
ko;KWMD000161;30;제조;마스터 레서피 / 생산 버전
ko;KWMD000161;40;재무;표준 원가 추정
ko;KWMD000161;50;제조;프로세스 오더
ko;KWMD000260;10;판매;고객 마스터 데이터
ko;KWMD000260;20;재무;고객 마스터 데이터
ko;KWMD000260;30;판매;판매 오더
ko;KWMD000260;40;영업 / 재무;고객 송장
ko;KWMD000260;50;재무;회계 문서
ko;KWMD000360;10;조달;공급업체 마스터 데이터
ko;KWMD000360;20;재무;공급업체 마스터 데이터
ko;KWMD000360;30;조달;구매 오더
ko;KWMD000360;40;재무;회계 문서
ko;KWPM000160;10;자산 관리;유지보수 통지
ko;KWPM000161;10;서비스;서비스 통지
ko;KWPM000260;10;자산 관리;공장 유지보수 오더
ko;KWPM000260;20;자산 관리;작업 지시 확인
ko;KWPM000260;30;자산 관리;공장 유지보수 오더
ko;KWPM000261;10;자산 관리;공장 유지보수 오더
ko;KWPM000261;20;자산 관리;오더 확인
ko;KWPM000261;30;자산 관리;공장 유지보수 오더
ko;KWPM000261;40;자산 관리 / 금융;정산 오더
ko;KWPM000262;10;서비스;고객 서비스 오더
ko;KWPM000262;20;서비스;오더 확인
ko;KWPM000262;30;서비스;고객 서비스 오더
ko;KWPM000263;10;서비스;고객 서비스 오더
ko;KWPM000263;20;서비스;오더 확인
ko;KWPM000263;30;서비스;고객 서비스 오더
ko;KWPM000263;40;서비스 / 재무;정산 오더
ko;KWPM000264;10;자산 관리;공장 유지보수 오더
ko;KWPM000264;20;공급망;창고 재고
ko;KWPM000264;30;조달;구매 오더 / 구매 요청
ko;KWPM000264;40;공급망;상품 이동
ko;KWPM000265;10;서비스;고객 서비스 오더
ko;KWPM000265;20;공급망;창고 재고
ko;KWPM000265;30;조달;구매 오더 / 구매 요청
ko;KWPM000265;40;공급망;상품 이동
ko;KWPM000462;10;서비스;유지보수 계획
ko;KWPM000462;20;서비스;서비스 오더
ko;KWPM000462;30;서비스;서비스 계약
ko;KWQM000161;10;소싱 및 조달;검사 로트
ko;KWQM000161;20;소싱 및 조달;검사 계획
ko;KWQM000161;30;소싱 및 조달;검사 재고
ko;KWQM000161;40;소싱 및 조달;검사 특성
ko;KWQM000161;50;소싱 및 조달;최종 판정
ko;KWQM000162;10;제조;검사 로트
ko;KWQM000162;20;제조;검사 계획
ko;KWQM000162;30;제조;검사 재고
ko;KWQM000162;40;제조;검사 특성
ko;KWQM000162;50;제조;최종 판정
ko;KWQM000163;10;제조;검사 로트
ko;KWQM000163;20;제조;태스크 리스트
ko;KWQM000163;30;제조;검사 특성
ko;KWQM000163;40;제조;최종 판정
ko;KXEWM00260;10;공급망;창고 오더
ko;KXEWM00260;20;공급망;창고 태스크
ko;KWSERV0160;10;서비스;서비스 오더
ko;KWSERV0160;20;서비스;서비스 확인
ko;KWSERV0160;30;서비스;서비스 오더
ko;KXEWM00460;10;공급망;입하
ko;KXEWM00460;20;공급망;상품 이동
ko;KXEWM00460;30;공급망;반입
ko;KXEWM00461;10;공급망;입하
ko;KXEWM00461;20;공급망;상품 이동
ko;KXEWM00461;30;공급망;반입
ko;KXEWM00560;10;공급망;출하 오더
ko;KXEWM00560;20;공급망;피킹
ko;KXEWM00560;30;공급망;상품 이동
ko;KXEWM00560;40;공급망;출하
ko;KXEWM00860;10;공급망;입하 통지
ko;KXEWM00860;20;공급망;입하
ko;KXEWM00860;30;공급망;상품 이동
ko;KXEWM00860;40;공급망;반입
ko;KXEWM00861;10;공급망;입하 통지
ko;KXEWM00861;20;공급망;입하
ko;KXEWM00861;30;공급망;상품 이동
ko;KXEWM00861;40;공급망;반입
ko;KXEWM00862;10;공급망;출하 요청
ko;KXEWM00862;20;공급망;출하 오더
ko;KXEWM00862;30;공급망;피킹
ko;KXEWM00862;40;공급망;상품 이동
ko;KXEWM00862;50;공급망;출하