locale;id;text
zh_CN;CPACM00101;已创建合同工作区
zh_CN;CPACM00102;具有过去生效日期的未发布合同工作区
zh_CN;CPACM00160;合同工作区创建到合同发布
zh_CN;CPAOP00110;已创建采购请购单项目
zh_CN;CPAOP00111;采购申请项目已延迟
zh_CN;CPAOP00112;具有订购状态的采购申请项目
zh_CN;CPAOP00113;需求截止日期在过去的采购申请项目
zh_CN;CPAOP00114;已创建采购订单项目
zh_CN;CPAOP00116;需求截止日期在过去的未清采购申请项目
zh_CN;CPAOP00117;已提交供应商发票项目
zh_CN;CPAOP00118;未处理有异常的供应商发票项目
zh_CN;CPAOP00119;有异常但没有相关采购订单的供应商发票项目
zh_CN;CPAOP00160;采购申请项目创建到采购订单项目创建
zh_CN;CPAOP00161;采购订单项目创建到发票收据创建
zh_CN;CPAOP00162;供应商发票项目创建到发票项目付款
zh_CN;CPAOP00163;采购订单项目创建（不含收货）到发票收据创建
zh_CN;CPASC00101;已创建完整货源确定项目
zh_CN;CPASC00102;已取消完整货源确定项目
zh_CN;CPASC00103;含待处理选择事件的完整货源确定项目
zh_CN;CPASC00104;咨询信息 (RFI) 货源确定事件正在进行中
zh_CN;CPASC00105;咨询信息 (RFI) 货源确定事件已取消
zh_CN;CPASC00106;咨询信息 (RFI) 货源确定事件处于待选择状态
zh_CN;CPASC00110;咨询建议 (RFP) 货源确定事件正在进行中
zh_CN;CPASC00111;咨询建议 (RFP) 货源确定事件已取消
zh_CN;CPASC00112;咨询建议 (RFP) 货源确定事件处于待选择状态
zh_CN;CPASC00116;货源确定竞价事件正在进行中
zh_CN;CPASC00117;货源确定竞价事件已取消
zh_CN;CPASC00118;货源确定竞价事件处于待选择状态
zh_CN;CPASC00160;货源确定请求创建到货源确定项目完成
zh_CN;CPASC00161;货源确定项目创建到完成
zh_CN;CPASC00163;咨询信息 (RFI) 事件创建到事件完成
zh_CN;CPASC00164;咨询建议 (RFP) 事件创建到事件完成
zh_CN;CPASC00165;采购拍卖事件创建到事件完成
zh_CN;CPASM00101;供应商请求已创建
zh_CN;CPASM00102;供应商注册已创建
zh_CN;CPASM00103;供应商注册等待批准时间超过 1 个月
zh_CN;CPASM00104;旧供应商资格项目项已创建
zh_CN;CPASM00105;旧供应商资格项目项待审批时间超过 1 个月
zh_CN;CPASM00160;供应商请求创建到供应商注册审批
zh_CN;CPASM00161;旧供应商资格项目项创建到审批
zh_CN;KBSRM00101;已创建购物车项目
zh_CN;KBSRM00102;购物车项目等待审批
zh_CN;KBSRM00103;购物车项目无后续凭证
zh_CN;KBSRM00104;购物车中的变化
zh_CN;KBSRM00160;购物车创建（含审批）到后续项目创建
zh_CN;KBSRM00190;购物车项目中的产品类别用途
zh_CN;KBSRM00191;购物车项目中的采购组用途
zh_CN;KBSRM00192;购物车项目（跨采购组织）中的供应商用途
zh_CN;KBSRM00193;购物车项目（按采购组织）中的供应商用途
zh_CN;KBSRM00194;SRM 凭证中的交易类型用途
zh_CN;KBSRM00201;已在 SRM 中创建采购订单项目
zh_CN;KBSRM00202;采购订单项目等待审批
zh_CN;KBSRM00203;仍在传输至 ERP 系统的采购订单项目
zh_CN;KBSRM00204;未能传输至 ERP 系统的采购订单项目
zh_CN;KBSRM00205;采购订单中的更改
zh_CN;KBSRM00301;确认 SRM 中创建的项目
zh_CN;KBSRM00302;确认项目等待审批
zh_CN;KBSRM00303;当前正在传输确认项目
zh_CN;KBSRM00304;传输中有错误的确认项目
zh_CN;KBSRM00305;确认中的更改
zh_CN;KBSRM00401;已在 SRM 中创建的发票项目
zh_CN;KBSRM00402;发票项目等待审批
zh_CN;KBSRM00403;当前正在传输发票项目
zh_CN;KBSRM00404;传输中有错误的发票项目
zh_CN;KBSRM00405;发票中的更改
zh_CN;KBSRM00601;已创建采购合同项目
zh_CN;KBSRM00602;采购合同中的更改
zh_CN;KBSRM00690;采购凭证中的合同项目使用
zh_CN;KBSRM00701;已创建招标项目
zh_CN;KBSRM00702;招标项目中的更改
zh_CN;KBSRM00703;已创建供应商投标项目
zh_CN;KBSRM00760;招标项目创建到接受首个投标
zh_CN;KBSRM00761;竞标项目创建到接受首个投标
zh_CN;KCSAL00190;CRM 凭证中的交易类型用途
zh_CN;KCSAL00201;已创建业务活动
zh_CN;KCSAL00202;"业务活动处于“未清”或“处理中”状态"
zh_CN;KCSAL00501;已创建线索
zh_CN;KCSAL00504;"处于“未处理”或“进行中”状态的线索"
zh_CN;KCSAL00601;已创建机会
zh_CN;KCSAL00604;"处于“未处理”或“进行中”状态的机会"
zh_CN;KCSAL00660;机会创建到机会完成
zh_CN;KCSAL00901;已创建业务活动
zh_CN;KCSAL00902;业务活动中的更改
zh_CN;KCSAL00904;"业务活动处于“未清”或“处理中”状态"
zh_CN;KCSAL01001;已创建任务
zh_CN;KCSAL01002;任务中的更改
zh_CN;KCSAL01004;"处于“未处理”或“进行中”状态的任务"
zh_CN;KFFI000104;财务凭证中的更改
zh_CN;KFFI000105;已取消财务行项目
zh_CN;KFFI000106;已创建财务凭证
zh_CN;KFFI000190;财务凭证类型使用（跨公司代码）
zh_CN;KFFI000191;财务凭证中的公司代码使用
zh_CN;KFFI000193;每个会计年度和公司代码的总账科目使用
zh_CN;KFFI000202;逾期和未清应付账款项目
zh_CN;KFFI000212;无任何付款方式的未清项目
zh_CN;KFFI000213;供应商已冻结过账的未清项目
zh_CN;KFFI000214;未清项目已冻结付款
zh_CN;KFFI000215;供应商已冻结付款的未清项目
zh_CN;KFFI000216;供应商缺少银行详细信息的未清项目
zh_CN;KFFI000217;供应商缺少地址信息的未清项目
zh_CN;KFFI000302;逾期和未清应收账款项目
zh_CN;KFFI000310;没有为客户分配催款程序的未清项目
zh_CN;KFFI000311;客户已在其他催款运行中冻结的未清项目
zh_CN;KFFI000312;客户已冻结催款的未清项目
zh_CN;KFFI000313;未清项目已冻结催款
zh_CN;KFFI000405;付款运行期间出错
zh_CN;KFFI000406;按公司代码的付款运行
zh_CN;KFFI000409;无付款运行的公司代码
zh_CN;KFFI000501;电子银行对账单未完全过账
zh_CN;KFFI000502;电子银行对账单项目未完全过账
zh_CN;KFFI000504;电子银行对账单已按日期导入
zh_CN;KFFI000705;总账科目（已聚合）中的未清项目
zh_CN;KFFI000706;收货/收发票清算科目中的未清项目
zh_CN;KFFI000790;无清算规则的未清项目管理科目
zh_CN;KFFI000940;自动化率：供应商发票清算
zh_CN;KFFI000960;开具至 FI-AP 清算的供应商发票（不含采购订单）
zh_CN;KFFI000961;开具至 FI-AP 清算 (central finance) 的供应商发票
zh_CN;KFFI001040;自动化率：客户发票清算
zh_CN;KFFI001060;开具至 FI-AR 清算的客户发票（不含销售）
zh_CN;KFFI001061;开具至 FI-AR 清算 (central finance) 的客户发票
zh_CN;KFFI001201;计划经理：运行时和状态
zh_CN;KFFI001303;最后更改日期位于过去的未结争议事件
zh_CN;KFFI001402;承诺付款日期位于过去的承诺付款案例
zh_CN;KFFI001501;成本会计运行期间出错
zh_CN;KFFI001502;使用事务 CK11N 进行成本计算期间出错
zh_CN;KFFI001601;制造订单的在制品计算期间出错
zh_CN;KFFI001602;制造订单的差异计算期间出错
zh_CN;KFFI001603;制造订单实际结算期间出错
zh_CN;KFFI001605;维护/内部订单实际结算期间出错
zh_CN;KFFI001609;WBS 要素/网络订单实际结算期间出错
zh_CN;KFFI001701;确认中的成本计算不正确
zh_CN;KFFI001801;折旧运行期间出错
zh_CN;KFFI001802;在建资产未取消激活
zh_CN;KFFI001803;资产不含过账
zh_CN;KFFI001804;不远整资产中缺少字段
zh_CN;KFFI001805;购置和生产成本的定期过账期间出错
zh_CN;KFFI001806;已创建资产主数据
zh_CN;KFFI001807;对资产主数据的更改
zh_CN;KFFI001808;一年之后低值资产仍处于活动状态
zh_CN;KFFI001860;资产主数据创建（在建资产）到取消激活
zh_CN;KFFI001861;资产主数据创建（含弃用）到取消激活
zh_CN;KFFI001890;资产类使用（跨公司代码）
zh_CN;KFFI001891;资产类使用（按公司代码）
zh_CN;KFFI001960;合同会计 (FI-CA) 中的公用事业发票创建到清算
zh_CN;KFFI002003;已分配给订单的逾期采购订单承诺项目
zh_CN;KFFI002004;已分配给项目的逾期采购订单承诺项目
zh_CN;KFFI002005;已分配给销售的逾期采购订单承诺项目
zh_CN;KFFI002260;合同会计 (FI-CA) 中的统一发票创建到清算
zh_CN;KFFI002305;内部订单已创建但未审批
zh_CN;KFFI002306;内部订单已审批但未技术上完成
zh_CN;KFFI002308;内部订单中的更改
zh_CN;KFFI002309;不含最近结算的产品成本收集器
zh_CN;KFFI002360;产品成本收集器创建到首次结算
zh_CN;KFFI002395;内部订单中的订单类型使用
zh_CN;KFFI002501;催款运行（按公司代码）
zh_CN;KFFI002601;开票凭证集中开发票逾期
zh_CN;KFFI002602;含锁定合同账户的逾期集中开发票
zh_CN;KFFI002603;含锁定供方合同的逾期集中开发票
zh_CN;KFFI002604;供方合同已锁定开发票
zh_CN;KFFI002605;已创建开票凭证项目
zh_CN;KFFI002606;已创建发票凭证项目
zh_CN;KFFI002607;销售开票凭证集中开发票逾期
zh_CN;KFFI002660;供方合同创建到首次开发票
zh_CN;KFFI002801;已创建不动产合同
zh_CN;KFFI002802;对不动产合同的更改
zh_CN;KFFI002803;不动产合同未激活
zh_CN;KIAUT00101;订单完成日期在过去的固定计划订单 (PE) 
zh_CN;KIAUT00102;订单完成日期在过去的取消固定计划订单 (PE) 
zh_CN;KIAUT00103;MRP 清单在过去的计划订单 (PE)
zh_CN;KIAUT00160;运行计划数量基本开始日期（按组件）到基本完成日期
zh_CN;KIAUT00190;重复制造中的生产版本使用
zh_CN;KIAUT00301;重复制造（单一条目）中的失败货物移动
zh_CN;KIAUT00302;重复制造（集中条目）中的失败货物移动
zh_CN;KIISU00101;"状态为“可开票”的逾期公用事业计费订单"
zh_CN;KIISU00102;"状态为“不可开票”的逾期公用事业计费订单"
zh_CN;KIISU00103;不含抄表凭证的逾期公用事业计费订单
zh_CN;KIISU00104;不含逻辑设备的逾期公用事业计费订单
zh_CN;KIISU00160;公用事业合同创建到首次未清项目清算
zh_CN;KIISU00161;公用事业计费订单创建（不可开票）到已计划开票日期
zh_CN;KIISU00162;公用事业计费订单创建（可开票）到已计划开票日期
zh_CN;KIISU00201;逾期公用事业开发票订单（开票凭证）
zh_CN;KIISU00203;公用事业开发票订单未审批（开票凭证）
zh_CN;KIISU00204;公用事业计费凭证冲销
zh_CN;KIISU00205;异常公用事业计费凭证已审批
zh_CN;KIISU00260;公用事业计费凭证创建到打印凭证创建
zh_CN;KIISU00261;异常公用事业计费凭证创建到发票打印输出
zh_CN;KIISU00302;含逾期打印触发器的公用事业发票
zh_CN;KIISU00304;公用事业打印凭证冲销
zh_CN;KIISU00305;异常公用事业打印凭证已审批
zh_CN;KIISU00306;公用事业打印凭证逾期审批
zh_CN;KIISU00360;公用事业打印凭证创建到未清项目清算
zh_CN;KIISU00361;异常公用事业打印凭证创建到未清项目清算
zh_CN;KIPSM00101;已创建专项资金
zh_CN;KIPSM00102;已创建专项资金项目
zh_CN;KIPSM00103;未清和逾期专项资金项目
zh_CN;KIPSM00104;未清专项资金项目
zh_CN;KIPSM00105;对专项资金的更改
zh_CN;KIPSM00106;已冻结专项资金项目
zh_CN;KIRET00460;从配送中心到门店的公司内部补货
zh_CN;KIRET00461;从配送中心到配送中心的公司内部补货
zh_CN;KIRET00462;从门店到门店的公司内部补货
zh_CN;KIRET00463;从门店到配送中心的公司内部补货
zh_CN;KIRET00464;从配送中心到门店的公司间补货
zh_CN;KIRET00465;从配送中心到配送中心的公司间补货
zh_CN;KIRET00466;从门店到门店的公司间补货
zh_CN;KIRET00467;从门店到配送中心的公司间补货
zh_CN;KIRET00560;采购（不含科目分配）到配送中心
zh_CN;KIRET00561;采购（不含科目分配）到门店
zh_CN;KIRET00562;采购（含科目分配）到配送中心
zh_CN;KIRET00563;采购（含科目分配）到门店
zh_CN;KIRET00601;没有任何门店上架的已审批商品
zh_CN;KIRET00602;没有任何分销中心上架的已审批商品
zh_CN;KIRET00603;无任何采购信息记录的商品
zh_CN;KITM000101;已创建运输申请
zh_CN;KITM000201;已创建运输订单
zh_CN;KPCONF0110;生产订单确认期间失败的货物移动
zh_CN;KPCONF0120;网络订单确认期间失败的货物移动
zh_CN;KPCONF0130;PM/CS 订单确认期间失败的货物移动
zh_CN;KPCONF0140;流程订单确认期间失败的货物移动
zh_CN;KPCONF0401;生产订单确认
zh_CN;KPCONF0402;流程订单确认
zh_CN;KPCONF0403;工厂维护订单确认
zh_CN;KPCONF0405;客户服务订单确认
zh_CN;KPGR000101;出库货物移动已过账
zh_CN;KPGR000102;入库货物移动已过账
zh_CN;KPIM000101;非限制使用库存的库存水平
zh_CN;KPIM000105;销售订单库存的库存水平
zh_CN;KPIM000106;客户寄售库存的库存水平
zh_CN;KPIM000107;项目库存的库存水平
zh_CN;KPIM000108;非限制使用库存（批次级别）的库存水平
zh_CN;KPIM000115;提供给供应商的库存的库存水平
zh_CN;KPIM000160;可销售物料（批次管理）的库存水平
zh_CN;KPIM000161;可销售物料（非批次管理）的库存水平
zh_CN;KPIM000162;原材料和半成品（非批次管理）的库存水平
zh_CN;KPIM000163;原材料和半成品（批次管理）的库存水平
zh_CN;KPLE000110;发货过账逾期的出库交货
zh_CN;KPLE000111;发货过账逾期的入库交货
zh_CN;KPLE000120;已创建入库交货
zh_CN;KPLE000121;已创建出库交货
zh_CN;KPLE000171;含输出处理（按媒介）的交货
zh_CN;KPLE000190;配置检查：凭证流更新从 MM 到 LE
zh_CN;KPLE000204;未完全处理装运成本项目
zh_CN;KPLE000205;尚未完成出库交货
zh_CN;KPLE000206;尚未完成入库交货
zh_CN;KPLE000207;装运中的更改
zh_CN;KPLE000305;交货项目已装运且开票逾期
zh_CN;KPLE000307;交货中更改
zh_CN;KPLE000360;出库交货项目创建到发货过账
zh_CN;KPLE000361;出库交货项目创建到发货过账（转储单）
zh_CN;KPLE000362;入库交货项目创建到收货过账
zh_CN;KPMRP00108;完成基本日期在过去的计划订单 (LA/KD)
zh_CN;KPMRP00109;已分配给销售的逾期计划订单
zh_CN;KPMRP00201;MRP 范围计划文件 - 物料已标记为删除
zh_CN;KPMRP00202;MRP 范围计划文件 - 状态不允许计划
zh_CN;KPMRP00205;MRP 计划文件 - 物料已标记为删除
zh_CN;KPMRP00206;MRP 计划文件物料 - 状态不允许计划
zh_CN;KPMRP00260;MRP 上周涉及的物料
zh_CN;KPPP000101;生产订单下达逾期
zh_CN;KPPP000103;生产订单交货完成逾期
zh_CN;KPPP000106;超过基本完成日期且无删除标志的生产订单
zh_CN;KPPP000107;已创建生产订单
zh_CN;KPPP000108;生产订单已下达，无首次审批
zh_CN;KPPP000111;生产订单组件逾期消耗
zh_CN;KPPP000121;已分配给销售的逾期生产订单
zh_CN;KPPP000122;按生产订单的所有状态更改
zh_CN;KPPP000142;自动化率：生产订单技术完成
zh_CN;KPPP000242;自动化率：流程订单技术完成
zh_CN;KPPP000160;生产订单创建到技术完成
zh_CN;KPPP000161;生产订单创建到首次结算
zh_CN;KPPP000162;生产订单组件创建到发货过账
zh_CN;KPPP000163;生产订单组件创建到收货（使用直接采购）
zh_CN;KPPP000164;生产订单工序创建到执行完成
zh_CN;KPPP000190;生产订单中的订单类型使用（跨工厂）
zh_CN;KPPP000192;离散制造中的工艺路线使用（按物料/工厂）
zh_CN;KPPP000195;离散制造中的生产版本使用（按物料/工厂）
zh_CN;KPPP000201;流程订单下达逾期
zh_CN;KPPP000203;流程订单交货完成逾期
zh_CN;KPPP000206;超过基本完成日期且无删除标志的流程订单
zh_CN;KPPP000207;已创建流程订单
zh_CN;KPPP000208;流程订单已下达，无首次审批
zh_CN;KPPP000211;流程订单组件逾期消耗
zh_CN;KPPP000222;已分配给销售的逾期流程订单
zh_CN;KPPP000223;按流程订单的所有状态更改
zh_CN;KPPP000260;流程订单创建到技术完成
zh_CN;KPPP000261;流程订单创建到首次结算
zh_CN;KPPP000262;流程订单组件创建到发货过账
zh_CN;KPPP000263;流程订单组件创建到收货（使用直接采购）
zh_CN;KPPP000264;流程订单工序创建到执行完成
zh_CN;KPPP000290;流程订单中的订单类型使用（跨工厂）
zh_CN;KPPP000292;流程制造中的主配方使用（按物料/工厂）
zh_CN;KPPP000295;流程制造中的生产版本使用（按物料/工厂）
zh_CN;KPPP000409;物料含 MRP 列表错误消息
zh_CN;KPPP000410;待取消的 MRP 元素（按物料）
zh_CN;KPPP000411;待重新计划的 MRP 元素（按物料）
zh_CN;KPPROJ0105;超过计划完成日期且无删除标志的网络订单
zh_CN;KPPROJ0190;网络订单中的订单类型使用（跨工厂）
zh_CN;KPPROJ0205;WBS 要素完成（按级别）的已审批项目
zh_CN;KPPROJ0302;WBS 要素已审批但技术上尚未完成或关闭
zh_CN;KPPROJ0305;所有状态更改（按已审批 WBS 要素）
zh_CN;KPPROJ0360;WBS 要素创建（不含投资参数文件）到关闭
zh_CN;KPPROJ0361;WBS 要素创建（含投资参数文件）到关闭
zh_CN;KPPURCH201;已创建采购订单项目
zh_CN;KPPURCH203;未清和逾期采购订单项目
zh_CN;KPPURCH204;不完整采购订单中出现错误
zh_CN;KPPURCH207;无最终发票标识的采购订单项目
zh_CN;KPPURCH212;发票之后创建的采购订单项目
zh_CN;KPPURCH221;采购订单中的更改
zh_CN;KPPURCH222;不参考合同创建的采购订单项目
zh_CN;KPPURCH223;不含任何确认的逾期采购订单项目
zh_CN;KPPURCH225;含逾期入库交货项目的未清采购订单项目
zh_CN;KPPURCH228;MRP 相关供应商确认逾期
zh_CN;KPPURCH242;采购订单创建用户（针对缺省价值检查）
zh_CN;KPPURCH260;采购订单项目创建到收货/收发票清算
zh_CN;KPPURCH261;采购订单项目创建（不含科目分配）到发票收据创建
zh_CN;KPPURCH263;链接到订单到发票流程的公司间采购订单项目
zh_CN;KPPURCH265;采购订单项目创建（不含收货）到 FI-AP 清算
zh_CN;KPPURCH266;采购订单项目创建（转包）到发票收据创建
zh_CN;KPPURCH267;采购订单项目创建到服务条目表开发票
zh_CN;KPPURCH268;采购订单项目创建（含科目分配）到发票收据创建
zh_CN;KPPURCH273;含输出处理（按媒介）的采购订单
zh_CN;KPPURCH290;"配置检查：建议“交货已完成”"
zh_CN;KPPURCH297;采购凭证中的定价程序使用（跨采购组织）
zh_CN;KPPURCH298;采购凭证类型使用（跨公司代码）
zh_CN;KPPURCH301;已创建采购请购单项目
zh_CN;KPPURCH303;未清和逾期采购申请项目
zh_CN;KPPURCH309;采购申请中的更改
zh_CN;KPPURCH360;采购申请项目创建到采购订单项目创建
zh_CN;KPPURCH362;库存调拨申请项目创建到库存调拨单项目创建
zh_CN;KPPURCH404;已创建供应商发票
zh_CN;KPPURCH409;含逾期 FI-AP 项目的已冻结供应商发票项目
zh_CN;KPPURCH411;含逾期 FI-AP 项目的供应商发票
zh_CN;KPPURCH412;供应商发票中的更改
zh_CN;KPPURCH413;已取消供应商发票
zh_CN;KPPURCH460;开具至 FI-AP 清算的供应商发票（含采购订单）
zh_CN;KPPURCH508;交货逾期运行期间出现明显错误（库存调拨单）
zh_CN;KPPURCH560;库存调拨单项目创建（不含交货）到收货
zh_CN;KPPURCH561;库存调拨单项目创建（含交货）到收货
zh_CN;KPPURCH562;公司间库存调拨单项目创建到 FI-AR 清算
zh_CN;KPPURCH609;逾期采购计划协议计划行
zh_CN;KPPURCH610;含 MRP 清单的逾期采购计划协议
zh_CN;KPPURCH660;计划协议项目创建到有效期结束
zh_CN;KPPURCH661;采购数量合同项目创建到有效期结束
zh_CN;KPPURCH662;采购价值合同项目创建到有效期结束
zh_CN;KPPURCH701;不含服务条目表的未完成采购订单项目
zh_CN;KPPURCH702;无验收的服务条目表
zh_CN;KPPURCH703;无最终条目的服务条目表
zh_CN;KPPURCH704;服务条目表更改
zh_CN;KPSD000133;已创建销售凭证
zh_CN;KPSD000171;含输出处理（按媒介）的销售凭证
zh_CN;KPSD000190;销售凭证类型使用（跨销售范围）
zh_CN;KPSD000194;销售凭证中的定价程序使用（跨销售组织）
zh_CN;KPSD000195;订单原因使用（按凭证类别）
zh_CN;KPSD000201;未过账到会计的销售发票
zh_CN;KPSD000207;无输出消息的销售开票凭证
zh_CN;KPSD000208;含未清 FI-AR 项目的销售发票
zh_CN;KPSD000215;取消销售发票
zh_CN;KPSD000216;开票到期运行期间出现明显错误
zh_CN;KPSD000217;销售开票凭证中的更改
zh_CN;KPSD000218;已创建销售开票凭证
zh_CN;KPSD000260;销售开票凭证创建到 FI-AR 清算
zh_CN;KPSD000271;含输出处理（按媒介）的开票凭证
zh_CN;KPSD000292;销售开票凭证中的定价程序使用（跨销售组织）
zh_CN;KPSD000293;销售开票凭证中的开票类型使用（跨销售组织）
zh_CN;KPSD000303;逾期销售计划行项目
zh_CN;KPSD000304;要求交货日期的计划行初始未确认
zh_CN;KPSD000306;不完整销售凭证项目中缺少字段
zh_CN;KPSD000307;已拒绝销售凭证项目
zh_CN;KPSD000319;开票计划日期未开票且逾期
zh_CN;KPSD000321;销售凭证项目开票逾期
zh_CN;KPSD000322;未清且重新计划的销售计划行项目
zh_CN;KPSD000323;销售凭证项目中的手动条件更改
zh_CN;KPSD000324;销售凭证中的更改
zh_CN;KPSD000326;交货逾期运行期间出现明显错误（销售）
zh_CN;KPSD000327;销售凭证中的已删除项目
zh_CN;KPSD000360;销售订单项目创建到出库交货项目创建
zh_CN;KPSD000361;销售订单项目创建到销售发票项目创建
zh_CN;KPSD000362;销售订单项目创建到 FI-AR 项目清算
zh_CN;KPSD000363;第三方销售订单项目创建到销售发票项目创建
zh_CN;KPSD000364;销售订单项目（采购到订单）到销售发票项目
zh_CN;KPSD000365;销售订单项目（按订单生产）到销售发票项目
zh_CN;KPSD000366;公司间销售订单项目创建到 FI-AR 项目清算
zh_CN;KPSD000367;销售订单项目创建（订单相关开票）到 FI-AR 项目创建
zh_CN;KPSD000368;报价项目创建到销售订单项目创建
zh_CN;KPSD000369;销售订单项目创建（现货销售）到交货创建
zh_CN;KPSD000380;退货订单项目创建到收货过账
zh_CN;KPSD000392;拒绝原因使用（按项目类别）
zh_CN;KPSD000460;借项凭证请求项目创建到 FI-AR 项目清算
zh_CN;KPSD000462;贷项凭证请求项目创建到 FI-AR 项目清算
zh_CN;KPWM000403;仓库管理中的低周转数量
zh_CN;KWMD000107;对物料主数据的更改
zh_CN;KWMD000109;制造中的物料主数据使用（按工厂）
zh_CN;KWMD000110;采购中的物料主数据使用（按工厂）
zh_CN;KWMD000160;物料主数据创建（按工厂）到首次生产订单交货
zh_CN;KWMD000161;物料主数据创建（按工厂）到首次流程订单交货
zh_CN;KWMD000203;对客户主数据的更改
zh_CN;KWMD000204;销售开票凭证中的客户主数据使用（跨销售范围）
zh_CN;KWMD000205;销售开票凭证中的客户主数据使用（按销售范围）
zh_CN;KWMD000206;FI-AR 中的客户主数据使用（按公司代码）
zh_CN;KWMD000207;FI-AR 中的客户主数据使用（跨公司代码）
zh_CN;KWMD000260;客户主数据创建到首次未清项目清算
zh_CN;KWMD000309;对供应商主数据的更改
zh_CN;KWMD000311;采购凭证中的供应商主数据使用（跨采购组织）
zh_CN;KWMD000312;采购凭证中的供应商主数据使用（按采购组织）
zh_CN;KWMD000313;FI-AP 中的供应商主数据使用（按公司代码）
zh_CN;KWMD000314;FI-AP 中的供应商主数据使用（跨公司代码）
zh_CN;KWMD000315;采购凭证中的采购信息记录使用（跨采购组织）
zh_CN;KWMD000360;供应商主数据创建到首次未清项目清算
zh_CN;KWMD000501;FI-AP 发票中的付款条件使用（按公司代码）
zh_CN;KWMD000502;FI-AP 发票中的付款条件使用（跨公司代码）
zh_CN;KWMD000503;FI-AR 发票中的付款条件使用（按公司代码）
zh_CN;KWMD000504;FI-AR 发票中的付款条件使用（跨公司代码）
zh_CN;KWPM000115;已创建工厂维护通知
zh_CN;KWPM000116;已创建客户服务通知
zh_CN;KWPM000117;工厂维护通知未处理且逾期
zh_CN;KWPM000118;客户服务通知未处理且逾期
zh_CN;KWPM000119;工厂维护通知待处理
zh_CN;KWPM000120;客户服务通知待处理
zh_CN;KWPM000160;工厂维护通知创建到通知完成
zh_CN;KWPM000161;客户服务通知创建到通知完成
zh_CN;KWPM000203;已创建工厂维护订单
zh_CN;KWPM000204;已创建客户服务订单
zh_CN;KWPM000215;所有状态更改（按工厂维护订单）
zh_CN;KWPM000216;所有状态更改（按客户服务订单）
zh_CN;KWPM000217;工厂维护订单下达逾期
zh_CN;KWPM000218;客户服务订单下达逾期
zh_CN;KWPM000219;工厂维护订单已下达且技术完成逾期
zh_CN;KWPM000220;客户服务订单已下达且技术完成逾期
zh_CN;KWPM000221;工厂维护订单未结算
zh_CN;KWPM000222;客户服务订单未结算
zh_CN;KWPM000260;工厂维护订单创建到订单关闭
zh_CN;KWPM000261;工厂维护订单创建到订单结算
zh_CN;KWPM000262;客户服务订单创建到订单关闭
zh_CN;KWPM000263;客户服务订单创建到订单结算
zh_CN;KWPM000264;工厂维护订单组件创建到发货过账
zh_CN;KWPM000265;客户服务订单组件创建到发货过账
zh_CN;KWPM000290;PM/CS 订单中的订单类型创建使用（跨工厂）
zh_CN;KWPM000462;维护计划项目创建到服务合同结束
zh_CN;KWQM000101;含未结数量的检验批次
zh_CN;KWQM000102;不含使用决策的检验批次
zh_CN;KWQM000103;不含检验完成的检验批次
zh_CN;KWQM000161;从采购到使用决策的收货检验批次创建
zh_CN;KWQM000162;从制造到使用决策的收货检验批次创建
zh_CN;KWQM000163;制造到使用决策期间的处理中检验批次创建
zh_CN;KWSERV0101;已创建服务订单
zh_CN;KWSERV0102;已创建服务报价
zh_CN;KWSERV0103;已创建服务确认
zh_CN;KWSERV0104;已创建服务请求
zh_CN;KWSERV0105;已创建服务合同
zh_CN;KWSERV0106;已创建解决方案订单
zh_CN;KWSERV0160;服务订单创建到服务订单完成
zh_CN;KXEWM00101;波次下达逾期
zh_CN;KXEWM00102;波次已下达，但有缺陷
zh_CN;KXEWM00201;仓库订单确认逾期
zh_CN;KXEWM00202;已确认仓库订单
zh_CN;KXEWM00203;已创建仓库订单
zh_CN;KXEWM00260;创建订单创建到确认
zh_CN;KXEWM00301;仓库任务确认逾期
zh_CN;KXEWM00302;补货任务确认逾期
zh_CN;KXEWM00303;已创建仓库任务项目
zh_CN;KXEWM00304;已确认仓库任务项目
zh_CN;KXEWM00305;已确认仓库任务项目（含异常代码）
zh_CN;KXEWM00390;已确认仓库任务（按仓库）中的异常代码使用
zh_CN;KXEWM00401;逾期入库交货项目（不含已完成入库）
zh_CN;KXEWM00402;逾期入库交货项目（不含已完成收货）
zh_CN;KXEWM00403;已在 EWM 中创建入库交货项目
zh_CN;KXEWM00404;EWM 中入库交货项目的收货过账
zh_CN;KXEWM00460;入库交货项目创建（针对采购凭证）到入库完成
zh_CN;KXEWM00461;入库交货项目创建（针对制造）到入库完成
zh_CN;KXEWM00490;入库交货项目中的流程代码使用
zh_CN;KXEWM00501;出库交货订单项目拣配逾期
zh_CN;KXEWM00502;出库交货订单项目发货过账逾期
zh_CN;KXEWM00503;已创建出库交货订单项目
zh_CN;KXEWM00504;出库交货订单项目的发货过账
zh_CN;KXEWM00560;出库交货订单项目创建（针对销售凭证）到交货创建
zh_CN;KXEWM00590;出库交货订单项目中的流程代码使用
zh_CN;KXEWM00701;EWM 中的出库交货项目发货逾期
zh_CN;KXEWM00702;已在 EWM 中创建出库交货项目
zh_CN;KXEWM00860;入库交货通知项目创建（针对采购凭证）到入库完成
zh_CN;KXEWM00861;入库交货通知项目创建（针对生产）到入库完成
zh_CN;KXEWM00862;出库交货请求项目创建（针对销售凭证）到交货创建
zh_CN;KXEWM00901;未移动可用非限制使用库存
zh_CN;KXEWM00902;未移动可用已冻结库存
zh_CN;KXEWM00903;未移动可用质量检验库存