KPI_ID;IO_ID;SEQUENCE;REFGUIDELINK
CPAOP00160;IDENTIFY_NON_CAT_ITEMS_REQU;1;reference-guide/bda2c370706d4472b8f43e1cccac0c4f.html
CPAOP00160;IDENTIFY_CAT_ITEMS_REJECTED;2;reference-guide/e892e6142ac9490ba7a23043b2984f10.html
CPAOP00160;IMPROVE_COMPL_RATE;3;reference-guide/0b582e976fd64be1925193a77a789340.html
CPAOP00160;ANALYZE_USER_BEH;4;reference-guide/7a87389a30674f389533cc20f4a8193f.html
CPAOP00161;IDENTIFY_NON_CAT_PO_ITEMS;1;reference-guide/7b3eae7fef08461ea2b865a54790c87d.html
CPAOP00161;IDENTIFY_MAN_ACT_PO_ITEMS;2;reference-guide/f8743b29c2f1487e99e19d4c06ae24a3.html
CPAOP00161;REDUCE_LATE_DEL;3;reference-guide/323f2d3690b346fbad0e47ddf602e268.html
CPAOP00161;IDENTIFY_PAR_RCVD_PO_ITEMS;4;reference-guide/1b795dae98bd4bf89b2fcb113af790f6.html
CPAOP00162;AVOID_EARLY_PAY;1;reference-guide/1ed8e409a79f428e83919e2a77c424e9.html
CPAOP00162;AVOID_LATE_PAY;2;reference-guide/7abb160d798d4b0e80b45925af2ecd0e.html
CPAOP00162;IDENTIFY_CAT_ITEMS_REJECTED;3;reference-guide/56b2c487339747f18c0c6759a5ff73e9.html
CPAOP00162;IDENTIFY_CAT_ITEMS_W_EXCEP;4;reference-guide/0b2db809ef65400ab8e5009e560a84cd.html
CPAOP00163;IDENTIFY_NON_CAT_PO_ITEMS;1;reference-guide/262f0468ef0b4c32acebf473e62f285d.html
CPAOP00163;IDENTIFY_MAN_ACT_PO_ITEMS;2;reference-guide/90314dfa1e284d7c8dbc3cdc37e9891d.html
CPAOP00163;REDUCE_LATE_DEL;3;reference-guide/2614e1d858d746aa9eea9c6c396d962a.html
CPAOP00163;IDENTIFY_DEV_PAYTERM_PO_IV;4;reference-guide/b82fa47e3f7f40d09c48490a867c8fc0.html
CPASC00161;MONITOR_EVENT_BEH;1;reference-guide/1b3abb0f1d774369989c4e08dd74e63a.html
CPASC00161;MONITOR_PROJ_EVENT_PEND;2;reference-guide/995027e4731642f0abed1962ab5a4529.html
CPASC00163;INCREASE_SUPP_PART_ANS_RATE;1;reference-guide/343f7dbfdc7b418ba3bdc913e9d3d63a.html
CPASC00163;IMPROVE_CONSIST_EVENT;2;reference-guide/b1224b324f00475ba712ab20a21d0244.html
CPASC00163;REDUCE_MAN_ACT;3;reference-guide/1424eb781d984def9f5b42ec8ade0b18.html
CPASC00164;INCREASE_SUPP_PART_ANS_RATE;1;reference-guide/c4887c40610943ad8ff7e04e61f161fb.html
CPASC00164;REDUCE_MAN_ACT_IMPR_USER_PROD;2;reference-guide/9c0b9e211918486db561b0258a9619aa.html
CPASC00164;MONITOR_SOURC_CO;3;reference-guide/0ea6e970ffc5424dad0889b042f8971b.html
CPASC00165;INCREASE_SUPP_PART_ANS_RATE;1;reference-guide/f28e23c79006412c882aa759d4db42f6.html
CPASC00165;REDUCE_MAN_ACT_IMPR_USER_PROD;2;reference-guide/2a236d0929154c10b700de3c0c62da26.html
CPASC00165;MONITOR_SOURC_CO;3;reference-guide/5862d87455ac4a00af1af9b951ec16e9.html
KFFI000960;IMPROVE_OTP_DPO;1;reference-guide/d75fadc920db4cb3b47ee2f9209355ea.html
KFFI000960;INCREASE_AUTOM_ROP;2;reference-guide/7df9e502bd2b40d4a53ea993c7bace8e.html
KFFI000960;AVOID_EARLY_PAY;3;reference-guide/9574d392b2c3439091ed24d1b29debe1.html
KFFI000960;AVOID_LATE_PAY;4;reference-guide/058556645b234205adafd19858d1ddd6.html
KFFI000960;IMPROVE_USE_DISCOUNTS;5;reference-guide/139542a1f6bb4c50b8513661a4dc731f.html
KFFI000961;IMPROVE_OTP_DPO;1;reference-guide/09e04af14cb2457ea32c124415a31a3f.html
KFFI000961;INCREASE_AUTOM_ROP;2;reference-guide/90d459eebba047ecbd9d673014a81756.html
KFFI000961;AVOID_EARLY_PAY;3;reference-guide/bcc7da73ff8149f7aa7b3e6c9194165b.html
KFFI000961;AVOID_LATE_PAY;4;reference-guide/ac52c51fe97f4750b3377d7bfeef2f25.html
KFFI000961;IMPROVE_USE_DISCOUNTS;5;reference-guide/aa40e84b1b294f3f9b117a9b3d46035a.html
KFFI001060;IMPROVE_COM_RATE_DSO;1;reference-guide/b113f6c51f114c1f88b0d8cd4564c2f0.html
KFFI001060;INCREASE_AUTOM_CUST_INV;2;reference-guide/6b0a9c62c0ab4331949ce8957ee3d15f.html
KFFI001060;REDUCE_LATE_CUST_PAY;3;reference-guide/6ff557ee1cb74634ad0b23ddcaacb6b9.html
KFFI001060;USE_DUNNING;4;reference-guide/2ed1428492214ff29046b9cb22de9103.html
KFFI001060;INCREASE_ACC_CASH_ALL;5;reference-guide/758fc1e0a9f547ad8341dd83bd454939.html
KFFI001060;REDUCE_COMPLIANCE;6;reference-guide/e48e5ed0a8cd4dd48fc0b1c73d9d7ea2.html
KFFI001060;IMPROVE_USE_DISCOUNTS;7;reference-guide/38022363a4044b91a01cfc2b8e4893d9.html
KFFI001061;IMPROVE_COM_RATE_DSO;1;reference-guide/65f9c36641b144b2ab7f1354d2a959a2.htm
KFFI001061;INCREASE_AUTOM_CUST_INV;2;reference-guide/4d468516115343dcbcaa82a3a1f60c44.html
KFFI001061;REDUCE_LATE_CUST_PAY;3;reference-guide/b5c393537633404bb8fa56adcf17d69d.html
KFFI001061;USE_DUNNING;4;reference-guide/784b965cfbb5448ab67bdf79478f842c.html
KFFI001061;INCREASE_ACC_CASH_ALL;5;reference-guide/2f2d554b2eba42b69635430a783b2f72.html
KFFI001061;REDUCE_COMPLIANCE;6;reference-guide/fb336dbbab0a492ba44f36e7c9c7df8d.html
KFFI001061;IMPROVE_USE_DISCOUNTS;7;reference-guide/69b4e82176b84131bea17c59aa5e49a0.html
KIRET00460;IMPROVE_DEL_SCHED;1;reference-guide/71de2528447245bfa2bedaae4da508c4.html
KIRET00460;INCREASE_ACC_DEL_QUANT_SCHED;2;reference-guide/bc294150c9144e44b13b8219f79f3197.html
KIRET00460;REDUCE_BACKLOG;3;reference-guide/3f5ae85fc2c3466f9af0a0c61bc93fee.html
KIRET00460;IDENTIFY_AUTOM_OPP;4;reference-guide/eaf7a8a9980a4d1d9e7c190b382cfaf8.html
KIRET00461;IMPROVE_DEL_SCHED;1;reference-guide/3ef08261cf5545a697bc2dfaf09d3f0d.html
KIRET00461;INCREASE_ACC_DEL_QUANT_SCHED;2;reference-guide/84dea35416944ad39a8c235bd2c2c016.html
KIRET00461;REDUCE_BACKLOG;3;reference-guide/7fc79da708d240a0b57feebf8546b637.html
KIRET00461;IDENTIFY_AUTOM_OPP;4;reference-guide/1d932f17fee145b58a9befd54ec7f421.html
KIRET00462;IMPROVE_DEL_SCHED;1;reference-guide/f4c3f93d0417462bb5e0abb638a516bd.html
KIRET00462;INCREASE_ACC_DEL_QUANT_SCHED;2;reference-guide/4caca831b93545fca0670697951167fe.html
KIRET00462;REDUCE_BACKLOG;3;reference-guide/00b1a929195b4383b094680ec07f8978.html
KIRET00462;IDENTIFY_AUTOM_OPP;4;reference-guide/0ebb7c3a493c4b67b5b5666327c345cf.html
KIRET00463;IMPROVE_DEL_SCHED;1;reference-guide/cf17ad9985584a8ca097a999ac7a6752.html
KIRET00463;INCREASE_ACC_DEL_QUANT_SCHED;2;reference-guide/557e78ceb667400ebdb5d642137a2f4d.html
KIRET00463;REDUCE_BACKLOG;3;reference-guide/56ad2015672f44ac8fb59e3b3731a8fb.html
KIRET00463;IDENTIFY_AUTOM_OPP;4;reference-guide/e428ff6821634664a940dc0053a0cd63.html
KIRET00464;REDUCE_OPEN_PAY_IMPR_DEL_SCH;1;reference-guide/0ce36ee3e8794964ab368d54bbb84b22.html
KIRET00464;INCREASE_ACC_DEL_QUANT_SCHED;2;reference-guide/0e797312a80d4f1eb2d86f803ac68bb1.html
KIRET00464;REDUCE_BACKLOG;3;reference-guide/b9a4fcd189be4de1a9829cf2fb029dde.html
KIRET00464;IDENTIFY_AUTOM_OPP;4;reference-guide/847163573d614a09997eec1c1ee34235.html
KIRET00465;REDUCE_OPEN_PAY_IMPR_DEL_SCH;1;reference-guide/9b2fe7b3dba04a858e6d64fc1cdf8ad2.html
KIRET00465;INCREASE_ACC_DEL_QUANT_SCHED;2;reference-guide/19d8302821d64771a7919a03ec052d38.html
KIRET00465;REDUCE_BACKLOG;3;reference-guide/c578fe8a9fcb432eac89c07a870752d0.html
KIRET00465;IDENTIFY_AUTOM_OPP;4;reference-guide/fa72239decac43b4aa5850477d7d899c.html
KIRET00466;REDUCE_OPEN_PAY_IMPR_DEL_SCH;1;reference-guide/9309e2c0a1ce48b4b0b8cee2e909bb27.html
KIRET00466;INCREASE_ACC_DEL_QUANT_SCHED;2;reference-guide/cee6f0a01c544dbdb43b0ee2da71097f.html
KIRET00466;REDUCE_BACKLOG;3;reference-guide/67610f5d6992466c932bcce34a610dbf.html
KIRET00466;IDENTIFY_AUTOM_OPP;4;reference-guide/6aeda181e6714fd9b4f4c4ff5f811eba.html
KIRET00467;REDUCE_OPEN_PAY_IMPR_DEL_SCH;1;reference-guide/7b21e3e30c48439da7b6cce9a12c7910.html
KIRET00467;INCREASE_ACC_DEL_QUANT_SCHED;2;reference-guide/0770e24fe6ea4c97b0ff59fe8d1cc092.html
KIRET00467;REDUCE_BACKLOG;3;reference-guide/d93021a460a34cc5b6ebea62e5b05c0a.html
KIRET00467;IDENTIFY_AUTOM_OPP;4;reference-guide/a256a65f0bd64a8d976275a26ba5ee52.html
KIRET00560;ASSESS_COMPL_RATE_LEADTIME;1;reference-guide/aa4892be99f34a2db90189e056cb2e42.html
KIRET00560;REDUCE_LATE_DEL;2;reference-guide/982ac590ed534933b1616c1d94c24da6.html
KIRET00560;ANALYZE_IR_BEFORE_GR;3;reference-guide/e6f8e505ff8e45f7961bbb7802ee1173.html
KIRET00560;IMPROVE_MD_QUAL;4;reference-guide/5bfc9ba34b784354a891925df83b0a26.html
KIRET00561;ASSESS_COMPL_RATE_LEADTIME;1;reference-guide/3c29ab2756044452add39dea840fdb0d.html
KIRET00561;REDUCE_LATE_DEL;2;reference-guide/32a4f65fbb194c0e928d4858e124d9d7.html
KIRET00561;ANALYZE_IR_BEFORE_GR;3;reference-guide/5ff0d775c9704550a5575efcdd253bad.html
KIRET00561;IMPROVE_MD_QUAL;4;reference-guide/e3b318d4d835431e8d534f081af4ee02.html
KIRET00562;ASSESS_COMPL_RATE_LEADTIME;1;reference-guide/30884d7304ad460ca735b006a671999b.html
KIRET00562;ANALYZE_PO_ITEMS_WO_PR_REF;2;reference-guide/199fc75711a54203a59b05905b4ddde1.html
KIRET00562;REDUCE_LATE_DEL;3;reference-guide/a3f53672158144c2a48a5420100d02a9.html
KIRET00562;ANALYZE_IR_BEFORE_GR;4;reference-guide/6b9934956fdc4350b54c6902265530c5.html
KIRET00562;IMPROVE_MD_QUAL;5;reference-guide/75d64a14560b4703ba32613fda5e44d6.html
KIRET00562;REDUCE_OPEN_PURCH_COM_ITEMS;6;reference-guide/187dde219d8c4f22a4027979478b732f.html
KIRET00563;ASSESS_COMPL_RATE_LEADTIME;1;reference-guide/652168870ea14ad295be58c0c863b215.html
KIRET00563;ANALYZE_PO_ITEMS_WO_PR_REF;2;reference-guide/03488ed909a148c595de4c8bfc08d543.html
KIRET00563;REDUCE_LATE_DEL;3;reference-guide/a8d138bda45b4f34848a7df4b504c121.html
KIRET00563;ANALYZE_IR_BEFORE_GR;4;reference-guide/a963516800114df2baae14e766317280.html
KIRET00563;IMPROVE_MD_QUAL;5;reference-guide/fdace88592c34a34bd8cbd6b41f58745.html
KIRET00563;REDUCE_OPEN_PURCH_COM_ITEMS;6;reference-guide/1a39529046cf453f8f7889482fb85def.html
KPIM000160;ASSESS_STOCKLEVEL_TIME;1;reference-guide/7846d0ed8d7a4f9a803d3488f6e57206.html
KPIM000160;REDUCE_STOCKLEVEL_MOVE;2;reference-guide/aa23279d7303429486d0d844af195728.html
KPIM000160;REDUCE_STOCKLEVEL_DELETED;3;reference-guide/52c16570b54c4f0b8ea21fcc978529f1.html
KPIM000161;ASSESS_STOCKLEVEL_TIME;1;reference-guide/be5fd54c0f6a4452bd692aab6f722edf.html
KPIM000161;REDUCE_STOCKLEVEL_MOVE;2;reference-guide/fffdab242fa9416f80ad1b6428311729.html
KPIM000161;REDUCE_STOCKLEVEL_DELETED;3;reference-guide/edcb0a98acda4bd393dbf359cf8fb67a.html
KPIM000162;ASSESS_STOCKLEVEL_TIME;1;reference-guide/f20a549c3ee944ccbb5bf89fd855c92f.html
KPIM000162;REDUCE_STOCKLEVEL_MOVE;2;reference-guide/f1d10a1398d146b4a1f0f4abc1559f41.html
KPIM000162;REDUCE_STOCKLEVEL_DELETED;3;reference-guide/f7aaa7822a214b16bb4a0c35cca6adf9.html
KPIM000163;ASSESS_STOCKLEVEL_TIME;1;reference-guide/2747195ce16b4b5091942b83244c771d.html
KPIM000163;REDUCE_STOCKLEVEL_MOVE;2;reference-guide/eebf61facb84406282414434609ea363.html
KPIM000163;REDUCE_STOCKLEVEL_DELETED;3;reference-guide/30e9b4ef6f4046e4ae0eec58712a7d2a.html
KPLE000360;REDUCE_NO_RETURNS_TO_SUPPL;1;reference-guide/2c665d862594458cb4f7ffd634a397c7.html
KPLE000360;INCREASE_AUTOM_OUTB_DEL_ITEM;2;reference-guide/65f0f145d154423ab79d9f8b516551b4.html
KPLE000360;INCREASE_ACC_GI_PLAN_RED_LATE_SH;3;reference-guide/a98acc049acf4356bbd75344fc271b60.html
KPLE000361;INCREASE_AUTOM_OUTB_DEL_ITEM;1;reference-guide/90669d2995144b65b983188061b3eae5.html
KPLE000361;INCREASE_ACC_GI_PLAN_RED_LATE_SH;2;reference-guide/ae0a3c2d4bdf4b7fb74035355cb7e73c.html
KPMRP00260;IMPROVE_RUNTIME_MRP;1;reference-guide/7fa5005e4e9d4612be5690a8d2841186.html
KPMRP00260;IMPROVE_QUAL_SALES_REL_TRANS_DATA;2;reference-guide/bf4431a947f546f88342236862273571.html
KPMRP00260;IMPROVE_QUAL_PLAN_REL_TRANS_DATA;3;reference-guide/2b74b4751da74accaa2029c877ab134b.html
KPMRP00260;IMPROVE_QUAL_MANUF_REL_TRANS_DATA;4;reference-guide/c9bd2a7d41db47b78827e814f563b55a.html
KPMRP00260;IMPROVE_QUAL_PURCH_REL_TRANS_DATA;5;reference-guide/d9d3cc1a9baa4b498adb16ef1b558450.html
KPMRP00260;REDUCE_EXCEP_PLAN_EXEC;6;reference-guide/a960ce31981a4c02bf07f885e421d7df.html
KPMRP00260;IMPROVE_USAGE_PLAN_RESULTS;7;reference-guide/197aa4c0f6cb417788aa2b88829530f3.html
KPPP000160;IMPROVE_MANUFACT_PERF;1;reference-guide/6db78f39dbe44419bd5832031d38d767.html
KPPP000160;INCREASE_SCP_AUTOMATION;2;reference-guide/711f91f7ce6c490aaa8c8a6821895531.html
KPPP000160;INCREASE_DATE_ADHERENCE;3;reference-guide/4b6e0aceae47491e96bba16f3bfd4904.html
KPPP000160;IMPROVE_COMP_AVAIL;4;reference-guide/245444dfa7e24aa289b663d248c2fc5a.html
KPPP000160;ENSURE_USE_QM_IN_MAUFACT;5;reference-guide/2a71d0b988424df18a8934e72814e271.html
KPPP000162;IMPROVE_OTIF_DEL_RATE;1;reference-guide/5a2d9c60cf2c48a0b257c7b0565c99b2.html
KPPP000162;IMPROVE_STOCK_AVAILABILITY;2;reference-guide/b1dc30b9f69f4eb29b2f9d5cb03f35cf.html
KPPP000162;REDUCE_PROBL_BL_PURCH;3;reference-guide/8f78d013715141da8bb914b7a97acbd3.html
KPPP000162;REDUCE_PROBL_BL_MANUF;4;reference-guide/c52bc18a9d444f8598e1466fadd0f315.html
KPPP000260;IMPROVE_PROC_MANUFACT_PERF;1;reference-guide/bb60497eaa7a4113a7a861d1a19cf716.html
KPPP000260;INCREASE_SCP_AUTOMATION;2;reference-guide/522ad078be63423191b0310a91ecd334.html
KPPP000260;INCREASE_DATE_ADHERENCE;3;reference-guide/96acc7952e2247629d056cd004f4d002.html
KPPP000260;IMPROVE_COMP_AVAIL;4;reference-guide/fff4cc5a9c3d409abd21c55d860df43b.html
KPPP000260;ENSURE_USE_QM_IN_MAUFACT;5;reference-guide/f15ba0f96f8646b1a73ad98fe34d36f3.html
KPPP000262;IMPROVE_OTIF_DEL_RATE;1;reference-guide/695b1b36752a4f17adf78fb126795179.html
KPPP000262;IMPROVE_STOCK_AVAILABILITY;2;reference-guide/8cbc20290f014e1ca26fbb7b3cd74368.html
KPPP000262;REDUCE_PROBL_BL_PURCH;3;reference-guide/37454cf73c8b4ebe8d656d57596dc45e.html
KPPP000262;REDUCE_PROBL_BL_MANUF;4;reference-guide/6f7d1cddbcf7462797e7070949917140.html
KPPROJ0360;IMPROVE_WBS_MD_QUAL;1;reference-guide/56ca2e5004864a6fa2268d21129353b2.html
KPPROJ0360;IMPROVE_CONSIST_ACC_ASSIG;2;reference-guide/4e524e8046f24199a09e6ec7a4b9b702.html
KPPROJ0360;REDUCE_OPEN_COM_ITEMS;3;reference-guide/b23e79117d3f44ad8d9240693ce313eb.html
KPPROJ0360;ENSURE_CONSIST_PROC_COMPL;4;reference-guide/7fa186fe1e1041f586118e621232cee9.html
KPPROJ0361;IMPROVE_WBS_MD_QUAL;1;reference-guide/821bb65c71734ae5ae0a376515918f60.html
KPPROJ0361;IMPROVE_CONSIST_ACC_ASSIG;2;reference-guide/14cfe12e12d3443abe4a92b0ac95395c.html
KPPROJ0361;REDUCE_OPEN_COM_ITEMS;3;reference-guide/a348c16808c5462e82e547c88e39d883.html
KPPROJ0361;IMPROVE_ASSET_CAPITAL_PERF;4;reference-guide/b870db713c0040c0840279751a0f2d06.html
KPPROJ0361;ENSURE_CONSIST_PROC_COMPL;5;reference-guide/0aa2b659dd894c8c8fa89b2379cf3db0.html
KPPURCH261;ASSESS_COMPL_RATE_LEADTIME;1;reference-guide/8fad8b605b874f568a7f0d0bc5cfd9d6.html
KPPURCH261;ANALYZE_PO_ITEMS_WO_PR_REF;2;reference-guide/60c0de63c2604bacbccf8a71c3bd3270.html
KPPURCH261;REDUCE_LATE_DEL;3;reference-guide/cf11ca28f92e433295c5e50116854fee.html
KPPURCH261;ANALYZE_IR_BEFORE_GR;4;reference-guide/1301e351ab9c451a8d175f143649f987.html
KPPURCH261;IMPROVE_MD_QUAL;5;reference-guide/488c1e76e6164dbbb9293618fc05ea1e.html
KPPURCH265;ASSESS_COMPL_RATE_LEADTIME;1;reference-guide/c4e3cfd3962a441e8a59200ebf7342d1.html
KPPURCH265;ANALYZE_PO_ITEMS_WO_PR_REF;2;reference-guide/71e8dc3380634b748059c1c1974d293e.html
KPPURCH265;IDENTIFY_AUTOM_OPP;3;reference-guide/4a8fb1de842948c49c44f2d6d3af028d.html
KPPURCH265;INCREASE_ADH_EXP_DATES;4;reference-guide/ed9622437df84a3c97317bbe526225d0.html
KPPURCH265;REDUCE_OPEN_PURCH_COM_ITEMS;5;reference-guide/f9292f9fb82a4646bd177b05d87b3d92.html
KPPURCH265;IDENTIFY_DEV_PAYTERM_PO_IV;6;reference-guide/d9b25e5774864f7c9878af7fc558f891.html
KPPURCH268;ASSESS_COMPL_RATE_LEADTIME;1;reference-guide/4057d2d7ce1b4624a5f25306da60cb1f.html
KPPURCH268;ANALYZE_PO_ITEMS_WO_PR_REF;2;reference-guide/c9318c3c9d7240f0af57785b24b22436.html
KPPURCH268;REDUCE_LATE_DEL;3;reference-guide/142005a6f0104b8c96eaeabf1e0ef53e.html
KPPURCH268;ANALYZE_IR_BEFORE_GR;4;reference-guide/582723dcbd9745898296beb6f5497fb8.html
KPPURCH268;IMPROVE_MD_QUAL;5;reference-guide/8c4f1428939a4a489632b050855120a3.html
KPPURCH268;REDUCE_OPEN_PURCH_COM_ITEMS;6;reference-guide/cfa2c0bba8564fb392d6f82c813de0b5.html
KPPURCH360;INCREASE_AUTOMATION;1;reference-guide/f91cd902fbc546b08bcb557fadc9d675.html
KPPURCH360;REDUCE_MAN_ADJ_MRP_RUN;2;reference-guide/a3849065393547ddb1ba6b06ae7e1baf.html
KPPURCH360;REDUCE_MAN_ADJ_APP_PR;3;reference-guide/d39a4d364add4a06a1635cc4a0ec70d9.html
KPPURCH360;REDUCE_DEL_CONV_PR_PO;4;reference-guide/ba005d47332c46c1bfcac6bfd0cc3d19.html
KPPURCH360;IMPROVE_MD_QUAL;5;reference-guide/a64ed3e787d540daa831aa9bc5b72d85.html
KPPURCH362;INCREASE_AUTOMATION;1;reference-guide/eb40949339504113b94552f6123be0df.html
KPPURCH362;REDUCE_MAN_ADJ_MRP_RUN;2;reference-guide/d0dc15f2e7ed489593ab5cabef2d859e.html
KPPURCH362;REDUCE_MAN_ADJ_APP_STR;3;reference-guide/b76594e3fc334fb89b7899df6f82a9fc.html
KPPURCH362;REDUCE_DEL_CONV_STPR_STO;4;reference-guide/c15f070210e34aaf85f45edad5e9cfe4.html
KPPURCH362;IMPROVE_MD_QUAL;5;reference-guide/60c600316c2c412f895c9d2a1d63f1c8.html
KPPURCH460;IMPROVE_OTP_DPO;1;reference-guide/d67e2787291844d4b499c1c380d2206d.html
KPPURCH460;INCREASE_AUTOM_ROP;2;reference-guide/be72617dc1534393a6fbaec9013a7423.html
KPPURCH460;AVOID_EARLY_PAY;3;reference-guide/8806686653244266b087a031810d6ee1.html
KPPURCH460;AVOID_LATE_PAY;4;reference-guide/824c5842fc9b4a1693ca5c98b6b58eb9.html
KPPURCH460;AVOID_IV_BYPASS;5;reference-guide/842551ef940c4dd2959c6d82ac2b9599.html
KPPURCH460;IDENTIFY_BLOCKS_IN_FI;6;reference-guide/835ed49d3d05443fa3dc7eb0e64087be.html
KPPURCH460;AVOID_MAVERICK_BUY;7;reference-guide/f27adc1d770546a5bcbd41352d21bb4f.html
KPPURCH460;IDENTIFY_DEV_PAYTERM_PO_IV;8;reference-guide/117e27b2b4d54292a6ec95a756e4cd61.html
KPPURCH460;IMPROVE_USE_DISCOUNTS;9;reference-guide/c4560529b4c148cd9a3a2eaa5c870374.html
KPPURCH560;IMPROVE_DEL_SCHED;1;reference-guide/4b06a63922c84a9c9bdbd99882bdf371.html
KPPURCH560;INCREASE_ACC_DEL_QUANT_SCHED;2;reference-guide/d051a77f06054191b7eb8fb38b9e3fd4.html
KPPURCH560;REDUCE_BACKLOG;3;reference-guide/fe81bdb1420b439e84b536e63ac43fe9.html
KPPURCH560;IDENTIFY_AUTOM_OPP;4;reference-guide/abf5fe503f3f4eeea2b43f6c2f3ea1ec.html
KPPURCH561;IMPROVE_DEL_SCHED;1;reference-guide/f65d54235cfa4854bca28d1f076b0d93.html
KPPURCH561;INCREASE_ACC_DEL_QUANT_SCHED;2;reference-guide/dba72c6125414d198e23661e5cbd1b67.html
KPPURCH561;REDUCE_BACKLOG;3;reference-guide/17477dd59f554829906ecbe058126847.html
KPPURCH561;IDENTIFY_AUTOM_OPP;4;reference-guide/48d936261b7948139f7ef0709ef633b0.html
KPPURCH562;REDUCE_OPEN_PAY_IMPR_DEL_SCH;1;reference-guide/60562527aa7344b8bae2063ec50304b3.html
KPPURCH562;INCREASE_ACC_DEL_QUANT_SCHED;2;reference-guide/26d7e69ef58e488d88db92d1f5f594d7.html
KPPURCH562;REDUCE_BACKLOG;3;reference-guide/dd1579caa1464db283827ecf3af5abc7.html
KPPURCH562;IDENTIFY_AUTOM_OPP;4;reference-guide/663ef636b75b46a0ad8c26dd91e9cc39.html
KPPURCH660;IDENTIFY_MISSED_AUTOM_OPP_ERS;1;reference-guide/94aff95871924f84802dba78d962e3b9.html
KPPURCH660;REDUCE_NOT_USED_SCHED_AGR;2;reference-guide/07d27271fc934a97805af8e6d5fa8931.html
KPPURCH660;INCREASE_AUTOM_SCHED_LINES;3;reference-guide/ef80039ad71c4a6aafcfac0283275fd1.html
KPPURCH660;AVOID_SCHED_AGR_EXC_QUANT;4;reference-guide/781f5502df9a4f088114b9a06ab01d92.html
KPPURCH660;REDUCE_OPEN_PURCH_COM_ITEMS;5;reference-guide/3b62d2fcfd0840e795077dad1915aa61.html
KPPURCH661;AVOID_PC_NOT_USED;1;reference-guide/023d716a4d38489c8ed610bbffb5d869.html
KPPURCH661;AVOID_PC_EXC_QUANT;2;reference-guide/f4b2c7c1aaae452a9cbf6331ef034994.html
KPPURCH662;AVOID_PC_NOT_USED;1;reference-guide/d0e5210da62043c5bb45ce6948819de6.html
KPPURCH662;AVOID_PC_EXC_VALUE;2;reference-guide/5d46b15d539b4bcfabc6d9fd4aaba405.html
KPSD000260;IMPROVE_OTP_DSO;1;reference-guide/fed92069735549c09a5338404d574248.html
KPSD000260;INCREASE_AUTOM_SD_DOCS;2;reference-guide/d4bb62ca8aa946f2b27b8edcad77a3bb.html
KPSD000260;REDUCE_LATE_CUST_PAY;3;reference-guide/bfbcad1ee92746abbeae1c855798d455.html
KPSD000260;REDUCE_INV_NOT_TRASF;4;reference-guide/96e5175ea89047169ad3e99d1ce47fba.html
KPSD000260;ASSESS_DEVIATION_PAYTERM_DS_INV;5;reference-guide/2bc4634f5b17497c9912e7e5c0b53067.html
KPSD000260;USE_DUNNING;6;reference-guide/8f6ca635f581486685c324a92e996a96.html
KPSD000260;INCREASE_ACC_CASH_ALL;7;reference-guide/d8d9543d212a4c8eb0eb32b5185e6999.html
KPSD000260;IMPROVE_USE_DISCOUNTS;8;reference-guide/a7afdb6b84bd484788c0ae056774208a.html
KPSD000360;IMPROVE_DEL_RATE;1;reference-guide/57462672c5fe4eb6adc2029537c8ba8e.html
KPSD000360;INCREASE_AUTOMATION;2;reference-guide/7daa58564ff542f99d84d252d733201c.html
KPSD000360;ANALYZE_REJECT_REASON;3;reference-guide/9c2235c1ba644bae860be81a20aa33a1.html
KPSD000361;ASSESS_LT_SO_TO_INV;1;reference-guide/b846b1d0fa86424e90b08961377dcad0.html
KPSD000361;IDENTIFY_DELAY_REASONS;2;reference-guide/4effc02e28fc45b197b2f3d934db0ba1.html
KPSD000362;IDENTIFY_BOTTLENECKS;1;reference-guide/c667ee05b7f74725a5378243254ff2a0.html
KPSD000363;IDENTIFY_GENERAL_IMP;1;reference-guide/aead2dc11e1746edac81b6be0f73c5be.html
KPSD000363;REDUCE_INCOMP_SOS;2;reference-guide/bb460d9c664a46719fab9e22a32b539e.html
KPSD000363;ASSESS_DELAYS_PURCH;3;reference-guide/4efa4c5fe3244fd3ab68c8ab22b15323.html
KPSD000363;ASSESS_DELAYS_CUST_INV;4;reference-guide/2a0a5946146f47cea222f674fd393c15.html
KPSD000364;IDENTIFY_GENERAL_IMP;1;reference-guide/57aa086d020d48e8ae01d8454419826b.html
KPSD000364;REDUCE_INCOMP_SOS;2;reference-guide/185b8926754841f0a33aed2c6d4499ea.html
KPSD000364;INCREASE_ADHERENCE_SD_PURCH;3;reference-guide/4e13e89105d04d8987bbc60c141e964d.html
KPSD000364;AVOID_REDUCE_STOCK;4;reference-guide/6783c57175714e7889bb74257b43d7ca.html
KPSD000365;IDENTIFY_GENERAL_IMP;1;reference-guide/3c71c7001ba045ffa03bc10f5d8c09cf.html
KPSD000365;REDUCE_INCOMP_SOS;2;reference-guide/a3eb87c0369843e793b0dd99d93b0ded.html
KPSD000365;INCREASE_SCP_AUTOMATION;3;reference-guide/83e252f367e34b4eb6b6277f5538014d.html
KPSD000365;INCREASE_ADHERENCE_SD_MANUF;4;reference-guide/134758e339fe46d0910dbbb0e7587e45.html
KPSD000365;INCREASE_DATE_ADHERENCE;5;reference-guide/df7ee84ae42c4ea69005cb926a414919.html
KPSD000365;AVOID_REDUCE_STOCK;6;reference-guide/006618c4e947431d8dd44a75a01de7bc.html
KPSD000369;IMPROVE_OTIF_DEL_RATE;1;reference-guide/de6294ca9faa457082bb0a94ebb55a37.html
KPSD000369;IMPROVE_STOCK_AVAILABILITY;2;reference-guide/23871938998145658fd1b518e12d7301.html
KPSD000369;REDUCE_PROBL_BL_PURCH;3;reference-guide/cdb3735b2e12401993b22b5966c37364.html
KPSD000369;REDUCE_PROBL_BL_MANUF;4;reference-guide/c0602d1deaaf4f029544415ffa3a59b1.html
KPSD000460;IMPROVE_COM_RATE_DSO;1;reference-guide/d1a37f3dd5ff4665b4985b89b8f4ad51.html
KPSD000460;USE_AUTOMATION;2;reference-guide/19a7cc1e56db4bc280c718692f5aa346.html
KPSD000460;AVOID_COMPLIANCE_ISSUES;3;reference-guide/0bc9fb66fed6480c88c600858d5dc282.html
KPSD000460;USE_DUNNING;4;reference-guide/2925fa04cf794c05825284dcdcb01756.html
KPSD000460;INCREASE_ACC_CASH_ALL;5;reference-guide/49916f5bd2b0416b94b9f3035fbc2c51.html
KPSD000462;IMPROVE_COM_RATE_DSO;1;reference-guide/8ef6ee02a6ba45b5bc13947b5cc7d2d8.html
KPSD000462;IDENTIFY_AUTOM_OPP;2;reference-guide/d7918cdf5a234b828e59474c44ebe393.html
KPSD000462;AVOID_COMPLIANCE_ISSUES;3;reference-guide/5e556f954a1b4ae5bf9deafadad005e7.html
KWPM000260;INCREASE_ADH_MAINT_SCHED;1;reference-guide/d5c5e0bca3ee4abb9b76c98215ca2377.html
KWPM000260;IMPROVE_MAINT_EXEC_CONF;2;reference-guide/18368cee57a941039455f1af6a5753eb.html
KWPM000260;INCREASE_MAINT_COMPL;3;reference-guide/52849ebc7165428a894820cf6076cb3d.html
KWPM000262;INCREASE_ADH_SERV_SCHED;1;reference-guide/8a172b67f94e44819ec27312e63afcff.html
KWPM000262;IMPROVE_SERV_EXEC_CONF;2;reference-guide/1cb663a04534490d9398a2d15e735116.html
KWPM000262;INCREASE_SERV_COMPL;3;reference-guide/f487de295074404885ed1bb6c3918d22.html
KWQM000161;INCREASE_AUTOM_RATE_INSPECTION_LOT;1;reference-guide/d2726f500e7c4996a25f0ebac944c1dd.html
KWQM000161;AVOID_MANUAL_CHANGES;2;reference-guide/4ee85fd6551843c9a3339bb521e9b912.html
KWQM000161;HARMONIZE_MASTER_DATA;3;reference-guide/11c9667a7ce643d8bf84c381af35ce06.html
KWQM000161;INCREASE_AUTOMATIC_STOCK_POST;4;reference-guide/9a4af246a5e24f969005f5b6a9653306.html
KWQM000161;INCREASE_SCHEDULE_ADHERENCE;5;reference-guide/8cb0e49f18b44d3a948295ffb8a072ed.html
KWQM000161;INCREASE_AUTOMATIC_USAGE_DECIS;6;reference-guide/424de264fb36433daf7dba3fed3d3d9e.html
KWQM000162;INCREASE_AUTOM_RATE_INSPECTION_LOT;1;reference-guide/3ac8abee089a4e569ede50bfb7341ff2.html
KWQM000162;AVOID_MANUAL_CHANGES;2;reference-guide/fe6c053e3f6742308a9580e40983ce17.html
KWQM000162;HARMONIZE_MASTER_DATA;3;reference-guide/a15ee79c9f9f494587a5ee1e0ca6281a.html
KWQM000162;INCREASE_AUTOMATIC_STOCK_POST;4;reference-guide/f0a6df1118854937b730460fa586ad30.html
KWQM000162;INCREASE_SCHEDULE_ADHERENCE;5;reference-guide/9d01d069e63e4487bd48f4fe814c2225.html
KWQM000162;INCREASE_AUTOMATIC_USAGE_DECIS;6;reference-guide/3ccc3f5af4264cd9b377c41ad6558b1a.html
KWQM000163;INCREASE_AUTOM_RATE_INSPECTION_LOT;1;reference-guide/42196ac90cdb43428de602592c62eba6.html
KWQM000163;AVOID_MANUAL_CHANGES;2;reference-guide/0a1a96a07a4a4a6fb5ea4aadad3daeb2.html
KWQM000163;HARMONIZE_MASTER_DATA;3;reference-guide/3e8583f73cfa4c67a29f9bef41cd169f.html
KWQM000163;INCREASE_SCHEDULE_ADHERENCE;4;reference-guide/40b9cf48257c4dfbbb65f098436f136b.html
KWQM000163;INCREASE_AUTOMATIC_USAGE_DECIS;5;reference-guide/7c42f6b0ec8e4fa5a529b5554e3d0be9.html
KXEWM00260;IMPROVE_WH_INV_CYCLE_COUNT;1;reference-guide/436faed328064f43a075b00ea94554d6.html
KXEWM00260;REDUCE_WH_MGMT_COST_OUTBOUND;2;reference-guide/b7e3d0574bc346c3855b90fa2a67b778.html
KXEWM00260;REDUCE_WH_MGMT_COST_INTERNAL;3;reference-guide/7143a465e39545b486d43d578e221945.html
KXEWM00460;IMPROVE_WH_REC_CYCLE_TM;1;reference-guide/12be2d7bd3144f05bd452b255fce3084.html
KXEWM00460;IMPROVE_SUPP_ORDER_FULLFM;2;reference-guide/045ba1c3e2d94572998534f2c71e2f7b.html
KXEWM00460;REDUCE_WH_MGMT_COST_INBOUND;3;reference-guide/99cbfd38702e4c27b5c2f69d01671eef.html
KXEWM00461;IMPROVE_WH_REC_CYCLE_TM;1;reference-guide/aa4e17cc2e2f4017af7f63abee9b8319.html
KXEWM00461;IMPROVE_IH_ORDER_FULF;2;reference-guide/34311855854d4232ab8a8be7c9ab982a.html
KXEWM00461;REDUCE_WH_MGMT_COST_INBOUND;3;reference-guide/e7ac19b9abab4d5f8e404436eca72de3.html
KXEWM00560;IMPROVE_WH_IS_CYCLE_TM;1;reference-guide/bee87bbf127b49a0ba976e1d783fe617.html
KXEWM00560;IMPROVE_CUST_ORDER_FULF;2;reference-guide/8061ddc860bf412ebfcca74c5f1e6cf4.html
KXEWM00560;REDUCE_WH_MGMT_COST_OUTBOUND;3;reference-guide/f87b0cdf6a0a4921965b52692d42590f.html