locale;id;text
fr;A2D_A2O;Processus de l'acquisition à l'intégration
fr;A2D_MA;Gestion d'actifs
fr;A2D_O2M;Processus des opérations à la maintenance
fr;FIN_I2C;De la facture à l'encaissement
fr;FIN_I2P;De la facture au paiement
fr;FIN_MRE;Gestion des biens immobiliers
fr;FIN_MT;Gestion de trésorerie
fr;FIN_P2OF;De la planification à l'optimisation des aspects financiers
fr;FIN_R2R;De l'enregistrement à la déclaration
fr;GOV_MGRC;Gestion de la gouvernance, des risques et de la conformité
fr;GOV_MPO;Gestion du portefeuille et des projets
fr;GOV_MSO;Gestion de la durabilité
fr;I2M_D2R;De la conception au lancement
fr;I2M_MPS;Gestion des produits/services
fr;L2C_M2L;Du marché à l'intérêt potentiel
fr;L2C_MCC;Gestion des clients et canaux
fr;L2C_O2F;De la commande à l'exécution
fr;L2C_O2Q;De l'opportunité à l'offre
fr;L2C_R2S;De la demande à la prestation du service
fr;P2F_DP2F;De la livraison du produit à l'exécution
fr;P2F_DS2F;De la prestation de service à l'exécution
fr;P2F_M2I;De la fabrication à l'inspection
fr;P2F_MF;Gestion de l'exécution
fr;P2F_P2OF;De la planification à l'optimisation de l'exécution
fr;S2P_MSC;Gestion des fournisseurs et de la collaboration
fr;S2P_P2R;De l'approvisionnement à la réception
fr;S2P_S2C;De l'approvisionnement au contrat