locale;kpiId;phaseId;title;subtitle
de;CPACM00160;10;BEZUGSQUELLENFINDUNG UND BESCHAFFUNG;Vertragsarbeitsbereich
de;CPAOP00160;10;BEZUGSQUELLENFINDUNG UND BESCHAFFUNG;Bestellanforderung
de;CPAOP00160;20;BEZUGSQUELLENFINDUNG UND BESCHAFFUNG;Bestellung
de;CPAOP00161;10;BEZUGSQUELLENFINDUNG UND BESCHAFFUNG;Bestellung
de;CPAOP00161;20;LIEFERKETTE;Warenbewegung
de;CPAOP00161;30;FINANZEN;Lieferantenrechnung
de;CPAOP00162;10;FINANZEN;Lieferantenrechnung
de;CPAOP00162;20;FINANZEN;Rechnungszahlung
de;CPAOP00163;10;BEZUGSQUELLENFINDUNG UND BESCHAFFUNG;Bestellung
de;CPAOP00163;20;FINANZEN;Lieferantenrechnung
de;CPASC00160;10;BEZUGSQUELLENFINDUNG UND BESCHAFFUNG;Beschaffungsanforderung
de;CPASC00160;20;BEZUGSQUELLENFINDUNG UND BESCHAFFUNG;Beschaffungsprojekt
de;CPASC00160;30;BEZUGSQUELLENFINDUNG UND BESCHAFFUNG;Beschaffungsereignis
de;CPASC00160;40;BEZUGSQUELLENFINDUNG UND BESCHAFFUNG;Beschaffungsprojekt
de;CPASC00161;10;BEZUGSQUELLENFINDUNG UND BESCHAFFUNG;Beschaffungsprojekt
de;CPASC00161;20;BEZUGSQUELLENFINDUNG UND BESCHAFFUNG;Beschaffungsereignis
de;CPASC00161;30;BEZUGSQUELLENFINDUNG UND BESCHAFFUNG;Beschaffungsprojekt
de;CPASC00163;10;BEZUGSQUELLENFINDUNG UND BESCHAFFUNG;Beschaffungsereignis
de;CPASC00163;20;BEZUGSQUELLENFINDUNG UND BESCHAFFUNG;Gebotsabgabe
de;CPASC00163;30;BEZUGSQUELLENFINDUNG UND BESCHAFFUNG;Beschaffungsereignis
de;CPASC00164;10;BEZUGSQUELLENFINDUNG UND BESCHAFFUNG;Beschaffungsereignis
de;CPASC00164;20;BEZUGSQUELLENFINDUNG UND BESCHAFFUNG;Gebotsabgabe
de;CPASC00164;30;BEZUGSQUELLENFINDUNG UND BESCHAFFUNG;Beschaffungsereignis
de;CPASC00165;10;BEZUGSQUELLENFINDUNG UND BESCHAFFUNG;Beschaffungsereignis
de;CPASC00165;20;BEZUGSQUELLENFINDUNG UND BESCHAFFUNG;Gebotsabgabe
de;CPASC00165;30;BEZUGSQUELLENFINDUNG UND BESCHAFFUNG;Beschaffungsereignis
de;CPASM00160;10;BEZUGSQUELLENFINDUNG UND BESCHAFFUNG;Lieferantenanforderung
de;CPASM00160;20;BEZUGSQUELLENFINDUNG UND BESCHAFFUNG;Lieferantenregistrierung
de;CPASM00161;10;BEZUGSQUELLENFINDUNG UND BESCHAFFUNG;Lieferantenqualifizierung
de;KBSRM00160;10;BESCHAFFUNG;Einkaufswagen
de;KBSRM00160;20;BESCHAFFUNG;Einkaufsbeleg
de;KBSRM00760;10;BESCHAFFUNG;Ausschreibung
de;KBSRM00760;20;BESCHAFFUNG;Anbietergebot (Angebot)
de;KBSRM00761;10;BESCHAFFUNG;Auktion
de;KBSRM00761;20;BESCHAFFUNG;Anbietergebot (Angebot)
de;KCSAL00660;10;VERTRIEB;Opportunity
de;KCSAL00660;20;VERTRIEB;Geschäftsaktivität
de;KCSAL00660;30;VERTRIEB;Aufgabe
de;KCSAL00660;40;VERTRIEB;Opportunity
de;KFFI000960;10;FINANZEN;Buchhaltungsbeleg
de;KFFI000960;20;FINANZEN;Ausgleichsbeleg
de;KFFI000961;10;FINANZEN;Buchhaltungsbeleg
de;KFFI000961;20;FINANZEN;Ausgleichsbeleg
de;KFFI001060;10;FINANZEN;Buchhaltungsbeleg
de;KFFI001060;20;FINANZEN;Ausgleichsbeleg
de;KFFI001061;10;FINANZEN;Buchhaltungsbeleg
de;KFFI001061;20;FINANZEN;Ausgleichsbeleg
de;KFFI001860;10;FINANZEN;Anlagenstamm
de;KFFI001860;20;FINANZEN UND BESCHAFFUNG;Buchhaltungsbeleg
de;KFFI001860;30;FINANZEN;Abrechnungsbeleg
de;KFFI001860;40;FINANZEN;Anlagenstamm
de;KFFI001861;10;FINANZEN;Anlagenstamm
de;KFFI001861;20;FINANZEN UND BESCHAFFUNG;Buchhaltungsbeleg
de;KFFI001861;30;FINANZEN;Abschreibungsbuchung
de;KFFI001861;40;FINANZEN;Anlagenbuchung
de;KFFI001861;50;FINANZEN;Anlagenstamm
de;KFFI001960;10;FINANZEN;Buchhaltungsbeleg
de;KFFI001960;20;FINANZEN;Ausgleichsbeleg
de;KFFI002260;10;FINANZEN;Buchhaltungsbeleg
de;KFFI002260;20;FINANZEN;Ausgleichsbeleg
de;KFFI002360;10;FINANZEN;Produktkostensammler
de;KFFI002360;20;FERTIGUNG;Planauftragsrückmeldung
de;KFFI002360;30;FERTIGUNG/FINANZEN;Materialabrechnung
de;KFFI002660;10;VERTRIEB;Provider-Vertrag
de;KFFI002660;20;VERTRIEB;Faktura
de;KFFI002660;30;VERTRIEB;Fakturierungsbeleg
de;KIAUT00160;10;FERTIGUNG;Produktionseinteilung
de;KIAUT00160;20;LIEFERKETTE;Lagerbestand
de;KIAUT00160;30;BESCHAFFUNG;Bestellung/Anforderung/Lieferplan
de;KIAUT00160;40;FERTIGUNG;Produktionseinteilung
de;KIISU00160;10;VERTRIEB;Kontrakt
de;KIISU00160;20;VERTRIEB;Ableseauftrag
de;KIISU00160;30;VERTRIEB;Faktura
de;KIISU00160;40;VERTRIEB;Druckbeleg
de;KIISU00160;50;FINANZEN;Vertragskontokorrentbeleg
de;KIISU00161;10;VERTRIEB;Abrechnungsauftrag
de;KIISU00161;20;VERTRIEB;Ableseauftrag
de;KIISU00161;30;VERTRIEB;Kontrakt
de;KIISU00161;40;VERTRIEB;Abrechnungsauftrag
de;KIISU00162;10;VERTRIEB;Abrechnungsauftrag
de;KIISU00162;20;VERTRIEB;Ableseauftrag
de;KIISU00162;30;VERTRIEB;Kontrakt
de;KIISU00162;40;VERTRIEB;Abrechnungsauftrag
de;KIISU00260;10;VERTRIEB;Faktura
de;KIISU00260;20;VERTRIEB;Druckbeleg
de;KIISU00261;10;VERTRIEB;Faktura
de;KIISU00261;20;VERTRIEB;Druckbeleg
de;KIISU00360;10;VERTRIEB;Druckbeleg
de;KIISU00360;20;FINANZEN;Buchhaltungsbeleg
de;KIISU00361;10;VERTRIEB;Druckbeleg
de;KIISU00361;20;FINANZEN;Buchhaltungsbeleg
de;KIRET00460;10;BEZUGSQUELLENFINDUNG UND BESCHAFFUNG;Umlagerungsbestellung
de;KIRET00460;20;LIEFERKETTE;Nachschublieferung
de;KIRET00460;30;LIEFERKETTE;Warenbewegung
de;KIRET00461;10;BEZUGSQUELLENFINDUNG UND BESCHAFFUNG;Umlagerungsbestellung
de;KIRET00461;20;LIEFERKETTE;Nachschublieferung
de;KIRET00461;30;LIEFERKETTE;Warenbewegung
de;KIRET00462;10;BEZUGSQUELLENFINDUNG UND BESCHAFFUNG;Umlagerungsbestellung
de;KIRET00462;20;LIEFERKETTE;Nachschublieferung
de;KIRET00462;30;LIEFERKETTE;Warenbewegung
de;KIRET00463;10;BEZUGSQUELLENFINDUNG UND BESCHAFFUNG;Umlagerungsbestellung
de;KIRET00463;20;LIEFERKETTE;Nachschublieferung
de;KIRET00463;30;LIEFERKETTE;Warenbewegung
de;KIRET00464;10;BEZUGSQUELLENFINDUNG UND BESCHAFFUNG;Umlagerungsbestellung
de;KIRET00464;20;LIEFERKETTE;Nachschublieferung
de;KIRET00464;30;LIEFERKETTE;Warenbewegung
de;KIRET00464;40;FINANZEN;Buchhaltungsbeleg
de;KIRET00465;10;BEZUGSQUELLENFINDUNG UND BESCHAFFUNG;Umlagerungsbestellung
de;KIRET00465;20;LIEFERKETTE;Nachschublieferung
de;KIRET00465;30;LIEFERKETTE;Warenbewegung
de;KIRET00465;40;FINANZEN;Buchhaltungsbeleg
de;KIRET00466;10;BEZUGSQUELLENFINDUNG UND BESCHAFFUNG;Umlagerungsbestellung
de;KIRET00466;20;LIEFERKETTE;Nachschublieferung
de;KIRET00466;30;LIEFERKETTE;Warenbewegung
de;KIRET00466;40;FINANZEN;Buchhaltungsbeleg
de;KIRET00467;10;BEZUGSQUELLENFINDUNG UND BESCHAFFUNG;Umlagerungsbestellung
de;KIRET00467;20;LIEFERKETTE;Nachschublieferung
de;KIRET00467;30;LIEFERKETTE;Warenbewegung
de;KIRET00467;40;FINANZEN;Buchhaltungsbeleg
de;KIRET00560;10;BEZUGSQUELLENFINDUNG UND BESCHAFFUNG;Bestellung
de;KIRET00560;20;LIEFERKETTE;Warenbewegung
de;KIRET00560;30;FINANZEN;Lieferantenrechnung
de;KIRET00561;10;BEZUGSQUELLENFINDUNG UND BESCHAFFUNG;Bestellung
de;KIRET00561;20;LIEFERKETTE;Warenbewegung
de;KIRET00561;30;FINANZEN;Lieferantenrechnung
de;KIRET00562;10;BEZUGSQUELLENFINDUNG UND BESCHAFFUNG;Bestellung
de;KIRET00562;20;LIEFERKETTE;Warenbewegung
de;KIRET00562;30;FINANZEN;Lieferantenrechnung
de;KIRET00563;10;BEZUGSQUELLENFINDUNG UND BESCHAFFUNG;Bestellung
de;KIRET00563;20;LIEFERKETTE;Warenbewegung
de;KIRET00563;30;FINANZEN;Lieferantenrechnung
de;KPIM000160;10;LIEFERKETTE;Lagerbestand
de;KPIM000160;20;LIEFERKETTE;Warenbewegung
de;KPIM000161;10;LIEFERKETTE;Lagerbestand
de;KPIM000161;20;LIEFERKETTE;Warenbewegung
de;KPIM000162;10;LIEFERKETTE;Lagerbestand
de;KPIM000162;20;LIEFERKETTE;Warenbewegung
de;KPIM000163;10;LIEFERKETTE;Lagerbestand
de;KPIM000163;20;LIEFERKETTE;Warenbewegung
de;KPLE000360;10;LIEFERKETTE;Auslieferung
de;KPLE000360;20;LIEFERKETTE;Handling Unit
de;KPLE000360;30;LIEFERKETTE;Transportbeleg
de;KPLE000360;40;LIEFERKETTE;Warenbewegung
de;KPLE000361;10;LIEFERKETTE;Auslieferung
de;KPLE000361;20;LIEFERKETTE;Transportauftrag
de;KPLE000361;30;LIEFERKETTE;Handling Unit
de;KPLE000361;40;LIEFERKETTE;Transportbeleg
de;KPLE000361;50;LIEFERKETTE;Warenbewegung
de;KPLE000362;10;LIEFERKETTE;Anlieferung
de;KPLE000362;20;LIEFERKETTE;Transportbeleg
de;KPLE000362;30;LIEFERKETTE;Handling Unit
de;KPLE000362;40;LIEFERKETTE;Transportauftrag
de;KPLE000362;50;LIEFERKETTE;Warenbewegung
de;KPMRP00260;10;LIEFERKETTE;MRP-Läufe
de;KPMRP00260;15;VERTRIEB;Kundenauftrag und Auslieferung
de;KPMRP00260;20;LIEFERKETTE;Planauftrag
de;KPMRP00260;30;FERTIGUNG;Produktionsauftrag
de;KPMRP00260;40;BESCHAFFUNG;Einkaufsbeleg
de;KPMRP00260;50;LIEFERKETTE;Dispositionsliste
de;KPMRP00260;60;FERTIGUNG;Produktionsauftrag
de;KPMRP00260;70;BESCHAFFUNG;Einkaufsbeleg
de;KPPP000160;10;FERTIGUNG;Fertigungsauftrag
de;KPPP000160;20;FERTIGUNG;Auftragsbestätigung
de;KPPP000160;30;FERTIGUNG;Warenbewegung
de;KPPP000160;40;FERTIGUNG;Fertigungsauftrag
de;KPPP000161;10;FERTIGUNG/FINANZEN;Fertigungsauftrag
de;KPPP000161;20;FERTIGUNG;Auftragsbestätigung
de;KPPP000161;30;FERTIGUNG;Warenbewegung
de;KPPP000161;40;FERTIGUNG/FINANZEN;Abrechnungsauftrag
de;KPPP000162;10;FERTIGUNG;Fertigungsauftrag
de;KPPP000162;20;LIEFERKETTE;Lagerbestand
de;KPPP000162;30;BESCHAFFUNG;Bestellung/Anforderung
de;KPPP000162;40;FERTIGUNG;Fertigungsauftrag/Planauftrag
de;KPPP000162;50;LIEFERKETTE;Warenbewegung
de;KPPP000163;10;FERTIGUNG;Fertigungsauftrag
de;KPPP000163;20;BESCHAFFUNG;Bestellanforderung
de;KPPP000163;30;BESCHAFFUNG;Bestellung
de;KPPP000163;40;LIEFERKETTE;Warenbewegung
de;KPPP000164;10;FERTIGUNG;Fertigungsauftrag
de;KPPP000164;20;FERTIGUNG;Arbeitsplatz
de;KPPP000164;30;FERTIGUNG;Externe Verarbeitung
de;KPPP000164;40;FERTIGUNG;Steuerungsschlüssel
de;KPPP000164;45;FERTIGUNG;Fertigungsauftrag
de;KPPP000164;50;FERTIGUNG;Rückmeldungen
de;KPPP000260;10;FERTIGUNG;Prozessauftrag
de;KPPP000260;15;FERTIGUNG;Steuerrezept
de;KPPP000260;20;FERTIGUNG;Auftragsbestätigung
de;KPPP000260;30;FERTIGUNG;Warenbewegung
de;KPPP000260;40;FERTIGUNG;Prozessauftrag
de;KPPP000261;10;FERTIGUNG;Prozessauftrag
de;KPPP000261;20;FERTIGUNG;Auftragsbestätigung
de;KPPP000261;30;FERTIGUNG;Warenbewegung
de;KPPP000261;40;FERTIGUNG/FINANZEN;Abrechnungsauftrag
de;KPPP000262;10;FERTIGUNG;Prozessauftrag
de;KPPP000262;20;LIEFERKETTE;Lagerbestand
de;KPPP000262;30;BESCHAFFUNG;Bestellung/Anforderung
de;KPPP000262;40;FERTIGUNG;Prozessauftrag/Planauftrag
de;KPPP000262;50;LIEFERKETTE;Warenbewegung
de;KPPP000263;10;FERTIGUNG;Prozessauftrag
de;KPPP000263;20;BESCHAFFUNG;Bestellanforderung
de;KPPP000263;30;BESCHAFFUNG;Bestellung
de;KPPP000263;40;LIEFERKETTE;Warenbewegung
de;KPPP000264;10;FERTIGUNG;Prozessauftrag
de;KPPP000264;20;FERTIGUNG;Arbeitsplatz
de;KPPP000264;30;FERTIGUNG;Externe Verarbeitung
de;KPPP000264;40;FERTIGUNG;Steuerungsschlüssel
de;KPPP000264;45;FERTIGUNG;Prozessauftrag
de;KPPP000264;50;FERTIGUNG;Rückmeldungen
de;KPPROJ0360;10;ANLAGENVERWALTUNG;Projektstrukturplan
de;KPPROJ0360;20;ANLAGENVERWALTUNG/FINANZEN;Projektstrukturplan Abrechnung
de;KPPROJ0361;10;ANLAGENVERWALTUNG;Projektstrukturplan
de;KPPROJ0361;20;ANLAGENVERWALTUNG/FINANZEN;Projektstrukturplan Abrechnung
de;KPPURCH260;10;BESCHAFFUNG;Bestellung
de;KPPURCH260;20;LIEFERKETTE;Warenbewegung
de;KPPURCH260;30;FINANZEN;Lieferantenrechnung
de;KPPURCH260;40;FINANZEN;Kontenbeleg
de;KPPURCH261;10;BEZUGSQUELLENFINDUNG UND BESCHAFFUNG;Bestellung
de;KPPURCH261;20;LIEFERKETTE;Warenbewegung
de;KPPURCH261;30;FINANZEN;Lieferantenrechnung
de;KPPURCH263;10;BEZUGSQUELLENFINDUNG UND BESCHAFFUNG;Bestellung
de;KPPURCH263;20;VERTRIEB;Kundenauftrag
de;KPPURCH263;30;LIEFERKETTE;Auslieferung
de;KPPURCH263;40;LIEFERKETTE;Warenbewegung
de;KPPURCH263;50;FINANZEN;Lieferantenrechnung
de;KPPURCH265;10;BEZUGSQUELLENFINDUNG UND BESCHAFFUNG;Bestellung
de;KPPURCH265;20;FINANZEN;Lieferantenrechnung
de;KPPURCH265;30;FINANZEN;Buchhaltungsbeleg
de;KPPURCH266;10;BEZUGSQUELLENFINDUNG UND BESCHAFFUNG;Bestellung
de;KPPURCH266;20;LIEFERKETTE;Warenbewegung
de;KPPURCH266;30;FINANZEN;Lieferantenrechnung
de;KPPURCH267;10;BEZUGSQUELLENFINDUNG UND BESCHAFFUNG;Bestellung
de;KPPURCH267;20;BEZUGSQUELLENFINDUNG UND BESCHAFFUNG;Leistungserfassungsblatt (LEB)
de;KPPURCH267;30;FINANZEN;Lieferantenrechnung
de;KPPURCH268;10;BEZUGSQUELLENFINDUNG UND BESCHAFFUNG;Bestellung
de;KPPURCH268;20;LIEFERKETTE;Warenbewegung
de;KPPURCH268;30;FINANZEN;Lieferantenrechnung
de;KPPURCH360;10;BEZUGSQUELLENFINDUNG UND BESCHAFFUNG;Bestellanforderung
de;KPPURCH360;20;BEZUGSQUELLENFINDUNG UND BESCHAFFUNG;Bestellung
de;KPPURCH362;10;BEZUGSQUELLENFINDUNG UND BESCHAFFUNG;Umlagerungsbestellanforderung
de;KPPURCH362;20;BEZUGSQUELLENFINDUNG UND BESCHAFFUNG;Umlagerungsbestellung
de;KPPURCH460;10;FINANZEN;Lieferantenrechnung
de;KPPURCH460;20;FINANZEN;Buchhaltungsbeleg
de;KPPURCH560;10;BEZUGSQUELLENFINDUNG UND BESCHAFFUNG;Umlagerungsbestellung
de;KPPURCH560;20;LIEFERKETTE;Warenbewegung
de;KPPURCH561;10;BEZUGSQUELLENFINDUNG UND BESCHAFFUNG;Umlagerungsbestellung
de;KPPURCH561;20;LIEFERKETTE;Nachschublieferung
de;KPPURCH561;30;LIEFERKETTE;Warenbewegung
de;KPPURCH562;10;BEZUGSQUELLENFINDUNG UND BESCHAFFUNG;Umlagerungsbestellung
de;KPPURCH562;20;LIEFERKETTE;Nachschublieferung
de;KPPURCH562;30;LIEFERKETTE;Warenbewegung
de;KPPURCH562;40;FINANZEN;Buchhaltungsbeleg
de;KPPURCH660;10;BEZUGSQUELLENFINDUNG UND BESCHAFFUNG;Lieferplan
de;KPPURCH660;20;LIEFERKETTE;Warenbewegung
de;KPPURCH661;10;BEZUGSQUELLENFINDUNG UND BESCHAFFUNG;Mengenkontrakt
de;KPPURCH661;20;BEZUGSQUELLENFINDUNG UND BESCHAFFUNG;Bestellung
de;KPPURCH662;10;BEZUGSQUELLENFINDUNG UND BESCHAFFUNG;Wertkontrakt
de;KPPURCH662;20;BEZUGSQUELLENFINDUNG UND BESCHAFFUNG;Bestellung
de;KPSD000260;10;VERTRIEB/FINANZEN;Vertriebsfakturabeleg
de;KPSD000260;20;FINANZEN;Buchhaltungsbeleg
de;KPSD000360;10;VERTRIEB;Kundenauftrag
de;KPSD000360;20;LIEFERKETTE;Auslieferung
de;KPSD000361;10;VERTRIEB;Kundenauftrag
de;KPSD000361;20;LIEFERKETTE;Auslieferung
de;KPSD000361;30;LIEFERKETTE;Warenbewegung
de;KPSD000361;40;VERTRIEB/FINANZEN;Kundenrechnung
de;KPSD000362;10;VERTRIEB;Kundenauftrag
de;KPSD000362;20;LIEFERKETTE;Auslieferung
de;KPSD000362;30;LIEFERKETTE;Warenbewegung
de;KPSD000362;40;VERTRIEB/FINANZEN;Kundenrechnung
de;KPSD000362;50;FINANZEN;Buchhaltungsbeleg
de;KPSD000363;10;VERTRIEB;Kundenauftrag
de;KPSD000363;20;BESCHAFFUNG;Bestellanforderung
de;KPSD000363;30;BESCHAFFUNG;Bestellung
de;KPSD000363;40;BESCHAFFUNG/FINANZEN;Lieferantenrechnung
de;KPSD000363;50;VERTRIEB/FINANZEN;Kundenrechnung
de;KPSD000364;10;VERTRIEB;Kundenauftrag
de;KPSD000364;20;BESCHAFFUNG;Bestellanforderung
de;KPSD000364;30;BESCHAFFUNG;Bestellung
de;KPSD000364;40;LIEFERKETTE;Warenbewegung
de;KPSD000364;50;VERTRIEB/FINANZEN;Kundenrechnung
de;KPSD000365;10;VERTRIEB;Kundenauftrag
de;KPSD000365;20;FERTIGUNG;Produktionsauftrag
de;KPSD000365;30;FERTIGUNG;Produktionsauftragsrückmeldung
de;KPSD000365;40;LIEFERKETTE;Warenbewegung
de;KPSD000365;50;VERTRIEB/FINANZEN;Kundenrechnung
de;KPSD000366;10;VERTRIEB;Kundenauftrag
de;KPSD000366;20;LIEFERKETTE;Auslieferung
de;KPSD000366;30;LIEFERKETTE;Warenbewegung
de;KPSD000366;40;VERTRIEB/FINANZEN;Kundenrechnung
de;KPSD000366;50;FINANZEN;Buchhaltungsbeleg
de;KPSD000366;60;VERTRIEB/FINANZEN;Interne Rechnung
de;KPSD000366;70;FINANZEN;Buchhaltungsbeleg
de;KPSD000367;10;VERTRIEB;Kundenauftrag
de;KPSD000367;20;VERTRIEB/FINANZEN;Kundenrechnung
de;KPSD000367;30;FINANZEN;Buchhaltungsbeleg
de;KPSD000368;10;VERTRIEB;Angebot
de;KPSD000368;20;VERTRIEB;Kundenauftrag
de;KPSD000369;10;VERTRIEB;Kundenauftrag
de;KPSD000369;20;LIEFERKETTE;Lagerbestand
de;KPSD000369;30;BESCHAFFUNG/LIEFERKETTE;Bestellung/Anforderung
de;KPSD000369;40;FERTIGUNG;Produktionsauftrag/Planauftrag
de;KPSD000369;50;LIEFERKETTE;Auslieferung
de;KPSD000380;10;VERTRIEB;Retourenauftrag
de;KPSD000380;20;LIEFERKETTE;Retourenlieferung
de;KPSD000380;30;LIEFERKETTE;Warenbewegung
de;KPSD000380;40;VERTRIEB;Gutschrift
de;KPSD000460;10;VERTRIEB;Lastschriftsanforderung
de;KPSD000460;20;VERTRIEB/FINANZEN;Lastschrift
de;KPSD000460;30;FINANZEN;Buchhaltungsbeleg
de;KPSD000462;10;VERTRIEB;Gutschriftsanforderung
de;KPSD000462;20;VERTRIEB/FINANZEN;Gutschrift
de;KPSD000462;30;FINANZEN;Buchhaltungsbeleg
de;KWMD000160;10;FERTIGUNG;Materialstamm
de;KWMD000160;20;FERTIGUNG;Stückliste
de;KWMD000160;30;FERTIGUNG;Arbeitsplan/Fertigungsversion
de;KWMD000160;40;FINANZEN;Plankalkulation
de;KWMD000160;50;FERTIGUNG;Fertigungsauftrag
de;KWMD000161;10;FERTIGUNG;Materialstamm
de;KWMD000161;20;FERTIGUNG;Stückliste
de;KWMD000161;30;FERTIGUNG;Planungsrezept/Fertigungsversion
de;KWMD000161;40;FINANZEN;Plankalkulation
de;KWMD000161;50;FERTIGUNG;Prozessauftrag
de;KWMD000260;10;VERTRIEB;Kundenstammdaten
de;KWMD000260;20;FINANZEN;Kundenstammdaten
de;KWMD000260;30;VERTRIEB;Kundenauftrag
de;KWMD000260;40;VERTRIEB/FINANZEN;Kundenrechnung
de;KWMD000260;50;FINANZEN;Buchhaltungsbeleg
de;KWMD000360;10;BESCHAFFUNG;Lieferantenstammdaten
de;KWMD000360;20;FINANZEN;Lieferantenstammdaten
de;KWMD000360;30;BESCHAFFUNG;Bestellung
de;KWMD000360;40;FINANZEN;Buchhaltungsbeleg
de;KWPM000160;10;ANLAGENVERWALTUNG;Instandhaltungsmeldung
de;KWPM000161;10;SERVICE;Servicemeldung
de;KWPM000260;10;ANLAGENVERWALTUNG;Instandhaltungsauftrag
de;KWPM000260;20;ANLAGENVERWALTUNG;Rückmeldung des Arbeitsauftrags
de;KWPM000260;30;ANLAGENVERWALTUNG;Instandhaltungsauftrag
de;KWPM000261;10;ANLAGENVERWALTUNG;Instandhaltungsauftrag
de;KWPM000261;20;ANLAGENVERWALTUNG;Auftragsbestätigung
de;KWPM000261;30;ANLAGENVERWALTUNG;Instandhaltungsauftrag
de;KWPM000261;40;ANLAGENVERWALTUNG/FINANZEN;Abrechnungsauftrag
de;KWPM000262;10;SERVICE;Kundenserviceauftrag
de;KWPM000262;20;SERVICE;Auftragsbestätigung
de;KWPM000262;30;SERVICE;Kundenserviceauftrag
de;KWPM000263;10;SERVICE;Kundenserviceauftrag
de;KWPM000263;20;SERVICE;Auftragsbestätigung
de;KWPM000263;30;SERVICE;Kundenserviceauftrag
de;KWPM000263;40;SERVICE/FINANZEN;Abrechnungsauftrag
de;KWPM000264;10;ANLAGENVERWALTUNG;Instandhaltungsauftrag
de;KWPM000264;20;LIEFERKETTE;Lagerbestand
de;KWPM000264;30;BESCHAFFUNG;Bestellung/Anforderung
de;KWPM000264;40;LIEFERKETTE;Warenbewegung
de;KWPM000265;10;SERVICE;Kundenserviceauftrag
de;KWPM000265;20;LIEFERKETTE;Lagerbestand
de;KWPM000265;30;BESCHAFFUNG;Bestellung/Anforderung
de;KWPM000265;40;LIEFERKETTE;Warenbewegung
de;KWPM000462;10;SERVICE;Instandhaltungsplan
de;KWPM000462;20;SERVICE;Serviceauftrag
de;KWPM000462;30;SERVICE;Servicevertrag
de;KWQM000161;10;BEZUGSQUELLENFINDUNG UND BESCHAFFUNG;Prüflos
de;KWQM000161;20;BEZUGSQUELLENFINDUNG UND BESCHAFFUNG;Prüfplan
de;KWQM000161;30;BEZUGSQUELLENFINDUNG UND BESCHAFFUNG;Qualitätsprüfbestand
de;KWQM000161;40;BEZUGSQUELLENFINDUNG UND BESCHAFFUNG;Prüfmerkmale
de;KWQM000161;50;BEZUGSQUELLENFINDUNG UND BESCHAFFUNG;Verwendungsentscheid
de;KWQM000162;10;FERTIGUNG;Prüflos
de;KWQM000162;20;FERTIGUNG;Prüfplan
de;KWQM000162;30;FERTIGUNG;Qualitätsprüfbestand
de;KWQM000162;40;FERTIGUNG;Prüfmerkmale
de;KWQM000162;50;FERTIGUNG;Verwendungsentscheid
de;KWQM000163;10;FERTIGUNG;Prüflos
de;KWQM000163;20;FERTIGUNG;Aufgabenliste
de;KWQM000163;30;FERTIGUNG;Prüfmerkmale
de;KWQM000163;40;FERTIGUNG;Verwendungsentscheid
de;KXEWM00260;10;LIEFERKETTE;Lagerauftrag
de;KXEWM00260;20;LIEFERKETTE;Lageraufgabe
de;KWSERV0160;10;SERVICE;Serviceauftrag
de;KWSERV0160;20;SERVICE;Servicerückmeldung
de;KWSERV0160;30;SERVICE;Serviceauftrag
de;KXEWM00460;10;LIEFERKETTE;Anlieferung
de;KXEWM00460;20;LIEFERKETTE;Warenbewegung
de;KXEWM00460;30;LIEFERKETTE;Einlagerung
de;KXEWM00461;10;LIEFERKETTE;Anlieferung
de;KXEWM00461;20;LIEFERKETTE;Warenbewegung
de;KXEWM00461;30;LIEFERKETTE;Einlagerung
de;KXEWM00560;10;LIEFERKETTE;Auslieferungsauftrag
de;KXEWM00560;20;LIEFERKETTE;Kommisionierung
de;KXEWM00560;30;LIEFERKETTE;Warenbewegung
de;KXEWM00560;40;LIEFERKETTE;Auslieferung
de;KXEWM00860;10;LIEFERKETTE;Anlieferungsbenachrichtigung
de;KXEWM00860;20;LIEFERKETTE;Anlieferung
de;KXEWM00860;30;LIEFERKETTE;Warenbewegung
de;KXEWM00860;40;LIEFERKETTE;Einlagerung
de;KXEWM00861;10;LIEFERKETTE;Anlieferungsbenachrichtigung
de;KXEWM00861;20;LIEFERKETTE;Anlieferung
de;KXEWM00861;30;LIEFERKETTE;Warenbewegung
de;KXEWM00861;40;LIEFERKETTE;Einlagerung
de;KXEWM00862;10;LIEFERKETTE;Auslieferungsanforderung
de;KXEWM00862;20;LIEFERKETTE;Auslieferungsauftrag
de;KXEWM00862;30;LIEFERKETTE;Kommisionierung
de;KXEWM00862;40;LIEFERKETTE;Warenbewegung
de;KXEWM00862;50;LIEFERKETTE;Auslieferung