solutionProcessId;solutionProcessFlowId;solutionProcessFlowVersion;solutionProcessFlowDiagramId;solutionProcessFlowDiagramLocalId;solutionProcessFlowDiagramUrl
1BM;SPF-149;4.0;SPFD-168;;https://url.sap/fpfu55
1BM;SPF-2365;2.0;SPFD-168;;https://url.sap/rqkh6j
1E1;SPF-167;3.0;SPFD-202;;https://url.sap/7q6xc4
1E1;SPF-167;3.0;SPFD-203;;https://url.sap/o0ktj6
1E1;SPF-2378;2.0;SPFD-202;;https://url.sap/8x7xt8
1E1;SPF-2378;2.0;SPFD-203;;https://url.sap/8bh1vc
1EZ;SPF-150;5.0;SPFD-169;;https://url.sap/l9lltf
1EZ;SPF-2366;1.0;SPFD-169;;https://url.sap/4u4gsq
1F1;SPF-151;5.0;SPFD-170;;https://url.sap/r7o0rd
1F1;SPF-2367;2.0;SPFD-170;;https://url.sap/g39m6k
1FM;SPF-172;3.0;SPFD-212;;https://url.sap/s3cqb2
1FM;SPF-2383;2.0;SPFD-212;;https://url.sap/d3xt9j
1FS;SPF-2592;1.0;SPFD-4671;;https://url.sap/taqyex
1G2;SPF-2597;1.0;SPFD-4676;;https://url.sap/tooijx
1HO;SPF-179;4.0;SPFD-222;;https://url.sap/hsxst7
1MX;SPF-365;3.0;SPFD-644;;https://url.sap/wplga8
1NT;SPF-372;2.0;SPFD-651;;https://url.sap/tlncg7
1P9;SPF-380;2.0;SPFD-661;;https://url.sap/dyep6t
1V5;SPF-2598;1.0;SPFD-4677;;https://url.sap/qwe15b
1V7;SPF-2599;1.0;SPFD-4678;;https://url.sap/6l14cc
1VB;SPF-2601;1.0;SPFD-4680;;https://url.sap/u863u8
2EQ;SPF-408;3.0;SPFD-734;;https://url.sap/p14kmq
2EQ;SPF-2504;2.0;SPFD-734;;https://url.sap/7vq7ad
2TX;SPF-254;2.0;SPFD-414;;https://url.sap/mpd2un
2TX;SPF-2528;2.0;SPFD-414;;https://url.sap/cpxd2w
2VJ;SPF-455;2.0;SPFD-811;;https://url.sap/pvp7cd
2VK;SPF-456;3.0;SPFD-812;;https://url.sap/mlrc7x
2VM;SPF-458;2.0;SPFD-814;;https://url.sap/a18cxw
3BR;SPF-486;5.0;SPFD-867;;https://url.sap/iokmy8
3BS;SPF-487;6.0;SPFD-3831;;https://url.sap/2skqr4
3D2;SPF-492;5.0;SPFD-874;;https://url.sap/72uqu2
3DV;SPF-494;3.0;SPFD-875;;https://url.sap/8b1pbg
3F0;SPF-496;6.0;SPFD-877;;https://url.sap/ruiivs
3NI;SPF-293;4.0;SPFD-450;;https://url.sap/x34my6
3OK;SPF-565;3.0;SPFD-955;;https://url.sap/dtgru1
3OK;SPF-2621;1.0;SPFD-4687;;https://url.sap/6hedde
3XK;SPF-569;5.0;SPFD-3522;;https://url.sap/x12wfs
3XK;SPF-2756;2.0;SPFD-4713;;https://url.sap/n5jsom
4GA;SPF-586;5.0;SPFD-1002;;https://url.sap/r4dey6
4HH;SPF-590;3.0;SPFD-8185;;https://url.sap/qdhd7v
4HH;SPF-2626;2.0;SPFD-8411;;https://url.sap/qev6h7
4HI;SPF-591;2.0;SPFD-1009;;https://url.sap/v9glib
4HI;SPF-2627;2.0;SPFD-8414;;https://url.sap/gw6uui
4RO;SPF-2771;1.0;SPFD-4721;;https://url.sap/vh69w4
4RP;SPF-2772;1.0;SPFD-4722;;https://url.sap/kbmfr6
4VT;SPF-654;2.0;SPFD-1081;;https://url.sap/fadfsl
4WM;SPF-655;2.0;SPFD-1082;;https://url.sap/6yo4xt
4WM;SPF-655;2.0;SPFD-1083;;https://url.sap/i4mrq9
4X5;SPF-603;2.0;SPFD-1028;;https://url.sap/qrejll
4X5;SPF-2777;2.0;SPFD-4726;;https://url.sap/h43obo
5D2;SPF-661;3.0;SPFD-1090;;https://url.sap/9ums0y
5D2;SPF-2639;2.0;SPFD-1090;;https://url.sap/h6nsps
5FM;SPF-1767;4.0;SPFD-3588;;https://url.sap/0x2d44
5FU;SPF-1752;3.0;SPFD-8292;;https://url.sap/b8molp
5FV;SPF-1753;4.0;SPFD-3616;;https://url.sap/6ydlet
5FX;SPF-1769;3.0;SPFD-5160;;https://url.sap/pcjew2
5HL;SPF-616;6.0;SPFD-1046;;https://url.sap/k1cex9
5HP;SPF-662;2.0;SPFD-1091;;https://url.sap/0fdm50
6W2;SPF-3141;2.0;SPFD-8047;;https://url.sap/dswoug
6W3;SPF-3165;2.0;SPFD-8183;;https://url.sap/l76yts
6W4;SPF-3166;2.0;SPFD-8048;;https://url.sap/o7j4hx
18J;SPF-146;5.0;SPFD-165;;https://url.sap/8mio9n
18J;SPF-2362;1.0;SPFD-165;;https://url.sap/0feb0u
22Z;SPF-223;5.0;SPFD-342;;https://url.sap/jf42s2
22Z;SPF-2405;2.0;SPFD-342;;https://url.sap/vbclnh
41Z;SPF-2758;2.0;SPFD-8426;;https://url.sap/3rnski
61V;SPF-1531;3.0;SPFD-3750;;https://url.sap/h66a98
BD3;SPF-307;5.0;SPFD-469;;https://url.sap/k5j2ga
BD3;SPF-2420;2.0;SPFD-469;;https://url.sap/c6fdos
BD9;SPF-309;5.0;SPFD-477;;https://url.sap/oc77se
BD9;SPF-2422;2.0;SPFD-477;;https://url.sap/kt7pxj
BDD;SPF-311;4.0;SPFD-480;;https://url.sap/ondyhf
BDD;SPF-2546;2.0;SPFD-480;;https://url.sap/f9symp
BDG;SPF-312;4.0;SPFD-481;;https://url.sap/li5x9x
BDG;SPF-2547;2.0;SPFD-481;;https://url.sap/tc2msq
BDK;SPF-314;5.0;SPFD-483;;https://url.sap/uf3iii
BDK;SPF-2549;1.0;SPFD-483;;https://url.sap/soj02e
BDN;SPF-315;4.0;SPFD-485;;https://url.sap/rchckq
BDN;SPF-2426;2.0;SPFD-485;;https://url.sap/0mspc6
BDQ;SPF-316;5.0;SPFD-486;;https://url.sap/9r08jj
BDQ;SPF-2550;1.0;SPFD-486;;https://url.sap/lnwe4o
BEI;SPF-2429;2.0;SPFD-489;;https://url.sap/qn65vw
BF7;SPF-144;3.0;SPFD-163;;https://url.sap/6uiuxu
BF7;SPF-2360;2.0;SPFD-163;;https://url.sap/i4ah61
BFH;SPF-127;2.0;SPFD-133;;https://url.sap/hvsqn3
BFH;SPF-2353;2.0;SPFD-133;;https://url.sap/engxrx
BJ5;SPF-321;6.0;SPFD-4366;;https://url.sap/uueptx
BJ5;SPF-2432;2.0;SPFD-4651;;https://url.sap/mn441r
BJ8;SPF-322;3.0;SPFD-492;;https://url.sap/yq572t
BJ8;SPF-2551;1.0;SPFD-4668;;https://url.sap/0r5aoo
BJE;SPF-131;4.0;SPFD-138;;https://url.sap/lrb73l
BJE;SPF-2357;1.0;SPFD-4643;;https://url.sap/9gvo1i
BKL;SPF-330;5.0;SPFD-500;;https://url.sap/845w1f
BKL;SPF-2554;2.0;SPFD-500;;https://url.sap/huhjvh
BKP;SPF-156;6.0;SPFD-185;;https://url.sap/onhja3
BKP;SPF-2509;2.0;SPFD-185;;https://url.sap/attfc6
BMC;SPF-333;4.0;SPFD-504;;https://url.sap/1l7ib7
BMC;SPF-2439;2.0;SPFD-504;;https://url.sap/y228q0
BMD;SPF-334;3.0;SPFD-506;;https://url.sap/31owde
BMD;SPF-2555;2.0;SPFD-506;;https://url.sap/7u7jv0
BME;SPF-134;2.0;SPFD-141;;https://url.sap/74yp8f
BMH;SPF-135;3.0;SPFD-142;;https://url.sap/crldpq
BMK;SPF-314;5.0;SPFD-483;;https://url.sap/s3gxo6
BMK;SPF-2556;2.0;SPFD-507;;https://url.sap/6py8j5
BMR;SPF-337;3.0;SPFD-509;;https://url.sap/hn18f4
BMR;SPF-2443;1.0;SPFD-509;;https://url.sap/l9q7u1
BMY;SPF-136;3.0;SPFD-143;;https://url.sap/oxlqve
BMY;SPF-2508;2.0;SPFD-143;;https://url.sap/1n0gbp
BNA;SPF-137;2.0;SPFD-144;;https://url.sap/foo6c1
BNX;SPF-338;3.0;SPFD-512;;https://url.sap/kfgy1n
BNX;SPF-2444;2.0;SPFD-512;;https://url.sap/hybt38
I9I;SPF-157;3.0;SPFD-187;;https://url.sap/pgq727
I9I;SPF-2372;2.0;SPFD-187;;https://url.sap/4htey0
J44;SPF-339;4.0;SPFD-513;;https://url.sap/mehu9n
J44;SPF-2445;1.0;SPFD-513;;https://url.sap/2gwlcj
J45;SPF-340;5.0;SPFD-517;;https://url.sap/dwregf
J45;SPF-2557;2.0;SPFD-517;;https://url.sap/ofa5v7
J59;SPF-344;5.0;SPFD-550;;https://url.sap/36i6ya
J59;SPF-2719;2.0;SPFD-550;;https://url.sap/cfhhg1
J60;SPF-1280;5.0;SPFD-2208;;https://url.sap/01s0xs
J60;SPF-2720;2.0;SPFD-2208;;https://url.sap/3smy6n
J62;SPF-1281;4.0;SPFD-1209;;https://url.sap/flp16p
J62;SPF-2721;2.0;SPFD-576;;https://url.sap/mif9dw