locale;id;text
ja;ASS_COST;資産保守費用の削減
ja;CASH_FOREC;現金予測精度の向上
ja;CHURN;顧客流動性の低減
ja;CMPLXTY;データ管理コストの削減
ja;DII;在庫日数の削減
ja;DPO;仕入債務回転日数の改善
ja;DSO;売上債権回転日数の低減
ja;FORECACC;需要予測の精度の向上
ja;FSSC;財務コストの削減
ja;GRC_COST;コンプライアンスおよびリスク管理コストの削減
ja;INC_BP_HRM;ビジネスプロセスの調和の向上
ja;INC_BP_STD;標準化された SAP ビジネスプロセス厳守の向上
ja;LOG_COST;全体的なロジスティクスコストの削減
ja;MANCYCL;製造サイクルタイムの削減
ja;MARKET;マーケティングプロモーションの有効性の向上
ja;MAVERICK;ユーザコンプライアンスの向上
ja;METREAD;検針から請求までのサイクルタイムの短縮
ja;MFGCOST;合計生産コストの削減
ja;MROF;計画外ダウンタイムまたは停止の削減
ja;OIP;調達 FTE 生産性の向上
ja;PEC;元帳年次処理日数の削減
ja;POF;指定時間納入履行の向上
ja;SALE_COST;販売原価の削減
ja;SC_COST;全体的なサプライチェーン計画コストの削減
ja;SERV_PROC;非準拠サービス使用の削減
ja;SOF;サービスおよびサポートの費用の削減
ja;STOCK_OUT;欠品による収益損失の削減
ja;SUST_EMISS;排出コストの削減
ja;SUST_WASTE;廃棄物発生コストの削減
ja;T2M;新規製品の市場投入までの時間の削減
ja;UNCOLL_AR;回収不能債権の欠損の削減