locale;solutionProcessId;solutionProcessName
fr;18J;Gestion des demandes internes
fr;1BM;Fabrication à la commande - Planification et assemblage de produits semi-finis
fr;1E1;Management de la qualité dans la production discrète
fr;1EZ;Traitement des avoirs
fr;1F1;Traitement des notes de débit
fr;1FM;Management de la qualité dans l'approvisionnement
fr;1FS;Traitement de base des entrées magasin en provenance du fournisseur
fr;1G2;Traitement de base des sorties du magasin à destination du client
fr;1HO;Traitement de commande client inter-sociétés - National
fr;1MX;Traitement de commande client inter-sociétés - International
fr;1NT;Contrôle de projets - Finance
fr;1P9;Transfert de stock inter-sociétés
fr;1V5;Traitement des entrées magasin en provenance du fournisseur avec gestion des lots
fr;1V7;Traitement des sorties magasin vers le client avec gestion des lots
fr;1VB;Intégration de la production - Consommation des composants et entrée au magasin
fr;2EQ;Vente de services
fr;2TX;Approvisionnement direct avec livraison entrante
fr;2VJ;Intégration SAP EWM - Traitement des documents entrants du fournisseur
fr;2VK;Intégration SAP EWM - Traitement des documents sortants pour le client
fr;2VM;Intégration SAP EWM - Intégration de la production basée sur les livraisons
fr;3BR;Traitement des entrées magasin
fr;3BS;Traitement des sorties magasin
fr;3D2;Gestion et suivi des ordres de service
fr;3DV;Intégration de la production magasin
fr;3F0;Enregistrement des coûts de production basés sur événements
fr;3OK;Fabrication à la commande - Production en process
fr;3XK;Réparation d'atelier
fr;4GA;Offre d'ordre de service
fr;4HH;Maintenance réactive
fr;4HI;Maintenance proactive
fr;4RO;EWM décentralisé - Traitement des documents entrants
fr;4RP;EWM décentralisé - Traitement des documents sortants
fr;4VT;Maintenance à des fins d'amélioration
fr;4WM;Maintenance opérationnelle et de type frais généraux
fr;41Z;Gestion des ordres de service
fr;4X5;Services récurrents
fr;5D2;Vente directe inter-sociétés étendue
fr;5FM;Approvisionnement pour la distribution de détail
fr;5FU;Logistique de réception pour les plateformes
fr;5FV;Logistique d'expédition pour les plateformes
fr;5FX;Commande du point de vente depuis la plateforme
fr;5HL;Vente sur stock (Biens de consommation)
fr;5HP;Transfert de stock inter-sociétés étendu
fr;61V;Gestion des retours client - Biens de consommation
fr;BD3;Traitement des ventes par livraison directe avec avis de livraison
fr;BD9;Vente sur stock
fr;BDD;Retours client simplifiés
fr;BDG;Offre client
fr;BDK;Traitement des ventes par livraison directe sans avis de livraison
fr;BDN;Vente article non géré en stock avec approvisionnement propre à la commande
fr;BDQ;Processus de correction de facture avec note de débit
fr;BEI;Clôture de période - Division
fr;BF7;Clôture de période - Ordres de travail
fr;BFH;Immobilisation en cours
fr;BJ5;Production sur stock - Production discrète
fr;BJ8;Production sur stock - Production en process basée sur un ordre de process
fr;BJE;Fabrication à la commande - Vente de produits finis et assemblage final
fr;BKL;Processus de correction de facture avec avoir
fr;BKP;Retours client
fr;BMC;Gestion principale des stocks
fr;BMD;Contrat d'achat
fr;BME;Transfert de stock avec livraison
fr;BMH;Transfert de stock sans livraison
fr;BMK;Retour fournisseur
fr;BMR;Programmes de livraisons dans l'approvisionnement
fr;BMY;Sous-traitance
fr;BNA;Clôture de période - Projets
fr;BNX;Achat de consommables
fr;I9I;Contrats de vente
fr;J44;Planification des besoins en composants
fr;J45;Approvisionnement d'articles directs
fr;J59;Comptabilité clients
fr;J60;Comptabilité fournisseurs
fr;J62;Comptabilité des immobilisations