locale;id;text
es;A2D_A2O;Acquire to Onboard
es;A2D_MA;Manage Assets
es;A2D_O2M;Operate to Maintain
es;FIN_I2C;Invoice to Cash
es;FIN_I2P;Invoice to Pay
es;FIN_MRE;Gestionar bienes inmuebles
es;FIN_MT;Manage Treasury
es;FIN_P2OF;Plan to Optimize Financials
es;FIN_R2R;Record to Report
es;GOV_MGRC;Manage Governance, Risk, and Compliance
es;GOV_MPO;Manage Portfolio and Projects
es;GOV_MSO;Manage Sustainability
es;I2M_D2R;Design to Release
es;I2M_MPS;Manage Products/Services
es;L2C_M2L;Market to Lead
es;L2C_MCC;Manage Customers and Channels
es;L2C_O2F;Order to Fulfill
es;L2C_O2Q;Opportunity to Quote
es;L2C_R2S;Request to Service
es;P2F_DP2F;Deliver Product to Fulfill
es;P2F_DS2F;Deliver Service to Fulfill
es;P2F_M2I;Make to Inspect
es;P2F_MF;Manage Fulfillment
es;P2F_P2OF;Plan to Optimize Fulfillment
es;S2P_MSC;Manage Suppliers and Collaboration
es;S2P_P2R;Procure to Receipt
es;S2P_S2C;Source to Contract