solutionProcessId;solutionProcessName
1BM;Make-to-Order Production - Semifinished Goods Planning and Assembly
1E1;Quality Management in Discrete Manufacturing
1EZ;Credit Memo Processing
1F1;Debit Memo Processing
1FM;Quality Management in Procurement
1FS;Basic Warehouse Inbound Processing from Supplier
1G2;Basic Warehouse Outbound Processing to Customer
1HO;Intercompany Sales Order Processing - Domestic
1MX;Intercompany Sales Order Processing - International
1NT;Project Control - Finance
1P9;Intercompany Stock Transfer
1V5;Warehouse Inbound Processing from Supplier with Batch Management
1V7;Warehouse Outbound Processing to Customer with Batch Management
1VB;Production Integration - Component Consumption and Receipt in Warehouse
2EQ;Sales of Services
2TX;Direct Procurement with Inbound Delivery
2VJ;SAP EWM Integration - Inbound Processing from Supplier
2VK;SAP EWM Integration - Outbound Processing to Customer
2VM;SAP EWM Integration - Delivery-Based Production Integration
3BR;Warehouse Inbound Processing
3BS;Warehouse Outbound Processing
3D2;Service Order Management and Monitoring
3DV;Warehouse Production Integration
3F0;Event-Based Production Cost Posting
3NI;Procurement for Service Management
3OK;Make-to-Order Production - Process Manufacturing
3XK;In-House Repair
4GA;Service Quotation
4HH;Reactive Maintenance
4HI;Proactive Maintenance
4RO;Decentralized EWM - Inbound Processing
4RP;Decentralized EWM - Outbound Processing
4VT;Improvement Maintenance
4WM;Operational and Overhead Maintenance
4X5;Recurring Services
5D2;Advanced Intercompany Sales
5FM;Procurement for Retail
5FU;Inbound Logistics for Distribution Centers
5FV;Outbound Logistics for Distribution Centers
5FX;Store Ordering from Distribution Center
5HL;Sell from Stock (Consumer Products)
5HP;Advanced Intercompany Stock Transfer
6W2;Manual Transportation Planning
6W3;Transportation Execution
6W4;Freight Settlement
18J;Requisitioning
22Z;Procurement of Services
41Z;Service Order Management
61V;Customer Returns Management - Consumer Products
BD3;Sales Processing using Third-Party with Shipping Notification
BD9;Sell from Stock
BDD;Lean Customer Returns
BDG;Sales Quotation
BDK;Sales Processing using Third-Party without Shipping Notification
BDN;Sales of Non-Stock Item with Order-Specific Procurement
BDQ;Invoice Correction Process with Debit Memo
BEI;Period-End Closing - Plant
BF7;Period-End Closing - Maintenance Orders
BFH;Asset Under Construction
BJ5;Make-to-Stock Production - Discrete Manufacturing
BJ8;Make-to-Stock - Process Manufacturing Based on Process Order
BJE;Make-to-Order Production - Finished Goods Sales and Final Assembly
BKL;Invoice Correction Process with Credit Memo
BKP;Customer Returns
BMC;Core Inventory Management
BMD;Purchase Contract
BME;Stock Transfer with Delivery
BMH;Stock Transfer without Delivery
BMK;Return to Supplier
BMR;Scheduling Agreements in Procurement
BMY;Subcontracting
BNA;Period-End Closing - Projects
BNX;Consumable Purchasing
I9I;Sales Contracts
J44;Material Requirements Planning
J45;Procurement of Direct Materials
J59;Accounts Receivable
J60;Accounts Payable
J62;Asset Accounting