locale;enumName;id;text
es;timeAggregationType;WEEK;Semana
es;timeAggregationType;MONTH;Mes
es;topX;5;Los 5 mejores
es;topX;10;Los 10 mejores
es;topX;20;Los 20 mejores
es;trendMeasureType;MV_DOCUMENT;Número de documentos
es;trendMeasureType;MV_MONVALUE;Valor monetario
es;amountTimePeriod;8_WEEKS;8 semanas
es;amountTimePeriod;12_WEEKS;12 semanas
es;amountTimePeriod;24_WEEKS;24 semanas
es;amountTimePeriod;36_WEEKS;36 semanas
es;amountTimePeriod;48_WEEKS;48 semanas
es;amountTimePeriod;3_MONTHS;3 meses
es;amountTimePeriod;6_MONTHS;6 meses
es;amountTimePeriod;18_MONTHS;18 meses
es;amountTimePeriod;24_MONTHS;24 meses