locale;id;text
de;CPACM00101;Angelegte Vertragsarbeitsbereiche
de;CPACM00102;Nicht veröffentlichte Vertragsarbeitsbereiche mit Gültigkeitsdatum in der Vergangenheit
de;CPACM00160;Vertragsarbeitsbereich – Anlage bis Vertragsveröffentlichung
de;CPAOP00110;Angelegte Bestellanforderungen
de;CPAOP00111;Verspätete Bestellanforderungspositionen
de;CPAOP00112;Bestellanforderungspositionen mit Bestellstatus
de;CPAOP00113;Bestellanforderungspositionen mit Benötigt-bis-Datum in der Vergangenheit
de;CPAOP00114;Angelegte Bestellpositionen
de;CPAOP00116;Offene Bestellpositionen mit Benötigt-bis-Datum in der Vergangenheit
de;CPAOP00117;Übergebene Positionen der Lieferantenrechnung
de;CPAOP00118;Lieferantenrechnungspositionen mit Ausnahmen wurden nicht verarbeitet
de;CPAOP00119;Lieferantenrechnungspositionen mit Ausnahmen, aber ohne zugehörige Bestellung
de;CPAOP00160;Anlage von Bestellanforderungspositionen bis zur Anlage von Bestellpositionen
de;CPAOP00161;Anlage Bestellanforderungsposition bis Anlage Rechnungseingang
de;CPAOP00162;Anlage Lieferantenrechnungsposition bis Zahlung der Rechnungsposition
de;CPAOP00163;Bestellpositionen (ohne WE) – Anlage bis Rechnungseingang
de;CPASC00101;Vollständige Beschaffungsprojekte angelegt
de;CPASC00102;Vollständige Beschaffungsprojekte abgebrochen
de;CPASC00103;Vollständige Beschaffungsprojekte mit ausstehenden Auswahlereignissen
de;CPASC00104;Informationsanfrage – laufende Beschaffungsereignisse
de;CPASC00105;Informationsanfrage – abgebrochene Beschaffungsereignisse
de;CPASC00106;Informationsanfrage – Beschaffungsereignisse im Status „Auswahl ausstehend“
de;CPASC00110;Angebotsanfrage – laufende Beschaffungsereignisse
de;CPASC00111;Angebotsanfrage – abgebrochene Beschaffungsereignisse
de;CPASC00112;Angebotsanfrage – Beschaffungsereignisse im Status „Auswahl ausstehend“
de;CPASC00116;Laufende Beschaffungsauktionsereignisse
de;CPASC00117;Abgebrochene Beschaffungsauktionsereignisse
de;CPASC00118;Beschaffungsauktionsereignisse im Status „Auswahl ausstehend“
de;CPASC00160;Anlage Beschaffungsanforderung bis Abschluss Beschaffungsprojekt
de;CPASC00161;Anlage bis Abschluss Beschaffungsprojekt
de;CPASC00163;Erstellung eines Ereignisses „Informationsanfrage“ bis zum Abschluss des Ereignisses
de;CPASC00164;Erstellung eines Ereignisses „Angebotsanfrage“ bis zum Abschluss des Ereignisses
de;CPASC00165;Erstellung von Ereignissen für Sourcing-Auktionen bis Abschluss des Ereignisses
de;CPASM00101;Angelegte Lieferantenanforderungen
de;CPASM00102;Angelegte Lieferantenregistrierungen
de;CPASM00103;Lieferantenregistrierungen, deren Genehmigung seit über einem Monat aussteht
de;CPASM00104;Angelegte Positionen des Qualifizierungsprojekts für frühere Lieferanten
de;CPASM00105;Positionen des Qualifizierungsprojekts für frühere Lieferanten, deren Genehmigung seit über einem Monat aussteht
de;CPASM00160;Anlegen der Lieferantenanforderung bis Genehmigung der Lieferantenregistrierung
de;CPASM00161;Position des Qualifizierungsprojekts für frühere Lieferanten - Anlegen bis Genehmigung
de;KBSRM00101;Angelegte Einkaufswagenpositionen
de;KBSRM00102;Auf Genehmigung wartende Einkaufswagenpositionen
de;KBSRM00103;Einkaufswagenpositionen ohne Folgebeleg
de;KBSRM00104;Änderungen an Einkaufswagen
de;KBSRM00160;Einkaufswagen – Anlage (mit Genehmigung) bis Nachfolgepositionsanlage
de;KBSRM00190;Verwendung von Produktkategorien bei Einkaufswagenpositionen
de;KBSRM00191;Verwendung von Einkäufergruppen bei Einkaufswagenpositionen
de;KBSRM00192;Verwendung von Lieferanten bei Einkaufswagenpositionen (einkaufsorganisationsübergreifend)
de;KBSRM00193;Verwendung von Lieferanten bei Einkaufswagenpositionen (pro Einkaufsorganisation)
de;KBSRM00194;Verwendung von Vorgangsarten in SRM-Dokumenten
de;KBSRM00201;In SRM angelegte Bestellpositionen
de;KBSRM00202;Auf Genehmigung wartende Bestellpositionen
de;KBSRM00203;Bestellpositionen in Übertragung zum ERP-System
de;KBSRM00204;Bestellpositionen mit fehlgeschlagener Übertragung zum ERP-System
de;KBSRM00205;Änderungen in Bestellungen
de;KBSRM00301;In SRM angelegte Rückmeldungspositionen
de;KBSRM00302;Zur Genehmigung anstehende Rückmeldungspositionen
de;KBSRM00303;Aktuell übertragene Rückmeldepositionen
de;KBSRM00304;Rückmeldepositionen mit fehlgeschlagener Übertragung
de;KBSRM00305;Änderungen in Bestätigungen
de;KBSRM00401;In SRM angelegte Rechnungspositionen
de;KBSRM00402;Zur Genehmigung anstehende Rechnungspositionen
de;KBSRM00403;Aktuell übertragene Rechnungspositionen
de;KBSRM00404;Rechnungspositionen mit fehlgeschlagener Übertragung
de;KBSRM00405;Änderungen in Rechnungen
de;KBSRM00601;Angelegte Einkaufskontraktpositionen
de;KBSRM00602;Änderungen bei Einkaufskontrakten
de;KBSRM00690;Kontraktpositionsverwendung in Einkaufsdokumenten
de;KBSRM00701;Angelegte Ausschreibungspositionen
de;KBSRM00702;Änderungen bei Ausschreibungspositionen
de;KBSRM00703;Angelegte Lieferantengebotspositionen
de;KBSRM00760;Ausschreibungspositionen – Anlage bis Annahme erstes Gebot
de;KBSRM00761;Auktionspositionen – Anlage bis Annahme erstes Gebot
de;KCSAL00190;Verwendung von Vorgangsarten in CRM-Dokumenten
de;KCSAL00201;Angelegte Geschäftsaktivitäten
de;KCSAL00202;"Geschäftsaktivitäten im Status „Offen“ oder „In Bearbeitung“"
de;KCSAL00501;Angelegte Leads
de;KCSAL00504;"Leads mit dem Status „Offen“ oder „In Bearbeitung“"
de;KCSAL00601;Angelegte Opportunitys
de;KCSAL00604;"Opportunitys mit dem Status „Offen“ oder „In Bearbeitung“"
de;KCSAL00660;Opportunity-Anlage bis Opportunity-Abschluss
de;KCSAL00901;Angelegte Geschäftsaktivitäten
de;KCSAL00902;Änderungen in Geschäftsaktivitäten
de;KCSAL00904;"Geschäftsaktivitäten mit dem Status „Offen“ oder „In Bearbeitung“"
de;KCSAL01001;Angelegte Aufgaben
de;KCSAL01002;Änderungen in Aufgaben
de;KCSAL01004;"Aufgaben mit dem Status „Offen“ oder „In Bearbeitung“"
de;KFFI000104;Änderungen in Finanzbelegen
de;KFFI000105;Stornierte Finanzeinzelposten
de;KFFI000106;Angelegte Finanzeinzelposten
de;KFFI000190;Verwendung der Finanzdokumentart (buchungskreisübergreifend)
de;KFFI000191;Buchungskreis-Verwendung in FI-Belegen
de;KFFI000193;Hauptbuchkontennutzung nach Geschäftsjahr und Buchungskreis
de;KFFI000202;Überfällige und offene Posten in der Kreditorenbuchhaltung
de;KFFI000212;Offene Posten ohne Zahlwege
de;KFFI000213;Offene Posten, für die der Lieferant zum Buchen gesperrt ist
de;KFFI000214;Zur Zahlung gesperrte offene Posten
de;KFFI000215;Offene Posten, für die der Lieferant zur Zahlung gesperrt ist
de;KFFI000216;Offene Posten, zu denen Bankverbindungen von Lieferanten fehlen
de;KFFI000217;Offene Posten, zu denen Adressenangaben von Lieferanten fehlen
de;KFFI000302;Überfällige und offene Posten in der Debitorenbuchhaltung
de;KFFI000310;Offene Posten, denen der Debitor kein Mahnverfahren zugeordnet hat
de;KFFI000311;Offene Posten, bei denen der Debitor in einem anderen Mahnlauf gesperrt ist
de;KFFI000312;Offene Posten, bei denen der Debitor zur Mahnung gesperrt ist
de;KFFI000313;Zur Mahnung gesperrte offene Posten
de;KFFI000405;Fehler während Zahlungsläufen
de;KFFI000406;Zahlungsläufe pro Buchungskreis
de;KFFI000409;Buchungskreise ohne Zahlläufe
de;KFFI000501;Nicht vollständig gebuchte elektronische Kontoauszüge
de;KFFI000502;Nicht vollständig gebuchte Posten zu elektronischen Kontoauszügen
de;KFFI000504;Importierte elektronische Kontoauszüge pro Tag
de;KFFI000705;Offene Posten in Sachkonten (aggregiert)
de;KFFI000706;Offene Posten für Wareneingangs-/ Rechnungseingangsverrechnungskonten
de;KFFI000790;OP-verwaltete Konten ohne Verrechnungsregel
de;KFFI000940;Automatisierungsquote: Lieferantenrechnungsausgleich
de;KFFI000960;Ausstellen von Lieferantenrechnungen (ohne Bestellung) bis FI-AP-Ausgleich
de;KFFI000961;Ausstellen von Lieferantenrechnungen bis FI-AP-Ausgleich (Central Finance)
de;KFFI001040;Automatisierungsquote: Debitorenrechnungsausgleich
de;KFFI001060;Ausstellen von Debitorenrechnungen (ohne Vertrieb) bis FI-AR-Ausgleich
de;KFFI001061;Ausstellen von Debitorenrechnungen bis FI-AR-Ausgleich (Central Finance)
de;KFFI001201;Schedule Manager: Laufzeiten und Status
de;KFFI001303;Offene Klärungsfälle mit Datum für „Letzte Änderung“ in der Vergangenheit
de;KFFI001402;Offene Zahlungsversprechen-Fälle mit Zahlungsversprechen-Datum in der Vergangenheit
de;KFFI001501;Fehler im Kalkulationslauf
de;KFFI001502;Fehler bei der Kostenberechnung mit Transaktion CK11N
de;KFFI001601;Fehler bei der WIA-Berechnung für Produktionsaufträge
de;KFFI001602;Fehler bei der Abweichungsermittlung für Produktionsaufträge
de;KFFI001603;Fehler bei der Istabrechnung von Produktionsaufträgen
de;KFFI001605;Fehler bei der Istabrechnung von Instandhaltungs-/Innenaufträgen
de;KFFI001609;Fehler bei der Istabrechnung von PSP-Element-/Netzwerkaufträgen
de;KFFI001701;Fehlerhafte Kostenberechnungen aus Rückmeldungen
de;KFFI001801;Fehler im Abschreibungslauf
de;KFFI001802;Nicht deaktivierte Anlagen im Bau
de;KFFI001803;Anlagen ohne Buchungen
de;KFFI001804;Fehlende Felder in unvollständigen Anlagen
de;KFFI001805;Fehler bei periodischer Buchung von Anschaffungs- und Herstellungskosten
de;KFFI001806;Anlagenstamm angelegt
de;KFFI001807;Änderungen an Anlagenstammdaten
de;KFFI001808;Geringwertige Wirtschaftsgüter, die nach einem Jahr noch aktiv sind
de;KFFI001860;Anlegen des Anlagenstamms (Anlage im Bau) bis zur Deaktivierung
de;KFFI001861;Anlagenstammerstellung (mit Abschreibung) bis Deaktivierung
de;KFFI001890;Anlagenklassenverwendung (buchungskreisübergreifend)
de;KFFI001891;Anlagenklassenverwendung (pro Buchungskreis)
de;KFFI001960;Versorgungswirtschaft: Rechnungsanlage bis Ausgleich im Contract Accounting (FI-CA)
de;KFFI002003;Aufträgen zugeordnete überfällige Bestellfinanzpositionen
de;KFFI002004;Projekten zugeordnete überfällige Bestellfinanzpositionen
de;KFFI002005;Kundenauftragspositionen zugeordnete überfällige Bestellfinanzpositionen
de;KFFI002260;Konvergente Fakturierung bis Ausgleich im Contract Accounting (FI-CA)
de;KFFI002305;Angelegte Innenaufträge, die nicht freigegeben wurden
de;KFFI002306;Innenaufträge, die freigegeben, aber nicht technisch abgeschlossen sind
de;KFFI002308;Änderungen in Innenaufträgen
de;KFFI002309;Produktkostensammler ohne letzte Abrechnung
de;KFFI002360;Produktkostensammler – Anlage bis erste Abrechnung
de;KFFI002395;Verwendung von Auftragsarten in Innenaufträgen
de;KFFI002501;Mahnläufe pro Buchungskreis
de;KFFI002601;Für die konvergente Fakturierung überfällige Fakturen
de;KFFI002602;Überfällige konvergente Fakturierung mit gesperrtem Vertragskonto
de;KFFI002603;Überfällige konvergente Fakturierung mit gesperrtem Provider-Vertrag
de;KFFI002604;Für die Fakturierung gesperrte Provider-Verträge
de;KFFI002605;Angelegte Fakturapositionen
de;KFFI002606;Angelegte Rechnungsbelegpositionen
de;KFFI002607;Für Convergent Invoicing überfällige Kundenfakturen
de;KFFI002660;Provider-Vertrag – Anlage bis zur ersten Rechnungsstellung
de;KFFI002801;Angelegte Immobilienverträge
de;KFFI002802;Änderungen an Immobilienverträgen
de;KFFI002803;Nicht aktivierte Immobilienverträge
de;KIAUT00101;Fixierte Planaufträge (PE) mit Endtermin in der Vergangenheit
de;KIAUT00102;Nicht fixierte Planaufträge (PE) mit Endtermin in der Vergangenheit
de;KIAUT00103;Planaufträge mit Dispositionsvorrat in der Vergangenheit
de;KIAUT00160;Eckstart- (pro Komponente) bis Eckendtermin für Produktionseinteilung
de;KIAUT00190;Fertigungsversionsverwendung bei der Serienfertigung
de;KIAUT00301;Fehlgeschlagene Warenbewegungen in Serienfertigung (Einzelerfassung)
de;KIAUT00302;Fehlgeschlagene Warenbewegungen in Serienfertigung (Sammelerfassung)
de;KIISU00101;"Überfällige Abrechnungsaufträge für Versorgungswirtschaft mit Status „Abrechnungsfähig“"
de;KIISU00102;"Überfällige Abrechnungsaufträge für Versorgungswirtschaft mit Status „Nicht abrechnungsfähig“"
de;KIISU00103;Überfällige Abrechnungsaufträge der Versorgungswirtschaft ohne Ablesebeleg
de;KIISU00104;Überfällige Abrechnungsaufträge der Versorgungswirtschaft ohne logisches Gerät
de;KIISU00160;Versorgerkontrakt – Anlage bis zum ersten Ausgleichen offener Posten
de;KIISU00161;Abrechnungsauftrag (nicht abrechnungsfähig) für Versorger - Anlage bis geplantes Abrechnungsdatum
de;KIISU00162;Abrechnungsauftrag (abrechnungsfähig) für Versorger - Anlage bis geplantes Abrechnungsdatum
de;KIISU00201;Überfällige Fakturierungsaufträge der Versorgungswirtschaft (Faktura)
de;KIISU00203;Nicht freigegebene Fakturierungsaufträge der Versorgungswirtschaft (Faktura)
de;KIISU00204;Storno von Fakturabelegen in der Versorgungswirtschaft
de;KIISU00205;Ausgesteuerte und freigegebene IS-U-Fakturabelege
de;KIISU00260;IS-U-Fakturabeleg - Anlage bis Druckbelegerstellung
de;KIISU00261;Ausgesteuerte IS-U-Fakturabelege - Anlage bis Rechnungsdruck
de;KIISU00302;Rechnungen der Versorgungswirtschaft mit überfälligen Druckauslösern
de;KIISU00304;Druckbelegstorno in der Versorgungswirtschaft
de;KIISU00305;Freigegebene ausgesteuerte IS-U-Druckbelege
de;KIISU00306;Zur Freigabe überfällige Druckbelege der Versorgungswirtschaft
de;KIISU00360;IS-U-Druckbelege - Anlage bis Offene-Posten-Ausgleich
de;KIISU00361;Aussortierte IS-U-Druckbelege - Anlage bis Offene-Posten-Ausgleich
de;KIPSM00101;Mittelvormerkungen angelegt
de;KIPSM00102;Mittelvormerkungspositionen angelegt
de;KIPSM00103;Offene und überfällige Mittelvormerkungspositionen
de;KIPSM00104;Offene Mittelvormerkungspositionen
de;KIPSM00105;Änderungen an Mittelvormerkungen
de;KIPSM00106;Gesperrte Mittelvormerkungspositionen
de;KIRET00460;Buchungskreisinterner Nachschub vom Verteilzentrum an Filiale
de;KIRET00461;Buchungskreisinterner Nachschub vom Verteilzentrum an Verteilzentrum
de;KIRET00462;Buchungskreisinterner Nachschub von Filiale an Filiale
de;KIRET00463;Buchungskreisinterner Nachschub von Filiale an Verteilzentrum
de;KIRET00464;Buchungskreisübergreifender Nachschub vom Verteilzentrum an Filiale
de;KIRET00465;Buchungskreisübergreifender Nachschub vom Verteilzentrum an Verteilzentrum
de;KIRET00466;Buchungskreisübergreifender Nachschub von Filiale an Filiale
de;KIRET00467;Buchungskreisübergreifender Nachschub von Filiale an Verteilzentrum
de;KIRET00560;Beschaffung (unkontiert) an Verteilzentrum
de;KIRET00561;Beschaffung (unkontiert) an Filiale
de;KIRET00562;Beschaffung (kontiert) an Verteilzentrum
de;KIRET00563;Beschaffung (kontiert) an Filiale
de;KIRET00601;Freigegebene Artikel ohne Filiallistung
de;KIRET00602;Freigegebene Artikel ohne Verteilzentrumslistung
de;KIRET00603;Artikel ohne Einkaufsinfosatz
de;KITM000101;Angelegte Transportaufträge
de;KITM000201;Angelegte Transportaufträge
de;KPCONF0110;Fehlgeschlagene Warenbewegungen während der Fertigungsauftragsrückmeldung
de;KPCONF0120;Fehlgeschlagene Warenbewegungen während der Netzwerkauftragsrückmeldung
de;KPCONF0130;Fehlgeschlagene Warenbewegungen während der PM/CS-Auftragsrückmeldung
de;KPCONF0140;Fehlgeschlagene Warenbewegungen während der Prozessauftragsrückmeldung
de;KPCONF0401;Fertigungsauftragsrückmeldungen
de;KPCONF0402;Prozessauftragsrückmeldungen
de;KPCONF0403;Instandhaltungsauftragsrückmeldungen
de;KPCONF0405;Bestätigungen für Kundenserviceaufträge
de;KPGR000101;Gebuchte ausgehende Warenbewegungen
de;KPGR000102;Gebuchte eingehende Warenbewegungen
de;KPIM000101;Lagerbestand von frei verwendbarem Bestand
de;KPIM000105;Lagerbestand von Kundenauftragsbestand
de;KPIM000106;Bestandshöhe von Kundenkonsignationsbestand
de;KPIM000107;Höhe des Projektbestands
de;KPIM000108;Bestandsmenge von frei verwendbarem Bestand (Chargenebene)
de;KPIM000115;Bestandshöhe des für Lieferanten bereitgestellten Bestands
de;KPIM000160;Lagerbestand verkaufsfähiger Materialien (nicht chargenpflichtig)
de;KPIM000161;Lagerbestand verkaufsfähiger Materialien (chargenpflichtig)
de;KPIM000162;Lagerbestand von Rohstoffen und Halbfabrikaten (nicht chargenpflichtig)
de;KPIM000163;Lagerbestand von Rohstoffen und Halbfabrikaten (chargenpflichtig)
de;KPLE000110;Überfällige Auslieferungen für WA
de;KPLE000111;Überfällige Anlieferungen für WE
de;KPLE000120;Angelegte Anlieferungen
de;KPLE000121;Angelegte Auslieferungen
de;KPLE000171;Lieferungen mit Nachrichtenverarbeitung (pro Medium)
de;KPLE000190;Konfigurationsprüfung: Belegflussfortschreibung von MM zu LE
de;KPLE000204;Nicht vollständig verarbeitete Frachtkostenpositionen
de;KPLE000205;Noch nicht abgeschlossene ausgehende Transporte
de;KPLE000206;Noch nicht abgeschlossene eingehende Transporte
de;KPLE000207;Änderungen in Transporten
de;KPLE000305;Ausgelieferte und zur Fakturierung überfällige Auslieferungspositionen
de;KPLE000307;Änderungen an Lieferungen
de;KPLE000360;Auslieferungspositionen – Anlage bis Warenausgangsbuchung
de;KPLE000361;Auslieferungspositionen – Anlage bis Warenausgangsbuchung (Transportauftrag)
de;KPLE000362;Anlage von Anlieferungspositionen für WE-Buchung
de;KPMRP00108;Planaufträge (LA/KD) mit Eckendtermin in der Vergangenheit
de;KPMRP00109;Überfällige Planaufträge mit Vertriebsbelegzuordnung
de;KPMRP00201;MRP-Bereichsplanungsdatei - zum Löschen markierte Materialien
de;KPMRP00202;MRP-Bereichsplanungsdatei - Status lässt Planung nicht zu
de;KPMRP00205;MRP-Planungsdatei – zum Löschen markierte Materialien
de;KPMRP00206;MRP-Planungsdateimaterialien – Status lässt Planung nicht zu
de;KPMRP00260;Materialien, die in der letzten Woche von der Disposition bearbeitet wurden
de;KPPP000101;Überfällige Fertigungsaufträge für Freigabe
de;KPPP000103;Überfällige Produktionsaufträge für Endlieferung
de;KPPP000106;Fertigungsaufträge mit überfälligem Eckendtermin und ohne Löschvormerkung
de;KPPP000107;Angelegte Fertigungsaufträge
de;KPPP000108;Freigegebene Produktionsaufträge ohne erste Rückmeldung
de;KPPP000111;Überfällige Fertigungsauftragskomponenten für Verbrauch
de;KPPP000121;Überfällige Fertigungsaufträge mit Vertriebsbelegzuordnung
de;KPPP000122;Alle Statusänderungen pro Fertigungsauftrag
de;KPPP000142;Automatisierungsquote: Technischer Abschluss von Fertigungsaufträgen
de;KPPP000242;Automatisierungsquote: Technischer Abschluss von Prozessaufträgen
de;KPPP000160;Produktionsaufträge – Anlage bis technischer Abschluss
de;KPPP000161;Fertigungsaufträge – Anlage bis erste Abrechnung
de;KPPP000162;Produktionsauftragskomponente – Anlage bis Warenausgangsbuchung
de;KPPP000163;Produktionsauftragskomponente: Anlage bis Wareneingang (über Direktbeschaffung)
de;KPPP000164;Fertigungsauftragsvorgänge – Anlage bis Ausführungsabschluss
de;KPPP000190;Verwendung von Auftragsarten in Fertigungsaufträgen (werksübergreifend)
de;KPPP000192;Arbeitsplanverwendung bei der diskreten Fertigung (je Material/Werk)
de;KPPP000195;Fertigungsversionsverwendung bei der diskreten Fertigung (je Material/Werk)
de;KPPP000201;Überfällige Prozessaufträge für Freigabe
de;KPPP000203;Überfällige Prozessaufträge für Endlieferung
de;KPPP000206;Prozessaufträge mit überfälligem Eckendtermin und ohne Löschvormerkung
de;KPPP000207;Angelegte Prozessaufträge
de;KPPP000208;Freigegebene Prozessaufträge ohne erste Rückmeldung
de;KPPP000211;Überfällige Prozessauftragskomponenten für Verbrauch
de;KPPP000222;Überfällige Prozessaufträge mit Vertriebsbelegzuordnung
de;KPPP000223;Alle Statusänderungen pro Prozessauftrag
de;KPPP000260;Prozessaufträge – Anlage bis technischer Abschluss
de;KPPP000261;Prozessaufträge – Anlage bis erste Abrechnung
de;KPPP000262;Prozessauftragskomponente – Anlage bis Warenausgangsbuchung
de;KPPP000263;Prozessauftragskomponente: Anlage bis Wareneingang (mittels Direktbeschaffung)
de;KPPP000264;Prozessauftragsvorgänge – Anlage bis Ausführungsabschluss
de;KPPP000290;Verwendung von Auftragsarten in Prozessaufträgen (werksübergreifend)
de;KPPP000292;Planungsrezeptverwendung bei der Prozessfertigung (je Material/Werk)
de;KPPP000295;Fertigungsversionsverwendung bei der Prozessfertigung (je Material/Werk)
de;KPPP000409;Materialien mit Fehlermeldungen in Dispositionsliste
de;KPPP000410;Pro Material zu stornierende Dispositionselemente
de;KPPP000411;Pro Material neu zu planende Dispositionselemente
de;KPPROJ0105;Netzwerkaufträge mit überfälligem terminiertem Ende und ohne Löschvormerkung
de;KPPROJ0190;Verwendung von Auftragsarten in Netzwerkaufträgen (werksübergreifend)
de;KPPROJ0205;Freigegebene Projekte mit Fertigstellungsgrad von PSP-Elementen pro Ebene
de;KPPROJ0302;Freigegebene, aber nicht technisch abgeschlossene oder geschlossene PSP-Elemente
de;KPPROJ0305;Alle Statusänderungen pro freigegebenem PSP-Element
de;KPPROJ0360;PSP-Elemente (ohne Investitionsprofil) – Anlage bis Abschluss
de;KPPROJ0361;PSP-Elemente (mit Investitionsprofil) – Anlage bis Abschluss
de;KPPURCH201;Angelegte Bestellpositionen
de;KPPURCH203;Offene und überfällige Bestellpositionen
de;KPPURCH204;Fehler in unvollständigen Bestellungen
de;KPPURCH207;Bestellpositionen ohne Kennzeichen „Schlussrechnung“
de;KPPURCH212;Angelegte Bestellpositionen nach Rechnung
de;KPPURCH221;Änderungen in Bestellungen
de;KPPURCH222;Bestellpositionen, die ohne Kontraktbezug angelegt wurden
de;KPPURCH223;Überfällige Bestellpositionen ohne Bestätigung
de;KPPURCH225;Offene Bestellpositionen mit überfälligen Anlieferungspositionen
de;KPPURCH228;Dispositionsrelevante Lieferantenbestätigungen überfällig
de;KPPURCH242;Von Benutzern angelegte Bestellungen (für Vorschlagswertprüfung)
de;KPPURCH260;Bestellpositionen – Anlage bis WE/RE-Verrechnung
de;KPPURCH261;Bestellpositionen: Anlage (unkontiert) bis Rechnungseingang
de;KPPURCH263;Buchungsübergreifende Bestellpositionen verknüpft mit Bestellung-bis-Rechnungsbearbeitung
de;KPPURCH265;Bestellpositionen (ohne WE) – Anlage bis FI-AP-Verrechnung
de;KPPURCH266;Bestellpositionen – Anlage (Lohnbearbeitung) bis Rechnungseingang
de;KPPURCH267;Bestellpositionen – Anlage bis Abrechnung des Leistungserfassungsblatts
de;KPPURCH268;Bestellpositionen: Anlage (kontiert) bis Rechnungseingang
de;KPPURCH273;Bestellungen mit Nachrichtenverarbeitung (pro Medium)
de;KPPURCH290;"Konfigurationsprüfung: „Lieferung abgeschlossen“ vorschlagen"
de;KPPURCH297;Verwendung des Kalkulationsschemas in Einkaufsbelegen (einkaufsorganisationsübergreifend)
de;KPPURCH298;Einkaufsbelegart-Verwendung (buchungskreisübergreifend)
de;KPPURCH301;Angelegte Bestellanforderungen
de;KPPURCH303;Offene und überfällige Bestellanforderungspositionen
de;KPPURCH309;Änderungen in Bestellanforderungen
de;KPPURCH360;Anlage von Bestellanforderungspositionen bis zur Anlage von Bestellpositionen
de;KPPURCH362;Anlage von Umlagerungsbestellanforderungspositionen bis zur Anlage von Umlagerungsbestellpositionen
de;KPPURCH404;Lieferantenrechnungen angelegt
de;KPPURCH409;Gesperrte Lieferantenrechnungsposten mit überfälligen FI-AP-Posten
de;KPPURCH411;Lieferantenrechnungen mit überfälligen FI-AP-Posten
de;KPPURCH412;Änderungen in Lieferantenrechnungen
de;KPPURCH413;Stornierte Lieferantenrechnungen
de;KPPURCH460;Ausstellen von Lieferantenrechnungen (mit Bestellung) bis FI-AP-Ausgleich
de;KPPURCH508;Bestimmte Fehler in Versandfälligkeitsläufen (Umlagerungsbestellungen)
de;KPPURCH560;Umlagerungsbestellposition – Anlage (ohne Lieferung) bis WE
de;KPPURCH561;Umlagerungsbestellposition – Anlage (mit Lieferung) bis WE
de;KPPURCH562;Buchungskreisübergreifende Anlage von Umlagerungsbestellpositionen bis zum FI-AR-Ausgleich
de;KPPURCH609;Überfällige Einkaufslieferplaneinteilungen
de;KPPURCH610;Überfällige Einkaufslieferpläne mit Dispositionsliste
de;KPPURCH660;Lieferplanpositionen – Anlage bis Gültigkeitsende
de;KPPURCH661;Einkaufsmengenkontraktpositionen – Anlage bis Gültigkeitsende
de;KPPURCH662;Einkaufswertkontraktpositionen – Anlage bis Gültigkeitsende
de;KPPURCH701;Offene Bestellpositionen ohne Leistungserfassungsblatt
de;KPPURCH702;Leistungserfassungsblätter ohne Annahme
de;KPPURCH703;Leistungserfassungsblätter ohne Enderfassung
de;KPPURCH704;Änderungen an Leistungserfassungsblättern
de;KPSD000133;Angelegte Verkaufsbelege
de;KPSD000171;Verkaufsbelege mit Nachrichtenverarbeitung (pro Medium)
de;KPSD000190;Verwendung der Verkaufsbelegart (vertriebsbereichsübergreifend)
de;KPSD000194;Verwendung von Kalkulationsschemata in Verkaufsbelegen (verkaufsorganisationsübergreifend)
de;KPSD000195;Auftragsgrundverwendung pro Belegtyp
de;KPSD000201;Nicht in die Buchhaltung gebuchte Kundenfakturen
de;KPSD000207;Vertriebsfakturabelege ohne Ausgabemeldung
de;KPSD000208;Kundenfakturen mit offenen FI-AR-Posten
de;KPSD000215;Stornokundenfakturen
de;KPSD000216;Eindeutige Fehler während Fakturierungsfälligkeitsläufen
de;KPSD000217;Änderungen in Kundenfakturabelegen
de;KPSD000218;Vertriebsfakturabelege angelegt
de;KPSD000260;Kundenfakturabelege – Anlage bis FI-AR-Ausgleich
de;KPSD000271;Fakturen mit Nachrichtenverarbeitung (pro Medium)
de;KPSD000292;Verwendung von Kalkulationsschemata in Kundenfakturabelegen (verkaufsorganisationsübergreifend)
de;KPSD000293;Verwendung von Fakturaarten in Kundenfakturabelegen (verkaufsorganisationsübergreifend)
de;KPSD000303;Überfällige Verkaufseinteilungspositionen
de;KPSD000304;Zunächst nicht für gewünschtes Lieferdatum bestätigte Einteilungspositionen
de;KPSD000306;Fehlende Felder in unvollständigen Verkaufsbelegpositionen
de;KPSD000307;Abgelehnte Verkaufsbelegpositionen
de;KPSD000319;Nicht fakturierte und überfällige Fakturierungsplantermine
de;KPSD000321;Zur Fakturierung überfällige Kundenauftragspositionen
de;KPSD000322;Offene und neu eingeplante Verkaufseinteilungspositionen
de;KPSD000323;Manuelle Konditionsänderungen in Verkaufsbelegpositionen
de;KPSD000324;Änderungen in Verkaufsbelegen
de;KPSD000326;Eindeutige Fehler während Versandfälligkeitsläufen (Vertrieb)
de;KPSD000327;Gelöschte Positionen in Verkaufsbelegen
de;KPSD000360;Kundenauftragspositionen – Anlage bis Auslieferungsposition
de;KPSD000361;Kundenauftragspositionen – Anlage bis Kundenfakturaposition
de;KPSD000362;Kundenauftragspositionen – Anlage bis FI-AR-Positionsausgleich
de;KPSD000363;Anlage Streckenauftragsposition bis Anlage Kundenfakturaposition
de;KPSD000364;Kundenauftragspositionen (Beschaffung zum Auftrag) bis Kundenfakturaposition
de;KPSD000365;Kundenauftragspositionen (Kundeneinzelfertigung) bis Kundenfakturaposition
de;KPSD000366;Buchungskreisübergreifende Kundenauftragspositionen – Anlage bis FI-AR-Positionsausgleich
de;KPSD000367;Anlage von Kundenauftragspositionen (auftragsbezogene Fakturierung) bis FI-AR-Positionsausgleich
de;KPSD000368;Angebotspositionen – Anlage bis Kundenauftragsposition
de;KPSD000369;Anlegen von Kundenauftragspositionen (Verkauf ab Lager) bis zur Lieferungsanlage
de;KPSD000380;Retourenauftragsposition – Anlage bis Wareneingangsbuchung
de;KPSD000392;Verwendung des Ablehnungsgrunds pro Positionstyp
de;KPSD000460;Lastschriftanforderungspositionen – Anlage bis FI-AR-Positionsausgleich
de;KPSD000462;Gutschriftanforderungspositionen – Anlage bis FI-AR-Positionsausgleich
de;KPWM000403;Langsamdreher-Quants in der Lagerverwaltung
de;KWMD000107;Änderungen an Materialstammdaten
de;KWMD000109;Materialstammdaten-Verwendung in der Fertigung (pro Werk)
de;KWMD000110;Materialstammdaten-Verwendung in der Beschaffung (pro Werk)
de;KWMD000160;Materialstammdaten - Anlage pro Werk bis zur ersten Produktionsauftragslieferung
de;KWMD000161;Materialstammdaten - Anlage pro Werk bis zur ersten Prozessauftragslieferung
de;KWMD000203;Änderungen am Kundenstammdaten
de;KWMD000204;Kundenstammdaten-Verwendung in Kundenfakturabelegen (vertriebsbereichübergreifend)
de;KWMD000205;Kundenstammdaten-Verwendung in Kundenfakturabelegen (pro Vertriebsbereich)
de;KWMD000206;Kundenstammdaten-Verwendung in FI-AR (pro Buchungskreis)
de;KWMD000207;Kundenstammdaten-Verwendung in FI-AR (buchungskreisübergreifend)
de;KWMD000260;Anlage von Kundenstammdaten bis erster Ausgleich offener Posten
de;KWMD000309;Änderungen an Lieferantenstammdaten
de;KWMD000311;Verwendung von Lieferantenstammdaten in Einkaufsbelegen (einkaufsorganisationsübergreifend)
de;KWMD000312;Verwendung von Lieferantenstammdaten in Einkaufsbelegen (pro Einkaufsorganisation)
de;KWMD000313;Lieferantenstammdaten-Verwendung in FI-AP (pro Buchungskreis)
de;KWMD000314;Lieferantenstammdaten-Verwendung in FI-AP (buchungskreisübergreifend)
de;KWMD000315;Einkaufsinfosatz-Verwendung in Einkaufsbelegen (einkaufsorganisationsübergreifend)
de;KWMD000360;Anlage von Lieferantenstammdaten bis erster Ausgleich offener Posten
de;KWMD000501;Verwendung von Zahlungsbedingungen in FI-AP-Rechnungen (pro Buchungskreis)
de;KWMD000502;Verwendung von Zahlungsbedingungen in FI-AP-Rechnungen (buchungskreisübergreifend)
de;KWMD000503;Verwendung von Zahlungsbedingungen in FI-AR-Rechnungen (pro Buchungskreis)
de;KWMD000504;Verwendung von Zahlungsbedingungen in FI-AR-Rechnungen (buchungskreisübergreifend)
de;KWPM000115;Angelegte Instandhaltungsmeldungen
de;KWPM000116;Angelegte Kundenservicemeldungen
de;KWPM000117;Offene und überfällige Instandhaltungsmeldungen
de;KWPM000118;Offene und überfällige Kundenservicemeldungen
de;KWPM000119;Ausstehende Instandhaltungsmeldungen
de;KWPM000120;Ausstehende Kundenservicemeldungen
de;KWPM000160;PM-Meldungsanlage bis Meldungsabschluss
de;KWPM000161;Kundenservicemeldungen – Meldungsanlage bis Meldungsabschluss
de;KWPM000203;Angelegte Instandhaltungsaufträge
de;KWPM000204;Angelegte Kundenserviceaufträge
de;KWPM000215;Alle Statusänderungen pro Instandhaltungsauftrag
de;KWPM000216;Alle Statusänderungen je Kundenserviceauftrag
de;KWPM000217;Für Freigabe überfällige Instandhaltungsaufträge
de;KWPM000218;Für Freigabe überfällige Kundenserviceaufträge
de;KWPM000219;Instandhaltungsaufträge freigegeben und für technischen Abschluss überfällig
de;KWPM000220;Kundenserviceaufträge freigegeben und für technischen Abschluss überfällig
de;KWPM000221;Nicht abgerechnete Instandhaltungsaufträge
de;KWPM000222;Nicht abgeschlossene Kundenserviceaufträge
de;KWPM000260;Instandhaltungsauftrag – Anlage bis Abschluss
de;KWPM000261;Instandhaltungsaufträge – Anlage bis Auftragsabrechnung
de;KWPM000262;Kundenserviceauftrag – Anlage bis Abschluss
de;KWPM000263;Kundenserviceaufträge – Anlage bis Auftragsabrechnung
de;KWPM000264;Instandhaltungsauftragskomponente – Anlage bis Warenausgangsbuchung
de;KWPM000265;Kundenserviceauftragskomponente – Anlage bis Warenausgangsbuchung
de;KWPM000290;Verwendung von Auftragsarten in PM/CS-Aufträgen (werksübergreifend)
de;KWPM000462;Instandhaltungsplanposition - Anlage bis Servicevertrag
de;KWQM000101;Prüflose mit ausstehenden Mengen
de;KWQM000102;Prüflose ohne Verwendungsentscheid
de;KWQM000103;Prüflose ohne Prüfabschluss
de;KWQM000161;Loserzeugung für die Wareneingangsprüfung vom Einkauf bis zum Verwendungsentscheid
de;KWQM000162;Loserzeugung für die Wareneingangsprüfung von der Fertigung bis zum Verwendungsentscheid
de;KWQM000163;Loserzeugung für die prozessbegleitende Prüfung während der Fertigung bis zum Verwendungsentscheid
de;KWSERV0101;Angelegte Serviceaufträge
de;KWSERV0102;Angelegte Serviceangebote
de;KWSERV0103;Angelegte Servicerückmeldungen
de;KWSERV0104;Angelegte Serviceanfragen
de;KWSERV0105;Angelegte Serviceverträge
de;KWSERV0106;Angelegte Lösungsaufträge
de;KWSERV0160;Anlage bis Abschluss Serviceauftrag
de;KXEWM00101;Überfällige Wellen zur Freigabe
de;KXEWM00102;Freigegebene Wellen mit Fehlern
de;KXEWM00201;Zur Quittierung überfällige Lageraufträge
de;KXEWM00202;Quittierte Lageraufträge
de;KXEWM00203;Angelegte Lageraufträge
de;KXEWM00260;Anlage bis Quittierung Lagerauftrag
de;KXEWM00301;Zur Quittierung überfällige Lageraufgaben
de;KXEWM00302;Zur Quittierung überfällige Nachschubaufgaben
de;KXEWM00303;Angelegte Lageraufgabenpositionen
de;KXEWM00304;Quittierte Lageraufgabenpositionen
de;KXEWM00305;Quittierte Lageraufgabenpositionen mit Ausnahmecodes
de;KXEWM00390;Ausnahmecodeverwendung in quittierten Lageraufgaben (pro Lager)
de;KXEWM00401;Überfällige Anlieferungspositionen ohne abgeschlossene Einlagerung
de;KXEWM00402;Überfällige Anlieferungspositionen ohne abgeschlossenen Wareneingang
de;KXEWM00403;In EWM angelegte Anlieferungspositionen
de;KXEWM00404;Wareneingangsbuchungen für Anlieferungspositionen in EWM
de;KXEWM00460;Anlieferungspositionen – Anlage (für Einkaufsbeleg) bis Einlagerungsabschluss
de;KXEWM00461;Anlieferungspositionen – Anlage (für Produktion) bis Einlagerungsabschluss
de;KXEWM00490;Prozesscodeverwendung in Anlieferungspositionen
de;KXEWM00501;Überfällige Auslieferungsauftragspositionen für Kommissionierung
de;KXEWM00502;Überfällige Auslieferungsauftragspositionen für WA-Buchung
de;KXEWM00503;Angelegte Auslieferungsauftragspositionen
de;KXEWM00504;Warenausgangsbuchungen für Auslieferungsauftragspositionen
de;KXEWM00560;Auslieferungsauftragspositionen – Anlage (für Verkaufsbeleg) bis Lieferungsanlage
de;KXEWM00590;Prozesscodeverwendung in Auslieferungsauftragspositionen
de;KXEWM00701;Überfällige Auslieferpositionen für WA-Buchung in EWM
de;KXEWM00702;Angelegte Auslieferungspositionen in EWM
de;KXEWM00860;Anlieferungsbenachrichtigungspositionen – Anlage (für Einkaufsbeleg) bis Einlagerungsabschluss
de;KXEWM00861;Anlieferungsbenachrichtigungspositionen – Anlage (für Produktion) bis Einlagerungsabschluss
de;KXEWM00862;Auslieferungsanforderungspositionen – Anlage (für Verkaufsbeleg) bis Lieferungsanlage
de;KXEWM00901;Verfügbarer frei verwendbarer Bestand wurde nicht bewegt
de;KXEWM00902;Verfügbarer und nicht bewegter gesperrter Bestand
de;KXEWM00903;Verfügbarer, nicht bewegter Qualitätsprüfungsbestand