locale;id;name
pt_BR;AERO;Aeroespacial e defesa
pt_BR;AUTO;Automotivo
pt_BR;BANK;Serviços bancários
pt_BR;BUILD;Produtos para construção
pt_BR;RAIL;Transporte de cargas e logística
pt_BR;CHEM;Produtos químicos
pt_BR;CP;Bens de consumo
pt_BR;DEFAULT;Intersetorial (não específico do setor)
pt_BR;DEFSEC;Defesa e segurança
pt_BR;ECO;Engenharia, construção e operações
pt_BR;HEALTH;Assistência médica
pt_BR;HIGHTECH;Alta tecnologia
pt_BR;EDU;Ensino superior e pesquisa
pt_BR;IMC;Produção industrial
pt_BR;INSUR;Seguro
pt_BR;LIFE;Ciências biológicas
pt_BR;MEDIA;Mídia
pt_BR;MILL;Produtos de fábrica
pt_BR;MINING;Mineração
pt_BR;OIL;Petróleo, gás e energia
pt_BR;AIR;Viagens e lazer
pt_BR;PROFSVC;Serviços profissionais
pt_BR;PUBLIC;Setor público
pt_BR;RETAIL;Varejo
pt_BR;SPO;Esportes
pt_BR;TELE;Telecomunicações
pt_BR;UTILITY;Serviços públicos
pt_BR;WHOLE;Distribuição atacadista