locale;id;text
ko;ARB_BILLTO;SAP Ariba의 청구처
ko;ARB_ERP_VENDOR;SAP Ariba의 ERP 공급업체
ko;ARB_PGRP;SAP Ariba의 구매 그룹
ko;ARB_PGRP_NAME;SAP Ariba의 구매 그룹 이름
ko;ARB_SHIPTO;SAP Ariba의 납품처
ko;ARB_SM_SUPPLIER;SAP Ariba의 SM 공급업체
ko;ARB_SM_SUPPLIER_NAME;Ariba의 SM 공급업체 이름
ko;ARB_SUPPLIER;SAP Ariba의 공급업체
ko;ARB_SUPPLIER_NAME;SAP Ariba의 공급업체 이름
ko;BC_ARBGB;어플리케이션 영역
ko;BC_ARKTX;짧은 텍스트
ko;BC_CHNGIND;변경 유형
ko;BC_CLASS;사용자 마스터의 사용자 그룹
ko;BC_DELTA;델타(일)
ko;BC_FLAG;플래그 설정됨/설정 안 됨
ko;BC_KDAUF;판매 오더 번호
ko;BC_KDEIN;판매 오더 일정
ko;BC_KDPOS;판매 오더 위치
ko;BC_MESSAGE;T100 메시지 텍스트
ko;BC_MSGNR;메시지 번호
ko;BC_NETVAL;정가
ko;BC_NUMBER;번호
ko;BC_QUANTITY;수량
ko;BC_REPORT;리포트 이름
ko;BC_STATUS_ACTIVE;활성/비활성
ko;BC_SYMSGID;메시지 클래스
ko;BC_TCODE;트랜잭션 코드
ko;BC_TCODE_NOTXT;TCode(텍스트 없는 SemID)
ko;BC_UNIT;단위
ko;BC_USER;사용자
ko;BC_USTYP;사용자 유형
ko;BC_VARIANT;리포트 변형
ko;BC_WAERS;통화
ko;BC_XFELD;확인란 예/아니요
ko;BW_DOCNO;문서 번호
ko;BW_POSNO;문서의 항목 번호
ko;CALDAY;날짜
ko;CALMONTH;월
ko;CALYEAR;연도
ko;CRM_ACTIVITY_CAT;액티비티 범주
ko;CRM_ACTIVITY_CLASS;액티비티 클래스
ko;CRM_AUTOMATION;자동으로 생성됨
ko;CRM_CATEGORY;범주
ko;CRM_CHANGE_TYPE;변경 유형
ko;CRM_CONTRACT_MESSAGE;계약 결정
ko;CRM_CONTRACT_QUAN_VA;금액 또는 수량 계약
ko;CRM_COUNTRY;국가
ko;CRM_DIRECTION;액티비티 방향
ko;CRM_DIS_CHANNEL;유통 채널
ko;CRM_DIVISION;부서
ko;CRM_FIELD_DESC;테이블 필드 설명
ko;CRM_FORECAST_REL;예측 관련성
ko;CRM_IMPORTANCE;기회/리드 우선순위
ko;CRM_INBOX_STATUS;에이전트 수신함 항목 상태
ko;CRM_INDUSTRY;산업 부문
ko;CRM_INPUT_CHANNEL;입력 채널
ko;CRM_ITEM_TYPE;CRM 항목 유형
ko;CRM_LEAD_QUAL_LEVEL;리드 자격 설정 레벨
ko;CRM_LEAD_TYPE;리드 그룹
ko;CRM_OBJECTIVE;액티비티의 목표
ko;CRM_OBJREF_PROFILE;프로파일 ID 오브젝트 관계
ko;CRM_OPPORT_TYPE;기회 유형
ko;CRM_ORG_UNIT;CRM의 조직 단위(HRP1000)
ko;CRM_PARTNER;CRM 파트너
ko;CRM_PHASE;영업 단계
ko;CRM_PRIORITY;우선순위
ko;CRM_PROCESSING_TYPE;처리 유형
ko;CRM_PROCESS_BLOCKED;활성 지시자
ko;CRM_PROCESS_TYPE;비즈니스 트랜잭션 유형
ko;CRM_SALESCYCLE;영업 주기
ko;CRM_SALES_ORG;CRM 영업 조직
ko;CRM_SOURCE;기회/리드의 출처
ko;CRM_STAT_BILLING;청구 상태
ko;CRM_STAT_CANCELLED;취소 상태
ko;CRM_STAT_ERROR;오류 상태
ko;CRM_STAT_FINAL_CONF;최종 서비스 확인
ko;CRM_STAT_FOR_BILLING;누적 청구액의 릴리스 상태
ko;CRM_STAT_GOODS_ISSUE;출고 상태
ko;CRM_STAT_LIFECYCLE;수명 주기 상태
ko;CRM_STAT_OPEN;"'열림' 상태"
ko;CRM_STAT_RELEASED;릴리스 상태
ko;CRM_STAT_TRANSFER;전송 상태
ko;CRM_TEMPLATE_TYPE;CRM 템플릿 유형
ko;CRM_USER_STATUS;사이트 ID
ko;EKF_BILL_PROCESS;청구 프로세스
ko;EKF_BILL_REVREASON;청구 문서 개정 사유
ko;EKF_BILL_TYPE;청구 유형
ko;EKF_DOCTYPE;문서 유형
ko;EKF_HBKID;주거래 은행
ko;EKF_HVORG;개별 항목에 대한 주 트랜잭션
ko;EKF_INVLOCK_KK;송장 발행 잠금
ko;EKF_INVTRIGLOCK;송장 발행 잠금
ko;EKF_INV_CATEGORY;송장 처리 범주
ko;EKF_INV_CRMODE;생성 모드
ko;EKF_INV_ITEMTYPE;송장 항목 유형
ko;EKF_INV_PROCESS;송장 발행 프로세스
ko;EKF_INV_TYPE;송장 처리 유형
ko;EKF_ITEMTYPE;청구 항목 유형
ko;EKF_REVREASON;역분개 이유
ko;EKF_SEGMT;세그먼트 리포팅을 위한 세그먼트
ko;EKF_SIMULATED;송장 발행 요청이 시뮬레이션됨
ko;EKF_SRCDOCCAT_KK;소스 문서 범주
ko;EKF_SRCDOCTYPE;소스 문서 유형
ko;EKF_SRCITEMCAT;소스 항목 범주
ko;EKF_SRCPROCESS_KK;청구 문서 원본 프로세스
ko;EKF_TVORG;문서 항목 하위 트랜잭션
ko;EKF_UMSKZ;특별 G/L 지시자
ko;EPR_MEINS;측정 단위
ko;ERP_ABART;릴리스 유형
ko;ERP_ABFER;선적 완료 유형
ko;ERP_ABGRU;거부 이유
ko;ERP_ABGSL;결과 분석 키
ko;ERP_ABLEINH;검침 단위
ko;ERP_ABLEINHEIT;검침 단위
ko;ERP_ABRVORG;청구 트랜잭션
ko;ERP_ABSTA;거부 상태
ko;ERP_ABUEB;릴리스 생성 프로파일
ko;ERP_ABWST;처리 제어
ko;ERP_ACTION_CODE;액션 코드
ko;ERP_AFAPL;감가상각표
ko;ERP_AFASL;감가상각 키
ko;ERP_AIMMO;지시자: 부동산
ko;ERP_AKKNZ;PM 오더 범주 지시자
ko;ERP_AKTNR;프로모션
ko;ERP_ANDOR;OR 또는 AND 링크 지시자
ko;ERP_ANEQS;완전성 지시자 자산
ko;ERP_ANLKL;자산 클래스
ko;ERP_ANWND;은행 데이터 저장소를 사용하는 어플리케이션
ko;ERP_APLID;오류 관리
ko;ERP_APPLK;어플리케이션 영역
ko;ERP_APROF;정산 프로파일
ko;ERP_AP_VERWE;워크 센터 범주
ko;ERP_ARGST;선적 비용 전체 상태
ko;ERP_ARTPR;우선순위 유형
ko;ERP_ASTNR;오더 상태
ko;ERP_ATTYP;자재 범주
ko;ERP_AUART;PP 오더 유형
ko;ERP_AUERU;최종 회의 제안
ko;ERP_AUFSD;오더 보류 고객
ko;ERP_AUFTYP;오더 범주
ko;ERP_AUGRD;AUGRD_KK
ko;ERP_AUGRD_KK;반제 이유 FI-CA
ko;ERP_AUGRU;오더 이유
ko;ERP_AUGST_KK;반제 상태
ko;ERP_AUREL;할당 테이블 관련
ko;ERP_AUTET;자동 MRP에서 사용
ko;ERP_AUTOMATION;자동으로 생성됨
ko;ERP_AVORG;정산 트랜잭션
ko;ERP_AWTYP;참조 절차
ko;ERP_BANPR;구매 요청 처리 상태
ko;ERP_BAT_OR_DIA;배치 또는 다이얼로그
ko;ERP_BCREASON;역분개 이유
ko;ERP_BDART;소요량 유형
ko;ERP_BEDAE;소요량 유형 계획된 독립 소요량
ko;ERP_BEDAR;원래 시작일
ko;ERP_BELEGART;문서 유형
ko;ERP_BEL_ART;재고 문서 유형 선택
ko;ERP_BERID;MRP 영역
ko;ERP_BESKZ;조달 지시자
ko;ERP_BESTA;납품 확인 상태(품목)
ko;ERP_BESTQ;WMS의 재고 범주
ko;ERP_BETYP;소요량 유형
ko;ERP_BEZOB;참조 필수
ko;ERP_BFART;서비스 레벨
ko;ERP_BKLAS;평가 클래스
ko;ERP_BLART;문서 유형
ko;ERP_BLART_KK;문서 유형
ko;ERP_BLCKD;구매 요청이 방지됨
ko;ERP_BL_DOC_TYPE;FM 예산 문서 유형
ko;ERP_BSAKZ;PO 유형에 대한 제어 지시자
ko;ERP_BSARK;구매 오더 유형
ko;ERP_BSCHL;게시 키
ko;ERP_BSEXT;외부 구매 오더가 허용됨
ko;ERP_BSINT;내부 구매 오더가 허용됨
ko;ERP_BSTAE;확인 제어 키
ko;ERP_BSTAT;문서 상태
ko;ERP_BSTYP;구매 문서 범주
ko;ERP_BUKRS;회사 코드
ko;ERP_BUSAB;경리 직원
ko;ERP_BU_BPKIND;비즈니스 파트너 유형
ko;ERP_BU_GROUP;비즈니스 파트너 그룹화
ko;ERP_BU_TYPE;비즈니스 파트너 범주
ko;ERP_BWART;이동 유형 IM
ko;ERP_BWKEY;평가 영역
ko;ERP_BWLVS;이동 유형 WM
ko;ERP_BWTAR;평가 유형
ko;ERP_BWVAR;평가 변형
ko;ERP_CDTCODE;변경 트랜잭션
ko;ERP_CHANGE_TYPE;변경 유형
ko;ERP_CHARG;배치 번호
ko;ERP_CMGST;신용 상태
ko;ERP_CONTR_ART;ERP 계약 유형
ko;ERP_COTYP;제어 레서피 목적지 유형
ko;ERP_COUNTRY;ERP 국가
ko;ERP_CO_CRSTAT;관리 레서피 상태
ko;ERP_CO_SELKZ;원가계산 개별 항목에 대한 선택 지시자
ko;ERP_CTLPC;위험 범주
ko;ERP_CYCLE_DATE_KK;기간 종료일
ko;ERP_CYCLE_DAY_KK;청구 주기
ko;ERP_DELKZ;MRP 요소
ko;ERP_DISLS;로트 크기(자재 계획)
ko;ERP_DISMM;MRP 유형
ko;ERP_DISPO;MRP 관리자
ko;ERP_DISVF;MRP 절차
ko;ERP_DOCCAT;문서 범주 EWM
ko;ERP_DOCTYPE_PDI;EWM 입하 문서 유형
ko;ERP_DTART;MRP 리스트 유형
ko;ERP_EBTYP;확인 범주
ko;ERP_EFART;입력 유형
ko;ERP_EIGKZ;속성 지시자
ko;ERP_EKGRP;구매 그룹
ko;ERP_EKORG;구매 조직
ko;ERP_ENDAR;원래 종료일
ko;ERP_EQART;오브젝트 유형
ko;ERP_EQTYP;설비 범주
ko;ERP_EQUNR;설비 번호
ko;ERP_ERLOESE;매출 게시
ko;ERP_ERLRE;완료 규칙
ko;ERP_ESTAK;구매 문서 상태
ko;ERP_ESTKZ;생성 지시자
ko;ERP_ETDRK;인쇄 관련
ko;ERP_ETTYP;일정 라인 범주
ko;ERP_E_KOFIZ;IS-U 계약용 계정 결정 ID
ko;ERP_FAKSD;중앙 청구서 보류 고객
ko;ERP_FAKSK;청구 방지 헤더
ko;ERP_FAKSP;청구 방지 항목
ko;ERP_FAREG;청구 규칙
ko;ERP_FBGST;전반적인 계산 상태
ko;ERP_FDLEV;계획 레벨
ko;ERP_FDNAM_SD;필드 이름 SD
ko;ERP_FEHGR;미완료 절차
ko;ERP_FEH_STA;원가계산 상태
ko;ERP_FEVOR;생산 스케줄러(텍스트 없음)
ko;ERP_FFPRF;동적 항목 처리자 프로파일
ko;ERP_FIBL_DORIGIN;그룹화 출처
ko;ERP_FICA_INT_REASON;FI-CA: 내부 이의제기 유형
ko;ERP_FIELD_DESC;테이블 필드 설명
ko;ERP_FIKRS;재무 관리 영역
ko;ERP_FKART;청구 유형
ko;ERP_FKART_T;선적 비용 유형
ko;ERP_FKBER;기능 영역
ko;ERP_FKIVP;IV 청구 항목 상태
ko;ERP_FKPTY;품목 범주 선적 비용
ko;ERP_FKREL;청구 관련
ko;ERP_FKSAA;오더 관련 청구 상태(항목)
ko;ERP_FKSTA;청구 상태(납품 관련)
ko;ERP_FKSTK;청구 상태
ko;ERP_FKSTO;청구 문서가 취소됨
ko;ERP_FKTYP;청구 범주
ko;ERP_FM_BTART;금액 유형(FM)
ko;ERP_FM_WRTTP;값 유형(FM)
ko;ERP_FPART;청구 계획 유형
ko;ERP_FPTYP;청구 계획 범주
ko;ERP_FRGGR;릴리스 그룹
ko;ERP_FRGKE;구매 문서의 릴리스 지시자
ko;ERP_FRGKZ;릴리스 지시자
ko;ERP_FRGSX;릴리스 전략
ko;ERP_FRKRL;선적 비용 관련성
ko;ERP_FSSTA;청구 방지 상태 항목
ko;ERP_FSTAG;필드 상태 그룹
ko;ERP_GBSTA;전체 처리 상태(항목)
ko;ERP_GBSTK;전체 처리 상태(헤더)
ko;ERP_GLVOR;비즈니스 트랜잭션
ko;ERP_GPART;비즈니스 파트너
ko;ERP_GRDTX;차이 발생 이유
ko;ERP_GRPID;배치 입력 세션
ko;ERP_GRUND;재고 차이 발생 이유
ko;ERP_GSBER;비즈니스 영역
ko;ERP_HERKUNFT;검사 로트 출처
ko;ERP_HERKZ;통지 출처
ko;ERP_HKONT;G/L 계정
ko;ERP_HKTID;계정 세부 정보 ID
ko;ERP_HORIZ;기간
ko;ERP_HORIZ_QUALIFIER;Horzion에 문의 한정자
ko;ERP_HVORG;주 트랜잭션
ko;ERP_ILART;유지보수 액티비티 유형
ko;ERP_IM_PROFIL;투자 단위 프로파일
ko;ERP_INACT;지시자: 비활성 상태임
ko;ERP_INCO1;인코텀즈 파트 1
ko;ERP_INGRP;계획자 그룹
ko;ERP_INSMK;재고 유형
ko;ERP_INTAG;해석 알고리즘
ko;ERP_ISTAT_D;계획 상태
ko;ERP_ITEM_CATEGORY;EWM 항목 범주
ko;ERP_IVTYPE;IV 범주
ko;ERP_IWERK_INGRP;공장+계획자 그룹
ko;ERP_KALKA;원가계산 유형
ko;ERP_KALNR;ProdCostEst.No.
ko;ERP_KALSM_SD;SD의 가격결정 절차
ko;ERP_KAPPL;어플리케이션
ko;ERP_KBLART;전표 유형: 전표 수동 입력
ko;ERP_KBLTYP;특정 사용 자금 전표 범주
ko;ERP_KBNKZ;칸반 지시자
ko;ERP_KHERK;조건의 출처
ko;ERP_KKBER;신용 관리 영역
ko;ERP_KLIMP;신용 한도 확인을 수행합니다
ko;ERP_KLVAR;원가계산 변형
ko;ERP_KMANU;수동 조건 처리
ko;ERP_KMEIN;문서의 조건 단위
ko;ERP_KNPRS;가격결정 유형
ko;ERP_KNTTP;계정 지정 범주
ko;ERP_KOARS;계정 유형
ko;ERP_KOART;계정 유형
ko;ERP_KOFIZ_KK;계정 결정 ID
ko;ERP_KOKRS;관리회계 영역
ko;ERP_KOSTA;피킹 상태/반입 상태
ko;ERP_KOSTK;피킹 상태
ko;ERP_KOSTL;코스트 센터
ko;ERP_KOWRR;통계 값
ko;ERP_KSCHL;조건 유형
ko;ERP_KSTAR;원가 요소
ko;ERP_KSTEU;조건 제어
ko;ERP_KTGRD;계정 지정 그룹 고객
ko;ERP_KTGRM;계정 지정 그룹 자재
ko;ERP_KTOGR;계정 결정
ko;ERP_KTOKD;고객 계정 그룹
ko;ERP_KTOKK;공급업체 계정 그룹
ko;ERP_KTOKL;계정 클래스
ko;ERP_KTOPL;계정과목표
ko;ERP_KUKLA;고객 분류
ko;ERP_KUNNR;고객
ko;ERP_KZVBR;소비 게시
ko;ERP_LAUFI;지급 실행 ID
ko;ERP_LAUFK;구간 지시자
ko;ERP_LBWST;평가 전략
ko;ERP_LDEST;스풀: 출력 장치
ko;ERP_LFART;납품 유형
ko;ERP_LFGSA;납품 상태
ko;ERP_LGNUM;창고 번호
ko;ERP_LGORT;저장 장소
ko;ERP_LGTYP;저장소 유형
ko;ERP_LIEF;운영 외부 처리
ko;ERP_LIFNR;공급업체
ko;ERP_LIFSD;중앙 납품 보류 고객
ko;ERP_LIFSK;납품 방지 헤더
ko;ERP_LIFSP;납품 방지 항목
ko;ERP_LISOF;즉시 납품 생성
ko;ERP_LLAND;목적지 국가
ko;ERP_LOCKR;잠금 이유
ko;ERP_LOEKZ;구매 문서의 삭제 지시자
ko;ERP_LOEKZ_ESSR;입력 시트의 삭제 지시자
ko;ERP_LOGSYSTEM;논리 시스템
ko;ERP_LOTYP;오브젝트 범주 잠금
ko;ERP_LPRIO;납품 우선순위
ko;ERP_LSSTA;납품 방지 상태
ko;ERP_LSSTK;전체 납품 방지 상태
ko;ERP_LVSTA;WM 액티비티 상태
ko;ERP_LVSTK;WM 상태
ko;ERP_MAABC;ABC 지시자
ko;ERP_MABER;독촉 영역
ko;ERP_MAFID;레코드 유형
ko;ERP_MAGRV;자재 그룹 포장재
ko;ERP_MAHNA;독촉 절차
ko;ERP_MAHNV;독촉 절차
ko;ERP_MANOUTSORT;청구의 수동 예외 분류
ko;ERP_MANOUTS_IN;송장 처리 시 수동 예외 분류 사유
ko;ERP_MANSP;독촉 방지
ko;ERP_MANST;독촉 수준
ko;ERP_MANUAL;수동으로 생성됨
ko;ERP_MANUE;메시지가 수동으로 처리됨
ko;ERP_MANUR;확인 유형 지시자
ko;ERP_MATKL;자재 그룹
ko;ERP_MATNR;자재 번호
ko;ERP_MEDKZ;계획 오더 배분
ko;ERP_MEILR;마일스톤 확인
ko;ERP_MEPROCSTATE;구매 문서 처리 상태
ko;ERP_MITKZ;조정 지시자
ko;ERP_MKSP;생산 버전이 잠김
ko;ERP_MMSTA;공장별 자재 상태
ko;ERP_MODIFLAG;변경 가능
ko;ERP_MPTYP;유지보수 계획 범주
ko;ERP_MRM_ZLSPR;물류 지급 방지
ko;ERP_MSCHL;독촉 키
ko;ERP_MSGAR;메시지 유형
ko;ERP_MSTAE;크로스 자재 상태
ko;ERP_MSTYP_KK;독촉 수준 범주
ko;ERP_MTART;자재 유형
ko;ERP_MTVFP;가용성 점검용 점검 그룹
ko;ERP_NABPF;정산용이 아님
ko;ERP_NACHA;메시지 전송 매체
ko;ERP_NCOST;비용이 많이 들지 않음
ko;ERP_NODIS;MRP와 관련없는 소요량 레코드
ko;ERP_NO_DISP_PLUS;자재 계획에 효과적
ko;ERP_OBART;오브젝트 유형
ko;ERP_OBJTYPE;오브젝트 유형
ko;ERP_OBLACT;약정 관리 활성
ko;ERP_OBLIGO;약정 관리 활성
ko;ERP_OTYPE;오브젝트 유형
ko;ERP_PAART;오더 유형 계획 오더
ko;ERP_PARTNER;ERP 비즈니스 파트너
ko;ERP_PARVW;파트너 기능
ko;ERP_PDSTA;항목 수준의 POD 상태
ko;ERP_PDSTK;인수증(POD) 상태
ko;ERP_PERBZ;정산 유형
ko;ERP_PERIO;다음 청구일
ko;ERP_PERIV;회계 연도 변형
ko;ERP_PKSTA;항목 포장 상태
ko;ERP_PLANV;태스크 리스트 사용을 위한 ERP 키
ko;ERP_PLAN_SORT;유지보수계획에 대한 정렬 필드
ko;ERP_PLKNZ;PM 오더 계획 지시자
ko;ERP_PLNST;태스크 리스트 상태
ko;ERP_PLNTY;태스크 리스트 유형
ko;ERP_PLSCN;계획 시나리오
ko;ERP_PMCS_IND;PM / CS 지시자
ko;ERP_POKEN;메시지 번호
ko;ERP_PORTION;비율
ko;ERP_POSAR;항목 유형
ko;ERP_POSTP;품목 범주(BOM)
ko;ERP_PO_ART;ERP 구매 오더 유형
ko;ERP_PO_LOEKZ;구매의 납품 지시자
ko;ERP_PO_PSTYP;ERP 구매 오더 위치 유형
ko;ERP_PPROF;계획 프로파일
ko;ERP_PRART;프로젝트 유형
ko;ERP_PRCTR;손익 센터
ko;ERP_PRDNR;제품 번호
ko;ERP_PRFG;상태 확인
ko;ERP_PRINTLOCK;문서 인쇄가 방지됨
ko;ERP_PRIOK;우선순위
ko;ERP_PROCESSING_TYPE;처리 유형
ko;ERP_PROCTY;창고 프로세스 유형
ko;ERP_PRODH_D;제품 계층구조
ko;ERP_PROFL;프로젝트 프로파일
ko;ERP_PROID;프로세스 코드
ko;ERP_PR_ART;ERP 구매 요청 유형
ko;ERP_PR_PSTYP;ERP_구매 요청 항목 유형
ko;ERP_PR_STATU;구매 요청 프로세스 상태
ko;ERP_PSPID;프로젝트 정의
ko;ERP_PSTYV;항목 범주
ko;ERP_PS_POSID;WBS 요소(외부)
ko;ERP_PS_POSNR;WBS 요소(내부)
ko;ERP_PS_ZUORD;네트워크 지정
ko;ERP_QBEWERTUNG;코드 평가
ko;ERP_QMART;통지 유형
ko;ERP_QMTYP;QM 통지 범주
ko;ERP_QM_PHASE;통지 처리 단계
ko;ERP_QPART;검사 유형
ko;ERP_QSPERRFKT;방지될 기능
ko;ERP_RBSTAT;송장 문서 상태
ko;ERP_REASON;인쇄 문서 생성 이유
ko;ERP_RECIPE_PRO;ERP 레서피 프로파일
ko;ERP_RECNNTPARTY;RE 통지자:
ko;ERP_RECNNTREASON;RE 통지 사유
ko;ERP_RECNNTREASONREJ;RE 거부 사유
ko;ERP_RECNTYPE;부동산 계약 유형
ko;ERP_REDUCTION_AMOUNT;감액
ko;ERP_REFERENCE;문서에 지정됨
ko;ERP_REFPLAN;계획 오더에 대한 지정
ko;ERP_REFPREQ;구매 요청에 대한 지정
ko;ERP_REF_MNTPLAN;생성 지시자 PM
ko;ERP_REPTP;생산 유형
ko;ERP_REVNR;PM용 수정본
ko;ERP_RE_CATEGORY;RE 계약 범주
ko;ERP_RE_RELEVANTEVAL;RE 평가 관련성
ko;ERP_RE_USERSUPPLIER;RE 사용자/공급업체
ko;ERP_RFBSK;게시 상태
ko;ERP_RFGSA;참조의 종합 상태
ko;ERP_RFSTA;참조 상태
ko;ERP_RGEKZ;지시자: 오더 백플러싱
ko;ERP_RLDNR;GL 회계 원장
ko;ERP_ROUTE;ERP 라우트
ko;ERP_ROUTE_PRO;ERP 라우트 프로파일
ko;ERP_RUEK;완료 확인
ko;ERP_SATZA;확인용 레코드 유형
ko;ERP_SCMGCASE_TYPE;케이스 유형
ko;ERP_SCOPE;오브젝트 클래스
ko;ERP_SDABW;특별 처리 지시자
ko;ERP_SD_AUART;판매 문서 유형
ko;ERP_SFCPF;생산 일정 프로파일(텍스트 없음)
ko;ERP_SFEPR;반복 제조 프로파일
ko;ERP_SHKZG;차변/대변 지시자
ko;ERP_SHTYP;선적 유형
ko;ERP_SIMULATION;지시자: 청구 시뮬레이션
ko;ERP_SOBES;특별 조달 지시자
ko;ERP_SOBKZ;특별 재고 지시자
ko;ERP_SOBSL;특별 조달 유형
ko;ERP_SPART;부서
ko;ERP_SPERR;물리적 재고 방지 지시자
ko;ERP_SPGRU;보류 사유
ko;ERP_SPLEV;지급 차단 레벨
ko;ERP_SPRAS;메시지 언어
ko;ERP_STABR;상태 전송(선적비용품목)
ko;ERP_STAGAREA;스테이징 영역
ko;ERP_STAGAREAGR;스테이징 영역 그룹
ko;ERP_STATG;상태 그룹
ko;ERP_STATUS;오브젝트 상태
ko;ERP_STATUS_SYSTEM;JEST 시스템 상태
ko;ERP_STATUS_VALUE;상태 값(EWM)
ko;ERP_STATUS_VT_KK;프로바이더 계약 상태
ko;ERP_STAT_PARA;케이스의 시스템 상태
ko;ERP_STBER;상태 계산(선적비용품목)
ko;ERP_STEUS;ERP 제어 키
ko;ERP_STFRE;계정 결정 상태
ko;ERP_STGRD;역분개 이유
ko;ERP_STICH;일정 계획 지시자
ko;ERP_STLAL_NOTXT;대체 BOM(텍스트 없음)
ko;ERP_STLAN;BOM 사용
ko;ERP_STLST;BOM 상태
ko;ERP_STRAT;유지보수 범주
ko;ERP_STRGR;계획 전략 그룹
ko;ERP_STSMA;상태 프로파일
ko;ERP_STTRG;운송 상태
ko;ERP_STTXT;유지보수 상태
ko;ERP_STUFE;수준(텍스트가 없는 SemID)
ko;ERP_TABNAME;테이블 이름
ko;ERP_TABNAMVB;테이블 이름 SD
ko;ERP_TARIFTYP;단가 범주
ko;ERP_TDARMOD;인쇄: 아카이빙 모드
ko;ERP_TEST_OR_PROD;테스트 실행 또는 생산적 실행
ko;ERP_TETXT;일자 설명
ko;ERP_TPLNR;기능별 위치
ko;ERP_TPLST;운송 계획 포인트
ko;ERP_TRAGR;운송 그룹
ko;ERP_TRIGSTAT;청구 오더 상태
ko;ERP_TRMER;일정 오류
ko;ERP_TRSPG;선적 방지 이유
ko;ERP_TRSTA;운송 계획 상태
ko;ERP_UPDTM;자재 업데이트
ko;ERP_UPTYP;하위 항목 범주
ko;ERP_USTXT;Unsol. 어플 GP
ko;ERP_UVALL;일반적으로 불완전함
ko;ERP_UVFAK;청구하기에 불완전함
ko;ERP_UVPAK;포장하기에 불완전함
ko;ERP_UVPIK;피킹/반입하기에 불완전함
ko;ERP_UVPRS;가격 결정 미완료
ko;ERP_UVVLK;납품하기에 불완전함
ko;ERP_UVWAK;상품을 이동하기에 불완전함
ko;ERP_VALIDATION;청구 유효성 확인
ko;ERP_VALIDAT_IN;송장 유효성 확인 이름
ko;ERP_VAUNA;소급 청구
ko;ERP_VBTYP;SD 문서 범주
ko;ERP_VBUND;거래 파트너
ko;ERP_VERANTX;워크 센터 책임자
ko;ERP_VERID;생산 버전(텍스트 없음)
ko;ERP_VERNR;프로젝트 책임자
ko;ERP_VERWE;태스크 리스트 사용
ko;ERP_VGABE;트랜잭션/이벤트 유형
ko;ERP_VGART;트랜잭션 유형
ko;ERP_VGEXT;외부 비즈니스 트랜잭션(텍스트 없음)
ko;ERP_VGINT;게시 규칙
ko;ERP_VGMAN;트랜잭션
ko;ERP_VGTYP;트랜잭션 유형
ko;ERP_VKBUR;영업소
ko;ERP_VKGRP;판매 그룹
ko;ERP_VKONT;계약 계정
ko;ERP_VKORG;ERP 영업 조직
ko;ERP_VLFKZ;공장 범주
ko;ERP_VMSTA;SD 자재 상태
ko;ERP_VPRSV;가격 관리 지시자
ko;ERP_VRGNG;비즈니스 트랜잭션
ko;ERP_VSART;출하 유형
ko;ERP_VSBED;출하 조건
ko;ERP_VSTEL;출하 장소
ko;ERP_VSZTP;디스패치 시간
ko;ERP_VTWEG;유통 채널
ko;ERP_WARPL;유지보수 계획
ko;ERP_WBSTA;GM 상태
ko;ERP_WBSTK;종합적 GM 상태
ko;ERP_WERK;공장
ko;ERP_WHNO;창고 번호
ko;ERP_WMAK;자재 유형 ID
ko;ERP_XGWGK;LVA 검사:금액 또는 수량
ko;ERP_XREVERSAL;역분개 지시자
ko;ERP_ZAHLKOND;지급 조건
ko;ERP_ZAHLS;지급 방지 키
ko;ERP_ZBFIX;지급 조건이 설정됨
ko;ERP_ZEITPKT;이벤트
ko;ERP_ZLSCH;지급 방법
ko;ERP_ZLSPR;지급 방지 키
ko;ERP_ZTERM;지급 조건
ko;ERP_ZUAWA;지정 번호에 따른 정렬 키
ko;ERP_ZWELS;지급 방법(텍스트 없음)
ko;EWM_AAREA;액티비티 영역
ko;EWM_ACT_TYPE;액티비티 유형
ko;EWM_ADJUST_QTY;수량 조정
ko;EWM_CAT;재고 유형
ko;EWM_DE_WCRTYPE;WHO 생성 규칙 범주
ko;EWM_DE_WHOSTAT;창고 오더 상태
ko;EWM_DOCTYPE;문서 유형
ko;EWM_EXCEPT;예외 코드
ko;EWM_ITEMTYPE;Wh. 프로세스에 대한 항목 유형
ko;EWM_LGBER;저장 섹션
ko;EWM_LGNUM;창고 번호 EWM
ko;EWM_LGTYP;저장소 유형
ko;EWM_LPTYP;저장 빈 유형
ko;EWM_MATNR;제품 번호
ko;EWM_PARTY_ROLE;파트너 역할
ko;EWM_PRCODE;프로세스 코드
ko;EWM_PROCTYPE;프로세스 유형
ko;EWM_QUEUE;큐
ko;EWM_ROUTE;경로
ko;EWM_TOSTAT;창고 태스크 상태
ko;EWM_TRART;창고 프로세스 범주
ko;EWM_WAVECAT;웨이브 범주
ko;EWM_WAVETYPE;웨이브 유형
ko;EWM_WCR;창고 오더 생성 규칙
ko;EWM_WTCODE;WT를 위한 특수 기능
ko;EW_STOCK_DOCCAT;유형: SO 재고 또는 프로젝트 재고
ko;FSCM_CATEGORY;범주
ko;FSCM_FIN_P2P_STATE;지급 약속 상태
ko;FSCM_P2P_LEVEL;지급 약속 수준
ko;FSCM_REASON_CODE;사유 코드
ko;GRC_LOGSYS;논리 시스템
ko;ISU_ABLESART;예정된 검침 범주
ko;ISU_ABLESARTST;MR 제어
ko;ISU_ABLSPERR;검침 보류 사유
ko;ISU_ABLSTAT;검침 상태
ko;ISU_ABRFREIG;청구 릴리스 이유
ko;ISU_ABRSPERR;청구 방지 이유
ko;ISU_AKLASSE;청구 클래스
ko;ISU_AKTIV;검침 활성
ko;ISU_GEMFAKT;공동 송장 발행
ko;ISU_INVOICING_PARTY;공익사업 송장 발행처
ko;ISU_ISTABLART;검침 유형
ko;ISU_PRUEFPKT;독립적 유효성 확인
ko;ISU_VSTELLE;전제
ko;SCMO_APPLICATION;SCMO 어플리케이션
ko;SCMO_APP_STATUS;어플리케이션 상태
ko;SRM_BBP_METYPE;전송 매체
ko;SRM_BE_DOC_TYPE;구매 요청 문서 유형
ko;SRM_BID_TYPE;RFx 유형
ko;SRM_BID_VALIDATION;입찰 검증
ko;SRM_CATEGORY_ID;SRM 범주 ID(텍스트 없음)
ko;SRM_CHECK_IND;품목 수준 확인 지표
ko;SRM_INCOTERM;인코텀즈 키
ko;SRM_ITM_RELEASED;SRM 항목 상태
ko;SRM_LOCATION;SAP SRM에서의 위치
ko;SRM_LOGSYS;원래 시스템
ko;SRM_OBJECT_TYPE;거래 범주
ko;SRM_OBJ_TYPE;백엔드 시스템의 오브젝트 유형
ko;SRM_ORG_UNIT;SRM의 조직 단위(HRP1000)
ko;SRM_PROCESSING_TYPE;처리 유형
ko;SRM_PROCESS_BLOCKED;활성/비활성 거래
ko;SRM_PRODUCT_TYPE;제품 유형
ko;SRM_SUBTYPE;비지니스 문서 명세
ko;SRM_SUBTYPE_I;전표 항목 명세
ko;SRM_SUPPLIER;SAP SRM의 공급업체
ko;SRM_USE_CONDITIONS;지시자: 입찰 세부 가격 정보
ko;SRM_VERSION_TYPE;버전 유형
ko;TIME;시간
ko;TM_CONS_ALLOWED;통합 허용
ko;TM_CREATION_TYPE;생성 유형
ko;TM_ENABLE_CHARGE_CAL;수수료 계산 사용
ko;TM_ENABLE_SETTLEMENT;정산 사용
ko;TM_ERP_SHP_REL;문서 생성 관련성
ko;TM_ITEM_CAT;항목 범주
ko;TM_LOGSYS;TM 논리 시스템(발신자 시스템)
ko;TM_MOT;TM 운송 방식
ko;TM_MOT_CAT;TM 운송 방식 범주
ko;TM_MOVEM_TYPE;TM 이동 유형
ko;TM_ORG_UNIT;TM의 조직 단위(HRP1000)
ko;TM_PLN_SCT_REL;하도급 관련성
ko;TM_SET_BY_SERVICE;원산지
ko;TM_SHIPPING_TYPE;TM 출하 유형
ko;TM_SHPM_TRANSM;ERP로 전송 상태
ko;TM_TOR_CAT;TM TOR 범주
ko;TM_TOR_TYPE;TM TOR 유형
ko;TM_TRAFFIC_DIRECT;TM 트래픽 방향
ko;TM_TRQ_CAT;TM TRQ 범주
ko;TM_TRQ_TYPE;TM TRQ 유형
ko;TZONE;시간대