id;wrapperTransaction;screenField;wrapperScreenField
MD03;MMPURUICALLMD03;RM61X-MATNR;P_MATNR
MD03;MMPURUICALLMD03;RM61X-WERKS;P_WERKS
MD03;MMPURUICALLMD03;RM61X-ANZDL;P_ANZDL
ME21N;MMPURPAME21N;MEPO_SELECT-EBELN;P_EBELN
ME29N;MMPURUICALLME29N;MEPO_SELECT-EBELN;P_EBELN
ME49;MMPURUICALLME49;P_EKORG;P_EKORG
ME54N;MMPURUICALLME54N;MEPO_SELECT-BANFN;P_BANFN
ME23N;MMPURPAMEPO;RM06E-BSTNR;P_EBELN
MEPO;MMPURPAMEPO;MEPO_SELECT-EBELN;P_EBELN
ME53N;MMPURPAMEREQ;EBAN-BANFN;P_BANFN
MIGO;MMPURPAMIGO;GODYNPRO-MAT_DOC;P_MBLNR
MIGO;MMPURPAMIGO;GODYNPRO-DOC_YEAR;P_MJAHR