locale;id;text;longText
fr;TREND_PPI;Tendances pour indicateur de performance;Ajouter une analyse de tendance pour un indicateur de performance.
fr;CORRECTION_RECOMMENDATIONS;Meilleures recommandations de correction;Ajouter une liste comportant les recommandations de correction les plus appropriées.
fr;INNOVATION_RECOMMENDATIONS;Meilleures recommandations en matière d'innovation;Ajouter une liste comportant les recommandations en matière d'innovation les plus appropriées.
fr;PROCESS_FLOWS;Meilleurs flux de processus;Ajouter une liste comportant les flux de processus les plus appropriés.
fr;PERFORMANCE_INDICATORS;Meilleurs indicateurs de performance des processus;Ajouter une liste comportant les indicateurs de performance les plus appropriés.
fr;PF_FAVORITES;Flux de processus favoris;Ajouter une liste comportant des signets dirigeant vers vos flux de processus favoris.
fr;PPI_FAVORITES;Indicateurs de performance favoris;Ajouter une liste comportant des signets dirigeant vers vos indicateurs de performance favoris.
fr;CR_FAVORITES;Recommandations de correction favorites;Ajouter une liste comportant des signets dirigeant vers vos recommandations de correction favorites.