﻿enumName;id;text
timeAggregationType;WEEK;Week
timeAggregationType;MONTH;Month
topX;5;5
topX;10;10
trendMeasureType;MV_DOCUMENT;Number of Documents
trendMeasureType;MV_MONVALUE;Monetary Value
amountTimePeriod;8_WEEKS;8 Weeks
amountTimePeriod;12_WEEKS;12 Weeks
amountTimePeriod;24_WEEKS;24 Weeks
amountTimePeriod;36_WEEKS;36 Weeks
amountTimePeriod;48_WEEKS;48 Weeks
amountTimePeriod;3_MONTHS;3 Months
amountTimePeriod;6_MONTHS;6 Months
amountTimePeriod;18_MONTHS;18 Months
amountTimePeriod;24_MONTHS;24 Months
aggregationGranularity;DAY;Days
aggregationGranularity;WEEK;Weeks
aggregationGranularity;MONTH;Months
