locale;id;title;longTextWhat;textPpis;textWhy;textHow
ko;ANALYZE_IR_BEFORE_GR;입고 전에 생성된 송장 수령 분석;;;;
ko;ANALYZE_PO_ITEMS_WO_PR_REF;구매 요청 참조가 없는 구매 오더 항목 분석;;;;
ko;ANALYZE_REJECT_REASON;거부 사유 분석 및 여신 점검 수행 개선;;;;
ko;ANALYZE_USER_BEH;사용자 행동을 분석하여 개선 가능성 파악;;;;
ko;ASSESS_COMPL_RATE_LEADTIME;완료율 및 리드 타임 평가;;;;
ko;ASSESS_DELAYS_CUST_INV;고객 송장 생성 지연 평가;;;;
ko;ASSESS_DELAYS_PURCH;구매 지연 평가;;;;
ko;ASSESS_DEVIATION_PAYTERM_DS_INV;판매 대금 청구 문서와 송장의 지급 조건 편차 평가;;;;
ko;ASSESS_LT_SO_TO_INV;판매 오더 항목 생성부터 송장 생성까지의 리드 타임 평가;;;;
ko;ASSESS_STOCKLEVEL_TIME;다양한 시간 버킷에 걸쳐 재고 수준 평가;;;;
ko;AVOID_COMPLIANCE_ISSUES;규정 준수 문제 방지;;;;
ko;AVOID_EARLY_PAY;조기 지불 방지;;;;
ko;AVOID_IV_BYPASS;송장 확인을 우회하는 지급 릴리스 방지;;;;
ko;AVOID_LATE_PAY;연체 방지;;;;
ko;AVOID_MAVERICK_BUY;매버릭 구매 식별 및 방지;;;;
ko;AVOID_MANUAL_CHANGES;수동 변경 방지;;;;
ko;AVOID_PC_EXC_QUANT;목표 수량을 초과하는 구매 계약 방지;;;;
ko;AVOID_PC_EXC_VALUE;목표 금액을 초과하는 구매 계약 방지;;;;
ko;AVOID_PC_NOT_USED;제대로 사용되지 않는 구매 계약 방지;;;;
ko;AVOID_REDUCE_STOCK;불필요한 판매 오더 재고 방지 및 줄이기;;;;
ko;AVOID_SCHED_AGR_EXC_QUANT;목표 수량을 초과하는 일정 계약 방지;;;;
ko;ENSURE_USE_QM_IN_MAUFACT;제조 프로세스 내에서 SAP Quality Management의 올바른 사용 보장;;;;
ko;ENSURE_CONSIST_PROC_COMPL;일관된 프로세스 완료 보장;;;;
ko;HARMONIZE_MASTER_DATA;마스터 데이터 조정;;;;
ko;IDENTIFY_AUTOM_OPP;자동화 기회 식별;;;;
ko;IDENTIFY_BLOCKS_IN_FI;재무에만 설정된 지급 방지 식별;;;;
ko;IDENTIFY_BOTTLENECKS;개선 가능성이 가장 큰 병목 지점 식별;;;;
ko;IDENTIFY_CAT_ITEMS_REJECTED;자주 거부되는 카탈로그 항목 식별;;;;
ko;IDENTIFY_CAT_ITEMS_W_EXCEP;예외가 있는 자주 나오는 카탈로그 송장 항목 식별;;;;
ko;IDENTIFY_DELAY_REASONS;프로세스 지연 이유 식별;;;;
ko;IDENTIFY_DEV_PAYTERM_PO_IV;구매 오더 및 송장에 있는 지급 조건 편차 식별;;;;
ko;IDENTIFY_GENERAL_IMP;일반적인 개선 가능성 식별;;;;
ko;IDENTIFY_MISSED_AUTOM_OPP_ERS;ERS와 관련하여 누락된 자동화 기회 식별;;;;
ko;IDENTIFY_MAN_ACT_PO_ITEMS;구매 오더 항목 내 수동 액티비티 식별;;;;
ko;IDENTIFY_NON_CAT_ITEMS_REQU;자주 발생하는 비카탈로그 항목 요청 식별;;;;
ko;IDENTIFY_NON_CAT_PO_ITEMS;자주 사용하는 비카탈로그 구매 오더 항목 식별;;;;
ko;IDENTIFY_PAR_RCVD_PO_ITEMS;부분 수령된 구매 오더 항목 식별;;;;
ko;IMPROVE_ASSET_CAPITAL_PERF;자산 자본화 프로세스 성능 개선;;;;
ko;IMPROVE_COMPL_RATE;완료율 개선;;;;
ko;IMPROVE_COM_RATE_DSO;완료율 개선 및 DSO(매출 채권 회전 일수) 단축;;;;
ko;IMPROVE_COMP_AVAIL;구성요소 가용성 개선;;;;
ko;IMPROVE_CONSIST_EVENT;이벤트 컨텐트의 일관성 개선;;;;
ko;IMPROVE_CONSIST_ACC_ASSIG;계정 할당 오브젝트 사용의 일관성 개선;;;;
ko;IMPROVE_CUST_ORDER_FULF;고객 오더 이행 개선;;;;
ko;IMPROVE_DEL_RATE;납품률 개선 및 백로그 줄이기;;;;
ko;IMPROVE_DEL_SCHED;납품 일정 개선;;;;
ko;IMPROVE_IH_ORDER_FULF;사내 오더 이행 개선;;;;
ko;IMPROVE_MAINT_EXEC_CONF;유지보수 실행 확정 개선;;;;
ko;IMPROVE_MANUFACT_PERF;조립 제조 프로세스 성능 개선;;;;
ko;IMPROVE_MD_QUAL;마스터 데이터 품질 개선;;;;
ko;IMPROVE_OTIF_DEL_RATE;정시 전체 납품률 개선;;;;
ko;IMPROVE_OTP_DPO;정시 지급 및 매입 채무 회전 일수(DPO) 개선;;;;
ko;IMPROVE_OTP_DSO;정시 지급 개선 및 DSO(매출 채권 회전 일수) 단축;;;;
ko;IMPROVE_PROC_MANUFACT_PERF;프로세스 제조 프로세스 성능 개선;;;;
ko;IMPROVE_QUAL_MANUF_REL_TRANS_DATA;제조 관련 트랜잭션 데이터의 입력 품질 개선;;;;
ko;IMPROVE_QUAL_PLAN_REL_TRANS_DATA;계획 관련 트랜잭션 데이터의 입력 품질 개선;;;;
ko;IMPROVE_QUAL_PURCH_REL_TRANS_DATA;구매 관련 트랜잭션 데이터의 입력 품질 개선;;;;
ko;IMPROVE_QUAL_SALES_REL_TRANS_DATA;판매 관련 트랜잭션 데이터의 입력 품질 개선;;;;
ko;IMPROVE_RUNTIME_MRP;자재 소요량 계획 실행의 런타임 개선;;;;
ko;IMPROVE_SERV_EXEC_CONF;서비스 실행 확정 개선;;;;
ko;IMPROVE_STOCK_AVAILABILITY;재고 가용성 개선;;;;
ko;IMPROVE_SUPP_ORDER_FULLFM;공급업체 오더 이행 개선;;;;
ko;IMPROVE_USAGE_PLAN_RESULTS;추가적인 처리를 위한 계획 결과 활용도 개선;;;;
ko;IMPROVE_USE_DISCOUNTS;현금 할인 이용 개선;;;;
ko;IMPROVE_WH_INV_CYCLE_COUNT;창고 재고 주기 실사 개선;;;;
ko;IMPROVE_WH_IS_CYCLE_TM;창고 출고 주기 개선;;;;
ko;IMPROVE_WH_REC_CYCLE_TM;창고 수령 주기 개선;;;;
ko;IMPROVE_WBS_MD_QUAL;WBS 요소 마스터 데이터 품질 개선;;;;
ko;INCREASE_ACC_CASH_ALL;현금 할당의 정확성 향상;;;;
ko;INCREASE_ACC_DEL_QUANT_SCHED;납품 수량 및 일정의 정확성 향상;;;;
ko;INCREASE_ACC_GI_PLAN_RED_LATE_SH;출고 계획의 정확성을 향상 및 선적 지연 줄이기;;;;
ko;INCREASE_ADH_EXP_DATES;예상 날짜 준수 향상;;;;
ko;INCREASE_ADH_MAINT_SCHED;유지보수 일정 준수 향상;;;;
ko;INCREASE_ADH_SERV_SCHED;서비스 일정 준수 향상;;;;
ko;INCREASE_ADHERENCE_SD_MANUF;판매와 제조 사이에 예정된 날짜들에 대한 준수 향상;;;;
ko;INCREASE_ADHERENCE_SD_PURCH;판매와 구매 사이에 예정된 날짜들에 대한 준수 향상;;;;
ko;INCREASE_AUTOMATIC_STOCK_POST;자동 재고 전기 확대;;;;
ko;INCREASE_AUTOMATIC_USAGE_DECIS;자동 최종 판정 확대;;;;
ko;INCREASE_AUTOM_CUST_INV;고객 송장 자동화율 향상;;;;
ko;INCREASE_AUTOM_OUTB_DEL_ITEM;출하 항목 생성 자동화율 향상;;;;
ko;INCREASE_AUTOM_RATE_INSPECTION_LOT;검사 로트 자동화율 향상;;;;
ko;INCREASE_AUTOM_ROP;지급 자동화율 향상;;;;
ko;INCREASE_AUTOM_SCHED_LINES;일정 라인에 대한 자동화 가능성 향상;;;;
ko;INCREASE_AUTOM_SD_DOCS;판매 대금 청구 문서 자동화율 향상;;;;
ko;INCREASE_AUTOMATION;자동화율 향상;;;;
ko;INCREASE_SCHEDULE_ADHERENCE;일정 준수 향상;;;;
ko;INCREASE_DATE_ADHERENCE;제조 프로세스 전반에 걸쳐 예정된 날짜들에 대한 준수 향상;;;;
ko;INCREASE_MAINT_COMPL;유지보수 완료율 향상 및 완료 상태 개선;;;;
ko;INCREASE_SCP_AUTOMATION;공급망 계획 결과에 대한 자동화 수준 및 준수 향상;;;;
ko;INCREASE_SERV_COMPL;서비스 완료율 향상 및 완료 상태 개선;;;;
ko;INCREASE_SUPP_PART_ANS_RATE;공급업체 참여 및 답변률 향상;;;;
ko;MONITOR_EVENT_BEH;이벤트 생성 동작 모니터링;;;;
ko;MONITOR_PROJ_EVENT_PEND;선택 보류 중인 이벤트가 있는 프로젝트 모니터링;;;;
ko;MONITOR_SOURC_CO;소싱 규정 준수 모니터링;;;;
ko;REDUCE_BACKLOG;백로그 줄이기;;;;
ko;REDUCE_COMPLIANCE;규정 준수 문제의 위험성 줄이기;;;;
ko;REDUCE_DEL_CONV_PR_PO;구매 요청을 구매 오더로 전환하는 데 따르는 지연 시간 단축;;;;
ko;REDUCE_DEL_CONV_STPR_STO;재고 운송 구매 요청을 재고 운송 오더로 전환하는 데 따르는 지연 시간 단축;;;;
ko;REDUCE_EXCEP_PLAN_EXEC;계획 실행 중 예외 수 줄이기;;;;
ko;REDUCE_INCOMP_SOS;불완전 판매 오더 줄이기 및 판매 오더 거부율 평가;;;;
ko;REDUCE_INV_NOT_TRASF;회계로 이전되지 않는 송장 줄이기;;;;
ko;REDUCE_LATE_CUST_PAY;고객 결제 연체 줄이기;;;;
ko;REDUCE_LATE_DEL;납품 지연 줄이기;;;;
ko;REDUCE_LATE_SUPP_PAY;공급업체 결제 연체 줄이기;This dashboard lets you analyze if you’re paying your suppliers too late and learn how to reduce these late payments. Late payments can occur when your master data is incomplete, such as bank data, missing payment methods, or missing address information, when the supplier is blocked for postings and payments or when there are errors during payment runs. A payment is considered late if the FI-AP item of the supplier invoice was cleared after the calculated net due date.;"This dashboard visualizes metrics that are based on data from the following process flows:
1. Supplier invoice issuing (with purchase order) to FI-AP clearing
2. Supplier invoice issuing (without purchase order) to FI-AP clearing";From a working capital perspective, late payments might not necessarily be an issue since they increase DPO. However, paying late not only prevents you from making use of cash discounts, but it also risks damaging your supplier relationships or even paying penalty interest. To ensure that your customers receive their goods or services on time, it's essential for you to have good relationships with your suppliers and make sure that your suppliers deliver on time. It's therefore in your best interests to avoid paying your suppliers late.;The correction recommendations for this improvement opportunity focus on entering missing master data, on checking whether postings and payment blocks can be removed, and on training users to set the correct parameters in the payment run.
ko;REDUCE_MAN_ACT;수동 액티비티 감소;;;;
ko;REDUCE_MAN_ACT_IMPR_USER_PROD;수동 액티비티 감소 및 사용자 생산성 개선;;;;
ko;REDUCE_MAN_ADJ_MRP_RUN;MRP 실행 결과에 대한 수동 조정 줄이기;;;;
ko;REDUCE_MAN_ADJ_APP_PR;승인된 구매 요청의 수동 조정 줄이기;;;;
ko;REDUCE_MAN_ADJ_APP_STR;승인된 재고 운송 요청의 수동 조정 감소;;;;
ko;REDUCE_NO_RETURNS_TO_SUPPL;공급업체에 대한 반품 수 줄이기;;;;
ko;REDUCE_NOT_USED_SCHED_AGR;한 번도 사용되지 않거나 더 이상 사용되지 않는 유효한 일정 계약 줄이기;;;;
ko;REDUCE_OPEN_PAY_IMPR_DEL_SCH;미결 지급 줄이기 및 납품 일정 개선;;;;
ko;REDUCE_OPEN_PURCH_COM_ITEMS;미결 및 더 이상 사용되지 않는 구매 약정 항목 줄이기;;;;
ko;REDUCE_OPEN_COM_ITEMS;미결 약정 품목 줄이기;;;;
ko;REDUCE_PROBL_BL_MANUF;제조 백로그 문제 줄이기;;;;
ko;REDUCE_PROBL_BL_PURCH;구매 백로그 문제 줄이기;;;;
ko;REDUCE_STOCKLEVEL_DELETED;삭제 또는 재고 정리할 조합의 재고 수준 줄이기;;;;
ko;REDUCE_STOCKLEVEL_MOVE;최근 이동하지 않은 조합의 재고 수준 줄이기;;;;
ko;REDUCE_WH_MGMT_COST_INBOUND;인바운드 프로세스의 창고 관리 비용 절감;;;;
ko;REDUCE_WH_MGMT_COST_INTERNAL;창고 관리 내부 비용 절감;;;;
ko;REDUCE_WH_MGMT_COST_OUTBOUND;아웃바운드 프로세스의 창고 관리 비용 절감;;;;
ko;USE_AUTOMATION;자동화 기회 이용;;;;
ko;USE_DUNNING;효과적으로 독촉 사용;;;;