locale;solutionProcessFlowDiagramId;solutionProcessFlowDiagramName
de;SPFD-133;BFH – Anlage im Bau
de;SPFD-138;BJE – Einzelfertigung – Verkauf und Montage von Fertigerzeugnissen
de;SPFD-141;BME – Umlagerung mit Lieferung
de;SPFD-142;BMH – Umlagerung ohne Lieferung
de;SPFD-143;BMY – Lohnbearbeitung
de;SPFD-144;BNA – Periodenabschluss – Projekte
de;SPFD-163;BF7 – Periodenabschluss – Instandhaltungsaufträge
de;SPFD-165;18J – Anforderung
de;SPFD-168;1BM – Einzelfertigung – Planung und Montage von Halbfabrikaten
de;SPFD-169;1EZ – Gutschriftsbearbeitung
de;SPFD-170;1F1 – Lastschriftverarbeitung
de;SPFD-185;BKP – 01 – Retourenverwaltung
de;SPFD-187;I9I – Anzahlungen in Verkaufsmengenverträgen
de;SPFD-202;1E1 - Im Fertigungsprozess
de;SPFD-203;1E1 – Wareneingang von der Produktion
de;SPFD-212;1FM – Regelmäßiger Qualitätsprüfungsprozess
de;SPFD-222;1HO – Buchungskreisübergreifende Auftragsabwicklung – Inland
de;SPFD-414;2TX – Direktbeschaffung mit Anlieferung
de;SPFD-469;BD3 – 01 – Verkaufsabwicklung mit Streckengeschäft mit Lieferavis
de;SPFD-477;BD9 – 01 – Verkauf ab Lager
de;SPFD-480;BDD – Vereinfachte Kundenretouren
de;SPFD-481;BDG – Angebot
de;SPFD-483;BDK – 01 – Vertriebsabwicklung mit Drittanbieter ohne Lieferavis (BDK)
de;SPFD-485;BDN – Verkauf von Nichtlagerposition mit auftragsbezogener Beschaffung
de;SPFD-486;BDQ – Rechnungskorrekturprozess mit Lastschrift
de;SPFD-489;BEI – Periodenabschluss – Werk
de;SPFD-492;BJ8 – Lagerfertigung – Prozessfertigung auf Grundlage von Prozessauftrag
de;SPFD-500;BKL – Rechnungskorrekturprozess mit Gutschrift
de;SPFD-504;BMC – 02 – Bestandsführung (Core)
de;SPFD-506;BMD – Einkaufskontrakt
de;SPFD-507;BMK – Lieferantenretoure
de;SPFD-509;BMR – 01 – Lieferplan mit Abrufbeleg für Standardbeschaffung
de;SPFD-511;BMR – 03 – Lieferplan mit EDI-Integration
de;SPFD-512;BNX – Einkauf von Verbrauchsmaterial
de;SPFD-513;J44 – Materialbedarfsplanung – Hauptszenario
de;SPFD-517;J45 – Beschaffung von Direktmaterialien
de;SPFD-550;J59 – 01 – Hauptbereich
de;SPFD-576;J62 – 05 – Anlagenbuchhaltung – Monatsabschluss
de;SPFD-644;1MX – Buchungskreisübergreifende Auftragsabwicklung – International
de;SPFD-651;1NT – Projektsteuerung – Finance
de;SPFD-661;1P9 – Buchungskreisübergreifende Umlagerung – Inland
de;SPFD-734;2EQ – Verkauf von Dienstleistungen
de;SPFD-811;2VJ – SAP-EWM-Integration – Eingangsverarbeitung von Lieferant
de;SPFD-812;2VK – SAP-EWM-Integration – Ausgangsverarbeitung an Kunde
de;SPFD-814;2VM – SAP-EWM-Integration – Lieferungsbasierte Fertigungsintegration
de;SPFD-867;3BR – Lagereingangsverarbeitung
de;SPFD-874;3D2 – 01 – Services für Festpreis
de;SPFD-875;3DV – Integration der Lagerfertigung
de;SPFD-877;3F0 – Vorgangsbezogene Fertigungskostenbuchung
de;SPFD-955;3OK – Einzelfertigung – Prozessfertigung
de;SPFD-1002;4GA – Serviceangebot
de;SPFD-1009;4HI – Proaktive Instandhaltung
de;SPFD-1028;4X5 – Wiederkehrende Services
de;SPFD-1046;5HL – Verkauf ab Lager – Konsumgüter
de;SPFD-1081;4VT – Projektbasierte Instandhaltung
de;SPFD-1082;4WM – Operative Instandhaltung
de;SPFD-1083;4WM – Gemeinkosteninstandhaltung
de;SPFD-1090;5D2 – Erweiterter buchungskreisübergreifender Verkauf
de;SPFD-1091;5HP – Erweiterte buchungskreisübergreifende Umlagerung
de;SPFD-1209;J62 – 05 – Anlagenbuchhaltung – Monatsabschluss
de;SPFD-2208;J60 – 01 – Hauptbereich
de;SPFD-3522;3XK – Werkstattreparatur
de;SPFD-3588;5FM – Beschaffung für Retail
de;SPFD-3616;5FV - Warenausgang für Verteilzentren
de;SPFD-3750;61V – Kundenretourenabwicklung – Konsumgüter
de;SPFD-3831;3BS – Lagerausgangsverarbeitung
de;SPFD-4366;BJ5 – Lagerfertigung für Auftragsnetze – Diskrete Fertigung
de;SPFD-4643;BJE – Einzelfertigung – Verkauf und Montage von Fertigerzeugnissen (OP)
de;SPFD-4651;BJ5 – Lagerfertigung – Diskrete Fertigung (OP)
de;SPFD-4668;BJ8 – Lagerfertigung – Prozessfertigung auf Grundlage von Prozessauftrag (OP)
de;SPFD-4671;1FS – Einfache Lagereingangsverarbeitung von Lieferanten
de;SPFD-4676;1G2 – Einfache Lagerausgangsverarbeitung an Kunden
de;SPFD-4677;1V5 – Lagereingangsverarbeitung von Lieferant mit Chargenverwaltung
de;SPFD-4678;1V7 – Chargenverwaltung in der Ausgangsverarbeitung
de;SPFD-4680;1VB – Fertigungsintegration – Komponentenverbrauch und -eingang im Lager
de;SPFD-4687;3OK – Einzelfertigung – Prozessfertigung
de;SPFD-4713;3XK – Werkstattreparatur
de;SPFD-4721;4RO – Dezentrales EWM – Eingangsverarbeitung
de;SPFD-4722;4RP – Dezentrales EWM – Ausgangsverarbeitung
de;SPFD-4726;4X5 – Wiederkehrende Services
de;SPFD-5160;5FX – Filialbestellung aus Verteilzentren
de;SPFD-8185;4HH – Reaktive Instandhaltung
de;SPFD-8292;5FU - Wareneingang für Verteilzentren
de;SPFD-8411;4HH – Reaktive Instandhaltung
de;SPFD-8414;4HI – Proaktive Instandhaltung
de;SPFD-8426;41Z – Serviceauftragsabwicklung