locale;kpiId;phaseId;stepId;title;subtitle
en_US_sappsd;CPACM00160;10;step_10_10;[[[Ĉŏŋţŗąċţ ŵŏŗķşρąċēş ċŗēąţēƌ∙∙∙∙∙∙∙∙]]];
en_US_sappsd;CPACM00160;10;step_10_20;[[[Ĉŏŋţŗąċţ ŵŏŗķşρąċēş ρűƃĺįşĥēƌ ąŋƌ ēƒƒēċţįʋē∙∙∙∙∙∙∙∙∙∙∙∙∙∙∙∙]]];
en_US_sappsd;CPAOP00160;10;step_10_10;[[[Ƥűŗċĥąşē ŗēƣűįşįţįŏŋ įţēɱş ċŗēąţēƌ∙∙∙∙∙∙∙∙∙∙∙]]];
en_US_sappsd;CPAOP00160;20;step_20_10;[[[Ƥűŗċĥąşē ŏŗƌēŗ įţēɱş ċŗēąţēƌ∙∙∙∙∙∙∙∙]]];
en_US_sappsd;CPAOP00161;10;step_10_10;[[[Ƥűŗċĥąşē ŏŗƌēŗ įţēɱş ċŗēąţēƌ∙∙∙∙∙∙∙∙]]];
en_US_sappsd;CPAOP00161;20;step_20_10;[[[Ģŏŏƌş ŗēċēįρţş ċŗēąţēƌ∙∙∙∙∙]]];
en_US_sappsd;CPAOP00161;30;step_30_10;[[[Ĭŋʋŏįċē įţēɱş ċŗēąţēƌ∙∙∙∙∙]]];
en_US_sappsd;CPAOP00162;10;step_10_10;[[[Ĭŋʋŏįċē įţēɱş şűƃɱįţţēƌ∙∙∙∙∙∙]]];
en_US_sappsd;CPAOP00162;10;step_10_20;[[[Ĭŋʋŏįċē įţēɱş ŗēċŏŋċįĺēƌ∙∙∙∙∙∙]]];
en_US_sappsd;CPAOP00162;20;step_20_10;[[[Ĭŋʋŏįċē įţēɱş ρąįƌ∙∙∙∙∙∙]]];
en_US_sappsd;CPAOP00163;10;step_10_10;[[[Ƥűŗċĥąşē ŏŗƌēŗ įţēɱş ċŗēąţēƌ∙∙∙∙∙∙∙∙]]];
en_US_sappsd;CPAOP00163;20;step_20_10;[[[Ĭŋʋŏįċē įţēɱş ċŗēąţēƌ∙∙∙∙∙]]];
en_US_sappsd;CPAOP00163;20;step_20_30;[[[Ĭŋʋŏįċē įţēɱş ρąįƌ∙∙∙∙∙∙]]];
en_US_sappsd;CPASC00160;10;step_10_10;[[[Ŝŏűŗċįŋğ ŗēƣűēşţş ċŗēąţēƌ∙∙∙∙∙∙∙]]];
en_US_sappsd;CPASC00160;20;step_20_10;[[[Ƒűĺĺ şŏűŗċįŋğ ρŗŏĵēċţş ċŗēąţēƌ∙∙∙∙∙∙∙∙∙]]];
en_US_sappsd;CPASC00160;30;step_30_10;[[[Ƒįŗşţ şŏűŗċįŋğ ēʋēŋţ ċŗēąţēƌ∙∙∙∙∙∙∙∙]]];
en_US_sappsd;CPASC00160;30;step_30_20;[[[Ļąşţ şŏűŗċįŋğ ēʋēŋţ ēŋƌēƌ∙∙∙∙∙∙∙]]];
en_US_sappsd;CPASC00160;40;step_40_10;[[[Ƒűĺĺ şŏűŗċįŋğ ρŗŏĵēċţş ċŏɱρĺēţēƌ∙∙∙∙∙∙∙∙∙∙]]];
en_US_sappsd;CPASC00161;10;step_10_10;[[[Ƒűĺĺ şŏűŗċįŋğ ρŗŏĵēċţş ċŗēąţēƌ∙∙∙∙∙∙∙∙∙]]];
en_US_sappsd;CPASC00161;20;step_20_10;[[[Ƒįŗşţ şŏűŗċįŋğ ēʋēŋţ ċŗēąţēƌ∙∙∙∙∙∙∙∙]]];
en_US_sappsd;CPASC00161;20;step_20_20;[[[Ļąşţ şŏűŗċįŋğ ēʋēŋţ ċŗēąţēƌ∙∙∙∙∙∙∙∙]]];
en_US_sappsd;CPASC00161;30;step_30_10;[[[Ƒűĺĺ şŏűŗċįŋğ ρŗŏĵēċţş ċŏɱρĺēţēƌ∙∙∙∙∙∙∙∙∙∙]]];
en_US_sappsd;CPASC00163;10;step_10_10;[[[Ŝŏűŗċįŋğ ēʋēŋţş ċŗēąţēƌ∙∙∙∙∙∙]]];
en_US_sappsd;CPASC00163;20;step_20_10;[[[Ɓįƌƌįŋğ şţąŗţēƌ∙∙∙∙]]];
en_US_sappsd;CPASC00163;20;step_20_20;[[[Ɓįƌƌįŋğ ēŋƌēƌ∙∙∙∙∙∙]]];
en_US_sappsd;CPASC00163;30;step_30_10;[[[Ŝŏűŗċįŋğ ēʋēŋţş ēŋƌēƌ∙∙∙∙∙]]];
en_US_sappsd;CPASC00164;10;step_10_10;[[[Ŝŏűŗċįŋğ ēʋēŋţş ċŗēąţēƌ∙∙∙∙∙∙]]];
en_US_sappsd;CPASC00164;20;step_20_10;[[[Ɓįƌƌįŋğ şţąŗţēƌ∙∙∙∙]]];
en_US_sappsd;CPASC00164;20;step_20_20;[[[Ɓįƌƌįŋğ ēŋƌēƌ∙∙∙∙∙∙]]];
en_US_sappsd;CPASC00164;30;step_30_10;[[[Ŝŏűŗċįŋğ ēʋēŋţş ēŋƌēƌ∙∙∙∙∙]]];
en_US_sappsd;CPASC00165;10;step_10_10;[[[Ŝŏűŗċįŋğ ēʋēŋţş ċŗēąţēƌ∙∙∙∙∙∙]]];
en_US_sappsd;CPASC00165;20;step_20_10;[[[Ɓįƌƌįŋğ şţąŗţēƌ∙∙∙∙]]];
en_US_sappsd;CPASC00165;20;step_20_20;[[[Ɓįƌƌįŋğ ēŋƌēƌ∙∙∙∙∙∙]]];
en_US_sappsd;CPASC00165;30;step_30_10;[[[Ŝŏűŗċįŋğ ēʋēŋţş ēŋƌēƌ∙∙∙∙∙]]];
en_US_sappsd;CPASM00160;10;step_10_10;[[[Ŝűρρĺįēŗ ŗēƣűēşţş ċŗēąţēƌ∙∙∙∙∙∙∙]]];
en_US_sappsd;CPASM00160;10;step_10_20;[[[Ŝűρρĺįēŗ ŗēƣűēşţş ąρρŗŏʋēƌ∙∙∙∙∙∙∙]]];
en_US_sappsd;CPASM00160;20;step_20_10;[[[Ŝűρρĺįēŗ ŗēğįşţŗąţįŏŋ şţąŗţēƌ∙∙∙∙∙∙∙∙∙]]];
en_US_sappsd;CPASM00160;20;step_20_20;[[[Ŝűρρĺįēŗ ŗēğįşţŗąţįŏŋ ƣűēşţįŏŋąįŗē şűƃɱįţţēƌ∙∙∙∙∙∙∙∙∙∙∙∙∙∙∙∙]]];
en_US_sappsd;CPASM00160;20;step_20_30;[[[Ŝűρρĺįēŗ ŗēğįşţŗąţįŏŋ ąρρŗŏʋēƌ∙∙∙∙∙∙∙∙∙]]];
en_US_sappsd;CPASM00161;10;step_10_10;[[[Ļēğąċŷ şűρρĺįēŗ ƣűąĺįƒįċąţįŏŋ ρŗŏĵēċţ įţēɱş ċŗēąţēƌ∙∙∙∙∙∙∙∙∙∙∙∙∙∙∙∙∙∙∙∙]]];
en_US_sappsd;CPASM00161;10;step_10_20;[[[Ļēğąċŷ şűρρĺįēŗ ƣűąĺįƒįċąţįŏŋ ρŗŏĵēċţ įţēɱ ƣűēşţįŏŋŋąįŗē şűƃɱįţţēƌ∙∙∙∙∙∙∙∙∙∙∙∙∙∙∙∙∙∙∙∙∙∙∙∙∙∙∙]]];
en_US_sappsd;CPASM00161;10;step_10_30;[[[Ļēğąċŷ şűρρĺįēŗ ƣűąĺįƒįċąţįŏŋ ρŗŏĵēċţ įţēɱş ąρρŗŏʋēƌ∙∙∙∙∙∙∙∙∙∙∙∙∙∙∙∙∙∙∙∙]]];
en_US_sappsd;KBSRM00160;10;step_10_10;[[[Ŝĥŏρρįŋğ ċąŗţ įţēɱş ċŗēąţēƌ∙∙∙∙∙∙∙∙]]];
en_US_sappsd;KBSRM00160;10;step_10_20;[[[Ŝĥŏρρįŋğ ċąŗţ įţēɱş ċŏɱρĺēţēƌ∙∙∙∙∙∙∙∙∙]]];
en_US_sappsd;KBSRM00160;10;step_10_30;[[[Ŝĥŏρρįŋğ ċąŗţ įţēɱş ąρρŗŏʋēƌ∙∙∙∙∙∙∙∙]]];
en_US_sappsd;KBSRM00160;20;step_20_10;[[[Ŝĥŏρρįŋğ ċąŗţ įţēɱş ŵįţĥ ρĺąŋŋēƌ ƌēĺįʋēŗŷ ƌąţē ąŋƌ ƒŏĺĺŏŵ-űρ ƌŏċűɱēŋţ ċŗēąţēƌ∙∙∙∙∙∙∙∙∙∙∙∙∙∙∙∙∙∙∙∙∙∙∙∙∙∙∙∙∙∙∙∙∙]]];
en_US_sappsd;KBSRM00760;10;step_10_10;[[[Ɓįƌ įŋʋįţąţįŏŋ įţēɱş ċŗēąţēƌ∙∙∙∙∙∙∙∙]]];
en_US_sappsd;KBSRM00760;10;step_10_20;[[[Ɓįƌ įŋʋįţąţįŏŋ įţēɱş ċŏɱρĺēţēƌ ąŋƌ ąŵąįţįŋğ ąρρŗŏʋąĺ∙∙∙∙∙∙∙∙∙∙∙∙∙∙∙∙∙∙∙∙]]];
en_US_sappsd;KBSRM00760;10;step_10_30;[[[Ɓįƌ įŋʋįţąţįŏŋ įţēɱş ρűƃĺįşĥēƌ∙∙∙∙∙∙∙∙∙]]];
en_US_sappsd;KBSRM00760;20;step_20_10;[[[Ƒįŗşţ ƃįƌ şűƃɱįţţēƌ∙∙∙∙∙]]];
en_US_sappsd;KBSRM00760;20;step_20_20;[[[Ŝűƃɱįşşįŏŋ ƌēąƌĺįŋē ŏƒ ƃįƌ įŋʋįţąţįŏŋ ŗēąċĥēƌ∙∙∙∙∙∙∙∙∙∙∙∙∙∙∙∙∙]]];
en_US_sappsd;KBSRM00760;20;step_20_30;[[[Ƒįŗşţ ƃįƌ ąċċēρţēƌ∙∙∙∙∙∙]]];
en_US_sappsd;KBSRM00761;10;step_10_10;[[[Āűċţįŏŋ įţēɱş ċŗēąţēƌ∙∙∙∙∙]]];
en_US_sappsd;KBSRM00761;10;step_10_20;[[[Āűċţįŏŋ įţēɱş ċŏɱρĺēţēƌ ąŋƌ ŗēąƌŷ∙∙∙∙∙∙∙∙∙∙∙]]];
en_US_sappsd;KBSRM00761;10;step_10_30;[[[Āűċţįŏŋ įţēɱş ąċţįʋąţēƌ∙∙∙∙∙∙]]];
en_US_sappsd;KBSRM00761;20;step_20_10;[[[Ƒįŗşţ ƃįƌ şűƃɱįţţēƌ∙∙∙∙∙]]];
en_US_sappsd;KBSRM00761;20;step_20_20;[[[Āűċţįŏŋ įţēɱş ēŋƌēƌ∙∙∙∙∙]]];
en_US_sappsd;KBSRM00761;20;step_20_30;[[[Ƒįŗşţ ƃįƌ ąċċēρţēƌ∙∙∙∙∙∙]]];
en_US_sappsd;KCSAL00660;10;step_10_10;[[[Ŏρρŏŗţűŋįţįēş ċŗēąţēƌ∙∙∙∙∙]]];
en_US_sappsd;KCSAL00660;10;step_10_20;"[[[Ŏρρŏŗţűŋįţįēş şēţ ţŏ ""Ĭŋ Ƥŗŏċēşş""∙∙∙∙∙∙∙∙∙∙∙]]]";
en_US_sappsd;KCSAL00660;40;step_40_10;[[[Ŏρρŏŗţűŋįţįēş ċŏɱρĺēţēƌ∙∙∙∙∙∙]]];
en_US_sappsd;KFFI000960;10;step_10_10;[[[Ŝűρρĺįēŗ įŋʋŏįċēş įşşűēƌ∙∙∙∙∙∙]]];
en_US_sappsd;KFFI000960;10;step_10_20;[[[Ŝűρρĺįēŗ įŋʋŏįċēş ċŗēąţēƌ ąŋƌ ρŏşţēƌ∙∙∙∙∙∙∙∙∙∙∙∙]]];
en_US_sappsd;KFFI000960;10;step_10_30;[[[ƑĬ-ĀƤ įţēɱş ŗēĺēąşēƌ ƒŏŗ ρąŷɱēŋţ∙∙∙∙∙∙∙∙∙∙]]];
en_US_sappsd;KFFI000960;20;step_20_10;[[[ƑĬ-ĀƤ ċĺēąŗįŋğ ƌŏċűɱēŋţş ċŗēąţēƌ∙∙∙∙∙∙∙∙∙∙]]];
en_US_sappsd;KFFI000960;20;step_20_20;[[[ƑĬ-ĀƤ įţēɱş ċĺēąŗēƌ∙∙∙∙∙]]];
en_US_sappsd;KFFI000961;10;step_10_10;[[[Ŝűρρĺįēŗ įŋʋŏįċēş įşşűēƌ∙∙∙∙∙∙]]];
en_US_sappsd;KFFI000961;10;step_10_20;[[[Ŝűρρĺįēŗ įŋʋŏįċēş ċŗēąţēƌ ąŋƌ ρŏşţēƌ∙∙∙∙∙∙∙∙∙∙∙∙]]];
en_US_sappsd;KFFI000961;10;step_10_30;[[[ƑĬ-ĀƤ įţēɱş ŗēĺēąşēƌ ƒŏŗ ρąŷɱēŋţ∙∙∙∙∙∙∙∙∙∙]]];
en_US_sappsd;KFFI000961;20;step_20_10;[[[ƑĬ-ĀƤ ċĺēąŗįŋğ ƌŏċűɱēŋţş ċŗēąţēƌ∙∙∙∙∙∙∙∙∙∙]]];
en_US_sappsd;KFFI000961;20;step_20_20;[[[ƑĬ-ĀƤ įţēɱş ċĺēąŗēƌ∙∙∙∙∙]]];
en_US_sappsd;KFFI001060;10;step_10_10;[[[Ĉűşţŏɱēŗ įŋʋŏįċēş įşşűēƌ∙∙∙∙∙∙]]];
en_US_sappsd;KFFI001060;20;step_20_10;[[[ƑĬ-ĀŘ įţēɱş ċĺēąŗēƌ∙∙∙∙∙]]];
en_US_sappsd;KFFI001061;10;step_10_10;[[[Ĉűşţŏɱēŗ įŋʋŏįċēş įşşűēƌ∙∙∙∙∙∙]]];
en_US_sappsd;KFFI001061;20;step_20_10;[[[ƑĬ-ĀŘ įţēɱş ċĺēąŗēƌ∙∙∙∙∙]]];
en_US_sappsd;KFFI001860;10;step_10_10;[[[Āşşēţ ɱąşţēŗ ċŗēąţēƌ∙∙∙∙]]];
en_US_sappsd;KFFI001860;20;step_20_10;[[[Ƒįŗşţ ąċƣűįşįţįŏŋ ρŏşţįŋğ ċŗēąţēƌ∙∙∙∙∙∙∙∙∙∙∙]]];
en_US_sappsd;KFFI001860;30;step_30_10;[[[Ƒįŗşţ şēţţĺēɱēŋţ ţŏ ƒįŋąĺ ąşşēţ ŏŗ ŋŏŋ-ąşşēţ ŗēċēįʋēŗ∙∙∙∙∙∙∙∙∙∙∙∙∙∙∙∙∙∙∙∙∙]]];
en_US_sappsd;KFFI001860;40;step_40_10;[[[Āşşēţ ɱąşţēŗ ƌēąċţįʋąţēƌ∙∙∙∙∙∙]]];
en_US_sappsd;KFFI001861;10;step_10_10;[[[Āşşēţ ɱąşţēŗ ċŗēąţēƌ∙∙∙∙]]];
en_US_sappsd;KFFI001861;20;step_20_10;[[[Ƒįŗşţ ąċƣűįşįţįŏŋ ρŏşţįŋğ ċŗēąţēƌ∙∙∙∙∙∙∙∙∙∙∙]]];
en_US_sappsd;KFFI001861;30;step_30_10;[[[Ďēρŗēċįąţįŏŋ ċąĺċűĺąţįŏŋ şţąŗţēƌ∙∙∙∙∙∙∙∙∙∙]]];
en_US_sappsd;KFFI001861;50;step_50_10;[[[Āşşēţ ɱąşţēŗ ƌēąċţįʋąţēƌ∙∙∙∙∙∙]]];
en_US_sappsd;KFFI001960;10;step_10_10;[[[Ůţįĺįţįēş įŋʋŏįċēş ċŗēąţēƌ∙∙∙∙∙∙∙]]];
en_US_sappsd;KFFI001960;20;step_20_10;[[[ƑĬ-ĈĀ įţēɱş ċĺēąŗēƌ∙∙∙∙∙]]];
en_US_sappsd;KFFI002260;10;step_10_10;[[[Ĉŏŋʋēŗğēŋţ įŋʋŏįċēş ċŗēąţēƌ∙∙∙∙∙∙∙∙]]];
en_US_sappsd;KFFI002260;20;step_20_10;[[[ƑĬ-ĈĀ įţēɱş ċĺēąŗēƌ∙∙∙∙∙]]];
en_US_sappsd;KFFI002360;10;step_10_10;[[[Ƥŗŏƌűċţ ċŏşţ ċŏĺĺēċţŏŗş ċŗēąţēƌ∙∙∙∙∙∙∙∙∙∙]]];
en_US_sappsd;KFFI002360;20;step_20_10;[[[Ƥŗŏƌűċţ ċŏşţ ċŏĺĺēċţŏŗş įŋįţįąĺĺŷ ċŏŋƒįŗɱēƌ∙∙∙∙∙∙∙∙∙∙∙∙∙∙∙∙]]];
en_US_sappsd;KFFI002360;30;step_30_10;[[[Ƥŗŏƌűċţ ċŏşţ ċŏĺĺēċţŏŗş ƒįŗşţ şēţţĺēƌ∙∙∙∙∙∙∙∙∙∙∙∙∙]]];
en_US_sappsd;KFFI002660;10;step_10_10;[[[Ƥŗŏʋįƌēŗ ċŏŋţŗąċţ ċŗēąţēƌ∙∙∙∙∙∙∙]]];
en_US_sappsd;KFFI002660;10;step_10_20;[[[Ĉŏŋţŗąċţ ĥąş ƃēğűŋ∙∙∙∙∙∙]]];
en_US_sappsd;KFFI002660;20;step_20_10;[[[Ƒįŗşţ ƃįĺĺįŋğ ƌŏċűɱēŋţ ċŗēąţēƌ∙∙∙∙∙∙∙∙∙]]];
en_US_sappsd;KFFI002660;30;step_30_10;[[[Ƒįŗşţ įŋʋŏįċįŋğ ƌŏċűɱēŋţ ċŗēąţēƌ∙∙∙∙∙∙∙∙∙∙]]];
en_US_sappsd;KIAUT00160;10;step_10_10;[[[Ɓąşįċ şţąŗţ ƌąţē ŏƒ ŗűŋ şċĥēƌűĺē ƣűąŋţįţŷ ċŏɱρŏŋēŋţ∙∙∙∙∙∙∙∙∙∙∙∙∙∙∙∙∙∙∙∙]]];
en_US_sappsd;KIAUT00160;10;step_10_20;[[[Řēƣűįŗēɱēŋţ ƌąţē ŏƒ ŗűŋ şċĥēƌűĺē ƣűąŋţįţŷ ċŏɱρŏŋēŋţ∙∙∙∙∙∙∙∙∙∙∙∙∙∙∙∙∙∙∙∙]]];
en_US_sappsd;KIAUT00160;40;step_40_10;[[[Řűŋ şċĥēƌűĺē ƣűąŋţįţŷ ċŏɱρŏŋēŋţ ŵįţĥ ŏŗƌēŗ ƃąşįċ ƒįŋįşĥ ƌąţē įŋ ţĥē ƒűţűŗē∙∙∙∙∙∙∙∙∙∙∙∙∙∙∙∙∙∙∙∙∙∙∙∙∙∙∙∙∙∙∙]]];
en_US_sappsd;KIISU00160;10;step_10_10;[[[Ĉŏŋţŗąċţş ċŗēąţēƌ∙∙∙∙∙∙∙]]];
en_US_sappsd;KIISU00160;30;step_30_10;[[[Ƒįŗşţ ƃįĺĺįŋğ ƌŏċűɱēŋţ ŗēĺąţēƌ ţŏ ċŏŋţŗąċţ ċŗēąţēƌ∙∙∙∙∙∙∙∙∙∙∙∙∙∙∙∙∙∙∙]]];
en_US_sappsd;KIISU00160;40;step_40_10;[[[Ƒįŗşţ ρŗįŋţ ƌŏċűɱēŋţ ŗēĺąţēƌ ţŏ ċŏŋţŗąċţ ċŗēąţēƌ∙∙∙∙∙∙∙∙∙∙∙∙∙∙∙∙∙∙]]];
en_US_sappsd;KIISU00160;50;step_50_10;[[[Ƒįŗşţ ċŏŋţŗąċţ ąċċŏűŋţįŋğ ƌŏċűɱēŋţ ŗēĺąţēƌ ţŏ ċŏŋţŗąċţ ċŗēąţēƌ∙∙∙∙∙∙∙∙∙∙∙∙∙∙∙∙∙∙∙∙∙∙∙∙∙]]];
en_US_sappsd;KIISU00160;50;step_50_20;[[[Ƒįŗşţ ċŏŋţŗąċţ ąċċŏűŋţįŋğ įţēɱ ŗēĺąţēƌ ţŏ ċŏŋţŗąċţ ċĺēąŗēƌ∙∙∙∙∙∙∙∙∙∙∙∙∙∙∙∙∙∙∙∙∙∙∙]]];
en_US_sappsd;KIISU00260;10;step_10_10;[[[Ɓįĺĺįŋğ ƌŏċűɱēŋţş ċŗēąţēƌ∙∙∙∙∙∙∙]]];
en_US_sappsd;KIISU00260;20;step_20_10;[[[Ƥŗįŋţ ƌŏċűɱēŋţş ċŗēąţēƌ ąŋƌ ρŏşţēƌ∙∙∙∙∙∙∙∙∙∙∙]]];
en_US_sappsd;KIISU00261;10;step_10_10;[[[Ŏűţşŏŗţēƌ ƃįĺĺįŋğ ƌŏċűɱēŋţş ċŗēąţēƌ∙∙∙∙∙∙∙∙∙∙∙∙]]];
en_US_sappsd;KIISU00261;10;step_10_20;[[[Ŏűţşŏŗţēƌ ƃįĺĺįŋğ ƌŏċűɱēŋţş ŗēĺēąşēƌ∙∙∙∙∙∙∙∙∙∙∙∙]]];
en_US_sappsd;KIISU00261;20;step_20_10;[[[Ƥŗįŋţ ƌŏċűɱēŋţş ċŗēąţēƌ ąŋƌ ρŏşţēƌ∙∙∙∙∙∙∙∙∙∙∙]]];
en_US_sappsd;KIISU00261;20;step_20_20;[[[Ƥŗįŋţ ƌŏċűɱēŋţş ρŗįŋţēƌ∙∙∙∙∙∙]]];
en_US_sappsd;KIISU00161;10;step_10_10;[[[Ɓįĺĺįŋğ ŏŗƌēŗş ċŗēąţēƌ∙∙∙∙∙]]];
en_US_sappsd;KIISU00161;40;step_40_10;[[[Ɓįĺĺįŋğ ŏŗƌēŗş ŵįţĥ şċĥēƌűĺēƌ ƃįĺĺįŋğ ƌąţē įŋ ţĥē ƒűţűŗē∙∙∙∙∙∙∙∙∙∙∙∙∙∙∙∙∙∙∙∙∙∙]]];
en_US_sappsd;KIISU00162;10;step_10_10;[[[Ɓįĺĺįŋğ ŏŗƌēŗş ċŗēąţēƌ∙∙∙∙∙]]];
en_US_sappsd;KIISU00162;20;step_20_10;[[[Μēţēŗ ŗēąƌįŋğ ŗēşűĺţ şąʋēƌ ƒŏŗ ƃįĺĺįŋğ ŏŗƌēŗş∙∙∙∙∙∙∙∙∙∙∙∙∙∙∙∙∙]]];
en_US_sappsd;KIISU00162;40;step_40_10;[[[Ɓįĺĺįŋğ ŏŗƌēŗş ŵįţĥ şċĥēƌűĺēƌ ƃįĺĺįŋğ ƌąţē įŋ ţĥē ƒűţűŗē∙∙∙∙∙∙∙∙∙∙∙∙∙∙∙∙∙∙∙∙∙∙]]];
en_US_sappsd;KIISU00360;10;step_10_10;[[[Ƥŗįŋţ ƌŏċűɱēŋţş ċŗēąţēƌ∙∙∙∙∙∙]]];
en_US_sappsd;KIISU00360;20;step_20_10;[[[Ŏρēŋ įţēɱş ċŗēąţēƌ įŋ ąċċŏűŋţįŋğ∙∙∙∙∙∙∙∙∙∙]]];
en_US_sappsd;KIISU00360;20;step_20_20;[[[Ŏρēŋ įţēɱş ċĺēąŗēƌ įŋ ąċċŏűŋţįŋğ∙∙∙∙∙∙∙∙∙∙]]];
en_US_sappsd;KIISU00361;10;step_10_10;[[[Ŏűţşŏŗţēƌ ρŗįŋţ ƌŏċűɱēŋţş ċŗēąţēƌ∙∙∙∙∙∙∙∙∙∙∙]]];
en_US_sappsd;KIISU00361;10;step_10_20;[[[Ŏűţşŏŗţēƌ ρŗįŋţ ƌŏċűɱēŋţş ŗēĺēąşēƌ∙∙∙∙∙∙∙∙∙∙∙]]];
en_US_sappsd;KIISU00361;20;step_20_10;[[[Ŏρēŋ įţēɱş ċŗēąţēƌ įŋ ąċċŏűŋţįŋğ∙∙∙∙∙∙∙∙∙∙]]];
en_US_sappsd;KIISU00361;20;step_20_20;[[[Ŏρēŋ įţēɱş ċĺēąŗēƌ įŋ ąċċŏűŋţįŋğ∙∙∙∙∙∙∙∙∙∙]]];
en_US_sappsd;KIRET00460;10;step_10_10;[[[Ŝţŏċķ ţŗąŋşρŏŗţ ŏŗƌēŗ įţēɱş ċŗēąţēƌ∙∙∙∙∙∙∙∙∙∙∙∙]]];
en_US_sappsd;KIRET00460;20;step_20_10;[[[Ŝţŏċķ ţŗąŋşρŏŗţ ŏŗƌēŗ įţēɱş ƌēĺįʋēŗēƌ∙∙∙∙∙∙∙∙∙∙∙∙∙]]];
en_US_sappsd;KIRET00460;20;step_20_20;[[[Ŝţŏċķ ţŗąŋşρŏŗţ ŏŗƌēŗ įţēɱş įşşűēƌ∙∙∙∙∙∙∙∙∙∙∙]]];
en_US_sappsd;KIRET00460;30;step_30_10;[[[Ŝţŏċķ ţŗąŋşρŏŗţ ŏŗƌēŗ įţēɱş ŗēċēįʋēƌ∙∙∙∙∙∙∙∙∙∙∙∙]]];
en_US_sappsd;KIRET00461;10;step_10_10;[[[Ŝţŏċķ ţŗąŋşρŏŗţ ŏŗƌēŗ įţēɱş ċŗēąţēƌ∙∙∙∙∙∙∙∙∙∙∙∙]]];
en_US_sappsd;KIRET00461;20;step_20_10;[[[Ŝţŏċķ ţŗąŋşρŏŗţ ŏŗƌēŗ įţēɱş ƌēĺįʋēŗēƌ∙∙∙∙∙∙∙∙∙∙∙∙∙]]];
en_US_sappsd;KIRET00461;20;step_20_20;[[[Ŝţŏċķ ţŗąŋşρŏŗţ ŏŗƌēŗ įţēɱş įşşűēƌ∙∙∙∙∙∙∙∙∙∙∙]]];
en_US_sappsd;KIRET00461;30;step_30_10;[[[Ŝţŏċķ ţŗąŋşρŏŗţ ŏŗƌēŗ įţēɱş ŗēċēįʋēƌ∙∙∙∙∙∙∙∙∙∙∙∙]]];
en_US_sappsd;KIRET00462;10;step_10_10;[[[Ŝţŏċķ ţŗąŋşρŏŗţ ŏŗƌēŗ įţēɱş ċŗēąţēƌ∙∙∙∙∙∙∙∙∙∙∙∙]]];
en_US_sappsd;KIRET00462;20;step_20_10;[[[Ŝţŏċķ ţŗąŋşρŏŗţ ŏŗƌēŗ įţēɱş ƌēĺįʋēŗēƌ∙∙∙∙∙∙∙∙∙∙∙∙∙]]];
en_US_sappsd;KIRET00462;20;step_20_20;[[[Ŝţŏċķ ţŗąŋşρŏŗţ ŏŗƌēŗ įţēɱş įşşűēƌ∙∙∙∙∙∙∙∙∙∙∙]]];
en_US_sappsd;KIRET00462;30;step_30_10;[[[Ŝţŏċķ ţŗąŋşρŏŗţ ŏŗƌēŗ įţēɱş ŗēċēįʋēƌ∙∙∙∙∙∙∙∙∙∙∙∙]]];
en_US_sappsd;KIRET00463;10;step_10_10;[[[Ŝţŏċķ ţŗąŋşρŏŗţ ŏŗƌēŗ įţēɱş ċŗēąţēƌ∙∙∙∙∙∙∙∙∙∙∙∙]]];
en_US_sappsd;KIRET00463;20;step_20_10;[[[Ŝţŏċķ ţŗąŋşρŏŗţ ŏŗƌēŗ įţēɱş ƌēĺįʋēŗēƌ∙∙∙∙∙∙∙∙∙∙∙∙∙]]];
en_US_sappsd;KIRET00463;20;step_20_20;[[[Ŝţŏċķ ţŗąŋşρŏŗţ ŏŗƌēŗ įţēɱş įşşűēƌ∙∙∙∙∙∙∙∙∙∙∙]]];
en_US_sappsd;KIRET00463;30;step_30_10;[[[Ŝţŏċķ ţŗąŋşρŏŗţ ŏŗƌēŗ įţēɱş ŗēċēįʋēƌ∙∙∙∙∙∙∙∙∙∙∙∙]]];
en_US_sappsd;KIRET00464;10;step_10_10;[[[Ŝţŏċķ ţŗąŋşρŏŗţ ŏŗƌēŗ įţēɱş ċŗēąţēƌ∙∙∙∙∙∙∙∙∙∙∙∙]]];
en_US_sappsd;KIRET00464;20;step_20_10;[[[Ŝţŏċķ ţŗąŋşρŏŗţ ŏŗƌēŗ įţēɱş ƌēĺįʋēŗēƌ∙∙∙∙∙∙∙∙∙∙∙∙∙]]];
en_US_sappsd;KIRET00464;20;step_20_20;[[[Ŝţŏċķ ţŗąŋşρŏŗţ ŏŗƌēŗ įţēɱş įşşűēƌ∙∙∙∙∙∙∙∙∙∙∙]]];
en_US_sappsd;KIRET00464;30;step_30_10;[[[Ŝţŏċķ ţŗąŋşρŏŗţ ŏŗƌēŗ įţēɱş ŗēċēįʋēƌ∙∙∙∙∙∙∙∙∙∙∙∙]]];
en_US_sappsd;KIRET00464;40;step_40_10;[[[ƑĬ-ĀŘ įţēɱş ċŗēąţēƌ∙∙∙∙∙]]];
en_US_sappsd;KIRET00464;40;step_40_20;[[[ƑĬ-ĀƤ įţēɱş ċŗēąţēƌ∙∙∙∙∙]]];
en_US_sappsd;KIRET00464;40;step_40_30;[[[ƑĬ-ĀƤ įţēɱş ċĺēąŗēƌ∙∙∙∙∙]]];
en_US_sappsd;KIRET00464;40;step_40_40;[[[ƑĬ-ĀŘ įţēɱş ċĺēąŗēƌ∙∙∙∙∙]]];
en_US_sappsd;KIRET00465;10;step_10_10;[[[Ŝţŏċķ ţŗąŋşρŏŗţ ŏŗƌēŗ įţēɱş ċŗēąţēƌ∙∙∙∙∙∙∙∙∙∙∙∙]]];
en_US_sappsd;KIRET00465;20;step_20_10;[[[Ŝţŏċķ ţŗąŋşρŏŗţ ŏŗƌēŗ įţēɱş ƌēĺįʋēŗēƌ∙∙∙∙∙∙∙∙∙∙∙∙∙]]];
en_US_sappsd;KIRET00465;20;step_20_20;[[[Ŝţŏċķ ţŗąŋşρŏŗţ ŏŗƌēŗ įţēɱş įşşűēƌ∙∙∙∙∙∙∙∙∙∙∙]]];
en_US_sappsd;KIRET00465;30;step_30_10;[[[Ŝţŏċķ ţŗąŋşρŏŗţ ŏŗƌēŗ įţēɱş ŗēċēįʋēƌ∙∙∙∙∙∙∙∙∙∙∙∙]]];
en_US_sappsd;KIRET00465;40;step_40_10;[[[ƑĬ-ĀŘ įţēɱş ċŗēąţēƌ∙∙∙∙∙]]];
en_US_sappsd;KIRET00465;40;step_40_20;[[[ƑĬ-ĀƤ įţēɱş ċŗēąţēƌ∙∙∙∙∙]]];
en_US_sappsd;KIRET00465;40;step_40_30;[[[ƑĬ-ĀƤ įţēɱş ċĺēąŗēƌ∙∙∙∙∙]]];
en_US_sappsd;KIRET00465;40;step_40_40;[[[ƑĬ-ĀŘ įţēɱş ċĺēąŗēƌ∙∙∙∙∙]]];
en_US_sappsd;KIRET00466;10;step_10_10;[[[Ŝţŏċķ ţŗąŋşρŏŗţ ŏŗƌēŗ įţēɱş ċŗēąţēƌ∙∙∙∙∙∙∙∙∙∙∙∙]]];
en_US_sappsd;KIRET00466;20;step_20_10;[[[Ŝţŏċķ ţŗąŋşρŏŗţ ŏŗƌēŗ įţēɱş ƌēĺįʋēŗēƌ∙∙∙∙∙∙∙∙∙∙∙∙∙]]];
en_US_sappsd;KIRET00466;20;step_20_20;[[[Ŝţŏċķ ţŗąŋşρŏŗţ ŏŗƌēŗ įţēɱş įşşűēƌ∙∙∙∙∙∙∙∙∙∙∙]]];
en_US_sappsd;KIRET00466;30;step_30_10;[[[Ŝţŏċķ ţŗąŋşρŏŗţ ŏŗƌēŗ įţēɱş ŗēċēįʋēƌ∙∙∙∙∙∙∙∙∙∙∙∙]]];
en_US_sappsd;KIRET00466;40;step_40_10;[[[ƑĬ-ĀŘ įţēɱş ċŗēąţēƌ∙∙∙∙∙]]];
en_US_sappsd;KIRET00466;40;step_40_20;[[[ƑĬ-ĀƤ įţēɱş ċŗēąţēƌ∙∙∙∙∙]]];
en_US_sappsd;KIRET00466;40;step_40_30;[[[ƑĬ-ĀƤ įţēɱş ċĺēąŗēƌ∙∙∙∙∙]]];
en_US_sappsd;KIRET00466;40;step_40_40;[[[ƑĬ-ĀŘ įţēɱş ċĺēąŗēƌ∙∙∙∙∙]]];
en_US_sappsd;KIRET00467;10;step_10_10;[[[Ŝţŏċķ ţŗąŋşρŏŗţ ŏŗƌēŗ įţēɱş ċŗēąţēƌ∙∙∙∙∙∙∙∙∙∙∙∙]]];
en_US_sappsd;KIRET00467;20;step_20_10;[[[Ŝţŏċķ ţŗąŋşρŏŗţ ŏŗƌēŗ įţēɱş ƌēĺįʋēŗēƌ∙∙∙∙∙∙∙∙∙∙∙∙∙]]];
en_US_sappsd;KIRET00467;20;step_20_20;[[[Ŝţŏċķ ţŗąŋşρŏŗţ ŏŗƌēŗ įţēɱş įşşűēƌ∙∙∙∙∙∙∙∙∙∙∙]]];
en_US_sappsd;KIRET00467;30;step_30_10;[[[Ŝţŏċķ ţŗąŋşρŏŗţ ŏŗƌēŗ įţēɱş ŗēċēįʋēƌ∙∙∙∙∙∙∙∙∙∙∙∙]]];
en_US_sappsd;KIRET00467;40;step_40_10;[[[ƑĬ-ĀŘ įţēɱş ċŗēąţēƌ∙∙∙∙∙]]];
en_US_sappsd;KIRET00467;40;step_40_20;[[[ƑĬ-ĀƤ įţēɱş ċŗēąţēƌ∙∙∙∙∙]]];
en_US_sappsd;KIRET00467;40;step_40_30;[[[ƑĬ-ĀƤ įţēɱş ċĺēąŗēƌ∙∙∙∙∙]]];
en_US_sappsd;KIRET00467;40;step_40_40;[[[ƑĬ-ĀŘ įţēɱş ċĺēąŗēƌ∙∙∙∙∙]]];
en_US_sappsd;KIRET00560;10;step_10_10;[[[Ƥűŗċĥąşē ŏŗƌēŗ įţēɱş ċŗēąţēƌ∙∙∙∙∙∙∙∙]]];
en_US_sappsd;KIRET00560;20;step_20_10;[[[Ģŏŏƌş ŗēċēįρţş ċŗēąţēƌ∙∙∙∙∙]]];
en_US_sappsd;KIRET00560;30;step_30_10;[[[Ŝűρρĺįēŗ įŋʋŏįċēş ċŗēąţēƌ∙∙∙∙∙∙∙]]];
en_US_sappsd;KIRET00561;10;step_10_10;[[[Ƥűŗċĥąşē ŏŗƌēŗ įţēɱş ċŗēąţēƌ∙∙∙∙∙∙∙∙]]];
en_US_sappsd;KIRET00561;20;step_20_10;[[[Ģŏŏƌş ŗēċēįρţş ċŗēąţēƌ∙∙∙∙∙]]];
en_US_sappsd;KIRET00561;30;step_30_10;[[[Ŝűρρĺįēŗ įŋʋŏįċēş ċŗēąţēƌ∙∙∙∙∙∙∙]]];
en_US_sappsd;KIRET00562;10;step_10_10;[[[Ƥűŗċĥąşē ŏŗƌēŗ įţēɱş ċŗēąţēƌ∙∙∙∙∙∙∙∙]]];
en_US_sappsd;KIRET00562;20;step_20_10;[[[Ģŏŏƌş ŗēċēįρţş ċŗēąţēƌ∙∙∙∙∙]]];
en_US_sappsd;KIRET00562;30;step_30_10;[[[Ŝűρρĺįēŗ įŋʋŏįċēş ċŗēąţēƌ∙∙∙∙∙∙∙]]];
en_US_sappsd;KIRET00563;10;step_10_10;[[[Ƥűŗċĥąşē ŏŗƌēŗ įţēɱş ċŗēąţēƌ∙∙∙∙∙∙∙∙]]];
en_US_sappsd;KIRET00563;20;step_20_10;[[[Ģŏŏƌş ŗēċēįρţş ċŗēąţēƌ∙∙∙∙∙]]];
en_US_sappsd;KIRET00563;30;step_30_10;[[[Ŝűρρĺįēŗ įŋʋŏįċēş ċŗēąţēƌ∙∙∙∙∙∙∙]]];
en_US_sappsd;KPIM000160;10;step_10_10;[[[Μąţēŗįąĺ/ρĺąŋţ/şţŏŗąğē ĺŏċąţįŏŋ ċŏɱƃįŋąţįŏŋş ŵįţĥ şţŏċķ∙∙∙∙∙∙∙∙∙∙∙∙∙∙∙∙∙∙∙∙∙∙]]];
en_US_sappsd;KPIM000160;20;step_20_10;[[[Ĉŏɱƃįŋąţįŏŋş ŵįţĥ ĺąşţ ğŏŏƌş ɱŏʋēƌ ŏʋēŗ 1 ŷēąŗ ąğŏ∙∙∙∙∙∙∙∙∙∙∙∙∙∙∙∙∙∙∙]]];
en_US_sappsd;KPIM000160;20;step_20_20;[[[Ĉŏɱƃįŋąţįŏŋş ŵįţĥ ĺąşţ ğŏŏƌş ɱŏʋēƌ 7-12 ρēŗįŏƌş ąğŏ∙∙∙∙∙∙∙∙∙∙∙∙∙∙∙∙∙∙∙∙]]];
en_US_sappsd;KPIM000160;20;step_20_30;[[[Ĉŏɱƃįŋąţįŏŋş ŵįţĥ ĺąşţ ğŏŏƌş ɱŏʋēƌ 4-6 ρēŗįŏƌş ąğŏ∙∙∙∙∙∙∙∙∙∙∙∙∙∙∙∙∙∙∙]]];
en_US_sappsd;KPIM000160;20;step_20_40;[[[Ĉŏɱƃįŋąţįŏŋş ŵįţĥ ĺąşţ ğŏŏƌş ɱŏʋēƌ 2-3 ρēŗįŏƌş ąğŏ∙∙∙∙∙∙∙∙∙∙∙∙∙∙∙∙∙∙∙]]];
en_US_sappsd;KPIM000160;20;step_20_50;[[[Ĉŏɱƃįŋąţįŏŋş ŵįţĥ ĺąşţ ğŏŏƌş ɱŏʋēƌ įŋ ρŗēʋįŏűş ρēŗįŏƌ∙∙∙∙∙∙∙∙∙∙∙∙∙∙∙∙∙∙∙∙∙]]];
en_US_sappsd;KPIM000160;20;step_20_60;[[[Ĉŏɱƃįŋąţįŏŋş ŵįţĥ ĺąşţ ğŏŏƌş ɱŏʋēƌ ţĥįş ρēŗįŏƌ∙∙∙∙∙∙∙∙∙∙∙∙∙∙∙∙∙]]];
en_US_sappsd;KPIM000161;10;step_10_10;[[[Μąţēŗįąĺ/ρĺąŋţ/şţŏŗąğē ĺŏċąţįŏŋ/ƃąţċĥ ċŏɱƃįŋąţįŏŋş ŵįţĥ şţŏċķ∙∙∙∙∙∙∙∙∙∙∙∙∙∙∙∙∙∙∙∙∙∙∙∙∙]]];
en_US_sappsd;KPIM000161;20;step_20_10;[[[Ĉŏɱƃįŋąţįŏŋş ŵįţĥ ĺąşţ ğŏŏƌş ɱŏʋēƌ ŏʋēŗ 1 ŷēąŗ ąğŏ∙∙∙∙∙∙∙∙∙∙∙∙∙∙∙∙∙∙∙]]];
en_US_sappsd;KPIM000161;20;step_20_20;[[[Ĉŏɱƃįŋąţįŏŋş ŵįţĥ ĺąşţ ğŏŏƌş ɱŏʋēƌ 7-12 ρēŗįŏƌş ąğŏ∙∙∙∙∙∙∙∙∙∙∙∙∙∙∙∙∙∙∙∙]]];
en_US_sappsd;KPIM000161;20;step_20_30;[[[Ĉŏɱƃįŋąţįŏŋş ŵįţĥ ĺąşţ ğŏŏƌş ɱŏʋēƌ 4-6 ρēŗįŏƌş ąğŏ∙∙∙∙∙∙∙∙∙∙∙∙∙∙∙∙∙∙∙]]];
en_US_sappsd;KPIM000161;20;step_20_40;[[[Ĉŏɱƃįŋąţįŏŋş ŵįţĥ ĺąşţ ğŏŏƌş ɱŏʋēƌ 2-3 ρēŗįŏƌş ąğŏ∙∙∙∙∙∙∙∙∙∙∙∙∙∙∙∙∙∙∙]]];
en_US_sappsd;KPIM000161;20;step_20_50;[[[Ĉŏɱƃįŋąţįŏŋş ŵįţĥ ĺąşţ ğŏŏƌş ɱŏʋēƌ įŋ ρŗēʋįŏűş ρēŗįŏƌ∙∙∙∙∙∙∙∙∙∙∙∙∙∙∙∙∙∙∙∙∙]]];
en_US_sappsd;KPIM000161;20;step_20_60;[[[Ĉŏɱƃįŋąţįŏŋş ŵįţĥ ĺąşţ ğŏŏƌş ɱŏʋēƌ ţĥįş ρēŗįŏƌ∙∙∙∙∙∙∙∙∙∙∙∙∙∙∙∙∙]]];
en_US_sappsd;KPIM000162;10;step_10_10;[[[Μąţēŗįąĺ/ρĺąŋţ/şţŏŗąğē ĺŏċąţįŏŋ ċŏɱƃįŋąţįŏŋş ŵįţĥ şţŏċķ∙∙∙∙∙∙∙∙∙∙∙∙∙∙∙∙∙∙∙∙∙∙]]];
en_US_sappsd;KPIM000162;20;step_20_10;[[[Ĉŏɱƃįŋąţįŏŋş ŵįţĥ ĺąşţ ğŏŏƌş ɱŏʋēƌ ŏʋēŗ 1 ŷēąŗ ąğŏ∙∙∙∙∙∙∙∙∙∙∙∙∙∙∙∙∙∙∙]]];
en_US_sappsd;KPIM000162;20;step_20_20;[[[Ĉŏɱƃįŋąţįŏŋş ŵįţĥ ĺąşţ ğŏŏƌş ɱŏʋēƌ 7-12 ρēŗįŏƌş ąğŏ∙∙∙∙∙∙∙∙∙∙∙∙∙∙∙∙∙∙∙∙]]];
en_US_sappsd;KPIM000162;20;step_20_30;[[[Ĉŏɱƃįŋąţįŏŋş ŵįţĥ ĺąşţ ğŏŏƌş ɱŏʋēƌ 4-6 ρēŗįŏƌş ąğŏ∙∙∙∙∙∙∙∙∙∙∙∙∙∙∙∙∙∙∙]]];
en_US_sappsd;KPIM000162;20;step_20_40;[[[Ĉŏɱƃįŋąţįŏŋş ŵįţĥ ĺąşţ ğŏŏƌş ɱŏʋēƌ 2-3 ρēŗįŏƌş ąğŏ∙∙∙∙∙∙∙∙∙∙∙∙∙∙∙∙∙∙∙]]];
en_US_sappsd;KPIM000162;20;step_20_50;[[[Ĉŏɱƃįŋąţįŏŋş ŵįţĥ ĺąşţ ğŏŏƌş ɱŏʋēƌ įŋ ρŗēʋįŏűş ρēŗįŏƌ∙∙∙∙∙∙∙∙∙∙∙∙∙∙∙∙∙∙∙∙∙]]];
en_US_sappsd;KPIM000162;20;step_20_60;[[[Ĉŏɱƃįŋąţįŏŋş ŵįţĥ ĺąşţ ğŏŏƌş ɱŏʋēƌ ţĥįş ρēŗįŏƌ∙∙∙∙∙∙∙∙∙∙∙∙∙∙∙∙∙]]];
en_US_sappsd;KPIM000163;10;step_10_10;[[[Μąţēŗįąĺ/ρĺąŋţ/şţŏŗąğē ĺŏċąţįŏŋ/ƃąţċĥ ċŏɱƃįŋąţįŏŋş ŵįţĥ şţŏċķ∙∙∙∙∙∙∙∙∙∙∙∙∙∙∙∙∙∙∙∙∙∙∙∙∙]]];
en_US_sappsd;KPIM000163;20;step_20_10;[[[Ĉŏɱƃįŋąţįŏŋş ŵįţĥ ĺąşţ ğŏŏƌş ɱŏʋēƌ ŏʋēŗ 1 ŷēąŗ ąğŏ∙∙∙∙∙∙∙∙∙∙∙∙∙∙∙∙∙∙∙]]];
en_US_sappsd;KPIM000163;20;step_20_20;[[[Ĉŏɱƃįŋąţįŏŋş ŵįţĥ ĺąşţ ğŏŏƌş ɱŏʋēƌ 7-12 ρēŗįŏƌş ąğŏ∙∙∙∙∙∙∙∙∙∙∙∙∙∙∙∙∙∙∙∙]]];
en_US_sappsd;KPIM000163;20;step_20_30;[[[Ĉŏɱƃįŋąţįŏŋş ŵįţĥ ĺąşţ ğŏŏƌş ɱŏʋēƌ 4-6 ρēŗįŏƌş ąğŏ∙∙∙∙∙∙∙∙∙∙∙∙∙∙∙∙∙∙∙]]];
en_US_sappsd;KPIM000163;20;step_20_40;[[[Ĉŏɱƃįŋąţįŏŋş ŵįţĥ ĺąşţ ğŏŏƌş ɱŏʋēƌ 2-3 ρēŗįŏƌş ąğŏ∙∙∙∙∙∙∙∙∙∙∙∙∙∙∙∙∙∙∙]]];
en_US_sappsd;KPIM000163;20;step_20_50;[[[Ĉŏɱƃįŋąţįŏŋş ŵįţĥ ĺąşţ ğŏŏƌş ɱŏʋēƌ įŋ ρŗēʋįŏűş ρēŗįŏƌ∙∙∙∙∙∙∙∙∙∙∙∙∙∙∙∙∙∙∙∙∙]]];
en_US_sappsd;KPIM000163;20;step_20_60;[[[Ĉŏɱƃįŋąţįŏŋş ŵįţĥ ĺąşţ ğŏŏƌş ɱŏʋēƌ ţĥįş ρēŗįŏƌ∙∙∙∙∙∙∙∙∙∙∙∙∙∙∙∙∙]]];
en_US_sappsd;KPLE000360;10;step_10_10;[[[Ďēĺįʋēŗŷ įţēɱş ċŗēąţēƌ∙∙∙∙∙]]];
en_US_sappsd;KPLE000360;10;step_10_20;[[[Ďēĺįʋēŗŷ įţēɱş ρįċķēƌ∙∙∙∙∙]]];
en_US_sappsd;KPLE000360;40;step_40_10;[[[Ďēĺįʋēŗŷ įţēɱş ŵįţĥ ğŏŏƌş įşşűē ρŏşţēƌ∙∙∙∙∙∙∙∙∙∙∙∙∙]]];
en_US_sappsd;KPLE000361;10;step_10_10;[[[Ďēĺįʋēŗŷ įţēɱş ċŗēąţēƌ∙∙∙∙∙]]];
en_US_sappsd;KPLE000361;20;step_20_10;[[[Ďēĺįʋēŗŷ įţēɱş ŵįţĥ ţŗąŋşƒēŗ ŏŗƌēŗ įţēɱ ċŗēąţēƌ ąŋƌ ċŏŋƒįŗɱēƌ∙∙∙∙∙∙∙∙∙∙∙∙∙∙∙∙∙∙∙∙∙∙∙∙∙]]];
en_US_sappsd;KPLE000361;50;step_50_10;[[[Ďēĺįʋēŗŷ įţēɱş ŵįţĥ ğŏŏƌş įşşűē ρŏşţēƌ∙∙∙∙∙∙∙∙∙∙∙∙∙]]];
en_US_sappsd;KPLE000362;10;step_10_10;[[[Ďēĺįʋēŗŷ įţēɱş ċŗēąţēƌ∙∙∙∙∙]]];
en_US_sappsd;KPLE000362;50;step_50_10;[[[Ďēĺįʋēŗŷ įţēɱş ŵįţĥ ğŏŏƌş ŗēċēįρţ ρŏşţēƌ∙∙∙∙∙∙∙∙∙∙∙∙∙∙]]];
en_US_sappsd;KPMRP00260;10;step_10_10;[[[Μąţēŗįąĺ/ρĺąŋţ ċŏɱƃįŋąţįŏŋş ρŗŏċēşşēƌ įŋ ĺąşţ ŵēēķ ƃŷ ΜŘƤ∙∙∙∙∙∙∙∙∙∙∙∙∙∙∙∙∙∙∙∙∙∙∙]]];
en_US_sappsd;KPMRP00260;15;step_15_10;[[[Μąţēŗįąĺ/ρĺąŋţ ċŏɱƃįŋąţįŏŋş ŵįţĥŏűţ ŏʋēŗƌűē şąĺēş ƃąċķĺŏğ∙∙∙∙∙∙∙∙∙∙∙∙∙∙∙∙∙∙∙∙∙∙∙]]];
en_US_sappsd;KPMRP00260;20;step_20_10;[[[Μąţēŗįąĺ/ρĺąŋţ ċŏɱƃįŋąţįŏŋş ŵįţĥŏűţ ŏʋēŗƌűē ρĺąŋŋēƌ ŏŗƌēŗ ƃąċķĺŏğ∙∙∙∙∙∙∙∙∙∙∙∙∙∙∙∙∙∙∙∙∙∙∙∙∙∙∙]]];
en_US_sappsd;KPMRP00260;30;step_30_10;[[[Μąţēŗįąĺ/ρĺąŋţ ċŏɱƃįŋąţįŏŋş ŵįţĥŏűţ ŏʋēŗƌűē ɱąŋűƒąċţűŗįŋğ ƃąċķĺŏğ∙∙∙∙∙∙∙∙∙∙∙∙∙∙∙∙∙∙∙∙∙∙∙∙∙∙∙]]];
en_US_sappsd;KPMRP00260;40;step_40_10;[[[Μąţēŗįąĺ/ρĺąŋţ ċŏɱƃįŋąţįŏŋş ŵįţĥŏűţ ŏʋēŗƌűē ρűŗċĥąşįŋğ ƃąċķĺŏğ∙∙∙∙∙∙∙∙∙∙∙∙∙∙∙∙∙∙∙∙∙∙∙∙∙]]];
en_US_sappsd;KPMRP00260;50;step_50_10;[[[Μąţēŗįąĺ/ρĺąŋţ ċŏɱƃįŋąţįŏŋş ŵįţĥŏűţ ΜŘƤ ēχċēρţįŏŋ∙∙∙∙∙∙∙∙∙∙∙∙∙∙∙∙∙∙∙]]];
en_US_sappsd;KPMRP00260;60;step_60_10;[[[Μąţēŗįąĺ/ρĺąŋţ ċŏɱƃįŋąţįŏŋş űşēƌ įŋ ɱąŋűƒąċţűŗįŋğ ŏŗƌēŗ įŋ ĺąşţ ŵēēķ∙∙∙∙∙∙∙∙∙∙∙∙∙∙∙∙∙∙∙∙∙∙∙∙∙∙∙∙]]];
en_US_sappsd;KPMRP00260;70;step_70_10;[[[Μąţēŗįąĺ/ρĺąŋţ ċŏɱƃįŋąţįŏŋş űşēƌ įŋ ρűŗċĥąşē ŏŗƌēŗ įţēɱ įŋ ĺąşţ ŵēēķ∙∙∙∙∙∙∙∙∙∙∙∙∙∙∙∙∙∙∙∙∙∙∙∙∙∙∙∙]]];
en_US_sappsd;KPPP000160;10;step_10_10;[[[Ƥŗŏƌűċţįŏŋ ŏŗƌēŗş ċŗēąţēƌ∙∙∙∙∙∙∙]]];
en_US_sappsd;KPPP000160;10;step_10_20;[[[Ƥŗŏƌűċţįŏŋ ŏŗƌēŗş ŗēĺēąşēƌ∙∙∙∙∙∙∙]]];
en_US_sappsd;KPPP000160;20;step_20_10;[[[Ƥŗŏƌűċţįŏŋ ŏŗƌēŗş įŋįţįąĺĺŷ ċŏŋƒįŗɱēƌ∙∙∙∙∙∙∙∙∙∙∙∙∙]]];
en_US_sappsd;KPPP000160;30;step_30_10;[[[Ƥŗŏƌűċţįŏŋ ŏŗƌēŗş ƌēĺįʋēŗēƌ∙∙∙∙∙∙∙∙]]];
en_US_sappsd;KPPP000160;40;step_40_10;[[[Ďēĺįʋēŗēƌ ρŗŏƌűċţįŏŋ ŏŗƌēŗş ţēċĥŋįċąĺĺŷ ċŏɱρĺēţēƌ∙∙∙∙∙∙∙∙∙∙∙∙∙∙∙∙∙∙∙]]];
en_US_sappsd;KPPP000161;10;step_10_10;[[[Ƥŗŏƌűċţįŏŋ ŏŗƌēŗş ċŗēąţēƌ∙∙∙∙∙∙∙]]];
en_US_sappsd;KPPP000161;10;step_10_20;[[[Ƥŗŏƌűċţįŏŋ ŏŗƌēŗş ŗēĺēąşēƌ∙∙∙∙∙∙∙]]];
en_US_sappsd;KPPP000161;20;step_20_10;[[[Ƥŗŏƌűċţįŏŋ ŏŗƌēŗş įŋįţįąĺĺŷ ċŏŋƒįŗɱēƌ∙∙∙∙∙∙∙∙∙∙∙∙∙]]];
en_US_sappsd;KPPP000161;30;step_30_10;[[[Ƥŗŏƌűċţįŏŋ ŏŗƌēŗş ƌēĺįʋēŗēƌ∙∙∙∙∙∙∙∙]]];
en_US_sappsd;KPPP000161;40;step_40_10;[[[Ďēĺįʋēŗēƌ ρŗŏƌűċţįŏŋ ŏŗƌēŗş ƒįŗşţ şēţţĺēƌ∙∙∙∙∙∙∙∙∙∙∙∙∙∙∙]]];
en_US_sappsd;KPPP000162;10;step_10_10;[[[Ƥŗŏƌűċţįŏŋ ŏŗƌēŗ ċŏɱρŏŋēŋţş ċŗēąţēƌ∙∙∙∙∙∙∙∙∙∙∙∙]]];
en_US_sappsd;KPPP000162;10;step_10_20;[[[Ƥŗŏƌűċţįŏŋ ŏŗƌēŗ ŗēĺēąşēƌ ƒŏŗ ċŏɱρŏŋēŋţş∙∙∙∙∙∙∙∙∙∙∙∙∙∙]]];
en_US_sappsd;KPPP000162;50;step_50_10;[[[Ƒįŗşţ ğŏŏƌş įşşűē ρŏşţēƌ ƒŏŗ ċŏɱρŏŋēŋţş∙∙∙∙∙∙∙∙∙∙∙∙∙∙]]];
en_US_sappsd;KPPP000163;10;step_10_10;[[[Ƥŗŏƌűċţįŏŋ ŏŗƌēŗ ċŏɱρŏŋēŋţş ċŗēąţēƌ∙∙∙∙∙∙∙∙∙∙∙∙]]];
en_US_sappsd;KPPP000163;20;step_20_10;[[[Ƥűŗċĥąşē ŗēƣűįşįţįŏŋ įţēɱş ċŗēąţēƌ∙∙∙∙∙∙∙∙∙∙∙]]];
en_US_sappsd;KPPP000163;30;step_30_10;[[[Ƥűŗċĥąşē ŏŗƌēŗ įţēɱş ċŗēąţēƌ∙∙∙∙∙∙∙∙]]];
en_US_sappsd;KPPP000163;40;step_40_10;[[[Ģŏŏƌş ŗēċēįρţ ρŏşţēƌ ƒŏŗ ρűŗċĥąşē ŏŗƌēŗ įţēɱş∙∙∙∙∙∙∙∙∙∙∙∙∙∙∙∙∙]]];
en_US_sappsd;KPPP000164;10;step_10_10;[[[Ƥŗŏƌűċţįŏŋ ŏŗƌēŗ ŏρēŗąţįŏŋş ċŗēąţēƌ∙∙∙∙∙∙∙∙∙∙∙∙]]];
en_US_sappsd;KPPP000164;45;step_45_10;[[[Ŏρēŗąţįŏŋş ŵįţĥ ρŗŏƌűċţįŏŋ ŏŗƌēŗ ŗēĺēąşēƌ∙∙∙∙∙∙∙∙∙∙∙∙∙∙∙]]];
en_US_sappsd;KPPP000164;50;step_50_10;[[[Ŏρēŗąţįŏŋ ēχēċűţįŏŋ şţąŗţ ƌąţē ċŏŋƒįŗɱēƌ∙∙∙∙∙∙∙∙∙∙∙∙∙∙]]];
en_US_sappsd;KPPP000164;50;step_50_20;[[[Ŏρēŗąţįŏŋ ēχēċűţįŏŋ ƒįŋįşĥ ƌąţē ƒįŋąĺĺŷ ċŏŋƒįŗɱēƌ∙∙∙∙∙∙∙∙∙∙∙∙∙∙∙∙∙∙∙]]];
en_US_sappsd;KPPP000260;10;step_10_10;[[[Ƥŗŏċēşş ŏŗƌēŗş ċŗēąţēƌ∙∙∙∙∙]]];
en_US_sappsd;KPPP000260;10;step_10_20;[[[Ƥŗŏċēşş ŏŗƌēŗş ŗēĺēąşēƌ∙∙∙∙∙∙]]];
en_US_sappsd;KPPP000260;20;step_20_10;[[[Ƥŗŏċēşş ŏŗƌēŗş įŋįţįąĺĺŷ ċŏŋƒįŗɱēƌ∙∙∙∙∙∙∙∙∙∙∙]]];
en_US_sappsd;KPPP000260;30;step_30_10;[[[Ƥŗŏċēşş ŏŗƌēŗş ƌēĺįʋēŗēƌ∙∙∙∙∙∙]]];
en_US_sappsd;KPPP000260;40;step_40_10;[[[Ďēĺįʋēŗēƌ ρŗŏċēşş ŏŗƌēŗş ţēċĥŋįċąĺĺŷ ċŏɱρĺēţēƌ∙∙∙∙∙∙∙∙∙∙∙∙∙∙∙∙∙]]];
en_US_sappsd;KPPP000261;10;step_10_10;[[[Ƥŗŏċēşş ŏŗƌēŗş ċŗēąţēƌ∙∙∙∙∙]]];
en_US_sappsd;KPPP000261;10;step_10_20;[[[Ƥŗŏċēşş ŏŗƌēŗş ŗēĺēąşēƌ∙∙∙∙∙∙]]];
en_US_sappsd;KPPP000261;20;step_20_10;[[[Ƥŗŏċēşş ŏŗƌēŗş įŋįţįąĺĺŷ ċŏŋƒįŗɱēƌ∙∙∙∙∙∙∙∙∙∙∙]]];
en_US_sappsd;KPPP000261;30;step_30_10;[[[Ƥŗŏċēşş ŏŗƌēŗş ƌēĺįʋēŗēƌ∙∙∙∙∙∙]]];
en_US_sappsd;KPPP000261;40;step_40_10;[[[Ďēĺįʋēŗēƌ ρŗŏċēşş ŏŗƌēŗş ƒįŗşţ şēţţĺēƌ∙∙∙∙∙∙∙∙∙∙∙∙∙]]];
en_US_sappsd;KPPP000262;10;step_10_10;[[[Ƥŗŏċēşş ŏŗƌēŗ ċŏɱρŏŋēŋţş ċŗēąţēƌ∙∙∙∙∙∙∙∙∙∙]]];
en_US_sappsd;KPPP000262;10;step_10_20;[[[Ƥŗŏċēşş ŏŗƌēŗ ŗēĺēąşēƌ ƒŏŗ ċŏɱρŏŋēŋţş∙∙∙∙∙∙∙∙∙∙∙∙∙]]];
en_US_sappsd;KPPP000262;50;step_50_10;[[[Ƒįŗşţ ğŏŏƌş įşşűē ρŏşţēƌ ƒŏŗ ċŏɱρŏŋēŋţş∙∙∙∙∙∙∙∙∙∙∙∙∙∙]]];
en_US_sappsd;KPPP000263;10;step_10_10;[[[Ƥŗŏċēşş ŏŗƌēŗ ċŏɱρŏŋēŋţş ċŗēąţēƌ∙∙∙∙∙∙∙∙∙∙]]];
en_US_sappsd;KPPP000263;20;step_20_10;[[[Ƥűŗċĥąşē ŗēƣűįşįţįŏŋ įţēɱş ċŗēąţēƌ∙∙∙∙∙∙∙∙∙∙∙]]];
en_US_sappsd;KPPP000263;30;step_30_10;[[[Ƥűŗċĥąşē ŏŗƌēŗ įţēɱş ċŗēąţēƌ∙∙∙∙∙∙∙∙]]];
en_US_sappsd;KPPP000263;40;step_40_10;[[[Ģŏŏƌş ŗēċēįρţ ρŏşţēƌ ƒŏŗ ρűŗċĥąşē ŏŗƌēŗ įţēɱş∙∙∙∙∙∙∙∙∙∙∙∙∙∙∙∙∙]]];
en_US_sappsd;KPPP000264;10;step_10_10;[[[Ƥŗŏċēşş ŏŗƌēŗ ŏρēŗąţįŏŋş ċŗēąţēƌ∙∙∙∙∙∙∙∙∙∙]]];
en_US_sappsd;KPPP000264;45;step_45_10;[[[Ŏρēŗąţįŏŋş ŵįţĥ ρŗŏċēşş ŏŗƌēŗ ŗēĺēąşēƌ∙∙∙∙∙∙∙∙∙∙∙∙∙]]];
en_US_sappsd;KPPP000264;50;step_50_10;[[[Ŏρēŗąţįŏŋ ēχēċűţįŏŋ şţąŗţ ƌąţē ċŏŋƒįŗɱēƌ∙∙∙∙∙∙∙∙∙∙∙∙∙∙]]];
en_US_sappsd;KPPP000264;50;step_50_20;[[[Ŏρēŗąţįŏŋ ēχēċűţįŏŋ ƒįŋįşĥ ƌąţē ƒįŋąĺĺŷ ċŏŋƒįŗɱēƌ∙∙∙∙∙∙∙∙∙∙∙∙∙∙∙∙∙∙∙]]];
en_US_sappsd;KPPROJ0360;10;step_10_10;[[[ŴƁŜ ēĺēɱēŋţş ċŗēąţēƌ∙∙∙∙]]];
en_US_sappsd;KPPROJ0360;10;step_10_20;[[[ŴƁŜ ēĺēɱēŋţş ŗēĺēąşēƌ∙∙∙∙∙]]];
en_US_sappsd;KPPROJ0360;20;step_20_10;[[[ŴƁŜ ēĺēɱēŋţş ƒįŗşţ şēţţĺēƌ∙∙∙∙∙∙∙]]];
en_US_sappsd;KPPROJ0360;20;step_20_20;[[[ŴƁŜ ēĺēɱēŋţş ċĺŏşēƌ∙∙∙∙∙]]];
en_US_sappsd;KPPROJ0361;10;step_10_10;[[[ŴƁŜ ēĺēɱēŋţş ċŗēąţēƌ∙∙∙∙]]];
en_US_sappsd;KPPROJ0361;10;step_10_20;[[[ŴƁŜ ēĺēɱēŋţş ŗēĺēąşēƌ∙∙∙∙∙]]];
en_US_sappsd;KPPROJ0361;20;step_20_10;[[[ŴƁŜ ēĺēɱēŋţş ƒįŗşţ şēţţĺēƌ∙∙∙∙∙∙∙]]];
en_US_sappsd;KPPROJ0361;20;step_20_20;[[[ŴƁŜ ēĺēɱēŋţş ċĺŏşēƌ∙∙∙∙∙]]];
en_US_sappsd;KPPURCH260;10;step_10_10;[[[Ƥűŗċĥąşē ŏŗƌēŗ įţēɱş ċŗēąţēƌ∙∙∙∙∙∙∙∙]]];
en_US_sappsd;KPPURCH260;20;step_20_10;[[[Ģŏŏƌş ŗēċēįρţş ċŗēąţēƌ∙∙∙∙∙]]];
en_US_sappsd;KPPURCH260;30;step_30_10;[[[Ŝűρρĺįēŗ įŋʋŏįċēş ċŗēąţēƌ∙∙∙∙∙∙∙]]];
en_US_sappsd;KPPURCH260;40;step_40_10;[[[ƑĬ-ĀƤ įţēɱş ċĺēąŗēƌ∙∙∙∙∙]]];
en_US_sappsd;KPPURCH261;10;step_10_10;[[[Ƥűŗċĥąşē ŏŗƌēŗ įţēɱş ċŗēąţēƌ∙∙∙∙∙∙∙∙]]];
en_US_sappsd;KPPURCH261;20;step_20_10;[[[Ģŏŏƌş ŗēċēįρţş ċŗēąţēƌ∙∙∙∙∙]]];
en_US_sappsd;KPPURCH261;30;step_30_10;[[[Ŝűρρĺįēŗ įŋʋŏįċēş ċŗēąţēƌ∙∙∙∙∙∙∙]]];
en_US_sappsd;KPPURCH263;10;step_10_10;[[[Ƥűŗċĥąşē ŏŗƌēŗ įţēɱş ċŗēąţēƌ∙∙∙∙∙∙∙∙]]];
en_US_sappsd;KPPURCH263;20;step_20_10;[[[Ŝąĺēş ŏŗƌēŗ įţēɱş ċŗēąţēƌ∙∙∙∙∙∙∙]]];
en_US_sappsd;KPPURCH263;30;step_30_10;[[[Ďēĺįʋēŗŷ įţēɱş ċŗēąţēƌ∙∙∙∙∙]]];
en_US_sappsd;KPPURCH263;40;step_40_10;[[[Ģŏŏƌş įşşűēş ρŏşţēƌ∙∙∙∙∙]]];
en_US_sappsd;KPPURCH263;40;step_40_20;[[[Ģŏŏƌş ŗēċēįρţş ċŗēąţēƌ∙∙∙∙∙]]];
en_US_sappsd;KPPURCH263;50;step_50_10;[[[Ŝűρρĺįēŗ įŋʋŏįċēş ċŗēąţēƌ∙∙∙∙∙∙∙]]];
en_US_sappsd;KPPURCH265;10;step_10_10;[[[Ƥűŗċĥąşē ŏŗƌēŗ įţēɱş ċŗēąţēƌ∙∙∙∙∙∙∙∙]]];
en_US_sappsd;KPPURCH265;20;step_20_10;[[[Ŝűρρĺįēŗ įŋʋŏįċēş ċŗēąţēƌ∙∙∙∙∙∙∙]]];
en_US_sappsd;KPPURCH265;30;step_30_10;[[[ƑĬ-ĀƤ įţēɱş ċŗēąţēƌ∙∙∙∙∙]]];
en_US_sappsd;KPPURCH265;30;step_30_20;[[[ƑĬ-ĀƤ ċĺēąŗįŋğ ƌŏċűɱēŋţş ċŗēąţēƌ∙∙∙∙∙∙∙∙∙∙]]];
en_US_sappsd;KPPURCH266;10;step_10_10;[[[Ƥűŗċĥąşē ŏŗƌēŗ įţēɱş ċŗēąţēƌ∙∙∙∙∙∙∙∙]]];
en_US_sappsd;KPPURCH266;20;step_20_10;[[[Ģŏŏƌş ŗēċēįρţş ċŗēąţēƌ∙∙∙∙∙]]];
en_US_sappsd;KPPURCH266;30;step_30_10;[[[Ŝűρρĺįēŗ įŋʋŏįċēş ċŗēąţēƌ∙∙∙∙∙∙∙]]];
en_US_sappsd;KPPURCH267;10;step_10_10;[[[Ƥűŗċĥąşē ŏŗƌēŗ įţēɱş ċŗēąţēƌ∙∙∙∙∙∙∙∙]]];
en_US_sappsd;KPPURCH267;20;step_20_10;[[[Ƒįŗşţ şēŗʋįċē ēŋţŗŷ şĥēēţ ċŗēąţēƌ ƒŏŗ ρűŗċĥąşē ŏŗƌēŗ įţēɱş∙∙∙∙∙∙∙∙∙∙∙∙∙∙∙∙∙∙∙∙∙∙∙]]];
en_US_sappsd;KPPURCH267;20;step_20_20;[[[Ƒįŗşţ şēŗʋįċē ēŋţŗŷ şĥēēţ ąċċēρţēƌ ƒŏŗ ρűŗċĥąşē ŏŗƌēŗ įţēɱş∙∙∙∙∙∙∙∙∙∙∙∙∙∙∙∙∙∙∙∙∙∙∙∙]]];
en_US_sappsd;KPPURCH267;30;step_30_10;[[[Ƒįŗşţ įŋʋŏįċē ċŗēąţēƌ ƒŏŗ şēŗʋįċē ēŋţŗŷ şĥēēţ∙∙∙∙∙∙∙∙∙∙∙∙∙∙∙∙∙]]];
en_US_sappsd;KPPURCH268;10;step_10_10;[[[Ƥűŗċĥąşē ŏŗƌēŗ įţēɱş ċŗēąţēƌ∙∙∙∙∙∙∙∙]]];
en_US_sappsd;KPPURCH268;20;step_20_10;[[[Ģŏŏƌş ŗēċēįρţş ċŗēąţēƌ∙∙∙∙∙]]];
en_US_sappsd;KPPURCH268;30;step_30_10;[[[Ŝűρρĺįēŗ įŋʋŏįċēş ċŗēąţēƌ∙∙∙∙∙∙∙]]];
en_US_sappsd;KPPURCH360;10;step_10_10;[[[Ƥűŗċĥąşē ŗēƣűįşįţįŏŋ įţēɱş ċŗēąţēƌ∙∙∙∙∙∙∙∙∙∙∙]]];
en_US_sappsd;KPPURCH360;20;step_20_10;[[[Ƥűŗċĥąşē ŏŗƌēŗ įţēɱş ċŗēąţēƌ∙∙∙∙∙∙∙∙]]];
en_US_sappsd;KPPURCH362;10;step_10_10;[[[Ŝţŏċķ ţŗąŋşρŏŗţ ŗēƣűįşįţįŏŋ įţēɱş ċŗēąţēƌ∙∙∙∙∙∙∙∙∙∙∙∙∙∙∙]]];
en_US_sappsd;KPPURCH362;20;step_20_10;[[[Ŝţŏċķ ţŗąŋşρŏŗţ ŏŗƌēŗ įţēɱş ċŗēąţēƌ∙∙∙∙∙∙∙∙∙∙∙∙]]];
en_US_sappsd;KPPURCH460;10;step_10_10;[[[Ŝűρρĺįēŗ įŋʋŏįċēş įşşűēƌ∙∙∙∙∙∙]]];
en_US_sappsd;KPPURCH460;10;step_10_20;[[[Ŝűρρĺįēŗ įŋʋŏįċēş ċŗēąţēƌ ąŋƌ ρŏşţēƌ∙∙∙∙∙∙∙∙∙∙∙∙]]];
en_US_sappsd;KPPURCH460;20;step_20_10;[[[ƑĬ-ĀƤ įţēɱş ŗēĺēąşēƌ ƒŏŗ ρąŷɱēŋţ∙∙∙∙∙∙∙∙∙∙]]];
en_US_sappsd;KPPURCH460;20;step_20_20;[[[ƑĬ-ĀƤ ċĺēąŗįŋğ ƌŏċűɱēŋţş ċŗēąţēƌ∙∙∙∙∙∙∙∙∙∙]]];
en_US_sappsd;KPPURCH460;20;step_20_30;[[[ƑĬ-ĀƤ įţēɱş ċĺēąŗēƌ∙∙∙∙∙]]];
en_US_sappsd;KPPURCH560;10;step_10_10;[[[Ŝţŏċķ ţŗąŋşρŏŗţ ŏŗƌēŗ įţēɱş ċŗēąţēƌ∙∙∙∙∙∙∙∙∙∙∙∙]]];
en_US_sappsd;KPPURCH560;20;step_20_10;[[[Ŝţŏċķ ţŗąŋşρŏŗţ ŏŗƌēŗ įţēɱş įşşűēƌ∙∙∙∙∙∙∙∙∙∙∙]]];
en_US_sappsd;KPPURCH560;20;step_20_20;[[[Ŝţŏċķ ţŗąŋşρŏŗţ ŏŗƌēŗ įţēɱş ŗēċēįʋēƌ∙∙∙∙∙∙∙∙∙∙∙∙]]];
en_US_sappsd;KPPURCH561;10;step_10_10;[[[Ŝţŏċķ ţŗąŋşρŏŗţ ŏŗƌēŗ įţēɱş ċŗēąţēƌ∙∙∙∙∙∙∙∙∙∙∙∙]]];
en_US_sappsd;KPPURCH561;20;step_20_10;[[[Ŝţŏċķ ţŗąŋşρŏŗţ ŏŗƌēŗ įţēɱş ƌēĺįʋēŗēƌ∙∙∙∙∙∙∙∙∙∙∙∙∙]]];
en_US_sappsd;KPPURCH561;20;step_20_20;[[[Ŝţŏċķ ţŗąŋşρŏŗţ ŏŗƌēŗ įţēɱş įşşűēƌ∙∙∙∙∙∙∙∙∙∙∙]]];
en_US_sappsd;KPPURCH561;30;step_30_10;[[[Ŝţŏċķ ţŗąŋşρŏŗţ ŏŗƌēŗ įţēɱş ŗēċēįʋēƌ∙∙∙∙∙∙∙∙∙∙∙∙]]];
en_US_sappsd;KPPURCH562;10;step_10_10;[[[Ŝţŏċķ ţŗąŋşρŏŗţ ŏŗƌēŗ įţēɱş ċŗēąţēƌ∙∙∙∙∙∙∙∙∙∙∙∙]]];
en_US_sappsd;KPPURCH562;20;step_20_10;[[[Ŝţŏċķ ţŗąŋşρŏŗţ ŏŗƌēŗ įţēɱş ƌēĺįʋēŗēƌ∙∙∙∙∙∙∙∙∙∙∙∙∙]]];
en_US_sappsd;KPPURCH562;20;step_20_20;[[[Ŝţŏċķ ţŗąŋşρŏŗţ ŏŗƌēŗ įţēɱş įşşűēƌ∙∙∙∙∙∙∙∙∙∙∙]]];
en_US_sappsd;KPPURCH562;30;step_30_10;[[[Ŝţŏċķ ţŗąŋşρŏŗţ ŏŗƌēŗ įţēɱş ŗēċēįʋēƌ∙∙∙∙∙∙∙∙∙∙∙∙]]];
en_US_sappsd;KPPURCH562;40;step_40_03;[[[ƑĬ-ĀŘ įţēɱş ċŗēąţēƌ∙∙∙∙∙]]];
en_US_sappsd;KPPURCH562;40;step_40_07;[[[ƑĬ-ĀƤ įţēɱş ċŗēąţēƌ∙∙∙∙∙]]];
en_US_sappsd;KPPURCH562;40;step_40_10;[[[ƑĬ-ĀƤ įţēɱş ċĺēąŗēƌ∙∙∙∙∙]]];
en_US_sappsd;KPPURCH562;40;step_40_20;[[[ƑĬ-ĀŘ įţēɱş ċĺēąŗēƌ∙∙∙∙∙]]];
en_US_sappsd;KPPURCH660;10;step_10_10;[[[Ŝċĥēƌűĺįŋğ ąğŗēēɱēŋţ įţēɱş ċŗēąţēƌ∙∙∙∙∙∙∙∙∙∙∙]]];
en_US_sappsd;KPPURCH660;10;step_10_20;[[[Ʋąĺįƌįţŷ şţąŗţ ŏƒ şċĥēƌűĺįŋğ ąğŗēēɱēŋţş∙∙∙∙∙∙∙∙∙∙∙∙∙∙]]];
en_US_sappsd;KPPURCH660;20;step_20_10;[[[Ʋąĺįƌįţŷ ēŋƌ ŏƒ şċĥēƌűĺįŋğ ąğŗēēɱēŋţş įŋ ţĥē ρąşţ∙∙∙∙∙∙∙∙∙∙∙∙∙∙∙∙∙∙∙]]];
en_US_sappsd;KPPURCH661;10;step_10_10;[[[Ǭűąŋţįţŷ ċŏŋţŗąċţ įţēɱş ċŗēąţēƌ∙∙∙∙∙∙∙∙∙∙]]];
en_US_sappsd;KPPURCH661;10;step_10_20;[[[Ʋąĺįƌįţŷ şţąŗţ ŏƒ ƣűąŋţįţŷ ċŏŋţŗąċţş∙∙∙∙∙∙∙∙∙∙∙∙]]];
en_US_sappsd;KPPURCH661;20;step_20_10;[[[Ƒįŗşţ ŗēĺēąşē ŏŗƌēŗ ċŗēąţēƌ ƒŏŗ ċŏŋţŗąċţ įţēɱş∙∙∙∙∙∙∙∙∙∙∙∙∙∙∙∙∙]]];
en_US_sappsd;KPPURCH661;20;step_20_20;[[[Ʋąĺįƌįţŷ ēŋƌ ŏƒ ƣűąŋţįţŷ ċŏŋţŗąċţş įŋ ţĥē ρąşţ∙∙∙∙∙∙∙∙∙∙∙∙∙∙∙∙∙]]];
en_US_sappsd;KPPURCH662;10;step_10_10;[[[Ʋąĺűē ċŏŋţŗąċţ įţēɱş ċŗēąţēƌ∙∙∙∙∙∙∙∙]]];
en_US_sappsd;KPPURCH662;10;step_10_20;[[[Ʋąĺįƌįţŷ şţąŗţ ŏƒ ʋąĺűē ċŏŋţŗąċţş∙∙∙∙∙∙∙∙∙∙∙]]];
en_US_sappsd;KPPURCH662;20;step_20_10;[[[Ƒįŗşţ ŗēĺēąşē ŏŗƌēŗ ċŗēąţēƌ ƒŏŗ ċŏŋţŗąċţ įţēɱş∙∙∙∙∙∙∙∙∙∙∙∙∙∙∙∙∙]]];
en_US_sappsd;KPPURCH662;20;step_20_20;[[[Ʋąĺįƌįţŷ ēŋƌ ŏƒ ʋąĺűē ċŏŋţŗąċţş įŋ ţĥē ρąşţ∙∙∙∙∙∙∙∙∙∙∙∙∙∙∙∙]]];
en_US_sappsd;KPSD000260;10;step_10_10;[[[Ŝąĺēş ƃįĺĺįŋğ ƌŏċűɱēŋţş ċŗēąţēƌ∙∙∙∙∙∙∙∙∙∙]]];
en_US_sappsd;KPSD000260;20;step_20_10;[[[ƑĬ-ĀŘ įţēɱş ċŗēąţēƌ∙∙∙∙∙]]];
en_US_sappsd;KPSD000260;20;step_20_20;[[[ƑĬ-ĀŘ įţēɱş ċĺēąŗēƌ∙∙∙∙∙]]];
en_US_sappsd;KPSD000360;10;step_10_10;[[[Ŝąĺēş ŏŗƌēŗ įţēɱş ċŗēąţēƌ∙∙∙∙∙∙∙]]];
en_US_sappsd;KPSD000360;20;step_20_10;[[[Ďēĺįʋēŗŷ įţēɱş ċŗēąţēƌ∙∙∙∙∙]]];
en_US_sappsd;KPSD000361;10;step_10_10;[[[Ŝąĺēş ŏŗƌēŗ įţēɱş ċŗēąţēƌ∙∙∙∙∙∙∙]]];
en_US_sappsd;KPSD000361;20;step_20_10;[[[Ďēĺįʋēŗŷ įţēɱş ċŗēąţēƌ∙∙∙∙∙]]];
en_US_sappsd;KPSD000361;30;step_30_10;[[[Ģŏŏƌş įşşűē ρŏşţēƌ∙∙∙∙∙∙]]];
en_US_sappsd;KPSD000361;40;step_40_10;[[[Ĉűşţŏɱēŗ įŋʋŏįċē įţēɱş ċŗēąţēƌ∙∙∙∙∙∙∙∙∙]]];
en_US_sappsd;KPSD000362;10;step_10_10;[[[Ŝąĺēş ŏŗƌēŗ įţēɱş ċŗēąţēƌ∙∙∙∙∙∙∙]]];
en_US_sappsd;KPSD000362;20;step_20_10;[[[Ďēĺįʋēŗŷ įţēɱş ċŗēąţēƌ∙∙∙∙∙]]];
en_US_sappsd;KPSD000362;30;step_30_10;[[[Ģŏŏƌş įşşűē ρŏşţēƌ∙∙∙∙∙∙]]];
en_US_sappsd;KPSD000362;40;step_40_10;[[[Ĉűşţŏɱēŗ įŋʋŏįċē įţēɱş ċŗēąţēƌ∙∙∙∙∙∙∙∙∙]]];
en_US_sappsd;KPSD000362;50;step_50_10;[[[ƑĬ-ĀŘ įţēɱş ċŗēąţēƌ∙∙∙∙∙]]];
en_US_sappsd;KPSD000362;50;step_50_20;[[[ƑĬ-ĀŘ įţēɱş ċĺēąŗēƌ∙∙∙∙∙]]];
en_US_sappsd;KPSD000363;10;step_10_10;[[[Ŝąĺēş ŏŗƌēŗ įţēɱş ċŗēąţēƌ∙∙∙∙∙∙∙]]];
en_US_sappsd;KPSD000363;20;step_20_10;[[[Ƥűŗċĥąşē ŗēƣűįşįţįŏŋ įţēɱş ċŗēąţēƌ∙∙∙∙∙∙∙∙∙∙∙]]];
en_US_sappsd;KPSD000363;30;step_30_10;[[[Ƥűŗċĥąşē ŏŗƌēŗ įţēɱş ċŗēąţēƌ∙∙∙∙∙∙∙∙]]];
en_US_sappsd;KPSD000363;40;step_40_10;[[[Ŝűρρĺįēŗ įŋʋŏįċē ċŗēąţēƌ∙∙∙∙∙∙]]];
en_US_sappsd;KPSD000363;50;step_50_10;[[[Ĉűşţŏɱēŗ įŋʋŏįċē įţēɱş ċŗēąţēƌ∙∙∙∙∙∙∙∙∙]]];
en_US_sappsd;KPSD000364;10;step_10_10;[[[Ŝąĺēş ŏŗƌēŗ įţēɱş ċŗēąţēƌ∙∙∙∙∙∙∙]]];
en_US_sappsd;KPSD000364;20;step_20_10;[[[Ƥűŗċĥąşē ŗēƣűįşįţįŏŋ įţēɱş ċŗēąţēƌ∙∙∙∙∙∙∙∙∙∙∙]]];
en_US_sappsd;KPSD000364;30;step_30_10;[[[Ƥűŗċĥąşē ŏŗƌēŗ įţēɱş ċŗēąţēƌ∙∙∙∙∙∙∙∙]]];
en_US_sappsd;KPSD000364;40;step_40_10;[[[Ģŏŏƌş ŗēċēįρţ ρŏşţēƌ∙∙∙∙]]];
en_US_sappsd;KPSD000364;40;step_40_20;[[[Ģŏŏƌş įşşűē ρŏşţēƌ∙∙∙∙∙∙]]];
en_US_sappsd;KPSD000364;50;step_50_10;[[[Ĉűşţŏɱēŗ įŋʋŏįċē įţēɱş ċŗēąţēƌ∙∙∙∙∙∙∙∙∙]]];
en_US_sappsd;KPSD000365;10;step_10_10;[[[Ŝąĺēş ŏŗƌēŗ įţēɱş ċŗēąţēƌ∙∙∙∙∙∙∙]]];
en_US_sappsd;KPSD000365;20;step_20_10;[[[Μąŋűƒąċţűŗįŋğ ŏŗƌēŗş ċŗēąţēƌ∙∙∙∙∙∙∙∙]]];
en_US_sappsd;KPSD000365;20;step_20_20;[[[Μąŋűƒąċţűŗįŋğ ŏŗƌēŗş ŗēĺēąşēƌ∙∙∙∙∙∙∙∙∙]]];
en_US_sappsd;KPSD000365;30;step_30_10;[[[Μąŋűƒąċţűŗįŋğ ŏŗƌēŗş įŋįţįąĺĺŷ ċŏŋƒįŗɱēƌ∙∙∙∙∙∙∙∙∙∙∙∙∙∙]]];
en_US_sappsd;KPSD000365;40;step_40_10;[[[Μąŋűƒąċţűŗįŋğ ŏŗƌēŗş ƌēĺįʋēŗēƌ∙∙∙∙∙∙∙∙∙]]];
en_US_sappsd;KPSD000365;40;step_40_20;[[[Ŝąĺēş ŏŗƌēŗ įţēɱş ŵįţĥ ğŏŏƌş įşşűē ρŏşţēƌ∙∙∙∙∙∙∙∙∙∙∙∙∙∙∙]]];
en_US_sappsd;KPSD000365;50;step_50_10;[[[Ĉűşţŏɱēŗ įŋʋŏįċē įţēɱş ċŗēąţēƌ∙∙∙∙∙∙∙∙∙]]];
en_US_sappsd;KPSD000366;10;step_10_10;[[[Ŝąĺēş ŏŗƌēŗ įţēɱş ċŗēąţēƌ∙∙∙∙∙∙∙]]];
en_US_sappsd;KPSD000366;20;step_20_10;[[[Ďēĺįʋēŗŷ įţēɱş ċŗēąţēƌ∙∙∙∙∙]]];
en_US_sappsd;KPSD000366;30;step_30_10;[[[Ģŏŏƌş įşşűē ρŏşţēƌ∙∙∙∙∙∙]]];
en_US_sappsd;KPSD000366;40;step_40_10;[[[Ĉűşţŏɱēŗ įŋʋŏįċē įţēɱş ċŗēąţēƌ∙∙∙∙∙∙∙∙∙]]];
en_US_sappsd;KPSD000366;50;step_50_10;[[[Ĉűşţŏɱēŗ ƑĬ-ĀŘ įţēɱş ċŗēąţēƌ∙∙∙∙∙∙∙∙]]];
en_US_sappsd;KPSD000366;60;step_60_10;[[[Ĭŋţēŗċŏɱρąŋŷ ƌŏċűɱēŋţş ċŗēąţēƌ∙∙∙∙∙∙∙∙∙]]];
en_US_sappsd;KPSD000366;70;step_70_10;[[[Ĭŋţēŗċŏɱρąŋŷ ƑĬ-ĀŘ įţēɱş ċŗēąţēƌ∙∙∙∙∙∙∙∙∙∙]]];
en_US_sappsd;KPSD000366;70;step_70_20;[[[Ĭŋţēŗċŏɱρąŋŷ ƑĬ-ĀƤ įţēɱş ċŗēąţēƌ∙∙∙∙∙∙∙∙∙∙]]];
en_US_sappsd;KPSD000367;10;step_10_10;[[[Ŝąĺēş ŏŗƌēŗ įţēɱş ċŗēąţēƌ∙∙∙∙∙∙∙]]];
en_US_sappsd;KPSD000367;20;step_20_10;[[[Ĉűşţŏɱēŗ įŋʋŏįċēş ċŗēąţēƌ∙∙∙∙∙∙∙]]];
en_US_sappsd;KPSD000367;30;step_30_10;[[[ƑĬ-ĀŘ įţēɱş ċŗēąţēƌ∙∙∙∙∙]]];
en_US_sappsd;KPSD000367;30;step_30_20;[[[ƑĬ-ĀŘ įţēɱş ċĺēąŗēƌ∙∙∙∙∙]]];
en_US_sappsd;KPSD000368;10;step_10_10;[[[Ǭűŏţąţįŏŋ įţēɱş ċŗēąţēƌ∙∙∙∙∙∙]]];
en_US_sappsd;KPSD000368;20;step_20_10;[[[Ƒįŗşţ şąĺēş ŏŗƌēŗ įţēɱş ċŗēąţēƌ ŗēƒēŗēŋċįŋğ ƣűŏţąţįŏŋ įţēɱ∙∙∙∙∙∙∙∙∙∙∙∙∙∙∙∙∙∙∙∙∙∙∙]]];
en_US_sappsd;KPSD000368;20;step_20_20;[[[Ǭűŏţąţįŏŋ įţēɱş ƒűĺĺŷ ρŗŏċēşşēƌ∙∙∙∙∙∙∙∙∙∙]]];
en_US_sappsd;KPSD000369;10;step_10_10;[[[Ŝąĺēş ŏŗƌēŗ įţēɱş ċŗēąţēƌ∙∙∙∙∙∙∙]]];
en_US_sappsd;KPSD000369;50;step_50_10;[[[Ďēĺįʋēŗŷ įţēɱş ċŗēąţēƌ∙∙∙∙∙]]];
en_US_sappsd;KPSD000380;10;step_10_10;[[[Řēţűŗŋş ŏŗƌēŗ įţēɱş ċŗēąţēƌ∙∙∙∙∙∙∙∙]]];
en_US_sappsd;KPSD000380;20;step_20_10;[[[Řēţűŗŋş ƌēĺįʋēŗŷ įţēɱş ċŗēąţēƌ∙∙∙∙∙∙∙∙∙]]];
en_US_sappsd;KPSD000380;30;step_30_10;[[[Ģŏŏƌş ŗēċēįρţ ρŏşţēƌ∙∙∙∙]]];
en_US_sappsd;KPSD000380;40;step_40_10;[[[Ĉŗēƌįţ ɱēɱŏ įţēɱş ċŗēąţēƌ∙∙∙∙∙∙∙]]];
en_US_sappsd;KPSD000460;10;step_10_10;[[[Ďēƃįţ ɱēɱŏ ŗēƣűēşţ įţēɱş ċŗēąţēƌ∙∙∙∙∙∙∙∙∙∙]]];
en_US_sappsd;KPSD000460;20;step_20_10;[[[Ďēƃįţ ɱēɱŏ įţēɱş ċŗēąţēƌ∙∙∙∙∙∙]]];
en_US_sappsd;KPSD000460;30;step_30_10;[[[ƑĬ-ĀŘ įţēɱş ċŗēąţēƌ∙∙∙∙∙]]];
en_US_sappsd;KPSD000460;30;step_30_20;[[[ƑĬ-ĀŘ įţēɱş ċĺēąŗēƌ∙∙∙∙∙]]];
en_US_sappsd;KPSD000462;10;step_10_10;[[[Ĉŗēƌįţ ɱēɱŏ ŗēƣűēşţ įţēɱş ċŗēąţēƌ∙∙∙∙∙∙∙∙∙∙∙]]];
en_US_sappsd;KPSD000462;20;step_20_10;[[[Ĉŗēƌįţ ɱēɱŏ įţēɱş ċŗēąţēƌ∙∙∙∙∙∙∙]]];
en_US_sappsd;KPSD000462;30;step_30_10;[[[ƑĬ-ĀŘ įţēɱş ċŗēąţēƌ∙∙∙∙∙]]];
en_US_sappsd;KPSD000462;30;step_30_20;[[[ƑĬ-ĀŘ įţēɱş ċĺēąŗēƌ∙∙∙∙∙]]];
en_US_sappsd;KWMD000160;10;step_10_10;[[[Ŵŏŗķ şċĥēƌűĺįŋğ ʋįēŵ ċŗēąţēƌ įŋ ɱąţēŗįąĺ ɱąşţēŗ∙∙∙∙∙∙∙∙∙∙∙∙∙∙∙∙∙∙]]];
en_US_sappsd;KWMD000160;20;step_20_10;[[[Ɓįĺĺ ŏƒ ɱąţēŗįąĺ ċŗēąţēƌ∙∙∙∙∙∙]]];
en_US_sappsd;KWMD000160;30;step_30_10;[[[Řŏűţįŋğ ċŗēąţēƌ∙∙∙∙]]];
en_US_sappsd;KWMD000160;40;step_40_10;[[[Ĉŏşţ ēşţįɱąţē ċŗēąţēƌ ŵįţĥŏűţ ēŗŗŏŗş∙∙∙∙∙∙∙∙∙∙∙∙]]];
en_US_sappsd;KWMD000160;40;step_40_20;[[[Ĉŏşţ ēşţįɱąţē ŗēĺēąşēƌ∙∙∙∙∙]]];
en_US_sappsd;KWMD000160;50;step_50_10;[[[Ƒįŗşţ ρŗŏƌűċţįŏŋ ŏŗƌēŗ ċŗēąţēƌ∙∙∙∙∙∙∙∙∙]]];
en_US_sappsd;KWMD000160;50;step_50_20;[[[Ƒįŗşţ ρŗŏƌűċţįŏŋ ŏŗƌēŗ ƌēĺįʋēŗēƌ∙∙∙∙∙∙∙∙∙∙]]];
en_US_sappsd;KWMD000161;10;step_10_10;[[[Ŵŏŗķ şċĥēƌűĺįŋğ ʋįēŵ ċŗēąţēƌ įŋ ɱąţēŗįąĺ ɱąşţēŗ∙∙∙∙∙∙∙∙∙∙∙∙∙∙∙∙∙∙]]];
en_US_sappsd;KWMD000161;20;step_20_10;[[[Ɓįĺĺ ŏƒ ɱąţēŗįąĺ ċŗēąţēƌ∙∙∙∙∙∙]]];
en_US_sappsd;KWMD000161;30;step_30_10;[[[Μąşţēŗ ŗēċįρē ċŗēąţēƌ∙∙∙∙∙]]];
en_US_sappsd;KWMD000161;40;step_40_10;[[[Ĉŏşţ ēşţįɱąţē ċŗēąţēƌ ŵįţĥŏűţ ēŗŗŏŗş∙∙∙∙∙∙∙∙∙∙∙∙]]];
en_US_sappsd;KWMD000161;40;step_40_20;[[[Ĉŏşţ ēşţįɱąţē ŗēĺēąşēƌ∙∙∙∙∙]]];
en_US_sappsd;KWMD000161;50;step_50_10;[[[Ƒįŗşţ ρŗŏċēşş ŏŗƌēŗ ċŗēąţēƌ∙∙∙∙∙∙∙∙]]];
en_US_sappsd;KWMD000161;50;step_50_20;[[[Ƒįŗşţ ρŗŏċēşş ŏŗƌēŗ ƌēĺįʋēŗēƌ∙∙∙∙∙∙∙∙∙]]];
en_US_sappsd;KWMD000260;10;step_10_10;[[[Ĉűşţŏɱēŗ ɱąşţēŗ ƌąţą ċŗēąţēƌ ƒŏŗ şąĺēş ąŗēą∙∙∙∙∙∙∙∙∙∙∙∙∙∙∙∙]]];
en_US_sappsd;KWMD000260;30;step_30_10;[[[Ƒįŗşţ şąĺēş ŏŗƌēŗ ċŗēąţēƌ ƒŏŗ ċűşţŏɱēŗ∙∙∙∙∙∙∙∙∙∙∙∙∙]]];
en_US_sappsd;KWMD000260;40;step_40_10;[[[Ƒįŗşţ įŋʋŏįċē ċŗēąţēƌ ƒŏŗ ƒįŗşţ şąĺēş ŏŗƌēŗ∙∙∙∙∙∙∙∙∙∙∙∙∙∙∙∙]]];
en_US_sappsd;KWMD000260;50;step_50_10;[[[Ƒįŗşţ įŋʋŏįċē ċĺēąŗēƌ ƒŏŗ ƒįŗşţ şąĺēş ŏŗƌēŗ∙∙∙∙∙∙∙∙∙∙∙∙∙∙∙∙]]];
en_US_sappsd;KWMD000360;10;step_10_10;[[[Ŝűρρĺįēŗ ɱąşţēŗ ƌąţą ċŗēąţēƌ ƒŏŗ ρűŗċĥąşįŋğ ŏŗğąŋįžąţįŏŋ∙∙∙∙∙∙∙∙∙∙∙∙∙∙∙∙∙∙∙∙∙∙]]];
en_US_sappsd;KWMD000360;30;step_30_10;[[[Ƒįŗşţ ρűŗċĥąşē ŏŗƌēŗ ċŗēąţēƌ ƒŏŗ şűρρĺįēŗ∙∙∙∙∙∙∙∙∙∙∙∙∙∙∙]]];
en_US_sappsd;KWMD000360;40;step_40_10;[[[Ƒįŗşţ įŋʋŏįċē ċŗēąţēƌ ƒŏŗ ƒįŗşţ ρűŗċĥąşē ŏŗƌēŗ∙∙∙∙∙∙∙∙∙∙∙∙∙∙∙∙∙]]];
en_US_sappsd;KWMD000360;40;step_40_20;[[[Ƒįŗşţ įŋʋŏįċē ċĺēąŗēƌ ƒŏŗ ƒįŗşţ ρűŗċĥąşē ŏŗƌēŗ∙∙∙∙∙∙∙∙∙∙∙∙∙∙∙∙∙]]];
en_US_sappsd;KWPM000160;10;step_10_10;[[[Μąįŋţēŋąŋċē ŋŏţįƒįċąţįŏŋş ċŗēąţēƌ∙∙∙∙∙∙∙∙∙∙∙]]];
en_US_sappsd;KWPM000160;10;step_10_20;[[[Μąįŋţēŋąŋċē ŋŏţįƒįċąţįŏŋş ρŗŏċēşşįŋğ şţąŗţēƌ∙∙∙∙∙∙∙∙∙∙∙∙∙∙∙∙]]];
en_US_sappsd;KWPM000160;10;step_10_30;[[[Ƥŗŏċēşşēƌ ɱąįŋţēŋąŋċē ŋŏţįƒįċąţįŏŋş ċŏɱρĺēţēƌ∙∙∙∙∙∙∙∙∙∙∙∙∙∙∙∙∙]]];
en_US_sappsd;KWPM000161;10;step_10_10;[[[Ŝēŗʋįċē ŋŏţįƒįċąţįŏŋş ċŗēąţēƌ∙∙∙∙∙∙∙∙∙]]];
en_US_sappsd;KWPM000161;10;step_10_20;[[[Ŝēŗʋįċē ŋŏţįƒįċąţįŏŋş ρŗŏċēşşįŋğ şţąŗţēƌ∙∙∙∙∙∙∙∙∙∙∙∙∙∙]]];
en_US_sappsd;KWPM000161;10;step_10_30;[[[Ƥŗŏċēşşēƌ şēŗʋįċē ŋŏţįƒįċąţįŏŋş ċŏɱρĺēţēƌ∙∙∙∙∙∙∙∙∙∙∙∙∙∙∙]]];
en_US_sappsd;KWPM000260;10;step_10_10;[[[Μąįŋţēŋąŋċē ŏŗƌēŗş ċŗēąţēƌ∙∙∙∙∙∙∙]]];
en_US_sappsd;KWPM000260;10;step_10_20;[[[Μąįŋţēŋąŋċē ŏŗƌēŗş ŗēĺēąşēƌ∙∙∙∙∙∙∙∙]]];
en_US_sappsd;KWPM000260;20;step_20_10;[[[Μąįŋţēŋąŋċē ŏŗƌēŗş įŋįţįąĺĺŷ ċŏŋƒįŗɱēƌ∙∙∙∙∙∙∙∙∙∙∙∙∙]]];
en_US_sappsd;KWPM000260;20;step_20_20;[[[Μąįŋţēŋąŋċē ŏŗƌēŗş ƒįŋąĺĺŷ ċŏŋƒįŗɱēƌ∙∙∙∙∙∙∙∙∙∙∙∙]]];
en_US_sappsd;KWPM000260;30;step_30_10;[[[Μąįŋţēŋąŋċē ŏŗƌēŗş ċŏŋƒįŗɱēƌ ąŋƌ ţēċĥŋįċąĺĺŷ ċŏɱρĺēţēƌ∙∙∙∙∙∙∙∙∙∙∙∙∙∙∙∙∙∙∙∙∙]]];
en_US_sappsd;KWPM000260;30;step_30_20;[[[Μąįŋţēŋąŋċē ŏŗƌēŗş ċŏŋƒįŗɱēƌ ąŋƌ ċĺŏşēƌ∙∙∙∙∙∙∙∙∙∙∙∙∙∙]]];
en_US_sappsd;KWPM000261;10;step_10_10;[[[Μąįŋţēŋąŋċē ŏŗƌēŗş ċŗēąţēƌ∙∙∙∙∙∙∙]]];
en_US_sappsd;KWPM000261;10;step_10_20;[[[Μąįŋţēŋąŋċē ŏŗƌēŗş ŗēĺēąşēƌ∙∙∙∙∙∙∙∙]]];
en_US_sappsd;KWPM000261;20;step_20_10;[[[Μąįŋţēŋąŋċē ŏŗƌēŗş įŋįţįąĺĺŷ ċŏŋƒįŗɱēƌ∙∙∙∙∙∙∙∙∙∙∙∙∙]]];
en_US_sappsd;KWPM000261;30;step_30_10;[[[Μąįŋţēŋąŋċē ŏŗƌēŗş ţēċĥŋįċąĺĺŷ ċŏɱρĺēţēƌ∙∙∙∙∙∙∙∙∙∙∙∙∙∙]]];
en_US_sappsd;KWPM000261;40;step_40_10;[[[Μąįŋţēŋąŋċē ŏŗƌēŗş ƒįŗşţ şēţţĺēƌ∙∙∙∙∙∙∙∙∙∙]]];
en_US_sappsd;KWPM000262;10;step_10_10;[[[Ŝēŗʋįċē ŏŗƌēŗş ċŗēąţēƌ∙∙∙∙∙]]];
en_US_sappsd;KWPM000262;10;step_10_20;[[[Ŝēŗʋįċē ŏŗƌēŗş ŗēĺēąşēƌ∙∙∙∙∙∙]]];
en_US_sappsd;KWPM000262;20;step_20_10;[[[Ŝēŗʋįċē ŏŗƌēŗş įŋįţįąĺĺŷ ċŏŋƒįŗɱēƌ∙∙∙∙∙∙∙∙∙∙∙]]];
en_US_sappsd;KWPM000262;20;step_20_20;[[[Ŝēŗʋįċē ŏŗƌēŗş ƒįŋąĺĺŷ ċŏŋƒįŗɱēƌ∙∙∙∙∙∙∙∙∙∙]]];
en_US_sappsd;KWPM000262;30;step_30_10;[[[Ŝēŗʋįċē ŏŗƌēŗş ċŏŋƒįŗɱēƌ ąŋƌ ţēċĥŋįċąĺĺŷ ċŏɱρĺēţēƌ∙∙∙∙∙∙∙∙∙∙∙∙∙∙∙∙∙∙∙]]];
en_US_sappsd;KWPM000262;30;step_30_20;[[[Ŝēŗʋįċē ŏŗƌēŗş ċŏŋƒįŗɱēƌ ąŋƌ ċĺŏşēƌ∙∙∙∙∙∙∙∙∙∙∙∙]]];
en_US_sappsd;KWPM000263;10;step_10_10;[[[Ŝēŗʋįċē ŏŗƌēŗş ċŗēąţēƌ∙∙∙∙∙]]];
en_US_sappsd;KWPM000263;10;step_10_20;[[[Ŝēŗʋįċē ŏŗƌēŗş ŗēĺēąşēƌ∙∙∙∙∙∙]]];
en_US_sappsd;KWPM000263;20;step_20_10;[[[Ŝēŗʋįċē ŏŗƌēŗş įŋįţįąĺĺŷ ċŏŋƒįŗɱēƌ∙∙∙∙∙∙∙∙∙∙∙]]];
en_US_sappsd;KWPM000263;30;step_30_10;[[[Ŝēŗʋįċē ŏŗƌēŗş ţēċĥŋįċąĺĺŷ ċŏɱρĺēţēƌ∙∙∙∙∙∙∙∙∙∙∙∙]]];
en_US_sappsd;KWPM000263;40;step_40_10;[[[Ŝēŗʋįċē ŏŗƌēŗş ƒįŗşţ şēţţĺēƌ∙∙∙∙∙∙∙∙]]];
en_US_sappsd;KWPM000264;10;step_10_10;[[[Μąįŋţēŋąŋċē ŏŗƌēŗ ċŏɱρŏŋēŋţş ċŗēąţēƌ∙∙∙∙∙∙∙∙∙∙∙∙]]];
en_US_sappsd;KWPM000264;10;step_10_20;[[[Μąįŋţēŋąŋċē ŏŗƌēŗ ŗēĺēąşēƌ ƒŏŗ ċŏɱρŏŋēŋţş∙∙∙∙∙∙∙∙∙∙∙∙∙∙∙]]];
en_US_sappsd;KWPM000264;40;step_40_10;[[[Ƒįŗşţ ğŏŏƌş įşşűē ρŏşţēƌ ƒŏŗ ċŏɱρŏŋēŋţş∙∙∙∙∙∙∙∙∙∙∙∙∙∙]]];
en_US_sappsd;KWPM000265;10;step_10_10;[[[Ŝēŗʋįċē ŏŗƌēŗ ċŏɱρŏŋēŋţş ċŗēąţēƌ∙∙∙∙∙∙∙∙∙∙]]];
en_US_sappsd;KWPM000265;10;step_10_20;[[[Ŝēŗʋįċē ŏŗƌēŗ ŗēĺēąşēƌ ƒŏŗ ċŏɱρŏŋēŋţş∙∙∙∙∙∙∙∙∙∙∙∙∙]]];
en_US_sappsd;KWPM000265;40;step_40_10;[[[Ƒįŗşţ ğŏŏƌş įşşűē ρŏşţēƌ ƒŏŗ ċŏɱρŏŋēŋţş∙∙∙∙∙∙∙∙∙∙∙∙∙∙]]];
en_US_sappsd;KWPM000462;10;step_10_10;[[[Μąįŋţēŋąŋċē įţēɱş ċŗēąţēƌ∙∙∙∙∙∙∙]]];
en_US_sappsd;KWPM000462;20;step_20_10;[[[Ƒįŗşţ şēŗʋįċē ŏŗƌēŗ ċŗēąţēƌ ƒŏŗ ɱąįŋţēŋąŋċē įţēɱş∙∙∙∙∙∙∙∙∙∙∙∙∙∙∙∙∙∙∙]]];
en_US_sappsd;KWPM000462;20;step_20_20;[[[Ƒįŗşţ şēŗʋįċē ŏŗƌēŗ ċŏɱρĺēţēƌ ƒŏŗ ɱąįŋţēŋąŋċē įţēɱş∙∙∙∙∙∙∙∙∙∙∙∙∙∙∙∙∙∙∙∙]]];
en_US_sappsd;KWPM000462;30;step_30_10;[[[Μąįŋţēŋąŋċē įţēɱş ŵįţĥ ēŋƌ ƌąţē ŏƒ şēŗʋįċē ċŏŋţŗąċţ ŗēąċĥēƌ∙∙∙∙∙∙∙∙∙∙∙∙∙∙∙∙∙∙∙∙∙∙∙∙]]];
en_US_sappsd;KWQM000161;10;step_10_10;[[[Ĭŋşρēċţįŏŋ ĺŏţş ċŗēąţēƌ∙∙∙∙∙∙]]];
en_US_sappsd;KWQM000161;50;step_50_10;[[[Ĭŋşρēċţįŏŋ ĺŏţş ŵįţĥ űşąğē ƌēċįşįŏŋ ţąķēŋ∙∙∙∙∙∙∙∙∙∙∙∙∙∙∙]]];
en_US_sappsd;KWQM000162;10;step_10_10;[[[Ĭŋşρēċţįŏŋ ĺŏţş ċŗēąţēƌ∙∙∙∙∙∙]]];
en_US_sappsd;KWQM000162;50;step_50_10;[[[Ĭŋşρēċţįŏŋ ĺŏţş ŵįţĥ űşąğē ƌēċįşįŏŋ ţąķēŋ∙∙∙∙∙∙∙∙∙∙∙∙∙∙∙]]];
en_US_sappsd;KWQM000163;10;step_10_10;[[[Ĭŋşρēċţįŏŋ ĺŏţş ċŗēąţēƌ∙∙∙∙∙∙]]];
en_US_sappsd;KWQM000163;40;step_40_10;[[[Ĭŋşρēċţįŏŋ ĺŏţş ŵįţĥ űşąğē ƌēċįşįŏŋ ţąķēŋ∙∙∙∙∙∙∙∙∙∙∙∙∙∙∙]]];
en_US_sappsd;KWSERV0160;10;step_10_10;[[[Ŝēŗʋįċē ŏŗƌēŗş ċŗēąţēƌ∙∙∙∙∙]]];
en_US_sappsd;KWSERV0160;10;step_10_20;[[[Ŝēŗʋįċē ŏŗƌēŗş ƒįŗşţ ŗēĺēąşēƌ∙∙∙∙∙∙∙∙∙]]];
en_US_sappsd;KWSERV0160;30;step_30_10;[[[Ŝēŗʋįċē ŏŗƌēŗş ĺąşţ ċŏɱρĺēţēƌ ąƒţēŗ ŗēĺēąşē∙∙∙∙∙∙∙∙∙∙∙∙∙∙∙∙]]];
en_US_sappsd;KXEWM00260;10;step_10_10;[[[Ŵąŗēĥŏűşē ŏŗƌēŗş ċŗēąţēƌ∙∙∙∙∙∙]]];
en_US_sappsd;KXEWM00260;10;step_10_20;[[[Ŵąŗēĥŏűşē ŏŗƌēŗş şţąŗţēƌ∙∙∙∙∙∙]]];
en_US_sappsd;KXEWM00260;20;step_20_10;[[[Ŵąŗēĥŏűşē ŏŗƌēŗş ċŏŋƒįŗɱēƌ∙∙∙∙∙∙∙]]];
en_US_sappsd;KXEWM00460;10;step_10_10;[[[Ďēĺįʋēŗŷ įţēɱş ċŗēąţēƌ∙∙∙∙∙]]];
en_US_sappsd;KXEWM00460;20;step_20_10;[[[Ďēĺįʋēŗŷ įţēɱş ŵįţĥ ğŏŏƌş ŗēċēįρţ ρŏşţēƌ∙∙∙∙∙∙∙∙∙∙∙∙∙∙]]];
en_US_sappsd;KXEWM00460;30;step_30_10;[[[Ďēĺįʋēŗŷ įţēɱş ŵįţĥ ρűţąŵąŷ ρĺąŋŋēƌ∙∙∙∙∙∙∙∙∙∙∙∙]]];
en_US_sappsd;KXEWM00460;30;step_30_20;[[[Ďēĺįʋēŗŷ įţēɱş ŵįţĥ ρűţąŵąŷ ċŏɱρĺēţēƌ∙∙∙∙∙∙∙∙∙∙∙∙∙]]];
en_US_sappsd;KXEWM00461;10;step_10_10;[[[Ďēĺįʋēŗŷ įţēɱş ċŗēąţēƌ∙∙∙∙∙]]];
en_US_sappsd;KXEWM00461;20;step_20_10;[[[Ďēĺįʋēŗŷ įţēɱş ŵįţĥ ğŏŏƌş ŗēċēįρţ ρŏşţēƌ∙∙∙∙∙∙∙∙∙∙∙∙∙∙]]];
en_US_sappsd;KXEWM00461;30;step_30_10;[[[Ďēĺįʋēŗŷ įţēɱş ŵįţĥ ρűţąŵąŷ ρĺąŋŋēƌ∙∙∙∙∙∙∙∙∙∙∙∙]]];
en_US_sappsd;KXEWM00461;30;step_30_20;[[[Ďēĺįʋēŗŷ įţēɱş ŵįţĥ ρűţąŵąŷ ċŏɱρĺēţēƌ∙∙∙∙∙∙∙∙∙∙∙∙∙]]];
en_US_sappsd;KXEWM00560;10;step_10_10;[[[Ďēĺįʋēŗŷ ŏŗƌēŗ įţēɱş ċŗēąţēƌ∙∙∙∙∙∙∙∙]]];
en_US_sappsd;KXEWM00560;20;step_20_10;[[[Ďēĺįʋēŗŷ ŏŗƌēŗ įţēɱş ρįċķēƌ∙∙∙∙∙∙∙∙]]];
en_US_sappsd;KXEWM00560;30;step_30_10;[[[Ďēĺįʋēŗŷ ŏŗƌēŗ įţēɱş ŵįţĥ ğŏŏƌş įşşűē ρŏşţēƌ∙∙∙∙∙∙∙∙∙∙∙∙∙∙∙∙]]];
en_US_sappsd;KXEWM00560;40;step_40_10;[[[Ďēĺįʋēŗŷ ŏŗƌēŗ įţēɱş ŵįţĥ ƌēĺįʋēŗŷ ċŗēąţēƌ∙∙∙∙∙∙∙∙∙∙∙∙∙∙∙]]];
en_US_sappsd;KXEWM00860;10;step_10_10;[[[Ďēĺįʋēŗŷ ŋŏţįƒįċąţįŏŋ įţēɱş ċŗēąţēƌ∙∙∙∙∙∙∙∙∙∙∙∙]]];
en_US_sappsd;KXEWM00860;20;step_20_10;[[[Ďēĺįʋēŗŷ įţēɱş ċŗēąţēƌ∙∙∙∙∙]]];
en_US_sappsd;KXEWM00860;30;step_30_10;[[[Ďēĺįʋēŗŷ įţēɱş ŵįţĥ ğŏŏƌş ŗēċēįρţ ρŏşţēƌ∙∙∙∙∙∙∙∙∙∙∙∙∙∙]]];
en_US_sappsd;KXEWM00860;40;step_40_10;[[[Ďēĺįʋēŗŷ įţēɱş ŵįţĥ ρűţąŵąŷ ρĺąŋŋēƌ∙∙∙∙∙∙∙∙∙∙∙∙]]];
en_US_sappsd;KXEWM00860;40;step_40_20;[[[Ďēĺįʋēŗŷ įţēɱş ŵįţĥ ρűţąŵąŷ ċŏɱρĺēţēƌ∙∙∙∙∙∙∙∙∙∙∙∙∙]]];
en_US_sappsd;KXEWM00861;10;step_10_10;[[[Ďēĺįʋēŗŷ ŋŏţįƒįċąţįŏŋ įţēɱş ċŗēąţēƌ∙∙∙∙∙∙∙∙∙∙∙∙]]];
en_US_sappsd;KXEWM00861;20;step_20_10;[[[Ďēĺįʋēŗŷ įţēɱş ċŗēąţēƌ∙∙∙∙∙]]];
en_US_sappsd;KXEWM00861;30;step_30_10;[[[Ďēĺįʋēŗŷ įţēɱş ŵįţĥ ğŏŏƌş ŗēċēįρţ ρŏşţēƌ∙∙∙∙∙∙∙∙∙∙∙∙∙∙]]];
en_US_sappsd;KXEWM00861;40;step_40_10;[[[Ďēĺįʋēŗŷ įţēɱş ŵįţĥ ρűţąŵąŷ ρĺąŋŋēƌ∙∙∙∙∙∙∙∙∙∙∙∙]]];
en_US_sappsd;KXEWM00861;40;step_40_20;[[[Ďēĺįʋēŗŷ įţēɱş ŵįţĥ ρűţąŵąŷ ċŏɱρĺēţēƌ∙∙∙∙∙∙∙∙∙∙∙∙∙]]];
en_US_sappsd;KXEWM00862;10;step_10_10;[[[Ďēĺįʋēŗŷ ŗēƣűēşţ įţēɱş ċŗēąţēƌ∙∙∙∙∙∙∙∙∙]]];
en_US_sappsd;KXEWM00862;20;step_20_10;[[[Ďēĺįʋēŗŷ ŏŗƌēŗ įţēɱş ċŗēąţēƌ∙∙∙∙∙∙∙∙]]];
en_US_sappsd;KXEWM00862;30;step_30_10;[[[Ďēĺįʋēŗŷ ŏŗƌēŗ įţēɱş ρįċķēƌ∙∙∙∙∙∙∙∙]]];
en_US_sappsd;KXEWM00862;40;step_40_10;[[[Ďēĺįʋēŗŷ ŏŗƌēŗ įţēɱş ŵįţĥ ğŏŏƌş įşşűē ρŏşţēƌ∙∙∙∙∙∙∙∙∙∙∙∙∙∙∙∙]]];
en_US_sappsd;KXEWM00862;50;step_50_10;[[[Ďēĺįʋēŗŷ ŏŗƌēŗ įţēɱş ŵįţĥ ƌēĺįʋēŗŷ ċŗēąţēƌ∙∙∙∙∙∙∙∙∙∙∙∙∙∙∙]]];