locale;id;text
fr;ASS_COST;Réduction des coûts liés à la gestion des immobilisations
fr;CASH_FOREC;Amélioration de la précision des prévisions de trésorerie
fr;CHURN;Réduction du taux de défection des clients
fr;CMPLXTY;Réduction des coûts de gestion des données
fr;DII;Réduction du nombre de jours en stock
fr;DPO;Amélioration du délai de recouvrement des dettes
fr;DSO;Réduction du délai de recouvrement des créances
fr;FORECACC;Amélioration de la précision des prévisions de la demande
fr;FSSC;Réduction des coûts financiers
fr;GRC_COST;Réduction des coûts liés à la conformité et à la gestion des risques
fr;INC_BP_HRM;Accroissement de l'harmonisation des processus métier
fr;INC_BP_STD;Accroissement du respect des processus métier SAP standard
fr;LOG_COST;Réduction des coûts logistiques totaux
fr;MANCYCL;Réduction de la durée du cycle de fabrication
fr;MARKET;Améliorer l'efficacité des promotions marketing
fr;MAVERICK;Amélioration de la conformité des utilisateurs
fr;METREAD;Réduction de la durée du cycle entre le relevé et la facturation
fr;MFGCOST;Réduction du coût total de fabrication
fr;MROF;Réduction des temps d'arrêt ou interruptions non planifiés
fr;OIP;Amélioration de la productivité ETP des approvisionnements
fr;PEC;Réduction du nombre de jours avant la clôture annuelle des livres
fr;POF;Amélioration du respect des délais de livraison
fr;SALE_COST;Réduction des coûts des ventes
fr;SC_COST;Réduction de l'ensemble des coûts de planification de la chaîne d'approvisionnement
fr;SERV_PROC;Réduction des dépenses de services non conformes
fr;SOF;Réduction des coûts de service et de support
fr;STOCK_OUT;Réduction des pertes de revenus dues aux ruptures de stock
fr;SUST_EMISS;Réduction du coût des émissions
fr;SUST_WASTE;Réduction des coûts de la production de déchets
fr;T2M;Réduction du délai de commercialisation des nouveaux produits
fr;UNCOLL_AR;Réduction des rectifications effectuées sur les comptes client irrécouvrables