locale;solutionProcessId;solutionProcessName
de;18J;Anforderungen
de;1BM;Einzelfertigung – Planung und Montage von Halbfabrikaten
de;1E1;Qualitätsmanagement in der diskreten Fertigung
de;1EZ;Gutschriftsabwicklung
de;1F1;Lastschriftverarbeitung
de;1FM;Qualitätsmanagement in der Beschaffung
de;1FS;Einfache Lagereingangsverarbeitung von Lieferanten
de;1G2;Einfache Lagerausgangsverarbeitung an Kunden
de;1HO;Buchungskreisübergreifende Kundenauftragsabwicklung – Inland
de;1MX;Buchungskreisübergreifende Kundenauftragsabwicklung – International
de;1NT;Projektsteuerung – Finance
de;1P9;Buchungskreisübergreifende Umlagerung
de;1V5;Lagereingangsverarbeitung von Lieferanten mit Chargenverwaltung
de;1V7;Lagerausgangsverarbeitung an Kunden mit Chargenverwaltung
de;1VB;Produktionsintegration – Komponentenverbrauch und Eingang im Lager
de;2EQ;Verkauf von Dienstleistungen
de;2TX;Direktbeschaffung mit Anlieferung
de;2VJ;SAP-EWM-Integration – Eingangsverarbeitung von Lieferant
de;2VK;SAP-EWM-Integration – Ausgangsverarbeitung an Kunde
de;2VM;SAP-EWM-Integration – Lieferungsbasierte Fertigungsintegration
de;3BR;Lagereingangsverarbeitung
de;3BS;Lagerausgangsverarbeitung
de;3D2;Serviceauftragsabwicklung und -überwachung
de;3DV;Integration der Lagerfertigung
de;3F0;Vorgangsbezogene Fertigungskostenbuchung
de;3OK;Einzelfertigung – Prozessfertigung
de;3XK;Werkstattreparatur
de;4GA;Serviceangebot
de;4HH;Reaktive Instandhaltung
de;4HI;Proaktive Instandhaltung
de;4RO;Dezentrales EWM – Eingangsverarbeitung
de;4RP;Dezentrales EWM – Ausgangsverarbeitung
de;4VT;Projektbasierte Instandhaltung
de;4WM;Einfache und administrative Instandhaltungstätigkeiten
de;41Z;Serviceauftragsabwicklung
de;4X5;Wiederkehrende Services
de;5D2;Erweiterter buchungskreisübergreifender Verkauf
de;5FM;Beschaffung für Retail
de;5FU;Wareneingang für Verteilzentren
de;5FV;Warenausgang für Verteilzentren
de;5FX;Filialbestellung von Verteilzentren
de;5HL;Verkauf ab Lager (Konsumgüter)
de;5HP;Erweiterte buchungskreisübergreifende Umlagerung
de;61V;Kundenretourenabwicklung – Konsumgüter
de;BD3;Verkaufsabwicklung mit Streckengeschäft mit Lieferavis
de;BD9;Verkauf ab Lager
de;BDD;Vereinfachte Kundenretouren
de;BDG;Angebot
de;BDK;Verkaufsabwicklung mit Drittanbieter ohne Lieferavis
de;BDN;Verkauf von Nichtlagerpositionen mit auftragsbezogener Beschaffung
de;BDQ;Rechnungskorrekturprozess mit Lastschrift
de;BEI;Periodenabschluss – Werk
de;BF7;Periodenabschluss – Instandhaltungsaufträge
de;BFH;Anlage im Bau
de;BJ5;Lagerfertigung – diskrete Fertigung
de;BJ8;Lagerfertigung – Prozessfertigung auf Grundlage von Prozessauftrag
de;BJE;Einzelfertigung – Verkauf und Montage von Fertigerzeugnissen
de;BKL;Rechnungskorrekturprozess mit Gutschrift
de;BKP;Kundenretouren
de;BMC;Bestandsführung (Core)
de;BMD;Einkaufskontrakt
de;BME;Umlagerung mit Lieferung
de;BMH;Umlagerung ohne Lieferung
de;BMK;Lieferantenretoure
de;BMR;Lieferpläne in der Beschaffung
de;BMY;Unterbeauftragung
de;BNA;Periodenabschluss – Projekte
de;BNX;Einkauf von Verbrauchsmaterial
de;I9I;Verkaufskontrakte
de;J44;Materialbedarfsplanung
de;J45;Beschaffung von Direktmaterialien
de;J59;Debitorenbuchhaltung
de;J60;Kreditorenbuchhaltung
de;J62;Anlagenbuchhaltung