locale;id;text
pt_BR;CPACM00101;Espaços de trabalho do contrato criados
pt_BR;CPACM00102;Espaços de trabalho de contrato não publicados com data de vigência no passado
pt_BR;CPACM00160;Criação do espaço de trabalho do contrato para publicação do contrato
pt_BR;CPAOP00110;Itens de requisição de compra criados
pt_BR;CPAOP00111;Itens de requisição de compra atrasados
pt_BR;CPAOP00112;itens de requisição de compra com status em pedido
pt_BR;CPAOP00113;Itens de requisição de compra com data esperada de entrega no passado
pt_BR;CPAOP00114;Itens do pedido de compra criados
pt_BR;CPAOP00116;Itens do pedido de compra abertos com data esperada de entrega no passado
pt_BR;CPAOP00117;Itens da fatura de fornecedor enviados
pt_BR;CPAOP00118;Itens da fatura de fornecedor com exceções não processadas
pt_BR;CPAOP00119;Itens da fatura de fornecedor com exceções, mas sem pedido de compra relacionado
pt_BR;CPAOP00160;Criação de item de requisição de compra para criação de item de pedido de compra
pt_BR;CPAOP00161;Criação de item de pedido de compra para criação de entrada de faturas
pt_BR;CPAOP00162;Criação de item de fatura de fornecedor para pagamento de item de fatura
pt_BR;CPAOP00163;Criação de item de pedido de compra (sem EM) para criação de recibo de fatura
pt_BR;CPASC00101;Projetos de sourcing completo criados
pt_BR;CPASC00102;Projetos de sourcing completo cancelados
pt_BR;CPASC00103;Projetos de sourcing completo com eventos de seleção pendentes
pt_BR;CPASC00104;Eventos de sourcing de solicitação de informações (RFI) em andamento
pt_BR;CPASC00105;Eventos de sourcing de solicitação de informações (RFI) cancelados
pt_BR;CPASC00106;Eventos de sourcing de solicitação de informações (RFI) com status de seleção pendente
pt_BR;CPASC00110;Eventos de sourcing de solicitação de proposta (RFP) em andamento
pt_BR;CPASC00111;Eventos de sourcing de solicitação de proposta (RFP) cancelados
pt_BR;CPASC00112;Eventos de sourcing de solicitação de proposta (RFP) com status de seleção pendente
pt_BR;CPASC00116;Eventos de concorrência de sourcing em andamento
pt_BR;CPASC00117;Eventos de concorrência de sourcing cancelados
pt_BR;CPASC00118;Eventos de concorrência de sourcing com status de seleção pendente
pt_BR;CPASC00160;Criação de solicitação de sourcing para conclusão do projeto de sourcing
pt_BR;CPASC00161;Criação de solicitação de sourcing para conclusão
pt_BR;CPASC00163;Criação de eventos de solicitação de informações (RFI) para conclusão do evento
pt_BR;CPASC00164;Criação do evento de solicitação de proposta (RFP) para conclusão do evento
pt_BR;CPASC00165;Criação do evento de concorrência para conclusão do evento
pt_BR;CPASM00101;Solicitações de fornecedor criadas
pt_BR;CPASM00102;Registros de fornecedor criados
pt_BR;CPASM00103;Registros de fornecedor com aprovação pendente por mais de 1 mês
pt_BR;CPASM00104;Itens de projeto de qualificação de fornecedor herdado criados
pt_BR;CPASM00105;Itens de projeto de qualificação de fornecedor herdado com aprovação pendente por mais de 1 mês
pt_BR;CPASM00160;Criação de solicitação de fornecedor para aprovação do registro do fornecedor
pt_BR;CPASM00161;Criação de item de projeto de qualificação de fornecedor herdado para aprovação
pt_BR;KBSRM00101;Itens do carrinho de compras criados
pt_BR;KBSRM00102;Itens do carrinho de compras aguardando aprovação
pt_BR;KBSRM00103;Itens do carrinho de compras sem documento subsequente
pt_BR;KBSRM00104;Alterações nos carrinhos de compras
pt_BR;KBSRM00160;Criação de carrinho de compras (com aprovação) para acompanhamento da criação de itens
pt_BR;KBSRM00190;Uso da categoria de produto nos itens do carrinho de compra
pt_BR;KBSRM00191;Uso do grupo de compra em itens do carrinho de compra
pt_BR;KBSRM00192;Uso do fornecedor nos itens do carrinho de compra (organização de compras cruzadas)
pt_BR;KBSRM00193;Uso do fornecedor nos itens do carrinho de compra (por organização de compras)
pt_BR;KBSRM00194;Uso do tipo de transação em documentos SRM
pt_BR;KBSRM00201;Itens do pedido de compra criados no SRM
pt_BR;KBSRM00202;Itens do pedido de compra aguardando aprovação
pt_BR;KBSRM00203;Itens do pedido de compra ainda sendo transferidos para o sistema ERP
pt_BR;KBSRM00204;Itens do pedido de compra com falha na transferência para o sistema ERP
pt_BR;KBSRM00205;Alterações nos pedidos de compra
pt_BR;KBSRM00301;Itens de confirmação criados no SRM
pt_BR;KBSRM00302;Itens de confirmação aguardando aprovação
pt_BR;KBSRM00303;Itens de confirmação atualmente sendo transferidos
pt_BR;KBSRM00304;Itens de confirmação com erro na transmissão
pt_BR;KBSRM00305;Alterações nas confirmações
pt_BR;KBSRM00401;Itens de fatura criados no SRM
pt_BR;KBSRM00402;Itens da fatura aguardando aprovação
pt_BR;KBSRM00403;Itens da fatura atualmente sendo transferidos
pt_BR;KBSRM00404;Itens da fatura com erro na transmissão
pt_BR;KBSRM00405;Alterações nas faturas
pt_BR;KBSRM00601;Criação de itens do contrato de compra
pt_BR;KBSRM00602;Alteração nos contratos de compra
pt_BR;KBSRM00690;Uso de item de contrato em documentos de compra
pt_BR;KBSRM00701;Itens de solicitação de cotação criados
pt_BR;KBSRM00702;Alterações nas solicitações de cotação
pt_BR;KBSRM00703;Itens de cotação do fornecedor criados
pt_BR;KBSRM00760;Criação do item de solicitação de cotação até a aceitação da primeira cotação
pt_BR;KBSRM00761;Criação do item de leilão até a aceitação da primeira cotação
pt_BR;KCSAL00190;Uso do tipo de transação em documentos CRM
pt_BR;KCSAL00201;Atividades comerciais criadas
pt_BR;KCSAL00202;"Atividades empresariais com status ""Aberto"" ou ""Em Processamento"""
pt_BR;KCSAL00501;Leads criados
pt_BR;KCSAL00504;"Leads com status ""Aberto"" ou ""Em processo"""
pt_BR;KCSAL00601;Oportunidades criadas
pt_BR;KCSAL00604;"Oportunidades com status ""Aberto"" ou ""Em processo"""
pt_BR;KCSAL00660;Da criação da oportunidade até a sua conclusão
pt_BR;KCSAL00901;Atividades comerciais criadas
pt_BR;KCSAL00902;Alterações nas atividades comerciais
pt_BR;KCSAL00904;"Atividades empresariais com status ""Aberto"" ou ""Em Processamento"""
pt_BR;KCSAL01001;Tarefas criadas
pt_BR;KCSAL01002;Alterações nas tarefas
pt_BR;KCSAL01004;"Tarefas com status ""Aberto"" ou ""Em Processamento"""
pt_BR;KFFI000104;Mudanças em documentos financeiros
pt_BR;KFFI000105;Itens de linha financeiros cancelados
pt_BR;KFFI000106;Documentos financeiros criados
pt_BR;KFFI000190;Uso do tipo de documento financeiro (código interempresarial)
pt_BR;KFFI000191;Uso do código da empresa em documentos financeiros
pt_BR;KFFI000193;Utilização de conta de ledger geral por ano fiscal e código de empresa
pt_BR;KFFI000202;Itens de contas a pagar vencidos e em aberto
pt_BR;KFFI000212;Itens em aberto sem qualquer método de pagamento
pt_BR;KFFI000213;Itens em aberto onde o fornecedor está bloqueado para lançamento
pt_BR;KFFI000214;Itens em aberto bloqueados para pagamento
pt_BR;KFFI000215;Itens em aberto onde o fornecedor está bloqueado para pagamento
pt_BR;KFFI000216;Itens em aberto onde os fornecedores não possuem dados bancários
pt_BR;KFFI000217;Itens em aberto onde os fornecedores não possuem informações de endereço
pt_BR;KFFI000302;Itens de contas a receber vencidos e em aberto
pt_BR;KFFI000310;Itens em aberto onde o cliente não tem nenhum procedimento de advertência atribuído
pt_BR;KFFI000311;Itens em aberto onde o cliente está bloqueado em outra execução de advertência
pt_BR;KFFI000312;Itens em aberto onde o cliente está bloqueado para advertência
pt_BR;KFFI000313;Itens em aberto bloqueados para advertência
pt_BR;KFFI000405;Erros durante execuções de pagamentos
pt_BR;KFFI000406;Execuções de pagamento por empresa
pt_BR;KFFI000409;Empresas sem execuções de pagamento
pt_BR;KFFI000501;Extratos eletrônicos da conta não lançados por completo
pt_BR;KFFI000502;Itens do extrato eletrônico da conta não lançados por completo
pt_BR;KFFI000504;Extratos eletrônicos da conta importados por dia
pt_BR;KFFI000705;Itens em aberto em contas de ledger geral (agregado)
pt_BR;KFFI000706;Itens em aberto na conta de compensação de entrada de mercadorias/fatura
pt_BR;KFFI000790;Contas gerenciadas por itens em aberto sem regra de compensação
pt_BR;KFFI000940;Taxa de automatização: compensação de faturas do fornecedor
pt_BR;KFFI000960;Emissão de fatura de fornecedor (sem pedido de compra) para compensação FI-AP
pt_BR;KFFI000961;Emissão de fatura de fornecedor para compensação FI-AP (finanças centrais)
pt_BR;KFFI001040;Taxa de automatização: compensação de faturas do cliente
pt_BR;KFFI001060;Emissão de fatura de cliente (sem vendas) para compensação FI-AR
pt_BR;KFFI001061;Emissão de fatura de cliente para compensação FI-AR (finanças centrais)
pt_BR;KFFI001201;Gerenciador de programação: tempos de execução e status
pt_BR;KFFI001303;Casos de disputa em aberto com a última data de alteração no passado
pt_BR;KFFI001402;Casos de promessa de pagamento em aberto com data de promessa de pagamento no passado
pt_BR;KFFI001501;Erros durante a execução de custos
pt_BR;KFFI001502;Erros durante o cálculo de custos com a transação CK11N
pt_BR;KFFI001601;Erros durante o cálculo WIP para pedidos de produção
pt_BR;KFFI001602;Erros durante o cálculo de desvio para pedidos de produção
pt_BR;KFFI001603;Erros durante a liquidação real do pedido de produção
pt_BR;KFFI001605;Erros durante a manutenção/liquidação real de ordem interna
pt_BR;KFFI001609;Erros durante a liquidação real da ordem do elemento PEP/rede
pt_BR;KFFI001701;Cálculos de custos incorretos a partir de confirmações
pt_BR;KFFI001801;Erros durante a execução de depreciação
pt_BR;KFFI001802;Ativos em construção não desativados
pt_BR;KFFI001803;Ativos sem lançamentos
pt_BR;KFFI001804;Campos ausentes em ativos incompletos
pt_BR;KFFI001805;Erros durante lançamentos periódicos de custos de aquisição e produção
pt_BR;KFFI001806;Mestre do ativo criado
pt_BR;KFFI001807;Alterações nos dados mestre do ativo
pt_BR;KFFI001808;Ativos de baixo valor ainda ativos após um ano
pt_BR;KFFI001860;Criação de mestre dos ativos (ativo em construção) para desativação
pt_BR;KFFI001861;Criação de mestre dos ativos (com depreciação) para desativação
pt_BR;KFFI001890;Utilização de classe de ativos (código interempresarial)
pt_BR;KFFI001891;Utilização de classe de ativos (por empresa)
pt_BR;KFFI001960;Criação de fatura de serviços públicos para compensação na contabilidade de contratos (FI-CA)
pt_BR;KFFI002003;Itens do compromisso de pedidos de compra vencidos atribuídos a pedidos
pt_BR;KFFI002004;Itens do compromisso de pedido de compra vencidos atribuídos a projetos
pt_BR;KFFI002005;Itens do compromisso de pedido de compra vencidos atribuídos a vendas
pt_BR;KFFI002260;Criação de fatura convergente para compensação na contabilidade de contratos (FI-CA)
pt_BR;KFFI002305;Pedidos internos criados mas não liberados
pt_BR;KFFI002306;Pedidos internos liberados, mas não concluídos tecnicamente
pt_BR;KFFI002308;Alterações em pedidos internos
pt_BR;KFFI002309;Coletores de custos de produtos sem liquidação recente
pt_BR;KFFI002360;Criação de coletor de custos do produto até primeira liquidação
pt_BR;KFFI002395;Utilização do tipo de pedido em pedidos internos
pt_BR;KFFI002501;Execuções de cobrança por empresa
pt_BR;KFFI002601;Documentos de faturamento vencidos para faturamento convergente
pt_BR;KFFI002602;Faturamento convergente vencido com conta de contrato bloqueada
pt_BR;KFFI002603;Faturamento convergente vencido com contrato de fornecedor bloqueado
pt_BR;KFFI002604;Contratos de fornecedores bloqueados para faturamento
pt_BR;KFFI002605;Itens de documento de faturamento criados
pt_BR;KFFI002606;Itens de documento de fatura criados
pt_BR;KFFI002607;Documentos de faturamento de vendas vencidos para faturamento convergente
pt_BR;KFFI002660;Criação de contrato de fornecedor para primeiro faturamento
pt_BR;KFFI002801;Contratos imobiliários criados
pt_BR;KFFI002802;Alterações nos contratos imobiliários
pt_BR;KFFI002803;Contratos imobiliários não ativados
pt_BR;KIAUT00101;Ordens planejadas (PE) fixadas com data de término da ordem no passado
pt_BR;KIAUT00102;Ordens planejadas (PE) não confirmadas com data de término da ordem no passado
pt_BR;KIAUT00103;Ordens planejadas (PE) com lista MRP no passado
pt_BR;KIAUT00160;Data de início básica da quantidade de ordem de produção repetitiva (por componente) para data de término básica
pt_BR;KIAUT00190;Utilização da versão de produção na produção repetitiva
pt_BR;KIAUT00301;Movimentos de mercadorias com falha na produção repetitiva (entrada única)
pt_BR;KIAUT00302;Movimentos de mercadorias com falha na produção repetitiva (entrada coletiva)
pt_BR;KIISU00101;"Ordens de cálculo de serviços públicos vencidas com status ""Faturável"""
pt_BR;KIISU00102;"Ordens de cálculo de serviços públicos vencidas com status ""Não faturável"""
pt_BR;KIISU00103;Ordens de cálculo de serviços públicos vencidas sem documento de leitura
pt_BR;KIISU00104;Ordens de cálculo de serviços públicos vencidas sem dispositivo lógico
pt_BR;KIISU00160;Criação de contrato de serviços públicos para a primeira compensação de itens em aberto
pt_BR;KIISU00161;Criação de ordem de cálculo de serviços públicos (não faturável) para a data de cobrança programada
pt_BR;KIISU00162;Criação de ordem de cálculo de serviços públicos (faturável) para a data de cobrança programada
pt_BR;KIISU00201;Pedidos de emissão de faturas de serviços públicos vencidos (documento de cobrança)
pt_BR;KIISU00203;Pedidos de emissão de faturas de serviços públicos não liberados (documento de cobrança)
pt_BR;KIISU00204;Reversões de documentos de faturamento de serviços públicos
pt_BR;KIISU00205;Documentos de faturamento de serviços públicos com anomalias liberados
pt_BR;KIISU00260;Criação de documento de faturamento de serviços públicos para a criação de documento impresso
pt_BR;KIISU00261;Criação de documentos de faturamento de serviços públicos terceirizados para impressão de faturas
pt_BR;KIISU00302;Faturas de serviços públicos com acionadores de impressão vencidos
pt_BR;KIISU00304;Reversões de documentos de impressão de serviços públicos
pt_BR;KIISU00305;Documentos de impressão de serviços públicos com anomalias liberados
pt_BR;KIISU00306;Documentos de impressão de serviços públicos para liberação
pt_BR;KIISU00360;Criação de documentos de impressão de serviços públicos para compensação de itens em aberto
pt_BR;KIISU00361;Criação de documento de impressão de serviços públicos com anomalias para compensação de itens em aberto
pt_BR;KIPSM00101;Fundos destinados criados
pt_BR;KIPSM00102;Itens de fundos destinados criados
pt_BR;KIPSM00103;Itens de fundo destinado vencidos e em aberto
pt_BR;KIPSM00104;Itens de fundo destinado em aberto
pt_BR;KIPSM00105;Alterações em fundos destinados
pt_BR;KIPSM00106;Itens de fundo destinado bloqueados
pt_BR;KIRET00460;Reabastecimento intraempresarial de centro de distribuição para loja
pt_BR;KIRET00461;Reabastecimento intraempresarial de centro de distribuição para centro de distribuição
pt_BR;KIRET00462;Reabastecimento intraempresarial de loja para loja
pt_BR;KIRET00463;Reabastecimento intraempresarial de loja para centro de distribuição
pt_BR;KIRET00464;Reabastecimento interempresarial de centro de distribuição para loja
pt_BR;KIRET00465;Reabastecimento interempresarial de centro de distribuição para centro de distribuição
pt_BR;KIRET00466;Reabastecimento interempresarial de loja para loja
pt_BR;KIRET00467;Reabastecimento interempresarial de loja para centro de distribuição
pt_BR;KIRET00560;Suprimentos (sem classificação contábil) para centro de distribuição
pt_BR;KIRET00561;Suprimentos (sem classificação contábil) para loja
pt_BR;KIRET00562;Suprimentos (com classificação contábil) para centro de distribuição
pt_BR;KIRET00563;Suprimentos (com classificação contábil) para loja
pt_BR;KIRET00601;Artigos lançados sem qualquer listagem de loja
pt_BR;KIRET00602;Artigos lançados sem qualquer listagem de centro de distribuição
pt_BR;KIRET00603;Artigos sem registo de informação de compra
pt_BR;KITM000101;Solicitações de transporte criadas
pt_BR;KITM000201;Ordens de transporte criadas
pt_BR;KPCONF0110;Movimentos de mercadorias com falha durante a confirmação do pedido de produção
pt_BR;KPCONF0120;Movimentos de mercadorias com falha durante a confirmação do pedido de rede
pt_BR;KPCONF0130;Movimentos de mercadorias com falha durante a confirmação da ordem PM/CS
pt_BR;KPCONF0140;Movimentos de mercadorias com falha durante a confirmação da ordem do processo
pt_BR;KPCONF0401;Confirmações de pedido de produção
pt_BR;KPCONF0402;Confirmações de ordem de processo
pt_BR;KPCONF0403;Confirmações de ordem de manutenção
pt_BR;KPCONF0405;Confirmações de ordens de serviço do cliente
pt_BR;KPGR000101;Movimentos de saída de mercadorias lançados
pt_BR;KPGR000102;Movimentos de entrada de mercadorias lançados
pt_BR;KPIM000101;Nível de estoque de estoque de utilização livre
pt_BR;KPIM000105;Nível de estoque do estoque da ordem do cliente
pt_BR;KPIM000106;Nível de estoque do estoque em consignação no cliente
pt_BR;KPIM000107;Nível de estoque do estoque do projeto
pt_BR;KPIM000108;Nível de estoque do estoque de utilização livre (nível de lote)
pt_BR;KPIM000115;Nível de estoque do estoque oferecido ao fornecedor
pt_BR;KPIM000160;Nível de estoque de materiais comercializáveis (sem administração em lotes)
pt_BR;KPIM000161;Nível de estoque de materiais comercializáveis (com administração em lotes)
pt_BR;KPIM000162;Nível de estoque de matérias-primas e produtos semiacabados (sem administração em lotes)
pt_BR;KPIM000163;Nível de estoque de matérias-primas e produtos semiacabados (com administração em lotes)
pt_BR;KPLE000110;Entregas em atraso para lançamento de saída de mercadorias
pt_BR;KPLE000111;Recebimento em atraso para lançamento de entrada de mercadorias
pt_BR;KPLE000120;Recebimentos criados
pt_BR;KPLE000121;Entregas criadas
pt_BR;KPLE000171;Entregas com processamento de saída (por meio)
pt_BR;KPLE000190;Verificação de configuração: atualização do fluxo de documentos de MM para LE
pt_BR;KPLE000204;Itens de custo do envio não totalmente processados
pt_BR;KPLE000205;Envios de saída ainda não concluídos
pt_BR;KPLE000206;Envios de entrada ainda não concluídos
pt_BR;KPLE000207;Alterações nos envios
pt_BR;KPLE000305;Itens de remessa expedidos e em atraso para faturamento
pt_BR;KPLE000307;Alterações em entregas
pt_BR;KPLE000360;Criação de item de remessa para lançamento de saída de mercadorias
pt_BR;KPLE000361;Criação de item de remessa para lançamento de saída de mercadorias (pedido de transferência)
pt_BR;KPLE000362;Criação de item de recebimento para lançamento de recebimento de mercadorias
pt_BR;KPMRP00108;Ordens planejadas (LA/KD) com data básica de término no passado
pt_BR;KPMRP00109;Ordens planejadas vencidas atribuídas a vendas
pt_BR;KPMRP00201;Arquivo de planejamento de área MRP - materiais marcados para exclusão
pt_BR;KPMRP00202;Arquivo de planejamento de área MRP - status não permite planejamento
pt_BR;KPMRP00205;Arquivo de planejamento MRP - materiais marcados para exclusão
pt_BR;KPMRP00206;Materiais do arquivo de planejamento MRP - status não permite planejamento
pt_BR;KPMRP00260;Materiais tratados por MRP na última semana
pt_BR;KPPP000101;Pedidos de produção em atraso para liberação
pt_BR;KPPP000103;Pedidos de produção em atraso para remessa concluída
pt_BR;KPPP000106;Ordens de produção com data de conclusão básica vencida e sem sinalizador de exclusão
pt_BR;KPPP000107;Pedidos de produção criados
pt_BR;KPPP000108;Pedidos de produção liberados sem primeira confirmação
pt_BR;KPPP000111;Componentes do pedido de produção vencidos para consumo
pt_BR;KPPP000121;Pedidos de produção vencidos atribuídos a vendas
pt_BR;KPPP000122;Todas as alterações de status por pedido de produção
pt_BR;KPPP000142;Taxa de automatização: conclusão técnica do pedido de produção
pt_BR;KPPP000242;Taxa de automatização: conclusão técnica da ordem de processo
pt_BR;KPPP000160;Criação de pedido de produção para conclusão técnica
pt_BR;KPPP000161;Criação de pedido de produção para primeira liquidação
pt_BR;KPPP000162;Criação de componente de pedido de produção para lançamento de saída de mercadorias
pt_BR;KPPP000163;Criação de componente de pedido de produção para entrada de mercadorias (usando suprimento direto)
pt_BR;KPPP000164;Criação de operações de ordem de produção para finalização de execução
pt_BR;KPPP000190;Utilização do tipo de ordem em pedidos de produção (abrange vários centros)
pt_BR;KPPP000192;Utilização de roteamento na produção discreta (por material/centro)
pt_BR;KPPP000195;Utilização da versão de produção na produção discreta (por material/centro)
pt_BR;KPPP000201;Ordens de processo em atraso para liberação
pt_BR;KPPP000203;Ordens de processo em atraso para remessa concluída
pt_BR;KPPP000206;Ordens de processo com data de conclusão básica vencida e sem sinalizador de exclusão
pt_BR;KPPP000207;Ordens de processo criadas
pt_BR;KPPP000208;Ordens de processo liberadas sem primeira confirmação
pt_BR;KPPP000211;Componentes da ordem de processo vencidos para consumo
pt_BR;KPPP000222;Ordens de processo em atraso atribuídas a vendas
pt_BR;KPPP000223;Todas as alterações de status por ordem de processo
pt_BR;KPPP000260;Criação de ordem de processo para conclusão técnica
pt_BR;KPPP000261;Criação de ordem de processo para primeira liquidação
pt_BR;KPPP000262;Criação de componente de ordem de processo para lançamento de saída de mercadorias
pt_BR;KPPP000263;Criação de componente de ordem de processo para entrada de mercadorias (usando suprimento direto)
pt_BR;KPPP000264;Criação de operações de ordem de processo para finalização de execução
pt_BR;KPPP000290;Utilização do tipo de ordem em ordens de processo (abrange vários centros)
pt_BR;KPPP000292;Utilização de receita mestre na produção por processos (por material/centro)
pt_BR;KPPP000295;Utilização da versão de produção na produção por processos (por material/centro)
pt_BR;KPPP000409;Materiais com mensagens de erro na lista MRP
pt_BR;KPPP000410;Elementos MRP a serem cancelados por material
pt_BR;KPPP000411;Elementos MRP a serem reprogramados por material
pt_BR;KPPROJ0105;Ordens de rede com data de conclusão agendada vencida e sem sinalizador de exclusão
pt_BR;KPPROJ0190;Utilização do tipo de ordem em ordens de rede (entre centros)
pt_BR;KPPROJ0205;Projetos lançados com conclusão de elemento PEP por nível
pt_BR;KPPROJ0302;Elementos PEP lançados, mas não tecnicamente concluídos ou fechados
pt_BR;KPPROJ0305;Todas as alterações de status por elemento PEP liberado
pt_BR;KPPROJ0360;Criação de elemento PEP (sem perfil de investimento) para fechamento
pt_BR;KPPROJ0361;Criação de elemento PEP (com perfil de investimento) para fechamento
pt_BR;KPPURCH201;Itens do pedido de compra criados
pt_BR;KPPURCH203;Itens do pedido de compra em aberto e vencidos
pt_BR;KPPURCH204;Erros em pedidos de compra incompletos
pt_BR;KPPURCH207;Itens do pedido de compra sem indicador de fatura final
pt_BR;KPPURCH212;Itens do pedido de compra criados após a fatura
pt_BR;KPPURCH221;Alterações nos pedidos de compra
pt_BR;KPPURCH222;Itens do pedido de compra criados sem referência ao contrato
pt_BR;KPPURCH223;Itens do pedido de compra vencidos sem qualquer confirmação
pt_BR;KPPURCH225;Itens de pedido de compra em aberto com itens de recebimento em atraso
pt_BR;KPPURCH228;Confirmações de fornecedores relevantes para MRP atrasadas
pt_BR;KPPURCH242;Pedidos de compra criados por usuários (para verificação de valor padrão)
pt_BR;KPPURCH260;Criação de item de pedido de compra para compensação EM/EF
pt_BR;KPPURCH261;Criação de item de pedido de compra (sem classificação contábil) para criação de recebimento de fatura
pt_BR;KPPURCH263;Item de pedido de compra interempresarial vinculado ao processo do pedido à fatura
pt_BR;KPPURCH265;Criação de item de pedido de compra (sem GR) para compensação FI-AP
pt_BR;KPPURCH266;Criação de item de pedido de compra (subcontratação) para criação de recebimento de fatura
pt_BR;KPPURCH267;Criação de item de pedido de compra para faturamento de folha de registro de serviços
pt_BR;KPPURCH268;Criação de item de pedido de compra (com classificação contábil) para criação de recebimento de fatura
pt_BR;KPPURCH273;Pedidos de compra com processamento de saída (por meio)
pt_BR;KPPURCH290;"Verificação de configuração: sugira ""remessa concluída"""
pt_BR;KPPURCH297;Utilização do procedimento de determinação de preços em documentos de compras (organização de compras cruzadas)
pt_BR;KPPURCH298;Utilização do tipo de documento de compras (código interempresarial)
pt_BR;KPPURCH301;Itens de requisição de compra criados
pt_BR;KPPURCH303;Itens da requisição de compra em aberto e em atraso
pt_BR;KPPURCH309;Alterações nas requisições de compras
pt_BR;KPPURCH360;Criação de item de requisição de compra para criação de item de pedido de compra
pt_BR;KPPURCH362;Criação de item de requisição de transporte de estoque para criação de item de ordem de transporte de estoque
pt_BR;KPPURCH404;Faturas de fornecedor criadas
pt_BR;KPPURCH409;Itens de fatura de fornecedor bloqueados com itens FI-AP vencidos
pt_BR;KPPURCH411;Faturas de fornecedores com itens FI-AP vencidos
pt_BR;KPPURCH412;Alterações em faturas de fornecedores
pt_BR;KPPURCH413;Faturas de fornecedores canceladas
pt_BR;KPPURCH460;Emissão de fatura de fornecedor (com ordem de compra) para compensação FI-AP
pt_BR;KPPURCH508;Erros distintos durante as execuções de remessas pendentes (ordens de transporte de estoque)
pt_BR;KPPURCH560;Criação de item de ordem de transporte de estoque (sem remessa) para GR
pt_BR;KPPURCH561;Criação de item de ordem de transporte de estoque (com remessa) para GR
pt_BR;KPPURCH562;Criação de item de ordem de transporte de estoque interempresarial para compensação FI-AR
pt_BR;KPPURCH609;Linhas de programação do programa de remessas de compras vencidas
pt_BR;KPPURCH610;Programas de remessas de compras vencidas com lista MRP
pt_BR;KPPURCH660;Criação de item de programa de remessas para final da validade
pt_BR;KPPURCH661;Criação de item de contrato por quantidade de compra para final da validade
pt_BR;KPPURCH662;Criação de item de contrato por valor de compra para final da validade
pt_BR;KPPURCH701;Abrir itens de pedido de compra sem folha de registro de serviços
pt_BR;KPPURCH702;Folha de registro de serviços sem aceitação
pt_BR;KPPURCH703;Folha de registro de serviços sem entrada final
pt_BR;KPPURCH704;Alterações da folha de registro de serviços
pt_BR;KPSD000133;Documentos de vendas criados
pt_BR;KPSD000171;Documentos de vendas com processamento de saída (por meio)
pt_BR;KPSD000190;Utilização do tipo de documento de vendas (área de vendas cruzadas)
pt_BR;KPSD000194;Utilização do procedimento de determinação de preços em documentos de vendas (organização de vendas cruzadas)
pt_BR;KPSD000195;Utilização do motivo da ordem por categoria de documento
pt_BR;KPSD000201;Faturas do cliente não lançadas para contabilidade
pt_BR;KPSD000207;Documentos de faturamento de vendas sem mensagem de saída
pt_BR;KPSD000208;Faturas do cliente com itens FI-AR em aberto
pt_BR;KPSD000215;Cancelamento de faturas do cliente
pt_BR;KPSD000216;Erros distintos durante as execuções de vencimento do faturamento
pt_BR;KPSD000217;Alterações em documentos de faturamento de vendas
pt_BR;KPSD000218;Documentos de faturamento de vendas criados
pt_BR;KPSD000260;Criação de documento de faturamento de vendas para compensação FI-AR
pt_BR;KPSD000271;Documentos de faturamento com processamento de saída (por meio)
pt_BR;KPSD000292;Utilização do procedimento de determinação de preços em documentos de faturamento de vendas (organização de vendas cruzadas)
pt_BR;KPSD000293;Utilização do tipo de faturamento em documentos de faturamento de vendas (organização de vendas cruzadas)
pt_BR;KPSD000303;Itens de linha da programação de vendas em atraso
pt_BR;KPSD000304;Linhas de programação inicialmente não confirmadas para a data de remessa solicitada
pt_BR;KPSD000306;Campos em falta nos itens do documento de vendas incompletos
pt_BR;KPSD000307;Itens de documento de vendas rejeitados
pt_BR;KPSD000319;Datas do plano de faturamento não faturadas e vencidas
pt_BR;KPSD000321;Itens do documento de vendas em atraso para faturamento
pt_BR;KPSD000322;Itens de linha de programação de vendas abertos e reagendados
pt_BR;KPSD000323;Alterações manuais de condições em itens de documentos de vendas
pt_BR;KPSD000324;Alterações em documento de vendas
pt_BR;KPSD000326;Erros distintos durante a execução de vencimento da remessa (vendas)
pt_BR;KPSD000327;Itens excluídos de documentos de vendas
pt_BR;KPSD000360;Criação de item de ordem do cliente para criação de item de remessa
pt_BR;KPSD000361;Criação de item de ordem do cliente para criação de item de fatura de venda
pt_BR;KPSD000362;Criação de item de ordem do cliente para compensação de item FI-AR
pt_BR;KPSD000363;Criação de item de ordem do cliente de terceiros para criação de item de fatura do cliente
pt_BR;KPSD000364;Item da ordem do cliente (compra contra pedido) para item da fatura do cliente
pt_BR;KPSD000365;Item da ordem do cliente (produção sob encomenda) para item de fatura do cliente
pt_BR;KPSD000366;Criação de item de ordem do cliente interempresarial para compensação de item FI-AP
pt_BR;KPSD000367;Criação de item de ordem do cliente (faturamento relacionado à ordem) para compensação de item FI-AR
pt_BR;KPSD000368;Criação de item de cotação para criação de item de ordem do cliente
pt_BR;KPSD000369;Criação de item de ordem do cliente (venda do depósito) para criação de remessa
pt_BR;KPSD000380;Criação de item de pedido de devolução para lançamento de entrada de mercadorias
pt_BR;KPSD000392;Utilização de motivo de rejeição por categoria de item
pt_BR;KPSD000460;Criação de item de solicitação de nota de débito para compensação de item FI-AR
pt_BR;KPSD000462;Criação de item de solicitação de nota de crédito para compensação de item FI-AR
pt_BR;KPWM000403;Dados quantitativos de movimentação lenta na administração de depósitos
pt_BR;KWMD000107;Alterações a dados mestre de materiais
pt_BR;KWMD000109;Utilização de dados mestre de materiais na produção (por centro)
pt_BR;KWMD000110;Utilização de dados mestre de materiais em suprimentos (por centro)
pt_BR;KWMD000160;Criação de dados mestre de materiais por centro para entrega da primeira ordem de produção
pt_BR;KWMD000161;Criação de dados mestre de materiais por centro para entrega da primeira ordem de processo
pt_BR;KWMD000203;Alterações a dados mestre de cliente
pt_BR;KWMD000204;Utilização de dados mestre do cliente em documentos de faturamento de vendas (área de vendas cruzadas)
pt_BR;KWMD000205;Utilização de dados mestre do cliente em documentos de faturamento de vendas (por área de vendas)
pt_BR;KWMD000206;Utilização de dados mestre do cliente em FI-AR (por empresa)
pt_BR;KWMD000207;Utilização de dados mestre do cliente em FI-AR (interempresarial)
pt_BR;KWMD000260;Criação de dados mestre do cliente para a primeira compensação de itens em aberto
pt_BR;KWMD000309;Alterações a dados mestre de fornecedor
pt_BR;KWMD000311;Utilização de dados mestre de fornecedor em documentos de compras (organização de compras cruzadas)
pt_BR;KWMD000312;Utilização de dados mestre de fornecedor em documentos de compras (por organização de compras)
pt_BR;KWMD000313;Utilização de dados mestre de fornecedor no FI-AP (por empresa)
pt_BR;KWMD000314;Utilização de dados mestre do fornecedor no FI-AP (interempresarial)
pt_BR;KWMD000315;Utilização do registro info de compras em documentos de compra (organização de compras cruzadas)
pt_BR;KWMD000360;Criação de dados mestre de fornecedor para a primeira compensação de itens em aberto
pt_BR;KWMD000501;Condições de utilização do pagamento em faturas FI-AP (por empresa)
pt_BR;KWMD000502;Condições de utilização do pagamento em faturas FI-AP (interempresarial)
pt_BR;KWMD000503;Condições de utilização do pagamento em faturas FI-AR (por empresa)
pt_BR;KWMD000504;Condições de utilização do pagamento em faturas FI-AR (interempresarial)
pt_BR;KWPM000115;Notificações de manutenção criadas
pt_BR;KWPM000116;Notificações de serviço do cliente criadas
pt_BR;KWPM000117;Notificações de manutenção em aberto e vencidas
pt_BR;KWPM000118;Notificações de serviço do cliente em aberto e vencidas
pt_BR;KWPM000119;Notificações de manutenção pendentes
pt_BR;KWPM000120;Notificações de serviço do cliente pendentes
pt_BR;KWPM000160;Criação de notificação de manutenção para conclusão da notificação
pt_BR;KWPM000161;Criação de notificação de serviço do cliente para conclusão da notificação
pt_BR;KWPM000203;Ordens de manutenção criadas
pt_BR;KWPM000204;Ordens de serviço do cliente criadas
pt_BR;KWPM000215;Todas as alterações de status por ordem de manutenção
pt_BR;KWPM000216;Todas as alterações de status por ordem de serviço do cliente
pt_BR;KWPM000217;Ordens de manutenção atrasadas para liberação
pt_BR;KWPM000218;Ordens de serviço do cliente atrasadas para liberação
pt_BR;KWPM000219;Ordens de manutenção liberadas e atrasadas para conclusão técnica
pt_BR;KWPM000220;Ordens de serviço do cliente liberadas e atrasadas para conclusão técnica
pt_BR;KWPM000221;Ordens de manutenção não liquidadas
pt_BR;KWPM000222;Ordens de serviço do cliente não liquidadas
pt_BR;KWPM000260;Criação de ordem de manutenção para fechamento da ordem
pt_BR;KWPM000261;Criação de ordem de manutenção para liquidação da ordem
pt_BR;KWPM000262;Criação da ordem de serviço do cliente para fechamento da ordem
pt_BR;KWPM000263;Criação da ordem de serviço do cliente para liquidação da ordem
pt_BR;KWPM000264;Criação de componente de ordem de manutenção para lançamento de saída de mercadorias
pt_BR;KWPM000265;Criação de componente de ordem de serviço do cliente para lançamento de saída de mercadorias
pt_BR;KWPM000290;Utilização do tipo de ordem em ordens PM/CS (entre centros)
pt_BR;KWPM000462;Criação de item de plano de manutenção para encerramento de contrato de serviço
pt_BR;KWQM000101;Lotes de controle com quantidades pendentes
pt_BR;KWQM000102;Lotes de controle sem decisão de utilização
pt_BR;KWQM000103;Lotes de controle sem encerramento do controle
pt_BR;KWQM000161;Criação de lote para controle de entrada de mercadorias da compra à decisão de utilização
pt_BR;KWQM000162;Criação de lote para controle de recebimento de mercadorias da produção à decisão de uso
pt_BR;KWQM000163;Criação de lote para controle em processo durante a produção à decisão de utilização
pt_BR;KWSERV0101;Ordens de serviço criadas
pt_BR;KWSERV0102;Cotações de serviço criadas
pt_BR;KWSERV0103;Confirmações de serviço criadas
pt_BR;KWSERV0104;Solicitações de serviço criadas
pt_BR;KWSERV0105;Contratos de serviço criados
pt_BR;KWSERV0106;Ordens de solução criadas
pt_BR;KWSERV0160;Criação da ordem de serviço para conclusão da ordem de serviço
pt_BR;KXEWM00101;Pacotes atrasados para lançamento
pt_BR;KXEWM00102;Pacotes liberados com defeitos
pt_BR;KXEWM00201;Ordens de depósito atrasadas para confirmação
pt_BR;KXEWM00202;Ordens de depósito confirmadas
pt_BR;KXEWM00203;Ordens de depósito criadas
pt_BR;KXEWM00260;Criação da ordem de depósito para confirmação
pt_BR;KXEWM00301;Tarefas de depósito atrasadas para confirmação
pt_BR;KXEWM00302;Tarefas de reabastecimento atrasadas para confirmação
pt_BR;KXEWM00303;Itens de tarefa de depósito criados
pt_BR;KXEWM00304;Itens de tarefa de depósito confirmados
pt_BR;KXEWM00305;Itens de tarefa de depósito confirmados com códigos de exceção
pt_BR;KXEWM00390;Uso do código de exceção em tarefas de depósito confirmadas (por depósito)
pt_BR;KXEWM00401;Itens de recebimento em atraso sem entrada em depósito concluída
pt_BR;KXEWM00402;Itens de recebimento em atraso sem entrada de mercadorias concluída
pt_BR;KXEWM00403;Itens de recebimento criados no EWM
pt_BR;KXEWM00404;Registro de entrada de mercadoria para itens de recebimento no EWM
pt_BR;KXEWM00460;Criação de item de recebimento (para documento de compra) para conclusão da entrada em depósito
pt_BR;KXEWM00461;Criação de item de recebimento (para fabricação) para conclusão da entrada em depósito
pt_BR;KXEWM00490;Uso do código do processo em itens de recebimento
pt_BR;KXEWM00501;Itens de ordem de entrega em atraso para retirada
pt_BR;KXEWM00502;Itens de ordem de entrega em atraso para registro de saída de mercadorias
pt_BR;KXEWM00503;Itens de ordem de entrega criados
pt_BR;KXEWM00504;Registro de saída de mercadorias para itens da ordem de entrega
pt_BR;KXEWM00560;Criação do item da ordem de entrega (para documento de vendas) para criação da remessa
pt_BR;KXEWM00590;Uso do código do processo em itens da ordem de entrega
pt_BR;KXEWM00701;Itens de entrega em atraso para registro de saída de mercadorias no EWM
pt_BR;KXEWM00702;Itens de entrega criados no EWM
pt_BR;KXEWM00860;Criação de item de notificação de recebimento (para documento de compra) para conclusão da entrada em depósito
pt_BR;KXEWM00861;Criação de item de notificação de recebimento (para produção) para conclusão da entrada em depósito
pt_BR;KXEWM00862;Criação do item da solicitação de entrega (para documento de vendas) para criação da remessa
pt_BR;KXEWM00901;Estoque disponível de utilização livre não movimentado
pt_BR;KXEWM00902;Estoque bloqueado disponível não movido
pt_BR;KXEWM00903;Estoque de controle de qualidade disponível não movido