locale;id;text
es;CPACM00101;Áreas de trabajo de contrato creadas
es;CPACM00102;Áreas de trabajo contractuales no publicadas con fecha de entrada en vigor en el pasado
es;CPACM00160;Desde la creación del espacio de trabajo contractual hasta la publicación del contrato
es;CPAOP00110;Posiciones de solicitud de pedido creadas
es;CPAOP00111;Posiciones de solicitud de pedido atrasadas
es;CPAOP00112;Posiciones de solicitud de pedido con estado de solicitud
es;CPAOP00113;Posiciones de solicitud de pedido con fecha de necesidad situada en el pasado
es;CPAOP00114;Posiciones de pedido creadas
es;CPAOP00116;Posiciones de pedido abiertas con fecha de necesidad situada en el pasado
es;CPAOP00117;Posiciones de factura de proveedor enviadas
es;CPAOP00118;Posiciones de factura de proveedor con excepciones no procesadas
es;CPAOP00119;Posiciones de factura de proveedor con excepciones, pero sin pedido relacionado
es;CPAOP00160;Creación de la posición de solicitud de pedido para la creación de la posición de pedido
es;CPAOP00161;Desde la creación de la posición de pedido hasta la creación de la recepción de factura
es;CPAOP00162;Desde la creación de la posición de factura de proveedor hasta el pago de la posición de factura
es;CPAOP00163;Desde la creación de la posición de pedido (sin EM) hasta la creación de la recepción de factura
es;CPASC00101;Proyectos de aprovisionamiento completo creados
es;CPASC00102;Proyectos de aprovisionamiento completo cancelados
es;CPASC00103;Proyectos de aprovisionamiento completo con eventos de selección pendientes
es;CPASC00104;Solicitud de información (RFI) de eventos de determinación de fuentes de aprovisionamiento en curso
es;CPASC00105;Solicitud de información (RFI) de eventos de determinación de fuentes de aprovisionamiento cancelada
es;CPASC00106;Solicitud de información (RFI) de eventos de determinación de fuentes de aprovisionamiento con estado de selección pendiente
es;CPASC00110;Solicitud de propuesta (RFP) de eventos de determinación de fuentes de aprovisionamiento en curso
es;CPASC00111;Solicitud de propuesta (RFP) de eventos de determinación de fuentes de aprovisionamiento cancelada
es;CPASC00112;Solicitud de propuesta (RFP) de eventos de determinación de fuentes de aprovisionamiento con estado de selección pendiente
es;CPASC00116;Eventos de subasta de aprovisionamiento en curso
es;CPASC00117;Eventos de subasta de aprovisionamiento cancelados
es;CPASC00118;Eventos de subasta de aprovisionamiento con estado de selección pendiente
es;CPASC00160;Desde la creación de la solicitud de aprovisionamiento hasta la finalización del proyecto de aprovisionamiento
es;CPASC00161;Desde la creación del proyecto de aprovisionamiento hasta la finalización
es;CPASC00163;Desde la creación del evento Solicitud de información (RFI) hasta la finalización del evento
es;CPASC00164;Desde la creación del evento Solicitud de propuesta (RFP) hasta la finalización del evento
es;CPASC00165;Desde la creación de evento de subasta de aprovisionamiento hasta la finalización del evento
es;CPASM00101;Solicitudes de proveedor creadas
es;CPASM00102;Registros de proveedor creados
es;CPASM00103;Registros de proveedor pendientes de aprobación desde hace más de 1 mes
es;CPASM00104;Posiciones de proyecto de cualificación de proveedor anterior creadas
es;CPASM00105;Posiciones de proyecto de cualificación de proveedor anterior pendientes de aprobación desde hace más de 1 mes
es;CPASM00160;Desde la creación de solicitud de proveedor hasta la aprobación del registro de proveedor
es;CPASM00161;Desde la creación de posición de proyecto de cualificación de proveedor anterior hasta su aprobación
es;KBSRM00101;Posiciones de la cesta de la compra creadas
es;KBSRM00102;Posiciones de la cesta de la compra en espera de aprobación
es;KBSRM00103;Posiciones de la cesta de la compra sin documento subsiguiente
es;KBSRM00104;Modificaciones en carritos de la compra
es;KBSRM00160;Desde la creación de la cesta de la compra (con aprobación) hasta la creación de posición reemplazante
es;KBSRM00190;Uso de la categoría de producto en artículos del carrito de la compra
es;KBSRM00191;Uso del grupo de compras en artículos del carrito de la compra
es;KBSRM00192;Uso del proveedor en artículos del carrito de la compra (organización multisociedad)
es;KBSRM00193;Uso del proveedor en artículos del carrito de la compra (por organización de compras)
es;KBSRM00194;Uso del tipo de transacción en documentos de SRM
es;KBSRM00201;Posiciones de pedido creadas en SRM
es;KBSRM00202;Posiciones de pedido en espera de aprobación
es;KBSRM00203;Todavía se están transfiriendo las posiciones de pedido al sistema ERP
es;KBSRM00204;Posiciones de pedido cuya transferencia al sistema ERP ha fallado
es;KBSRM00205;Modificaciones en pedidos
es;KBSRM00301;Posiciones de confirmación creadas en SRM
es;KBSRM00302;Posiciones de confirmación en espera de aprobación
es;KBSRM00303;Las posiciones de confirmación se están transfiriendo actualmente
es;KBSRM00304;Posiciones de confirmación con error en la transmisión
es;KBSRM00305;Modificaciones en confirmaciones
es;KBSRM00401;Posiciones de factura creadas en SRM
es;KBSRM00402;Posiciones de factura en espera de aprobación
es;KBSRM00403;Las posiciones de factura se están transfiriendo actualmente
es;KBSRM00404;Posiciones de factura con error en la transmisión
es;KBSRM00405;Modificaciones en facturas
es;KBSRM00601;Posiciones de contrato de compras creadas
es;KBSRM00602;Modificaciones en contratos de compras
es;KBSRM00690;Utilización de posición de contrato en documentos de compras
es;KBSRM00701;Posiciones de licitación creadas
es;KBSRM00702;Modificaciones en licitaciones
es;KBSRM00703;Posiciones de oferta de proveedor creadas
es;KBSRM00760;Desde la creación de posición de licitación hasta la aceptación de la primera oferta
es;KBSRM00761;Desde la creación de la posición de subasta hasta la aceptación de la primera oferta
es;KCSAL00190;Uso del tipo de transacción en documentos de CRM
es;KCSAL00201;Actividades empresariales creadas
es;KCSAL00202;"Actividades empresariales con estado ""Pendiente"" o ""En proceso"""
es;KCSAL00501;Leads creados
es;KCSAL00504;"Leads con el estado ""Abierto"" o ""En proceso"""
es;KCSAL00601;Oportunidades creadas
es;KCSAL00604;"Oportunidades con el estado ""Abierto"" o ""En proceso"""
es;KCSAL00660;Desde la creación de la oportunidad a la compleción de la oportunidad
es;KCSAL00901;Actividades empresariales creadas
es;KCSAL00902;Modificaciones en actividades empresariales
es;KCSAL00904;"Actividades empresariales con estado ""Abierto"" o ""En proceso"""
es;KCSAL01001;Tareas creadas
es;KCSAL01002;Modificaciones en tareas
es;KCSAL01004;"Tareas con el estado ""Abiertas"" o ""En proceso"""
es;KFFI000104;Modificaciones en documentos financieros
es;KFFI000105;Partidas abiertas financieras canceladas
es;KFFI000106;Documentos financieros creados
es;KFFI000190;Utilización de tipo de documento financiero (multisociedad)
es;KFFI000191;Utilización de sociedad en documentos financieros
es;KFFI000193;Utilización de cuentas del libro mayor por ejercicio y sociedad
es;KFFI000202;Partidas abiertas y atrasadas en Acreedores
es;KFFI000212;Partidas abiertas sin métodos de pago
es;KFFI000213;Partidas abiertas en las que el proveedor está bloqueado para la contabilización
es;KFFI000214;Partidas abiertas bloqueadas para el pago
es;KFFI000215;Partidas abiertas en las que el proveedor está bloqueado para el pago
es;KFFI000216;Partidas abiertas en las que faltan los datos bancarios de los proveedores
es;KFFI000217;Partidas abiertas en las que falta la información de dirección de los proveedores
es;KFFI000302;Partidas abiertas y atrasadas en Deudores
es;KFFI000310;Partidas abiertas en las que el cliente no tiene asignado ningún procedimiento de reclamación
es;KFFI000311;Partidas abiertas en las que el cliente está bloqueado en otra ejecución de reclamación
es;KFFI000312;Partidas abiertas en las que el cliente está bloqueado para la reclamación
es;KFFI000313;Partidas abiertas bloqueadas para la reclamación
es;KFFI000405;Errores durante las ejecuciones de pago
es;KFFI000406;Ejecuciones de pago por sociedad
es;KFFI000409;Sociedades sin ejecuciones de pago
es;KFFI000501;Extractos de cuenta electrónicos contabilizados parcialmente
es;KFFI000502;Posiciones de extracto de cuenta electrónico contabilizadas parcialmente
es;KFFI000504;Extractos de cuenta electrónicos importados al día
es;KFFI000705;Partidas abiertas en cuentas de mayor (agregadas)
es;KFFI000706;Partidas abiertas en cuenta de compensación de entrada de mercancías/recepción de facturas
es;KFFI000790;Cuentas gestionadas mediante partidas abiertas sin regla de compensación
es;KFFI000940;Tasa de automatización: compensación de facturas de proveedor
es;KFFI000960;Desde la emisión de factura de proveedor (sin pedido) hasta la compensación FI-AP
es;KFFI000961;Desde la emisión de factura de proveedor hasta la compensación FI-AP (Central Finance)
es;KFFI001040;Tasa de automatización: compensación de facturas de cliente
es;KFFI001060;Desde la emisión de factura de cliente (sin ventas) hasta la compensación FI-AR
es;KFFI001061;Desde la emisión de factura de cliente hasta la compensación FI-AR (Central Finance)
es;KFFI001201;Gestor de planificación: Tiempos de ejecución y estado
es;KFFI001303;Casos de clarificación abiertos con la última fecha modificada en el pasado
es;KFFI001402;Casos de promesa de pago abiertos con fecha de promesa de pago en el pasado
es;KFFI001501;Errores durante la ejecución del cálculo del coste
es;KFFI001502;Errores durante el cálculo del coste con la transacción CK11N
es;KFFI001601;Errores durante el cálculo de trabajo en curso para las órdenes de producción
es;KFFI001602;Errores durante el cálculo de desviaciones para las órdenes de producción
es;KFFI001603;Errores durante la liquidación real de la orden de producción
es;KFFI001605;Errores durante la liquidación real de la orden interna/de mantenimiento
es;KFFI001609;Errores durante la liquidación real de la orden de red/elemento PEP
es;KFFI001701;Cálculos del coste incorrectos a partir de confirmaciones
es;KFFI001801;Errores durante la ejecución de amortización
es;KFFI001802;Activos en construcción no desactivados
es;KFFI001803;Activos sin contabilizaciones
es;KFFI001804;Faltan campos en activos incompletos
es;KFFI001805;Errores durante la contabilización periódica de costes de adquisición y producción
es;KFFI001806;Maestro de activo fijo creado
es;KFFI001807;Modificaciones efectuadas en datos maestros de activo fijo
es;KFFI001808;Activos de bajo valor todavía activos después de un año
es;KFFI001860;Desde la creación del maestro de activos fijos (activos en construcción) hasta su desactivación
es;KFFI001861;Desde la creación de maestro de activos fijos (con amortización) hasta su desactivación
es;KFFI001890;Utilización de clase de activo fijo (multisociedad)
es;KFFI001891;Utilización de clase de activo fijo (por sociedad)
es;KFFI001960;Creación de factura de suministros para la compensación en la cuenta corriente contractual (FI-CA)
es;KFFI002003;Posiciones presupuestarias de pedido atrasadas asignadas a órdenes
es;KFFI002004;Posiciones presupuestarias de pedido atrasadas asignadas a proyectos
es;KFFI002005;Posiciones presupuestarias de pedido atrasadas asignadas a ventas
es;KFFI002260;Creación de facturación convergente para la compensación en la cuenta corriente contractual (FI-CA)
es;KFFI002305;Órdenes internas creadas, pero no liberadas
es;KFFI002306;Órdenes internas creadas, pero no completadas técnicamente
es;KFFI002308;Modificaciones efectuadas en órdenes internas
es;KFFI002309;Colectores de costes del producto sin liquidación reciente
es;KFFI002360;Desde la creación de colector de costes del producto hasta la primera liquidación
es;KFFI002395;Utilización de tipo de orden en órdenes internas
es;KFFI002501;Ejecuciones de reclamación por sociedad
es;KFFI002601;Documentos de facturación atrasados para la facturación convergente
es;KFFI002602;Facturación convergente atrasada con cuenta de contrato bloqueada
es;KFFI002603;Facturación convergente atrasada con contrato de proveedor bloqueado
es;KFFI002604;Contratos de proveedor bloqueados para la facturación
es;KFFI002605;Posiciones de documento de facturación creadas
es;KFFI002606;Posiciones de documento de factura creadas
es;KFFI002607;Documentos de facturación atrasados para la facturación convergente
es;KFFI002660;Desde la creación de contrato de proveedor hasta la primera facturación
es;KFFI002801;Contratos inmobiliarios creados
es;KFFI002802;Modificaciones en los contratos inmobiliarios
es;KFFI002803;Contratos inmobiliarios no activados
es;KIAUT00101;Órdenes previsionales (PE) fijadas con fecha de fin de orden en el pasado 
es;KIAUT00102;Órdenes previsionales (PE) no fijadas con fecha de fin de orden en el pasado 
es;KIAUT00103;Órdenes previsionales (PE) con lista MRP en el pasado
es;KIAUT00160;Desde la ejecución de fecha de inicio extrema de cantidad de orden repetitiva (por componente) hasta la fecha de fin extrema
es;KIAUT00190;Utilización de versión de fabricación en fabricación repetitiva
es;KIAUT00301;Movimientos de mercancías fallidos en fabricación repetitiva (entrada individual)
es;KIAUT00302;Movimientos de mercancías fallidos en fabricación repetitiva (entrada colectiva)
es;KIISU00101;"Órdenes de cálculo de suministros atrasadas con estado ""calculables"""
es;KIISU00102;"Órdenes de cálculo de suministros atrasadas con estado ""No calculables"""
es;KIISU00103;Órdenes de cálculo de suministros atrasadas sin documento de lectura de contadores
es;KIISU00104;Órdenes de cálculo de suministros atrasadas sin dispositivo lógico
es;KIISU00160;Desde la creación de contrato de suministros hasta la primera compensación de partidas abiertas
es;KIISU00161;Desde la creación de orden de cálculo de suministros (no calculable) hasta la fecha de cálculo planificada
es;KIISU00162;Desde la creación de orden de cálculo de suministros (calculable) hasta la fecha de cálculo planificada
es;KIISU00201;Órdenes de facturación de suministros atrasadas (documento de facturación)
es;KIISU00203;Órdenes de facturación de suministros no liberadas (documento de facturación)
es;KIISU00204;Anulaciones del documento de facturación de suministros
es;KIISU00205;Se han liberado documentos de facturación de suministros con errores
es;KIISU00260;Desde la creación de documento de facturación de suministros hasta la creación de documento de impresión
es;KIISU00261;Desde la creación de documento de facturación de suministros con errores hasta la impresión de factura
es;KIISU00302;Facturas de suministros con desencadenadores de impresión atrasados
es;KIISU00304;Anulaciones del documento de impresión de suministros
es;KIISU00305;Se han liberado documentos de impresión de suministros con errores
es;KIISU00306;Documentos de impresión de suministros atrasados para liberación
es;KIISU00360;Desde la creación de documento de impresión de suministros hasta la compensación de partidas abiertas
es;KIISU00361;Desde la creación de documento de impresión de suministros con errores hasta la compensación de partidas abiertas
es;KIPSM00101;Documentos presupuestarios creados
es;KIPSM00102;Partidas de documento presupuestario creadas
es;KIPSM00103;Partidas de documento presupuestario abiertas y atrasadas
es;KIPSM00104;Partidas de documento presupuestario abiertas
es;KIPSM00105;Modificaciones efectuadas en documentos presupuestarios
es;KIPSM00106;Partidas de documento presupuestario bloqueadas
es;KIRET00460;Reaprovisionamiento dentro de la sociedad, del centro de distribución a la tienda
es;KIRET00461;Reaprovisionamiento dentro de la sociedad, del centro de distribución al centro de distribución
es;KIRET00462;Reaprovisionamiento dentro de la sociedad, de la tienda a la tienda
es;KIRET00463;Reaprovisionamiento dentro de la sociedad, de la tienda al centro de distribución
es;KIRET00464;Reaprovisionamiento entre sociedades, del centro de distribución a la tienda
es;KIRET00465;Reaprovisionamiento entre sociedades, del centro de distribución al centro de distribución
es;KIRET00466;Reaprovisionamiento entre sociedades, de la tienda a la tienda
es;KIRET00467;Reaprovisionamiento entre sociedades, de la tienda al centro de distribución
es;KIRET00560;Aprovisionamiento (sin imputación) al centro de distribución
es;KIRET00561;Aprovisionamiento (sin imputación) a la tienda
es;KIRET00562;Aprovisionamiento (con imputación) al centro de distribución
es;KIRET00563;Aprovisionamiento (con imputación) a la tienda
es;KIRET00601;Artículos liberados sin catalogación de tienda
es;KIRET00602;Artículos liberados sin catalogación de centro de distribución
es;KIRET00603;Artículos sin registro info de compras
es;KITM000101;Solicitudes de transporte creadas
es;KITM000201;Órdenes de transporte creadas
es;KPCONF0110;Movimientos de mercancías fallidos durante la confirmación de la orden de fabricación
es;KPCONF0120;Movimientos de mercancías fallidos durante la confirmación de la orden de red
es;KPCONF0130;Movimientos de mercancías fallidos durante la confirmación de la orden de mantenimiento/servicio al cliente
es;KPCONF0140;Movimientos de mercancías fallidos durante la confirmación de la orden de proceso
es;KPCONF0401;Confirmaciones de orden de fabricación
es;KPCONF0402;Confirmaciones de orden de proceso
es;KPCONF0403;Confirmaciones de orden de mantenimiento 
es;KPCONF0405;Confirmaciones de orden de servicio al cliente
es;KPGR000101;Movimientos de mercancía de salida contabilizados
es;KPGR000102;Movimientos de mercancía de entrada contabilizados
es;KPIM000101;Nivel de stock de libre utilización
es;KPIM000105;Nivel de stock para pedido de cliente
es;KPIM000106;Nivel de stock de consignación de cliente
es;KPIM000107;Nivel de stock para proyecto
es;KPIM000108;Nivel de stock de libre utilización (nivel de lote)
es;KPIM000115;Nivel de stock de existencias suministradas al proveedor
es;KPIM000160;Nivel de stock de materiales vendibles (no gestionado por lotes)
es;KPIM000161;Nivel de stock de materiales vendibles (gestionado por lotes)
es;KPIM000162;Nivel de stock de materiales primas y productos semielaborados (no gestionado por lotes)
es;KPIM000163;Nivel de stock de materiales primas y productos semielaborados (gestionado por lotes)
es;KPLE000110;Entregas de salida atrasadas para contabilización de salida de mercancías
es;KPLE000111;Entregas entrantes atrasadas para contabilización de entrada de mercancías
es;KPLE000120;Entregas entrantes creadas
es;KPLE000121;Entregas de salida creadas
es;KPLE000171;Entregas con proceso de salida (por medio)
es;KPLE000190;Verificación de configuración: actualización del flujo de documentos de MM a LE
es;KPLE000204;Posiciones de coste de envío no procesadas completamente
es;KPLE000205;Envíos salientes no completados todavía
es;KPLE000206;Envíos entrantes no completados todavía
es;KPLE000207;Modificaciones en envíos
es;KPLE000305;Posiciones de entrega enviadas y atrasadas para facturación
es;KPLE000307;Modificaciones efectuadas en entregas
es;KPLE000360;Desde la creación de posición de entrega de salida hasta la contabilización de salida de mercancías
es;KPLE000361;Desde la creación de posición de entrega de salida para la contabilización de salida de mercancías (orden de transporte)
es;KPLE000362;Desde la creación de posición de entrega entrante hasta la contabilización de entrada de mercancías
es;KPMRP00108;Órdenes previsionales (LA/KD) con fecha fin extrema situada en el pasado
es;KPMRP00109;Órdenes previsionales atrasadas asignadas a ventas
es;KPMRP00201;Archivo marcado para planificación de área de planificación MRP: materiales marcados para su eliminación
es;KPMRP00202;Archivo marcado para planificación de área de planificación MRP: el estado no permite la planificación
es;KPMRP00205;Archivo marcado para planificación MRP: materiales marcados para su eliminación
es;KPMRP00206;Materiales de archivo marcado para planificación MRP: el estado no permite la planificación
es;KPMRP00260;Materiales afectados por MRP la semana pasada
es;KPPP000101;Órdenes de fabricación atrasadas para liberación
es;KPPP000103;Órdenes de fabricación atrasadas para entrega completadas
es;KPPP000106;Órdenes de fabricación con fecha de fin extrema vencida y sin petición de borrado
es;KPPP000107;Órdenes de fabricación creadas
es;KPPP000108;Órdenes de fabricación liberadas sin primera confirmación
es;KPPP000111;Componentes de orden de fabricación atrasados para consumo
es;KPPP000121;Órdenes de fabricación atrasadas asignadas a ventas
es;KPPP000122;Todas las modificaciones de estado por orden de fabricación
es;KPPP000142;Tasa de automatización: cierre técnico de orden de fabricación 
es;KPPP000242;Tasa de automatización: cierre técnico de orden de proceso 
es;KPPP000160;Desde la creación de orden de fabricación hasta el cierre técnico
es;KPPP000161;Desde la creación de orden de producción hasta la primera liquidación
es;KPPP000162;Desde la creación de componente de orden de producción hasta la contabilización de salida de mercancías
es;KPPP000163;Desde la creación de componente de orden de fabricación hasta la entrada de mercancías (mediante aprovisionamiento directo)
es;KPPP000164;Desde la creación de operaciones de órdenes de producción hasta el final de la ejecución
es;KPPP000190;Utilización de la clase de orden en las órdenes de fabricación (válido para todos los centros)
es;KPPP000192;Utilización de hoja de ruta en fabricación discreta (por material/centro)
es;KPPP000195;Utilización de versión de fabricación en fabricación discreta (por material/centro)
es;KPPP000201;Órdenes de proceso atrasadas para liberación
es;KPPP000203;Órdenes de proceso atrasadas para entrega completadas
es;KPPP000206;Órdenes de proceso con fecha de fin extrema vencida y sin petición de borrado
es;KPPP000207;Órdenes de proceso creadas
es;KPPP000208;Órdenes de proceso liberadas sin primera confirmación
es;KPPP000211;Componentes de orden de proceso atrasados para consumo
es;KPPP000222;Órdenes de proceso atrasadas asignadas a ventas
es;KPPP000223;Todas las modificaciones de estado por orden de proceso
es;KPPP000260;Desde la creación de orden de fabricación hasta el cierre técnico
es;KPPP000261;Desde la creación de la orden de proceso hasta la primera liquidación
es;KPPP000262;Desde la creación de componente de orden de proceso hasta la contabilización de salida de mercancías
es;KPPP000263;Desde la creación de componente de orden de proceso hasta la entrada de mercancías (mediante aprovisionamiento directo)
es;KPPP000264;Desde la creación de operaciones de órdenes de proceso hasta el final de la ejecución
es;KPPP000290;Utilización de la clase de orden en las órdenes de proceso (válido para todos los centros)
es;KPPP000292;Utilización de receta de planificación en fabricación de proceso (por material/centro)
es;KPPP000295;Utilización de versión de fabricación en fabricación por procesos (por material/centro)
es;KPPP000409;Materiales con mensajes de error de lista MRP
es;KPPP000410;Elementos de planificación que se van a cancelar por material
es;KPPP000411;Elementos de planificación que se van a reprogramar por material
es;KPPROJ0105;Órdenes de red con fecha de fin programada vencida y sin petición de borrado
es;KPPROJ0190;Utilización de la clase de orden en las órdenes de red (válido para todos los centros)
es;KPPROJ0205;Proyectos liberados con elementos de la EDT completados por nivel
es;KPPROJ0302;Elementos EDT liberados pero no completados técnicamente o cerrados
es;KPPROJ0305;Todas las modificaciones de estado por elemento PEP liberado
es;KPPROJ0360;Desde la creación de elemento PEP (sin perfil de inversión) hasta su cierre
es;KPPROJ0361;Desde la creación de elemento PEP (con perfil de inversión) hasta su cierre
es;KPPURCH201;Posiciones de pedido creadas
es;KPPURCH203;Posiciones de pedido abiertas y atrasadas
es;KPPURCH204;Errores en pedidos incompletos
es;KPPURCH207;Posiciones de pedido sin indicador de factura final
es;KPPURCH212;Posiciones de pedido creadas tras la factura
es;KPPURCH221;Modificaciones en pedidos
es;KPPURCH222;Posiciones de pedido creadas sin referencia a contrato
es;KPPURCH223;Posiciones de pedido atrasadas sin ninguna confirmación
es;KPPURCH225;Posiciones de pedido abiertas con posiciones de entrega entrante atrasadas
es;KPPURCH228;Confirmaciones de proveedor relevantes para MRP atrasadas
es;KPPURCH242;Pedidos creados por usuarios (para verificación de valores predeterminada)
es;KPPURCH260;Desde la creación de posición de pedido hasta la compensación EM/RF
es;KPPURCH261;Desde la creación de la posición de pedido (sin imputación) hasta la creación de la recepción de factura
es;KPPURCH263;Posición de pedido multisociedad vinculado con proceso desde la orden a la factura
es;KPPURCH265;Desde la creación de posición de pedido (sin EM) hasta la compensación FI-AP
es;KPPURCH266;Desde la creación de la posición de pedido (subcontratación) hasta la creación de la recepción de factura
es;KPPURCH267;Desde la creación de la posición de pedido hasta la facturación de la hoja de entrada de servicios
es;KPPURCH268;Desde la creación de la posición de pedido (con imputación) hasta la creación de la recepción de factura
es;KPPURCH273;Pedidos con proceso de salida (por medio)
es;KPPURCH290;"Verificación de configuración: proponer ""entrega completada"""
es;KPPURCH297;Utilización de esquema de cálculo en documentos de compras (organización multisociedad)
es;KPPURCH298;Utilización de tipo de documento de compras (multisociedad)
es;KPPURCH301;Posiciones de solicitud de pedido creadas
es;KPPURCH303;Posiciones de solicitud de pedido abiertas y atrasadas
es;KPPURCH309;Modificaciones en solicitudes de pedido
es;KPPURCH360;Desde la creación de la posición de solicitud de pedido hasta la creación de la posición de pedido
es;KPPURCH362;Desde la creación de la posición de solicitud de pedido de traslado hasta la creación de posición de pedido de traslado 
es;KPPURCH404;Facturas de proveedor creadas
es;KPPURCH409;Posiciones de factura de proveedor bloqueadas con partidas FI-AP atrasadas
es;KPPURCH411;Facturas de proveedor con partidas FI-AP atrasadas
es;KPPURCH412;Modificaciones efectuadas en facturas de proveedor
es;KPPURCH413;Facturas de proveedor canceladas
es;KPPURCH460;Desde la emisión de factura de proveedor (con pedido) hasta la compensación FI-AP
es;KPPURCH508;Errores perceptibles durante las ejecuciones de vencimiento de entrega (pedidos de traslado)
es;KPPURCH560;Desde la creación de posición de pedido de traslado (sin entrega) hasta la EM
es;KPPURCH561;Desde la creación de posición de pedido de traslado (con entrega) a EM
es;KPPURCH562;Desde la creación de posición de pedido de traslado entre sociedades hasta la compensación FI-AR
es;KPPURCH609;Repartos de plan de entregas de compras atrasados
es;KPPURCH610;Planes de entregas de compras atrasados con lista MRP
es;KPPURCH660;Desde la creación de posición de plan de entregas hasta el fin de validez
es;KPPURCH661;Desde la creación de posición de contrato de cantidad de compra hasta el fin de validez
es;KPPURCH662;Desde la creación de posición de contrato de valor de compra hasta el fin de validez
es;KPPURCH701;Posiciones de pedido abiertas sin hoja de entrada de servicios
es;KPPURCH702;Hojas de entrada de servicios sin aceptación
es;KPPURCH703;Hojas de entrada de servicios sin entrada final
es;KPPURCH704;Modificaciones para las hojas de entrada de servicios
es;KPSD000133;Documentos de ventas creados
es;KPSD000171;Documentos de ventas con proceso de salida (por medio)
es;KPSD000190;Utilización de tipo de documento de ventas (área de ventas cruzadas)
es;KPSD000194;Utilización de esquema de cálculo en documentos de ventas (organización de ventas cruzadas)
es;KPSD000195;Utilización de motivo de orden por tipo de documento
es;KPSD000201;Facturas de ventas no contabilizadas en contabilidad
es;KPSD000207;Documentos de facturación de ventas sin mensaje de salida
es;KPSD000208;Facturas de ventas con partidas FI-AR abiertas
es;KPSD000215;Cancelación de facturas de ventas
es;KPSD000216;Errores perceptibles durante las ejecuciones de vencimiento de factura
es;KPSD000217;Modificaciones efectuadas en documentos de facturación 
es;KPSD000218;Documentos de facturación creados
es;KPSD000260;Desde la creación de documento de facturación hasta la compensación FI-AR
es;KPSD000271;Documentos de facturación con proceso de salida (por medio)
es;KPSD000292;Utilización de esquema de cálculo en documentos de facturación (organización de ventas cruzadas)
es;KPSD000293;Utilización de clase de facturación en documentos de facturación (organización de ventas cruzadas)
es;KPSD000303;Posiciones de reparto de plan de entregas atrasadas
es;KPSD000304;Repartos no confirmados inicialmente para fecha preferente de entrega
es;KPSD000306;Faltan campos en posiciones de documentos de ventas incompletas
es;KPSD000307;Posiciones de documento de ventas rechazadas
es;KPSD000319;Datos del plan de facturación no facturados y atrasados
es;KPSD000321;Posiciones de documentos de ventas atrasadas para facturación
es;KPSD000322;Posiciones de reparto de plan de entregas abiertas y reprogramadas
es;KPSD000323;Modificaciones de condición manuales en posiciones de documento de ventas
es;KPSD000324;Modificaciones efectuadas en documentos de ventas
es;KPSD000326;Errores perceptibles durante las ejecuciones de vencimiento de entrega (ventas)
es;KPSD000327;Posiciones eliminadas en el documento de ventas 
es;KPSD000360;Desde la creación de posición de pedido de cliente hasta la creación de posición de entrega de salida
es;KPSD000361;Desde la creación de posición de pedido de cliente hasta la creación de posición de factura de ventas
es;KPSD000362;Desde la creación de posición de pedido de cliente hasta la compensación de partida FI-AR
es;KPSD000363;Desde la creación de posición de pedido de cliente de terceros hasta la creación de posición de factura de ventas
es;KPSD000364;Desde la posición de pedido de cliente (pedido individual de cliente) hasta la posición de factura de ventas 
es;KPSD000365;Desde la posición de pedido de cliente (fabricación sobre pedido) hasta la posición de factura de ventas  
es;KPSD000366;Desde la creación de posición de pedido de cliente interno hasta la compensación de partida FI-AP
es;KPSD000367;Desde la creación de posición de pedido de cliente (factura basada en el pedido) hasta la compensación de partida FI-AR
es;KPSD000368;Desde la creación de posición de oferta hasta la creación de posición de pedido de cliente
es;KPSD000369;Desde la creación de posición de pedido de cliente (venta contra almacén) hasta la creación de entrega
es;KPSD000380;Desde la creación de posición de orden de devolución hasta la contabilización de entrada de mercancías
es;KPSD000392;Utilización de motivo de rechazo según categoría de posición
es;KPSD000460;Desde la creación de posición de solicitud de nota de cargo hasta la compensación de partida FI-AR
es;KPSD000462;Desde la creación de posición de solicitud de abono hasta la compensación de partida FI-AR
es;KPWM000403;Cuantos lentos en gestión de almacenes
es;KWMD000107;Modificaciones efectuadas en datos maestros de material
es;KWMD000109;Utilización de datos maestros de material en fabricación de proceso (por centro)
es;KWMD000110;Utilización de datos maestros de material en aprovisionamiento (por centro)
es;KWMD000160;Desde la creación de datos maestros de material por centro hasta la primera entrega de orden de fabricación
es;KWMD000161;Desde la creación de datos maestros de material por centro hasta la primera entrega de orden de proceso
es;KWMD000203;Modificaciones efectuadas en datos maestros de cliente
es;KWMD000204;Utilización de datos maestros de cliente en documentos de facturación (área de ventas cruzadas)
es;KWMD000205;Utilización de datos maestros de cliente en documentos de facturación (por área de ventas)
es;KWMD000206;Utilización de datos maestros de cliente en FI-AR (por sociedad)
es;KWMD000207;Utilización de datos maestros de cliente en FI-AR (multisociedad)
es;KWMD000260;Desde la creación de datos maestros de cliente hasta la primera compensación de partidas abiertas
es;KWMD000309;Modificaciones efectuadas en datos maestros de proveedor
es;KWMD000311;Utilización de datos maestros de proveedor en documentos de compras (organización de compras multisociedad)
es;KWMD000312;Utilización de datos maestros de proveedor en documentos de compras (por organización de compras)
es;KWMD000313;Utilización de datos maestros de proveedor en FI-AP (por sociedad)
es;KWMD000314;Utilización de datos maestros de proveedor en FI-AP (multisociedad)
es;KWMD000315;Utilización de registro info de compras en documentos de compras (organización de compras multisociedad)
es;KWMD000360;Desde la creación de datos maestros de proveedor hasta la primera compensación de partidas abiertas
es;KWMD000501;Utilización de condiciones de pago en facturas FI-AP (por sociedad)
es;KWMD000502;Utilización de condiciones de pago en facturas FI-AP (multisociedad)
es;KWMD000503;Utilización de condiciones de pago en facturas FI-AR (por sociedad)
es;KWMD000504;Utilización de condiciones de pago en facturas FI-AR (multisociedad)
es;KWPM000115;Avisos de mantenimiento creados
es;KWPM000116;Avisos de servicios al cliente creados
es;KWPM000117;Avisos de mantenimiento abiertos y atrasados
es;KWPM000118;Avisos de servicios al cliente abiertos y atrasados
es;KWPM000119;Avisos de mantenimiento pendientes
es;KWPM000120;Avisos de servicios al cliente pendientes
es;KWPM000160;Desde la creación de aviso de mantenimiento para el cierre de aviso
es;KWPM000161;Creación de aviso de servicios al cliente para cierre de aviso
es;KWPM000203;Órdenes de mantenimiento creadas
es;KWPM000204;Órdenes de servicios al cliente creadas
es;KWPM000215;Todas las modificaciones de estado por orden de mantenimiento
es;KWPM000216;Todas las modificaciones de estado por orden de servicio al cliente
es;KWPM000217;Órdenes de mantenimiento atrasadas para su liberación
es;KWPM000218;Órdenes de servicio al cliente atrasadas para su liberación
es;KWPM000219;Órdenes de mantenimiento liberadas y atrasadas para cierre técnico
es;KWPM000220;Órdenes de servicio al cliente liberadas y atrasadas para cierre técnico
es;KWPM000221;Órdenes de mantenimiento no liquidadas
es;KWPM000222;Órdenes de servicio al cliente no liquidadas
es;KWPM000260;Desde la creación de orden de mantenimiento hasta el cierre de orden
es;KWPM000261;Desde la creación de orden de mantenimiento hasta la liquidación de orden
es;KWPM000262;Desde la creación de orden de servicio al cliente hasta el cierre de orden
es;KWPM000263;Desde la creación de orden de servicio al cliente hasta la liquidación de orden
es;KWPM000264;Desde la creación de componente de orden de mantenimiento hasta la contabilización de salida de mercancías
es;KWPM000265;Desde la creación de componente de orden de servicio al cliente hasta la contabilización de salida de mercancías
es;KWPM000290;Utilización de la clase de orden en las órdenes de mantenimiento/servicio al cliente (válido para todos los centros)
es;KWPM000462;Desde la creación de posición del plan de mantenimiento hasta el fin de contrato de servicio
es;KWQM000101;Lotes de inspección con cantidades pendientes
es;KWQM000102;Lotes de inspección sin decisión de empleo
es;KWQM000103;Lotes de inspección sin cierre de inspección
es;KWQM000161;Desde la creación de lote para la inspección de entrada de mercancías de compras hasta la decisión de empleo
es;KWQM000162;Desde la creación de lote para inspección de entrada de mercancías de la fabricación hasta la decisión de empleo
es;KWQM000163;Desde la creación de lote para inspección intermedia durante la fabricación hasta la decisión de empleo
es;KWSERV0101;Órdenes de servicio creadas
es;KWSERV0102;Oferta de servicio creada
es;KWSERV0103;Confirmaciones de servicio creadas
es;KWSERV0104;Solicitud de servicio creada
es;KWSERV0105;Contratos de servicios creados
es;KWSERV0106;Órdenes de solución creadas
es;KWSERV0160;Desde la creación de orden de servicio hasta la finalización de la orden de servicio
es;KXEWM00101;Fases atrasadas para liberación
es;KXEWM00102;Fases liberadas con defectos
es;KXEWM00201;Órdenes de almacén atrasadas para confirmación
es;KXEWM00202;Órdenes de almacén confirmadas
es;KXEWM00203;Órdenes de almacén creadas
es;KXEWM00260;Desde la creación de orden de almacén hasta la confirmación
es;KXEWM00301;Tareas de almacén atrasadas para confirmación
es;KXEWM00302;Tareas de reaprovisionamiento atrasadas para confirmación
es;KXEWM00303;Posiciones de tarea de almacén creadas
es;KXEWM00304;Posiciones de tarea de almacén confirmadas
es;KXEWM00305;Posiciones de tarea de almacén confirmadas con códigos de excepción
es;KXEWM00390;Utilización de códigos de excepción en tareas de almacén confirmadas (por almacén)
es;KXEWM00401;Posiciones de entrega entrante atrasadas sin entrada en stock completada
es;KXEWM00402;Posiciones de entrega entrante atrasadas sin entrada de mercancías completada
es;KXEWM00403;Posiciones de entrega entrante creadas en EWM
es;KXEWM00404;Contabilizaciones de entrada de mercancías para posiciones de entrega entrante en EWM
es;KXEWM00460;Desde la creación de posición de entrega entrante (para documento de compras) hasta la finalización de entrada en stock
es;KXEWM00461;Desde la creación de posición de entrega entrante (para fabricación) hasta la finalización de entrada en stock
es;KXEWM00490;Utilización de códigos de proceso en posiciones de entrega entrantes
es;KXEWM00501;Posiciones de orden de entrega de salida atrasadas para picking
es;KXEWM00502;Posiciones de orden de entrega de salida atrasadas para contabilización de salida de mercancías
es;KXEWM00503;Posiciones de orden de entrega de salida creadas
es;KXEWM00504;Contabilizaciones de salida de mercancías para posiciones de orden de entrega de salida
es;KXEWM00560;Desde la creación de posición de pedido de entrega de salida (para documento de ventas) hasta la creación de entrega
es;KXEWM00590;Utilización de códigos de proceso en posiciones de órdenes de entrega de salida
es;KXEWM00701;Posiciones de entrega de salida atrasadas para contabilización de salida de mercancías en EWM
es;KXEWM00702;Posiciones de entrega de salida creadas en EWM
es;KXEWM00860;Desde la creación de posición de notificación de entrega entrante (para documento de compras) hasta la finalización de entrada en stock
es;KXEWM00861;Desde la creación de posición de notificación de entrega entrante (para producción) hasta la finalización de entrada en stock
es;KXEWM00862;Desde la creación de posición de solicitud de entrega de salida (para documento de ventas) hasta la creación de entrega
es;KXEWM00901;Stock de libre utilización disponible no se ha movido
es;KXEWM00902;Stock bloqueado disponible no se ha movido
es;KXEWM00903;Stock de inspección de calidad disponible no se ha movido