locale;kpiId;phaseId;title;subtitle
en_US_sappsd;CPACM00160;10;[[[ŜŎŮŘĈĬŃĢ & ƤŘŎĈŮŘĔΜĔŃŢ∙∙∙∙∙]]];[[[Ĉŏŋţŗąċţ Ŵŏŗķşρąċē∙∙∙∙∙∙]]]
en_US_sappsd;CPAOP00160;10;[[[ŜŎŮŘĈĬŃĢ & ƤŘŎĈŮŘĔΜĔŃŢ∙∙∙∙∙]]];[[[Ƥűŗċĥąşē Řēƣűįşįţįŏŋ∙∙∙∙]]]
en_US_sappsd;CPAOP00160;20;[[[ŜŎŮŘĈĬŃĢ & ƤŘŎĈŮŘĔΜĔŃŢ∙∙∙∙∙]]];[[[Ƥűŗċĥąşē Ŏŗƌēŗ∙∙∙∙∙]]]
en_US_sappsd;CPAOP00161;10;[[[ŜŎŮŘĈĬŃĢ & ƤŘŎĈŮŘĔΜĔŃŢ∙∙∙∙∙]]];[[[Ƥűŗċĥąşē Ŏŗƌēŗ∙∙∙∙∙]]]
en_US_sappsd;CPAOP00161;20;[[[ŜŮƤƤĻŶ ĈĤĀĬŃ∙∙∙∙∙∙∙]]];[[[Ģŏŏƌş Μŏʋēɱēŋţ∙∙∙∙∙]]]
en_US_sappsd;CPAOP00161;30;[[[ƑĬŃĀŃĈĔ∙∙∙∙∙∙∙]]];[[[Ŝűρρĺįēŗ Ĭŋʋŏįċē∙∙∙∙∙∙∙∙]]]
en_US_sappsd;CPAOP00162;10;[[[ƑĬŃĀŃĈĔ∙∙∙∙∙∙∙]]];[[[Ŝűρρĺįēŗ Ĭŋʋŏįċē∙∙∙∙∙∙∙∙]]]
en_US_sappsd;CPAOP00162;20;[[[ƑĬŃĀŃĈĔ∙∙∙∙∙∙∙]]];[[[Ĭŋʋŏįċē Ƥąŷɱēŋţ∙∙∙∙]]]
en_US_sappsd;CPAOP00163;10;[[[ŜŎŮŘĈĬŃĢ & ƤŘŎĈŮŘĔΜĔŃŢ∙∙∙∙∙]]];[[[Ƥűŗċĥąşē Ŏŗƌēŗ∙∙∙∙∙]]]
en_US_sappsd;CPAOP00163;20;[[[ƑĬŃĀŃĈĔ∙∙∙∙∙∙∙]]];[[[Ŝűρρĺįēŗ Ĭŋʋŏįċē∙∙∙∙∙∙∙∙]]]
en_US_sappsd;CPASC00160;10;[[[ŜŎŮŘĈĬŃĢ & ƤŘŎĈŮŘĔΜĔŃŢ∙∙∙∙∙]]];[[[Ŝŏűŗċįŋğ Řēƣűēşţ∙∙∙∙∙∙∙∙]]]
en_US_sappsd;CPASC00160;20;[[[ŜŎŮŘĈĬŃĢ & ƤŘŎĈŮŘĔΜĔŃŢ∙∙∙∙∙]]];[[[Ŝŏűŗċįŋğ Ƥŗŏĵēċţ∙∙∙∙∙∙∙∙]]]
en_US_sappsd;CPASC00160;30;[[[ŜŎŮŘĈĬŃĢ & ƤŘŎĈŮŘĔΜĔŃŢ∙∙∙∙∙]]];[[[Ŝŏűŗċįŋğ Ĕʋēŋţ∙∙∙∙∙]]]
en_US_sappsd;CPASC00160;40;[[[ŜŎŮŘĈĬŃĢ & ƤŘŎĈŮŘĔΜĔŃŢ∙∙∙∙∙]]];[[[Ŝŏűŗċįŋğ Ƥŗŏĵēċţ∙∙∙∙∙∙∙∙]]]
en_US_sappsd;CPASC00161;10;[[[ŜŎŮŘĈĬŃĢ & ƤŘŎĈŮŘĔΜĔŃŢ∙∙∙∙∙]]];[[[Ŝŏűŗċįŋğ Ƥŗŏĵēċţ∙∙∙∙∙∙∙∙]]]
en_US_sappsd;CPASC00161;20;[[[ŜŎŮŘĈĬŃĢ & ƤŘŎĈŮŘĔΜĔŃŢ∙∙∙∙∙]]];[[[Ŝŏűŗċįŋğ Ĕʋēŋţ∙∙∙∙∙]]]
en_US_sappsd;CPASC00161;30;[[[ŜŎŮŘĈĬŃĢ & ƤŘŎĈŮŘĔΜĔŃŢ∙∙∙∙∙]]];[[[Ŝŏűŗċįŋğ Ƥŗŏĵēċţ∙∙∙∙∙∙∙∙]]]
en_US_sappsd;CPASC00163;10;[[[ŜŎŮŘĈĬŃĢ & ƤŘŎĈŮŘĔΜĔŃŢ∙∙∙∙∙]]];[[[Ŝŏűŗċįŋğ Ĕʋēŋţ∙∙∙∙∙]]]
en_US_sappsd;CPASC00163;20;[[[ŜŎŮŘĈĬŃĢ & ƤŘŎĈŮŘĔΜĔŃŢ∙∙∙∙∙]]];[[[Ɓįƌƌįŋğ∙∙∙∙∙∙∙]]]
en_US_sappsd;CPASC00163;30;[[[ŜŎŮŘĈĬŃĢ & ƤŘŎĈŮŘĔΜĔŃŢ∙∙∙∙∙]]];[[[Ŝŏűŗċįŋğ Ĕʋēŋţ∙∙∙∙∙]]]
en_US_sappsd;CPASC00164;10;[[[ŜŎŮŘĈĬŃĢ & ƤŘŎĈŮŘĔΜĔŃŢ∙∙∙∙∙]]];[[[Ŝŏűŗċįŋğ Ĕʋēŋţ∙∙∙∙∙]]]
en_US_sappsd;CPASC00164;20;[[[ŜŎŮŘĈĬŃĢ & ƤŘŎĈŮŘĔΜĔŃŢ∙∙∙∙∙]]];[[[Ɓįƌƌįŋğ∙∙∙∙∙∙∙]]]
en_US_sappsd;CPASC00164;30;[[[ŜŎŮŘĈĬŃĢ & ƤŘŎĈŮŘĔΜĔŃŢ∙∙∙∙∙]]];[[[Ŝŏűŗċįŋğ Ĕʋēŋţ∙∙∙∙∙]]]
en_US_sappsd;CPASC00165;10;[[[ŜŎŮŘĈĬŃĢ & ƤŘŎĈŮŘĔΜĔŃŢ∙∙∙∙∙]]];[[[Ŝŏűŗċįŋğ Ĕʋēŋţ∙∙∙∙∙]]]
en_US_sappsd;CPASC00165;20;[[[ŜŎŮŘĈĬŃĢ & ƤŘŎĈŮŘĔΜĔŃŢ∙∙∙∙∙]]];[[[Ɓįƌƌįŋğ∙∙∙∙∙∙∙]]]
en_US_sappsd;CPASC00165;30;[[[ŜŎŮŘĈĬŃĢ & ƤŘŎĈŮŘĔΜĔŃŢ∙∙∙∙∙]]];[[[Ŝŏűŗċįŋğ Ĕʋēŋţ∙∙∙∙∙]]]
en_US_sappsd;CPASM00160;10;[[[ŜŎŮŘĈĬŃĢ & ƤŘŎĈŮŘĔΜĔŃŢ∙∙∙∙∙]]];[[[Ŝűρρĺįēŗ Řēƣűēşţ∙∙∙∙∙∙∙∙]]]
en_US_sappsd;CPASM00160;20;[[[ŜŎŮŘĈĬŃĢ & ƤŘŎĈŮŘĔΜĔŃŢ∙∙∙∙∙]]];[[[Ŝűρρĺįēŗ Řēğįşţŗąţįŏŋ∙∙∙∙∙]]]
en_US_sappsd;CPASM00161;10;[[[ŜŎŮŘĈĬŃĢ & ƤŘŎĈŮŘĔΜĔŃŢ∙∙∙∙∙]]];[[[Ŝűρρĺįēŗ Ǭűąĺįƒįċąţįŏŋ∙∙∙∙∙]]]
en_US_sappsd;KBSRM00160;10;[[[ƤŘŎĈŮŘĔΜĔŃŢ∙∙∙∙∙∙∙∙]]];[[[Ŝĥŏρρįŋğ Ĉąŗţ∙∙∙∙∙∙]]]
en_US_sappsd;KBSRM00160;20;[[[ƤŘŎĈŮŘĔΜĔŃŢ∙∙∙∙∙∙∙∙]]];[[[Ƥűŗċĥąşē Ďŏċűɱēŋţ∙∙∙∙∙∙∙]]]
en_US_sappsd;KBSRM00760;10;[[[ƤŘŎĈŮŘĔΜĔŃŢ∙∙∙∙∙∙∙∙]]];[[[Ɓįƌ Ĭŋʋįţąţįŏŋ∙∙∙∙∙]]]
en_US_sappsd;KBSRM00760;20;[[[ƤŘŎĈŮŘĔΜĔŃŢ∙∙∙∙∙∙∙∙]]];[[[Ʋēŋƌŏŗ Ɓįƌ (Ǭűŏţąţįŏŋ)∙∙∙∙∙]]]
en_US_sappsd;KBSRM00761;10;[[[ƤŘŎĈŮŘĔΜĔŃŢ∙∙∙∙∙∙∙∙]]];[[[Āűċţįŏŋ∙∙∙∙∙∙∙]]]
en_US_sappsd;KBSRM00761;20;[[[ƤŘŎĈŮŘĔΜĔŃŢ∙∙∙∙∙∙∙∙]]];[[[Ʋēŋƌŏŗ Ɓįƌ (Ǭűŏţąţįŏŋ)∙∙∙∙∙]]]
en_US_sappsd;KCSAL00660;10;[[[ŜĀĻĔŜ∙∙∙∙∙∙∙∙∙]]];[[[Ŏρρŏŗţűŋįţŷ∙∙∙∙∙∙∙∙]]]
en_US_sappsd;KCSAL00660;20;[[[ŜĀĻĔŜ∙∙∙∙∙∙∙∙∙]]];[[[Ɓűşįŋēşş Āċţįʋįţŷ∙∙∙∙∙∙∙]]]
en_US_sappsd;KCSAL00660;30;[[[ŜĀĻĔŜ∙∙∙∙∙∙∙∙∙]]];[[[Ţąşķ]]]
en_US_sappsd;KCSAL00660;40;[[[ŜĀĻĔŜ∙∙∙∙∙∙∙∙∙]]];[[[Ŏρρŏŗţűŋįţŷ∙∙∙∙∙∙∙∙]]]
en_US_sappsd;KFFI000960;10;[[[ƑĬŃĀŃĈĔ∙∙∙∙∙∙∙]]];[[[Āċċŏűŋţįŋğ Ďŏċűɱēŋţ∙∙∙∙∙]]]
en_US_sappsd;KFFI000960;20;[[[ƑĬŃĀŃĈĔ∙∙∙∙∙∙∙]]];[[[Ĉĺēąŗįŋğ Ďŏċűɱēŋţ∙∙∙∙∙∙∙]]]
en_US_sappsd;KFFI000961;10;[[[ƑĬŃĀŃĈĔ∙∙∙∙∙∙∙]]];[[[Āċċŏűŋţįŋğ Ďŏċűɱēŋţ∙∙∙∙∙]]]
en_US_sappsd;KFFI000961;20;[[[ƑĬŃĀŃĈĔ∙∙∙∙∙∙∙]]];[[[Ĉĺēąŗįŋğ Ďŏċűɱēŋţ∙∙∙∙∙∙∙]]]
en_US_sappsd;KFFI001060;10;[[[ƑĬŃĀŃĈĔ∙∙∙∙∙∙∙]]];[[[Āċċŏűŋţįŋğ Ďŏċűɱēŋţ∙∙∙∙∙]]]
en_US_sappsd;KFFI001060;20;[[[ƑĬŃĀŃĈĔ∙∙∙∙∙∙∙]]];[[[Ĉĺēąŗįŋğ Ďŏċűɱēŋţ∙∙∙∙∙∙∙]]]
en_US_sappsd;KFFI001061;10;[[[ƑĬŃĀŃĈĔ∙∙∙∙∙∙∙]]];[[[Āċċŏűŋţįŋğ Ďŏċűɱēŋţ∙∙∙∙∙]]]
en_US_sappsd;KFFI001061;20;[[[ƑĬŃĀŃĈĔ∙∙∙∙∙∙∙]]];[[[Ĉĺēąŗįŋğ Ďŏċűɱēŋţ∙∙∙∙∙∙∙]]]
en_US_sappsd;KFFI001860;10;[[[ƑĬŃĀŃĈĔ∙∙∙∙∙∙∙]]];[[[Āşşēţ Μąşţēŗ∙∙∙∙∙∙∙]]]
en_US_sappsd;KFFI001860;20;[[[ƑĬŃĀŃĈĔ & ƤŘŎĈŮŘĔΜĔŃŢ∙∙∙∙∙]]];[[[Āċċŏűŋţįŋğ Ďŏċűɱēŋţ∙∙∙∙∙]]]
en_US_sappsd;KFFI001860;30;[[[ƑĬŃĀŃĈĔ∙∙∙∙∙∙∙]]];[[[Ŝēţţĺēɱēŋţ Ďŏċűɱēŋţ∙∙∙∙∙]]]
en_US_sappsd;KFFI001860;40;[[[ƑĬŃĀŃĈĔ∙∙∙∙∙∙∙]]];[[[Āşşēţ Μąşţēŗ∙∙∙∙∙∙∙]]]
en_US_sappsd;KFFI001861;10;[[[ƑĬŃĀŃĈĔ∙∙∙∙∙∙∙]]];[[[Āşşēţ Μąşţēŗ∙∙∙∙∙∙∙]]]
en_US_sappsd;KFFI001861;20;[[[ƑĬŃĀŃĈĔ & ƤŘŎĈŮŘĔΜĔŃŢ∙∙∙∙∙]]];[[[Āċċŏűŋţįŋğ Ďŏċűɱēŋţ∙∙∙∙∙]]]
en_US_sappsd;KFFI001861;30;[[[ƑĬŃĀŃĈĔ∙∙∙∙∙∙∙]]];[[[Ďēρŗēċįąţįŏŋ Ƥŏşţįŋğ∙∙∙∙]]]
en_US_sappsd;KFFI001861;40;[[[ƑĬŃĀŃĈĔ∙∙∙∙∙∙∙]]];[[[Āşşēţ Ƥŏşţįŋğ∙∙∙∙∙∙]]]
en_US_sappsd;KFFI001861;50;[[[ƑĬŃĀŃĈĔ∙∙∙∙∙∙∙]]];[[[Āşşēţ Μąşţēŗ∙∙∙∙∙∙∙]]]
en_US_sappsd;KFFI001960;10;[[[ƑĬŃĀŃĈĔ∙∙∙∙∙∙∙]]];[[[Āċċŏűŋţįŋğ Ďŏċűɱēŋţ∙∙∙∙∙]]]
en_US_sappsd;KFFI001960;20;[[[ƑĬŃĀŃĈĔ∙∙∙∙∙∙∙]]];[[[Ĉĺēąŗįŋğ Ďŏċűɱēŋţ∙∙∙∙∙∙∙]]]
en_US_sappsd;KFFI002260;10;[[[ƑĬŃĀŃĈĔ∙∙∙∙∙∙∙]]];[[[Āċċŏűŋţįŋğ Ďŏċűɱēŋţ∙∙∙∙∙]]]
en_US_sappsd;KFFI002260;20;[[[ƑĬŃĀŃĈĔ∙∙∙∙∙∙∙]]];[[[Ĉĺēąŗįŋğ Ďŏċűɱēŋţ∙∙∙∙∙∙∙]]]
en_US_sappsd;KFFI002360;10;[[[ƑĬŃĀŃĈĔ∙∙∙∙∙∙∙]]];[[[Ƥŗŏƌűċţ Ĉŏşţ Ĉŏĺĺēċţŏŗ∙∙∙∙∙]]]
en_US_sappsd;KFFI002360;20;[[[ΜĀŃŮƑĀĈŢŮŘĬŃĢ∙∙∙∙∙∙]]];[[[Ƥĺąŋŋēƌ Ŏŗƌēŗ Ĉŏŋƒįŗɱąţįŏŋ∙∙∙∙∙∙∙]]]
en_US_sappsd;KFFI002360;30;[[[ΜĀŃŮƑĀĈŢŮŘĬŃĢ / ƑĬŃĀŃĈĔ∙∙∙∙∙∙]]];[[[Μąţēŗįąĺ Ŝēţţĺēɱēŋţ∙∙∙∙∙]]]
en_US_sappsd;KFFI002660;10;[[[ŜĀĻĔŜ∙∙∙∙∙∙∙∙∙]]];[[[Ƥŗŏʋįƌēŗ Ĉŏŋţŗąċţ∙∙∙∙∙∙∙]]]
en_US_sappsd;KFFI002660;20;[[[ŜĀĻĔŜ∙∙∙∙∙∙∙∙∙]]];[[[Ɓįĺĺįŋğ Ďŏċűɱēŋţ∙∙∙∙∙∙∙∙]]]
en_US_sappsd;KFFI002660;30;[[[ŜĀĻĔŜ∙∙∙∙∙∙∙∙∙]]];[[[Ĭŋʋŏįċįŋğ Ďŏċűɱēŋţ∙∙∙∙∙∙]]]
en_US_sappsd;KIAUT00160;10;[[[ΜĀŃŮƑĀĈŢŮŘĬŃĢ∙∙∙∙∙∙]]];[[[Řűŋ Ŝċĥēƌűĺē Ǭűąŋţįţŷ∙∙∙∙∙]]]
en_US_sappsd;KIAUT00160;20;[[[ŜŮƤƤĻŶ ĈĤĀĬŃ∙∙∙∙∙∙∙]]];[[[Ŵąŗēĥŏűşē Ŝţŏċķ∙∙∙∙]]]
en_US_sappsd;KIAUT00160;30;[[[ƤŘŎĈŮŘĔΜĔŃŢ∙∙∙∙∙∙∙∙]]];[[[Ƥűŗċĥąşē Ŏŗƌēŗ / Řēƣűįşįţįŏŋ / Ŝċĥēƌűĺįŋğ Āğŗēēɱēŋţ∙∙∙∙∙∙∙∙∙∙∙∙∙∙∙∙∙∙∙∙]]]
en_US_sappsd;KIAUT00160;40;[[[ΜĀŃŮƑĀĈŢŮŘĬŃĢ∙∙∙∙∙∙]]];[[[Řűŋ Ŝċĥēƌűĺē Ǭűąŋţįţŷ∙∙∙∙∙]]]
en_US_sappsd;KIISU00160;10;[[[ŜĀĻĔŜ∙∙∙∙∙∙∙∙∙]]];[[[Ĉŏŋţŗąċţ∙∙∙∙∙∙]]]
en_US_sappsd;KIISU00160;20;[[[ŜĀĻĔŜ∙∙∙∙∙∙∙∙∙]]];[[[Μēţēŗ Řēąƌįŋğ Ŏŗƌēŗ∙∙∙∙∙]]]
en_US_sappsd;KIISU00160;30;[[[ŜĀĻĔŜ∙∙∙∙∙∙∙∙∙]]];[[[Ɓįĺĺįŋğ Ďŏċűɱēŋţ∙∙∙∙∙∙∙∙]]]
en_US_sappsd;KIISU00160;40;[[[ŜĀĻĔŜ∙∙∙∙∙∙∙∙∙]]];[[[Ƥŗįŋţ Ďŏċűɱēŋţ∙∙∙∙∙]]]
en_US_sappsd;KIISU00160;50;[[[ƑĬŃĀŃĈĔ∙∙∙∙∙∙∙]]];[[[Ĉŏŋţŗąċţ Āċċŏűŋţįŋğ Ďŏċűɱēŋţ∙∙∙∙∙∙∙∙]]]
en_US_sappsd;KIISU00161;10;[[[ŜĀĻĔŜ∙∙∙∙∙∙∙∙∙]]];[[[Ɓįĺĺįŋğ Ŏŗƌēŗ∙∙∙∙∙∙]]]
en_US_sappsd;KIISU00161;20;[[[ŜĀĻĔŜ∙∙∙∙∙∙∙∙∙]]];[[[Μēţēŗ Řēąƌįŋğ Ŏŗƌēŗ∙∙∙∙∙]]]
en_US_sappsd;KIISU00161;30;[[[ŜĀĻĔŜ∙∙∙∙∙∙∙∙∙]]];[[[Ĉŏŋţŗąċţ∙∙∙∙∙∙]]]
en_US_sappsd;KIISU00161;40;[[[ŜĀĻĔŜ∙∙∙∙∙∙∙∙∙]]];[[[Ɓįĺĺįŋğ Ŏŗƌēŗ∙∙∙∙∙∙]]]
en_US_sappsd;KIISU00162;10;[[[ŜĀĻĔŜ∙∙∙∙∙∙∙∙∙]]];[[[Ɓįĺĺįŋğ Ŏŗƌēŗ∙∙∙∙∙∙]]]
en_US_sappsd;KIISU00162;20;[[[ŜĀĻĔŜ∙∙∙∙∙∙∙∙∙]]];[[[Μēţēŗ Řēąƌįŋğ Ŏŗƌēŗ∙∙∙∙∙]]]
en_US_sappsd;KIISU00162;30;[[[ŜĀĻĔŜ∙∙∙∙∙∙∙∙∙]]];[[[Ĉŏŋţŗąċţ∙∙∙∙∙∙]]]
en_US_sappsd;KIISU00162;40;[[[ŜĀĻĔŜ∙∙∙∙∙∙∙∙∙]]];[[[Ɓįĺĺįŋğ Ŏŗƌēŗ∙∙∙∙∙∙]]]
en_US_sappsd;KIISU00260;10;[[[ŜĀĻĔŜ∙∙∙∙∙∙∙∙∙]]];[[[Ɓįĺĺįŋğ Ďŏċűɱēŋţ∙∙∙∙∙∙∙∙]]]
en_US_sappsd;KIISU00260;20;[[[ŜĀĻĔŜ∙∙∙∙∙∙∙∙∙]]];[[[Ƥŗįŋţ Ďŏċűɱēŋţ∙∙∙∙∙]]]
en_US_sappsd;KIISU00261;10;[[[ŜĀĻĔŜ∙∙∙∙∙∙∙∙∙]]];[[[Ɓįĺĺįŋğ Ďŏċűɱēŋţ∙∙∙∙∙∙∙∙]]]
en_US_sappsd;KIISU00261;20;[[[ŜĀĻĔŜ∙∙∙∙∙∙∙∙∙]]];[[[Ƥŗįŋţ Ďŏċűɱēŋţ∙∙∙∙∙]]]
en_US_sappsd;KIISU00360;10;[[[ŜĀĻĔŜ∙∙∙∙∙∙∙∙∙]]];[[[Ƥŗįŋţ Ďŏċűɱēŋţ∙∙∙∙∙]]]
en_US_sappsd;KIISU00360;20;[[[ƑĬŃĀŃĈĔ∙∙∙∙∙∙∙]]];[[[Āċċŏűŋţįŋğ Ďŏċűɱēŋţ∙∙∙∙∙]]]
en_US_sappsd;KIISU00361;10;[[[ŜĀĻĔŜ∙∙∙∙∙∙∙∙∙]]];[[[Ƥŗįŋţ Ďŏċűɱēŋţ∙∙∙∙∙]]]
en_US_sappsd;KIISU00361;20;[[[ƑĬŃĀŃĈĔ∙∙∙∙∙∙∙]]];[[[Āċċŏűŋţįŋğ Ďŏċűɱēŋţ∙∙∙∙∙]]]
en_US_sappsd;KIRET00460;10;[[[ŜŎŮŘĈĬŃĢ & ƤŘŎĈŮŘĔΜĔŃŢ∙∙∙∙∙]]];[[[Ŝţŏċķ Ţŗąŋşρŏŗţ Ŏŗƌēŗ∙∙∙∙∙]]]
en_US_sappsd;KIRET00460;20;[[[ŜŮƤƤĻŶ ĈĤĀĬŃ∙∙∙∙∙∙∙]]];[[[Řēρĺēŋįşĥɱēŋţ Ďēĺįʋēŗŷ∙∙∙∙∙]]]
en_US_sappsd;KIRET00460;30;[[[ŜŮƤƤĻŶ ĈĤĀĬŃ∙∙∙∙∙∙∙]]];[[[Ģŏŏƌş Μŏʋēɱēŋţ∙∙∙∙∙]]]
en_US_sappsd;KIRET00461;10;[[[ŜŎŮŘĈĬŃĢ & ƤŘŎĈŮŘĔΜĔŃŢ∙∙∙∙∙]]];[[[Ŝţŏċķ Ţŗąŋşρŏŗţ Ŏŗƌēŗ∙∙∙∙∙]]]
en_US_sappsd;KIRET00461;20;[[[ŜŮƤƤĻŶ ĈĤĀĬŃ∙∙∙∙∙∙∙]]];[[[Řēρĺēŋįşĥɱēŋţ Ďēĺįʋēŗŷ∙∙∙∙∙]]]
en_US_sappsd;KIRET00461;30;[[[ŜŮƤƤĻŶ ĈĤĀĬŃ∙∙∙∙∙∙∙]]];[[[Ģŏŏƌş Μŏʋēɱēŋţ∙∙∙∙∙]]]
en_US_sappsd;KIRET00462;10;[[[ŜŎŮŘĈĬŃĢ & ƤŘŎĈŮŘĔΜĔŃŢ∙∙∙∙∙]]];[[[Ŝţŏċķ Ţŗąŋşρŏŗţ Ŏŗƌēŗ∙∙∙∙∙]]]
en_US_sappsd;KIRET00462;20;[[[ŜŮƤƤĻŶ ĈĤĀĬŃ∙∙∙∙∙∙∙]]];[[[Řēρĺēŋįşĥɱēŋţ Ďēĺįʋēŗŷ∙∙∙∙∙]]]
en_US_sappsd;KIRET00462;30;[[[ŜŮƤƤĻŶ ĈĤĀĬŃ∙∙∙∙∙∙∙]]];[[[Ģŏŏƌş Μŏʋēɱēŋţ∙∙∙∙∙]]]
en_US_sappsd;KIRET00463;10;[[[ŜŎŮŘĈĬŃĢ & ƤŘŎĈŮŘĔΜĔŃŢ∙∙∙∙∙]]];[[[Ŝţŏċķ Ţŗąŋşρŏŗţ Ŏŗƌēŗ∙∙∙∙∙]]]
en_US_sappsd;KIRET00463;20;[[[ŜŮƤƤĻŶ ĈĤĀĬŃ∙∙∙∙∙∙∙]]];[[[Řēρĺēŋįşĥɱēŋţ Ďēĺįʋēŗŷ∙∙∙∙∙]]]
en_US_sappsd;KIRET00463;30;[[[ŜŮƤƤĻŶ ĈĤĀĬŃ∙∙∙∙∙∙∙]]];[[[Ģŏŏƌş Μŏʋēɱēŋţ∙∙∙∙∙]]]
en_US_sappsd;KIRET00464;10;[[[ŜŎŮŘĈĬŃĢ & ƤŘŎĈŮŘĔΜĔŃŢ∙∙∙∙∙]]];[[[Ŝţŏċķ Ţŗąŋşρŏŗţ Ŏŗƌēŗ∙∙∙∙∙]]]
en_US_sappsd;KIRET00464;20;[[[ŜŮƤƤĻŶ ĈĤĀĬŃ∙∙∙∙∙∙∙]]];[[[Řēρĺēŋįşĥɱēŋţ Ďēĺįʋēŗŷ∙∙∙∙∙]]]
en_US_sappsd;KIRET00464;30;[[[ŜŮƤƤĻŶ ĈĤĀĬŃ∙∙∙∙∙∙∙]]];[[[Ģŏŏƌş Μŏʋēɱēŋţ∙∙∙∙∙]]]
en_US_sappsd;KIRET00464;40;[[[ƑĬŃĀŃĈĔ∙∙∙∙∙∙∙]]];[[[Āċċŏűŋţįŋğ Ďŏċűɱēŋţ∙∙∙∙∙]]]
en_US_sappsd;KIRET00465;10;[[[ŜŎŮŘĈĬŃĢ & ƤŘŎĈŮŘĔΜĔŃŢ∙∙∙∙∙]]];[[[Ŝţŏċķ Ţŗąŋşρŏŗţ Ŏŗƌēŗ∙∙∙∙∙]]]
en_US_sappsd;KIRET00465;20;[[[ŜŮƤƤĻŶ ĈĤĀĬŃ∙∙∙∙∙∙∙]]];[[[Řēρĺēŋįşĥɱēŋţ Ďēĺįʋēŗŷ∙∙∙∙∙]]]
en_US_sappsd;KIRET00465;30;[[[ŜŮƤƤĻŶ ĈĤĀĬŃ∙∙∙∙∙∙∙]]];[[[Ģŏŏƌş Μŏʋēɱēŋţ∙∙∙∙∙]]]
en_US_sappsd;KIRET00465;40;[[[ƑĬŃĀŃĈĔ∙∙∙∙∙∙∙]]];[[[Āċċŏűŋţįŋğ Ďŏċűɱēŋţ∙∙∙∙∙]]]
en_US_sappsd;KIRET00466;10;[[[ŜŎŮŘĈĬŃĢ & ƤŘŎĈŮŘĔΜĔŃŢ∙∙∙∙∙]]];[[[Ŝţŏċķ Ţŗąŋşρŏŗţ Ŏŗƌēŗ∙∙∙∙∙]]]
en_US_sappsd;KIRET00466;20;[[[ŜŮƤƤĻŶ ĈĤĀĬŃ∙∙∙∙∙∙∙]]];[[[Řēρĺēŋįşĥɱēŋţ Ďēĺįʋēŗŷ∙∙∙∙∙]]]
en_US_sappsd;KIRET00466;30;[[[ŜŮƤƤĻŶ ĈĤĀĬŃ∙∙∙∙∙∙∙]]];[[[Ģŏŏƌş Μŏʋēɱēŋţ∙∙∙∙∙]]]
en_US_sappsd;KIRET00466;40;[[[ƑĬŃĀŃĈĔ∙∙∙∙∙∙∙]]];[[[Āċċŏűŋţįŋğ Ďŏċűɱēŋţ∙∙∙∙∙]]]
en_US_sappsd;KIRET00467;10;[[[ŜŎŮŘĈĬŃĢ & ƤŘŎĈŮŘĔΜĔŃŢ∙∙∙∙∙]]];[[[Ŝţŏċķ Ţŗąŋşρŏŗţ Ŏŗƌēŗ∙∙∙∙∙]]]
en_US_sappsd;KIRET00467;20;[[[ŜŮƤƤĻŶ ĈĤĀĬŃ∙∙∙∙∙∙∙]]];[[[Řēρĺēŋįşĥɱēŋţ Ďēĺįʋēŗŷ∙∙∙∙∙]]]
en_US_sappsd;KIRET00467;30;[[[ŜŮƤƤĻŶ ĈĤĀĬŃ∙∙∙∙∙∙∙]]];[[[Ģŏŏƌş Μŏʋēɱēŋţ∙∙∙∙∙]]]
en_US_sappsd;KIRET00467;40;[[[ƑĬŃĀŃĈĔ∙∙∙∙∙∙∙]]];[[[Āċċŏűŋţįŋğ Ďŏċűɱēŋţ∙∙∙∙∙]]]
en_US_sappsd;KIRET00560;10;[[[ŜŎŮŘĈĬŃĢ & ƤŘŎĈŮŘĔΜĔŃŢ∙∙∙∙∙]]];[[[Ƥűŗċĥąşē Ŏŗƌēŗ∙∙∙∙∙]]]
en_US_sappsd;KIRET00560;20;[[[ŜŮƤƤĻŶ ĈĤĀĬŃ∙∙∙∙∙∙∙]]];[[[Ģŏŏƌş Μŏʋēɱēŋţ∙∙∙∙∙]]]
en_US_sappsd;KIRET00560;30;[[[ƑĬŃĀŃĈĔ∙∙∙∙∙∙∙]]];[[[Ŝűρρĺįēŗ Ĭŋʋŏįċē∙∙∙∙∙∙∙∙]]]
en_US_sappsd;KIRET00561;10;[[[ŜŎŮŘĈĬŃĢ & ƤŘŎĈŮŘĔΜĔŃŢ∙∙∙∙∙]]];[[[Ƥűŗċĥąşē Ŏŗƌēŗ∙∙∙∙∙]]]
en_US_sappsd;KIRET00561;20;[[[ŜŮƤƤĻŶ ĈĤĀĬŃ∙∙∙∙∙∙∙]]];[[[Ģŏŏƌş Μŏʋēɱēŋţ∙∙∙∙∙]]]
en_US_sappsd;KIRET00561;30;[[[ƑĬŃĀŃĈĔ∙∙∙∙∙∙∙]]];[[[Ŝűρρĺįēŗ Ĭŋʋŏįċē∙∙∙∙∙∙∙∙]]]
en_US_sappsd;KIRET00562;10;[[[ŜŎŮŘĈĬŃĢ & ƤŘŎĈŮŘĔΜĔŃŢ∙∙∙∙∙]]];[[[Ƥűŗċĥąşē Ŏŗƌēŗ∙∙∙∙∙]]]
en_US_sappsd;KIRET00562;20;[[[ŜŮƤƤĻŶ ĈĤĀĬŃ∙∙∙∙∙∙∙]]];[[[Ģŏŏƌş Μŏʋēɱēŋţ∙∙∙∙∙]]]
en_US_sappsd;KIRET00562;30;[[[ƑĬŃĀŃĈĔ∙∙∙∙∙∙∙]]];[[[Ŝűρρĺįēŗ Ĭŋʋŏįċē∙∙∙∙∙∙∙∙]]]
en_US_sappsd;KIRET00563;10;[[[ŜŎŮŘĈĬŃĢ & ƤŘŎĈŮŘĔΜĔŃŢ∙∙∙∙∙]]];[[[Ƥűŗċĥąşē Ŏŗƌēŗ∙∙∙∙∙]]]
en_US_sappsd;KIRET00563;20;[[[ŜŮƤƤĻŶ ĈĤĀĬŃ∙∙∙∙∙∙∙]]];[[[Ģŏŏƌş Μŏʋēɱēŋţ∙∙∙∙∙]]]
en_US_sappsd;KIRET00563;30;[[[ƑĬŃĀŃĈĔ∙∙∙∙∙∙∙]]];[[[Ŝűρρĺįēŗ Ĭŋʋŏįċē∙∙∙∙∙∙∙∙]]]
en_US_sappsd;KPIM000160;10;[[[ŜŮƤƤĻŶ ĈĤĀĬŃ∙∙∙∙∙∙∙]]];[[[Ŝţŏċķ Ļēʋēĺ∙∙∙∙∙∙∙∙]]]
en_US_sappsd;KPIM000160;20;[[[ŜŮƤƤĻŶ ĈĤĀĬŃ∙∙∙∙∙∙∙]]];[[[Ģŏŏƌş Μŏʋēɱēŋţ∙∙∙∙∙]]]
en_US_sappsd;KPIM000161;10;[[[ŜŮƤƤĻŶ ĈĤĀĬŃ∙∙∙∙∙∙∙]]];[[[Ŝţŏċķ Ļēʋēĺ∙∙∙∙∙∙∙∙]]]
en_US_sappsd;KPIM000161;20;[[[ŜŮƤƤĻŶ ĈĤĀĬŃ∙∙∙∙∙∙∙]]];[[[Ģŏŏƌş Μŏʋēɱēŋţ∙∙∙∙∙]]]
en_US_sappsd;KPIM000162;10;[[[ŜŮƤƤĻŶ ĈĤĀĬŃ∙∙∙∙∙∙∙]]];[[[Ŝţŏċķ Ļēʋēĺ∙∙∙∙∙∙∙∙]]]
en_US_sappsd;KPIM000162;20;[[[ŜŮƤƤĻŶ ĈĤĀĬŃ∙∙∙∙∙∙∙]]];[[[Ģŏŏƌş Μŏʋēɱēŋţ∙∙∙∙∙]]]
en_US_sappsd;KPIM000163;10;[[[ŜŮƤƤĻŶ ĈĤĀĬŃ∙∙∙∙∙∙∙]]];[[[Ŝţŏċķ Ļēʋēĺ∙∙∙∙∙∙∙∙]]]
en_US_sappsd;KPIM000163;20;[[[ŜŮƤƤĻŶ ĈĤĀĬŃ∙∙∙∙∙∙∙]]];[[[Ģŏŏƌş Μŏʋēɱēŋţ∙∙∙∙∙]]]
en_US_sappsd;KPLE000360;10;[[[ŜŮƤƤĻŶ ĈĤĀĬŃ∙∙∙∙∙∙∙]]];[[[Ŏűţƃŏűŋƌ Ďēĺįʋēŗŷ∙∙∙∙∙∙∙]]]
en_US_sappsd;KPLE000360;20;[[[ŜŮƤƤĻŶ ĈĤĀĬŃ∙∙∙∙∙∙∙]]];[[[Ĥąŋƌĺįŋğ Ůŋįţ∙∙∙∙∙∙]]]
en_US_sappsd;KPLE000360;30;[[[ŜŮƤƤĻŶ ĈĤĀĬŃ∙∙∙∙∙∙∙]]];[[[Ŝĥįρɱēŋţ Ďŏċűɱēŋţ∙∙∙∙∙∙∙]]]
en_US_sappsd;KPLE000360;40;[[[ŜŮƤƤĻŶ ĈĤĀĬŃ∙∙∙∙∙∙∙]]];[[[Ģŏŏƌş Μŏʋēɱēŋţ∙∙∙∙∙]]]
en_US_sappsd;KPLE000361;10;[[[ŜŮƤƤĻŶ ĈĤĀĬŃ∙∙∙∙∙∙∙]]];[[[Ŏűţƃŏűŋƌ Ďēĺįʋēŗŷ∙∙∙∙∙∙∙]]]
en_US_sappsd;KPLE000361;20;[[[ŜŮƤƤĻŶ ĈĤĀĬŃ∙∙∙∙∙∙∙]]];[[[Ţŗąŋşƒēŗ Ŏŗƌēŗ∙∙∙∙∙]]]
en_US_sappsd;KPLE000361;30;[[[ŜŮƤƤĻŶ ĈĤĀĬŃ∙∙∙∙∙∙∙]]];[[[Ĥąŋƌĺįŋğ Ůŋįţ∙∙∙∙∙∙]]]
en_US_sappsd;KPLE000361;40;[[[ŜŮƤƤĻŶ ĈĤĀĬŃ∙∙∙∙∙∙∙]]];[[[Ŝĥįρɱēŋţ Ďŏċűɱēŋţ∙∙∙∙∙∙∙]]]
en_US_sappsd;KPLE000361;50;[[[ŜŮƤƤĻŶ ĈĤĀĬŃ∙∙∙∙∙∙∙]]];[[[Ģŏŏƌş Μŏʋēɱēŋţ∙∙∙∙∙]]]
en_US_sappsd;KPLE000362;10;[[[ŜŮƤƤĻŶ ĈĤĀĬŃ∙∙∙∙∙∙∙]]];[[[Ĭŋƃŏűŋƌ Ďēĺįʋēŗŷ∙∙∙∙∙∙∙∙]]]
en_US_sappsd;KPLE000362;20;[[[ŜŮƤƤĻŶ ĈĤĀĬŃ∙∙∙∙∙∙∙]]];[[[Ŝĥįρɱēŋţ Ďŏċűɱēŋţ∙∙∙∙∙∙∙]]]
en_US_sappsd;KPLE000362;30;[[[ŜŮƤƤĻŶ ĈĤĀĬŃ∙∙∙∙∙∙∙]]];[[[Ĥąŋƌĺįŋğ Ůŋįţ∙∙∙∙∙∙]]]
en_US_sappsd;KPLE000362;40;[[[ŜŮƤƤĻŶ ĈĤĀĬŃ∙∙∙∙∙∙∙]]];[[[Ţŗąŋşƒēŗ Ŏŗƌēŗ∙∙∙∙∙]]]
en_US_sappsd;KPLE000362;50;[[[ŜŮƤƤĻŶ ĈĤĀĬŃ∙∙∙∙∙∙∙]]];[[[Ģŏŏƌş Μŏʋēɱēŋţ∙∙∙∙∙]]]
en_US_sappsd;KPMRP00260;10;[[[ŜŮƤƤĻŶ ĈĤĀĬŃ∙∙∙∙∙∙∙]]];[[[ΜŘƤ Řűŋş∙∙∙∙∙∙]]]
en_US_sappsd;KPMRP00260;15;[[[ŜĀĻĔŜ∙∙∙∙∙∙∙∙∙]]];[[[Ŝąĺēş Ŏŗƌēŗ & Ŏűţƃŏűŋƌ Ďēĺįʋēŗŷ∙∙∙∙∙∙∙∙∙∙]]]
en_US_sappsd;KPMRP00260;20;[[[ŜŮƤƤĻŶ ĈĤĀĬŃ∙∙∙∙∙∙∙]]];[[[Ƥĺąŋŋēƌ Ŏŗƌēŗ∙∙∙∙∙∙]]]
en_US_sappsd;KPMRP00260;30;[[[ΜĀŃŮƑĀĈŢŮŘĬŃĢ∙∙∙∙∙∙]]];[[[Μąŋűƒąċţűŗįŋğ Ŏŗƌēŗ∙∙∙∙∙]]]
en_US_sappsd;KPMRP00260;40;[[[ƤŘŎĈŮŘĔΜĔŃŢ∙∙∙∙∙∙∙∙]]];[[[Ƥűŗċĥąşįŋğ Ďŏċűɱēŋţ∙∙∙∙∙]]]
en_US_sappsd;KPMRP00260;50;[[[ŜŮƤƤĻŶ ĈĤĀĬŃ∙∙∙∙∙∙∙]]];[[[ΜŘƤ Ļįşţ∙∙∙∙∙∙]]]
en_US_sappsd;KPMRP00260;60;[[[ΜĀŃŮƑĀĈŢŮŘĬŃĢ∙∙∙∙∙∙]]];[[[Μąŋűƒąċţűŗįŋğ Ŏŗƌēŗ∙∙∙∙∙]]]
en_US_sappsd;KPMRP00260;70;[[[ƤŘŎĈŮŘĔΜĔŃŢ∙∙∙∙∙∙∙∙]]];[[[Ƥűŗċĥąşįŋğ Ďŏċűɱēŋţ∙∙∙∙∙]]]
en_US_sappsd;KPPP000160;10;[[[ΜĀŃŮƑĀĈŢŮŘĬŃĢ∙∙∙∙∙∙]]];[[[Ƥŗŏƌűċţįŏŋ Ŏŗƌēŗ∙∙∙∙∙∙∙∙]]]
en_US_sappsd;KPPP000160;20;[[[ΜĀŃŮƑĀĈŢŮŘĬŃĢ∙∙∙∙∙∙]]];[[[Ŏŗƌēŗ Ĉŏŋƒįŗɱąţįŏŋ∙∙∙∙∙∙]]]
en_US_sappsd;KPPP000160;30;[[[ΜĀŃŮƑĀĈŢŮŘĬŃĢ∙∙∙∙∙∙]]];[[[Ģŏŏƌş Μŏʋēɱēŋţ∙∙∙∙∙]]]
en_US_sappsd;KPPP000160;40;[[[ΜĀŃŮƑĀĈŢŮŘĬŃĢ∙∙∙∙∙∙]]];[[[Ƥŗŏƌűċţįŏŋ Ŏŗƌēŗ∙∙∙∙∙∙∙∙]]]
en_US_sappsd;KPPP000161;10;[[[ΜĀŃŮƑĀĈŢŮŘĬŃĢ / ƑĬŃĀŃĈĔ∙∙∙∙∙∙]]];[[[Ƥŗŏƌűċţįŏŋ Ŏŗƌēŗ∙∙∙∙∙∙∙∙]]]
en_US_sappsd;KPPP000161;20;[[[ΜĀŃŮƑĀĈŢŮŘĬŃĢ∙∙∙∙∙∙]]];[[[Ŏŗƌēŗ Ĉŏŋƒįŗɱąţįŏŋ∙∙∙∙∙∙]]]
en_US_sappsd;KPPP000161;30;[[[ΜĀŃŮƑĀĈŢŮŘĬŃĢ∙∙∙∙∙∙]]];[[[Ģŏŏƌş Μŏʋēɱēŋţ∙∙∙∙∙]]]
en_US_sappsd;KPPP000161;40;[[[ΜĀŃŮƑĀĈŢŮŘĬŃĢ / ƑĬŃĀŃĈĔ∙∙∙∙∙∙]]];[[[Ŝēţţĺēɱēŋţ Ŏŗƌēŗ∙∙∙∙∙∙∙∙]]]
en_US_sappsd;KPPP000162;10;[[[ΜĀŃŮƑĀĈŢŮŘĬŃĢ∙∙∙∙∙∙]]];[[[Ƥŗŏƌűċţįŏŋ Ŏŗƌēŗ∙∙∙∙∙∙∙∙]]]
en_US_sappsd;KPPP000162;20;[[[ŜŮƤƤĻŶ ĈĤĀĬŃ∙∙∙∙∙∙∙]]];[[[Ŵąŗēĥŏűşē Ŝţŏċķ∙∙∙∙]]]
en_US_sappsd;KPPP000162;30;[[[ƤŘŎĈŮŘĔΜĔŃŢ∙∙∙∙∙∙∙∙]]];[[[Ƥűŗċĥąşē Ŏŗƌēŗ / Řēƣűįşįţįŏŋ∙∙∙∙∙∙∙∙]]]
en_US_sappsd;KPPP000162;40;[[[ΜĀŃŮƑĀĈŢŮŘĬŃĢ∙∙∙∙∙∙]]];[[[Ƥŗŏƌűċţįŏŋ Ŏŗƌēŗ / Ƥĺąŋŋēƌ Ŏŗƌēŗ∙∙∙∙∙∙∙∙∙∙]]]
en_US_sappsd;KPPP000162;50;[[[ŜŮƤƤĻŶ ĈĤĀĬŃ∙∙∙∙∙∙∙]]];[[[Ģŏŏƌş Μŏʋēɱēŋţ∙∙∙∙∙]]]
en_US_sappsd;KPPP000163;10;[[[ΜĀŃŮƑĀĈŢŮŘĬŃĢ∙∙∙∙∙∙]]];[[[Ƥŗŏƌűċţįŏŋ Ŏŗƌēŗ∙∙∙∙∙∙∙∙]]]
en_US_sappsd;KPPP000163;20;[[[ƤŘŎĈŮŘĔΜĔŃŢ∙∙∙∙∙∙∙∙]]];[[[Ƥűŗċĥąşē Řēƣűįşįţįŏŋ∙∙∙∙]]]
en_US_sappsd;KPPP000163;30;[[[ƤŘŎĈŮŘĔΜĔŃŢ∙∙∙∙∙∙∙∙]]];[[[Ƥűŗċĥąşē Ŏŗƌēŗ∙∙∙∙∙]]]
en_US_sappsd;KPPP000163;40;[[[ŜŮƤƤĻŶ ĈĤĀĬŃ∙∙∙∙∙∙∙]]];[[[Ģŏŏƌş Μŏʋēɱēŋţ∙∙∙∙∙]]]
en_US_sappsd;KPPP000164;10;[[[ΜĀŃŮƑĀĈŢŮŘĬŃĢ∙∙∙∙∙∙]]];[[[Ƥŗŏƌűċţįŏŋ Ŏŗƌēŗ∙∙∙∙∙∙∙∙]]]
en_US_sappsd;KPPP000164;20;[[[ΜĀŃŮƑĀĈŢŮŘĬŃĢ∙∙∙∙∙∙]]];[[[Ŵŏŗķ Ĉēŋţēŗ∙∙∙∙∙∙∙∙]]]
en_US_sappsd;KPPP000164;30;[[[ΜĀŃŮƑĀĈŢŮŘĬŃĢ∙∙∙∙∙∙]]];[[[Ĕχţēŗŋąĺ Ƥŗŏċēşşįŋğ∙∙∙∙∙]]]
en_US_sappsd;KPPP000164;40;[[[ΜĀŃŮƑĀĈŢŮŘĬŃĢ∙∙∙∙∙∙]]];[[[Ĉŏŋţŗŏĺ Ķēŷ∙∙∙∙∙∙∙∙]]]
en_US_sappsd;KPPP000164;45;[[[ΜĀŃŮƑĀĈŢŮŘĬŃĢ∙∙∙∙∙∙]]];[[[Ƥŗŏƌűċţįŏŋ Ŏŗƌēŗ∙∙∙∙∙∙∙∙]]]
en_US_sappsd;KPPP000164;50;[[[ΜĀŃŮƑĀĈŢŮŘĬŃĢ∙∙∙∙∙∙]]];[[[Ĉŏŋƒįŗɱąţįŏŋş∙∙∙∙∙∙]]]
en_US_sappsd;KPPP000260;10;[[[ΜĀŃŮƑĀĈŢŮŘĬŃĢ∙∙∙∙∙∙]]];[[[Ƥŗŏċēşş Ŏŗƌēŗ∙∙∙∙∙∙]]]
en_US_sappsd;KPPP000260;15;[[[ΜĀŃŮƑĀĈŢŮŘĬŃĢ∙∙∙∙∙∙]]];[[[Ĉŏŋţŗŏĺ Řēċįρē∙∙∙∙∙]]]
en_US_sappsd;KPPP000260;20;[[[ΜĀŃŮƑĀĈŢŮŘĬŃĢ∙∙∙∙∙∙]]];[[[Ŏŗƌēŗ Ĉŏŋƒįŗɱąţįŏŋ∙∙∙∙∙∙]]]
en_US_sappsd;KPPP000260;30;[[[ΜĀŃŮƑĀĈŢŮŘĬŃĢ∙∙∙∙∙∙]]];[[[Ģŏŏƌş Μŏʋēɱēŋţ∙∙∙∙∙]]]
en_US_sappsd;KPPP000260;40;[[[ΜĀŃŮƑĀĈŢŮŘĬŃĢ∙∙∙∙∙∙]]];[[[Ƥŗŏċēşş Ŏŗƌēŗ∙∙∙∙∙∙]]]
en_US_sappsd;KPPP000261;10;[[[ΜĀŃŮƑĀĈŢŮŘĬŃĢ∙∙∙∙∙∙]]];[[[Ƥŗŏċēşş Ŏŗƌēŗ∙∙∙∙∙∙]]]
en_US_sappsd;KPPP000261;20;[[[ΜĀŃŮƑĀĈŢŮŘĬŃĢ∙∙∙∙∙∙]]];[[[Ŏŗƌēŗ Ĉŏŋƒįŗɱąţįŏŋ∙∙∙∙∙∙]]]
en_US_sappsd;KPPP000261;30;[[[ΜĀŃŮƑĀĈŢŮŘĬŃĢ∙∙∙∙∙∙]]];[[[Ģŏŏƌş Μŏʋēɱēŋţ∙∙∙∙∙]]]
en_US_sappsd;KPPP000261;40;[[[ΜĀŃŮƑĀĈŢŮŘĬŃĢ / ƑĬŃĀŃĈĔ∙∙∙∙∙∙]]];[[[Ŝēţţĺēɱēŋţ Ŏŗƌēŗ∙∙∙∙∙∙∙∙]]]
en_US_sappsd;KPPP000262;10;[[[ΜĀŃŮƑĀĈŢŮŘĬŃĢ∙∙∙∙∙∙]]];[[[Ƥŗŏċēşş Ŏŗƌēŗ∙∙∙∙∙∙]]]
en_US_sappsd;KPPP000262;20;[[[ŜŮƤƤĻŶ ĈĤĀĬŃ∙∙∙∙∙∙∙]]];[[[Ŵąŗēĥŏűşē Ŝţŏċķ∙∙∙∙]]]
en_US_sappsd;KPPP000262;30;[[[ƤŘŎĈŮŘĔΜĔŃŢ∙∙∙∙∙∙∙∙]]];[[[Ƥűŗċĥąşē Ŏŗƌēŗ / Řēƣűįşįţįŏŋ∙∙∙∙∙∙∙∙]]]
en_US_sappsd;KPPP000262;40;[[[ΜĀŃŮƑĀĈŢŮŘĬŃĢ∙∙∙∙∙∙]]];[[[Ƥŗŏċēşş Ŏŗƌēŗ / Ƥĺąŋŋēƌ Ŏŗƌēŗ∙∙∙∙∙∙∙∙∙]]]
en_US_sappsd;KPPP000262;50;[[[ŜŮƤƤĻŶ ĈĤĀĬŃ∙∙∙∙∙∙∙]]];[[[Ģŏŏƌş Μŏʋēɱēŋţ∙∙∙∙∙]]]
en_US_sappsd;KPPP000263;10;[[[ΜĀŃŮƑĀĈŢŮŘĬŃĢ∙∙∙∙∙∙]]];[[[Ƥŗŏċēşş Ŏŗƌēŗ∙∙∙∙∙∙]]]
en_US_sappsd;KPPP000263;20;[[[ƤŘŎĈŮŘĔΜĔŃŢ∙∙∙∙∙∙∙∙]]];[[[Ƥűŗċĥąşē Řēƣűįşįţįŏŋ∙∙∙∙]]]
en_US_sappsd;KPPP000263;30;[[[ƤŘŎĈŮŘĔΜĔŃŢ∙∙∙∙∙∙∙∙]]];[[[Ƥűŗċĥąşē Ŏŗƌēŗ∙∙∙∙∙]]]
en_US_sappsd;KPPP000263;40;[[[ŜŮƤƤĻŶ ĈĤĀĬŃ∙∙∙∙∙∙∙]]];[[[Ģŏŏƌş Μŏʋēɱēŋţ∙∙∙∙∙]]]
en_US_sappsd;KPPP000264;10;[[[ΜĀŃŮƑĀĈŢŮŘĬŃĢ∙∙∙∙∙∙]]];[[[Ƥŗŏċēşş Ŏŗƌēŗ∙∙∙∙∙∙]]]
en_US_sappsd;KPPP000264;20;[[[ΜĀŃŮƑĀĈŢŮŘĬŃĢ∙∙∙∙∙∙]]];[[[Ŵŏŗķ Ĉēŋţēŗ∙∙∙∙∙∙∙∙]]]
en_US_sappsd;KPPP000264;30;[[[ΜĀŃŮƑĀĈŢŮŘĬŃĢ∙∙∙∙∙∙]]];[[[Ĕχţēŗŋąĺ Ƥŗŏċēşşįŋğ∙∙∙∙∙]]]
en_US_sappsd;KPPP000264;40;[[[ΜĀŃŮƑĀĈŢŮŘĬŃĢ∙∙∙∙∙∙]]];[[[Ĉŏŋţŗŏĺ Ķēŷ∙∙∙∙∙∙∙∙]]]
en_US_sappsd;KPPP000264;45;[[[ΜĀŃŮƑĀĈŢŮŘĬŃĢ∙∙∙∙∙∙]]];[[[Ƥŗŏċēşş Ŏŗƌēŗ∙∙∙∙∙∙]]]
en_US_sappsd;KPPP000264;50;[[[ΜĀŃŮƑĀĈŢŮŘĬŃĢ∙∙∙∙∙∙]]];[[[Ĉŏŋƒįŗɱąţįŏŋş∙∙∙∙∙∙]]]
en_US_sappsd;KPPROJ0360;10;[[[ĀŜŜĔŢ ΜĀŃĀĢĔΜĔŃŢ∙∙∙∙∙∙∙∙]]];[[[Ŵŏŗķ Ɓŗēąķƌŏŵŋ Ŝţŗűċţűŗē∙∙∙∙∙∙]]]
en_US_sappsd;KPPROJ0360;20;[[[ĀŜŜĔŢ ΜĀŃĀĢĔΜĔŃŢ / ƑĬŃĀŃĈĔ∙∙∙∙∙∙∙]]];[[[Ŝēţţĺēɱēŋţ Ŵŏŗķ Ɓŗēąķƌŏŵŋ Ŝţŗűċţűŗē∙∙∙∙∙∙∙∙∙∙∙∙]]]
en_US_sappsd;KPPROJ0361;10;[[[ĀŜŜĔŢ ΜĀŃĀĢĔΜĔŃŢ∙∙∙∙∙∙∙∙]]];[[[Ŵŏŗķ Ɓŗēąķƌŏŵŋ Ŝţŗűċţűŗē∙∙∙∙∙∙]]]
en_US_sappsd;KPPROJ0361;20;[[[ĀŜŜĔŢ ΜĀŃĀĢĔΜĔŃŢ / ƑĬŃĀŃĈĔ∙∙∙∙∙∙∙]]];[[[Ŝēţţĺēɱēŋţ Ŵŏŗķ Ɓŗēąķƌŏŵŋ Ŝţŗűċţűŗē∙∙∙∙∙∙∙∙∙∙∙∙]]]
en_US_sappsd;KPPURCH260;10;[[[ƤŘŎĈŮŘĔΜĔŃŢ∙∙∙∙∙∙∙∙]]];[[[Ƥűŗċĥąşē Ŏŗƌēŗ∙∙∙∙∙]]]
en_US_sappsd;KPPURCH260;20;[[[ŜŮƤƤĻŶ ĈĤĀĬŃ∙∙∙∙∙∙∙]]];[[[Ģŏŏƌş Μŏʋēɱēŋţ∙∙∙∙∙]]]
en_US_sappsd;KPPURCH260;30;[[[ƑĬŃĀŃĈĔ∙∙∙∙∙∙∙]]];[[[Ŝűρρĺįēŗ Ĭŋʋŏįċē∙∙∙∙∙∙∙∙]]]
en_US_sappsd;KPPURCH260;40;[[[ƑĬŃĀŃĈĔ∙∙∙∙∙∙∙]]];[[[Āċċŏűŋţ Ďŏċűɱēŋţ∙∙∙∙∙∙∙∙]]]
en_US_sappsd;KPPURCH261;10;[[[ŜŎŮŘĈĬŃĢ & ƤŘŎĈŮŘĔΜĔŃŢ∙∙∙∙∙]]];[[[Ƥűŗċĥąşē Ŏŗƌēŗ∙∙∙∙∙]]]
en_US_sappsd;KPPURCH261;20;[[[ŜŮƤƤĻŶ ĈĤĀĬŃ∙∙∙∙∙∙∙]]];[[[Ģŏŏƌş Μŏʋēɱēŋţ∙∙∙∙∙]]]
en_US_sappsd;KPPURCH261;30;[[[ƑĬŃĀŃĈĔ∙∙∙∙∙∙∙]]];[[[Ŝűρρĺįēŗ Ĭŋʋŏįċē∙∙∙∙∙∙∙∙]]]
en_US_sappsd;KPPURCH263;10;[[[ŜŎŮŘĈĬŃĢ & ƤŘŎĈŮŘĔΜĔŃŢ∙∙∙∙∙]]];[[[Ƥűŗċĥąşē Ŏŗƌēŗ∙∙∙∙∙]]]
en_US_sappsd;KPPURCH263;20;[[[ŜĀĻĔŜ∙∙∙∙∙∙∙∙∙]]];[[[Ŝąĺēş Ŏŗƌēŗ∙∙∙∙∙∙∙∙]]]
en_US_sappsd;KPPURCH263;30;[[[ŜŮƤƤĻŶ ĈĤĀĬŃ∙∙∙∙∙∙∙]]];[[[Ŏűţƃŏűŋƌ Ďēĺįʋēŗŷ∙∙∙∙∙∙∙]]]
en_US_sappsd;KPPURCH263;40;[[[ŜŮƤƤĻŶ ĈĤĀĬŃ∙∙∙∙∙∙∙]]];[[[Ģŏŏƌş Μŏʋēɱēŋţ∙∙∙∙∙]]]
en_US_sappsd;KPPURCH263;50;[[[ƑĬŃĀŃĈĔ∙∙∙∙∙∙∙]]];[[[Ŝűρρĺįēŗ Ĭŋʋŏįċē∙∙∙∙∙∙∙∙]]]
en_US_sappsd;KPPURCH265;10;[[[ŜŎŮŘĈĬŃĢ & ƤŘŎĈŮŘĔΜĔŃŢ∙∙∙∙∙]]];[[[Ƥűŗċĥąşē Ŏŗƌēŗ∙∙∙∙∙]]]
en_US_sappsd;KPPURCH265;20;[[[ƑĬŃĀŃĈĔ∙∙∙∙∙∙∙]]];[[[Ŝűρρĺįēŗ Ĭŋʋŏįċē∙∙∙∙∙∙∙∙]]]
en_US_sappsd;KPPURCH265;30;[[[ƑĬŃĀŃĈĔ∙∙∙∙∙∙∙]]];[[[Āċċŏűŋţįŋğ Ďŏċűɱēŋţ∙∙∙∙∙]]]
en_US_sappsd;KPPURCH266;10;[[[ŜŎŮŘĈĬŃĢ & ƤŘŎĈŮŘĔΜĔŃŢ∙∙∙∙∙]]];[[[Ƥűŗċĥąşē Ŏŗƌēŗ∙∙∙∙∙]]]
en_US_sappsd;KPPURCH266;20;[[[ŜŮƤƤĻŶ ĈĤĀĬŃ∙∙∙∙∙∙∙]]];[[[Ģŏŏƌş Μŏʋēɱēŋţ∙∙∙∙∙]]]
en_US_sappsd;KPPURCH266;30;[[[ƑĬŃĀŃĈĔ∙∙∙∙∙∙∙]]];[[[Ŝűρρĺįēŗ Ĭŋʋŏįċē∙∙∙∙∙∙∙∙]]]
en_US_sappsd;KPPURCH267;10;[[[ŜŎŮŘĈĬŃĢ & ƤŘŎĈŮŘĔΜĔŃŢ∙∙∙∙∙]]];[[[Ƥűŗċĥąşē Ŏŗƌēŗ∙∙∙∙∙]]]
en_US_sappsd;KPPURCH267;20;[[[ŜŎŮŘĈĬŃĢ & ƤŘŎĈŮŘĔΜĔŃŢ∙∙∙∙∙]]];[[[Ŝēŗʋįċē Ĕŋţŗŷ Ŝĥēēţ (ŜĔŜ)∙∙∙∙∙∙∙]]]
en_US_sappsd;KPPURCH267;30;[[[ƑĬŃĀŃĈĔ∙∙∙∙∙∙∙]]];[[[Ŝűρρĺįēŗ Ĭŋʋŏįċē∙∙∙∙∙∙∙∙]]]
en_US_sappsd;KPPURCH268;10;[[[ŜŎŮŘĈĬŃĢ & ƤŘŎĈŮŘĔΜĔŃŢ∙∙∙∙∙]]];[[[Ƥűŗċĥąşē Ŏŗƌēŗ∙∙∙∙∙]]]
en_US_sappsd;KPPURCH268;20;[[[ŜŮƤƤĻŶ ĈĤĀĬŃ∙∙∙∙∙∙∙]]];[[[Ģŏŏƌş Μŏʋēɱēŋţ∙∙∙∙∙]]]
en_US_sappsd;KPPURCH268;30;[[[ƑĬŃĀŃĈĔ∙∙∙∙∙∙∙]]];[[[Ŝűρρĺįēŗ Ĭŋʋŏįċē∙∙∙∙∙∙∙∙]]]
en_US_sappsd;KPPURCH360;10;[[[ŜŎŮŘĈĬŃĢ & ƤŘŎĈŮŘĔΜĔŃŢ∙∙∙∙∙]]];[[[Ƥűŗċĥąşē Řēƣűįşįţįŏŋ∙∙∙∙]]]
en_US_sappsd;KPPURCH360;20;[[[ŜŎŮŘĈĬŃĢ & ƤŘŎĈŮŘĔΜĔŃŢ∙∙∙∙∙]]];[[[Ƥűŗċĥąşē Ŏŗƌēŗ∙∙∙∙∙]]]
en_US_sappsd;KPPURCH362;10;[[[ŜŎŮŘĈĬŃĢ & ƤŘŎĈŮŘĔΜĔŃŢ∙∙∙∙∙]]];[[[Ŝţŏċķ Ţŗąŋşρŏŗţ Řēƣűįşįţįŏŋ∙∙∙∙∙∙∙∙]]]
en_US_sappsd;KPPURCH362;20;[[[ŜŎŮŘĈĬŃĢ & ƤŘŎĈŮŘĔΜĔŃŢ∙∙∙∙∙]]];[[[Ŝţŏċķ Ţŗąŋşρŏŗţ Ŏŗƌēŗ∙∙∙∙∙]]]
en_US_sappsd;KPPURCH460;10;[[[ƑĬŃĀŃĈĔ∙∙∙∙∙∙∙]]];[[[Ŝűρρĺįēŗ Ĭŋʋŏįċē∙∙∙∙∙∙∙∙]]]
en_US_sappsd;KPPURCH460;20;[[[ƑĬŃĀŃĈĔ∙∙∙∙∙∙∙]]];[[[Āċċŏűŋţįŋğ Ďŏċűɱēŋţ∙∙∙∙∙]]]
en_US_sappsd;KPPURCH560;10;[[[ŜŎŮŘĈĬŃĢ & ƤŘŎĈŮŘĔΜĔŃŢ∙∙∙∙∙]]];[[[Ŝţŏċķ Ţŗąŋşρŏŗţ Ŏŗƌēŗ∙∙∙∙∙]]]
en_US_sappsd;KPPURCH560;20;[[[ŜŮƤƤĻŶ ĈĤĀĬŃ∙∙∙∙∙∙∙]]];[[[Ģŏŏƌş Μŏʋēɱēŋţ∙∙∙∙∙]]]
en_US_sappsd;KPPURCH561;10;[[[ŜŎŮŘĈĬŃĢ & ƤŘŎĈŮŘĔΜĔŃŢ∙∙∙∙∙]]];[[[Ŝţŏċķ Ţŗąŋşρŏŗţ Ŏŗƌēŗ∙∙∙∙∙]]]
en_US_sappsd;KPPURCH561;20;[[[ŜŮƤƤĻŶ ĈĤĀĬŃ∙∙∙∙∙∙∙]]];[[[Řēρĺēŋįşĥɱēŋţ Ďēĺįʋēŗŷ∙∙∙∙∙]]]
en_US_sappsd;KPPURCH561;30;[[[ŜŮƤƤĻŶ ĈĤĀĬŃ∙∙∙∙∙∙∙]]];[[[Ģŏŏƌş Μŏʋēɱēŋţ∙∙∙∙∙]]]
en_US_sappsd;KPPURCH562;10;[[[ŜŎŮŘĈĬŃĢ & ƤŘŎĈŮŘĔΜĔŃŢ∙∙∙∙∙]]];[[[Ŝţŏċķ Ţŗąŋşρŏŗţ Ŏŗƌēŗ∙∙∙∙∙]]]
en_US_sappsd;KPPURCH562;20;[[[ŜŮƤƤĻŶ ĈĤĀĬŃ∙∙∙∙∙∙∙]]];[[[Řēρĺēŋįşĥɱēŋţ Ďēĺįʋēŗŷ∙∙∙∙∙]]]
en_US_sappsd;KPPURCH562;30;[[[ŜŮƤƤĻŶ ĈĤĀĬŃ∙∙∙∙∙∙∙]]];[[[Ģŏŏƌş Μŏʋēɱēŋţ∙∙∙∙∙]]]
en_US_sappsd;KPPURCH562;40;[[[ƑĬŃĀŃĈĔ∙∙∙∙∙∙∙]]];[[[Āċċŏűŋţįŋğ Ďŏċűɱēŋţ∙∙∙∙∙]]]
en_US_sappsd;KPPURCH660;10;[[[ŜŎŮŘĈĬŃĢ & ƤŘŎĈŮŘĔΜĔŃŢ∙∙∙∙∙]]];[[[Ŝċĥēƌűĺįŋğ Āğŗēēɱēŋţ∙∙∙∙]]]
en_US_sappsd;KPPURCH660;20;[[[ŜŮƤƤĻŶ ĈĤĀĬŃ∙∙∙∙∙∙∙]]];[[[Ģŏŏƌş Μŏʋēɱēŋţ∙∙∙∙∙]]]
en_US_sappsd;KPPURCH661;10;[[[ŜŎŮŘĈĬŃĢ & ƤŘŎĈŮŘĔΜĔŃŢ∙∙∙∙∙]]];[[[Ǭűąŋţįţŷ Ĉŏŋţŗąċţ∙∙∙∙∙∙∙]]]
en_US_sappsd;KPPURCH661;20;[[[ŜŎŮŘĈĬŃĢ & ƤŘŎĈŮŘĔΜĔŃŢ∙∙∙∙∙]]];[[[Ƥűŗċĥąşē Ŏŗƌēŗ∙∙∙∙∙]]]
en_US_sappsd;KPPURCH662;10;[[[ŜŎŮŘĈĬŃĢ & ƤŘŎĈŮŘĔΜĔŃŢ∙∙∙∙∙]]];[[[Ʋąĺűē Ĉŏŋţŗąċţ∙∙∙∙∙]]]
en_US_sappsd;KPPURCH662;20;[[[ŜŎŮŘĈĬŃĢ & ƤŘŎĈŮŘĔΜĔŃŢ∙∙∙∙∙]]];[[[Ƥűŗċĥąşē Ŏŗƌēŗ∙∙∙∙∙]]]
en_US_sappsd;KPSD000260;10;[[[ŜĀĻĔŜ / ƑĬŃĀŃĈĔ∙∙∙∙]]];[[[Ŝąĺēş Ɓįĺĺįŋğ Ďŏċűɱēŋţ∙∙∙∙∙]]]
en_US_sappsd;KPSD000260;20;[[[ƑĬŃĀŃĈĔ∙∙∙∙∙∙∙]]];[[[Āċċŏűŋţįŋğ Ďŏċűɱēŋţ∙∙∙∙∙]]]
en_US_sappsd;KPSD000360;10;[[[ŜĀĻĔŜ∙∙∙∙∙∙∙∙∙]]];[[[Ŝąĺēş Ŏŗƌēŗ∙∙∙∙∙∙∙∙]]]
en_US_sappsd;KPSD000360;20;[[[ŜŮƤƤĻŶ ĈĤĀĬŃ∙∙∙∙∙∙∙]]];[[[Ŏűţƃŏűŋƌ Ďēĺįʋēŗŷ∙∙∙∙∙∙∙]]]
en_US_sappsd;KPSD000361;10;[[[ŜĀĻĔŜ∙∙∙∙∙∙∙∙∙]]];[[[Ŝąĺēş Ŏŗƌēŗ∙∙∙∙∙∙∙∙]]]
en_US_sappsd;KPSD000361;20;[[[ŜŮƤƤĻŶ ĈĤĀĬŃ∙∙∙∙∙∙∙]]];[[[Ŏűţƃŏűŋƌ Ďēĺįʋēŗŷ∙∙∙∙∙∙∙]]]
en_US_sappsd;KPSD000361;30;[[[ŜŮƤƤĻŶ ĈĤĀĬŃ∙∙∙∙∙∙∙]]];[[[Ģŏŏƌş Μŏʋēɱēŋţ∙∙∙∙∙]]]
en_US_sappsd;KPSD000361;40;[[[ŜĀĻĔŜ / ƑĬŃĀŃĈĔ∙∙∙∙]]];[[[Ĉűşţŏɱēŗ Ĭŋʋŏįċē∙∙∙∙∙∙∙∙]]]
en_US_sappsd;KPSD000362;10;[[[ŜĀĻĔŜ∙∙∙∙∙∙∙∙∙]]];[[[Ŝąĺēş Ŏŗƌēŗ∙∙∙∙∙∙∙∙]]]
en_US_sappsd;KPSD000362;20;[[[ŜŮƤƤĻŶ ĈĤĀĬŃ∙∙∙∙∙∙∙]]];[[[Ŏűţƃŏűŋƌ Ďēĺįʋēŗŷ∙∙∙∙∙∙∙]]]
en_US_sappsd;KPSD000362;30;[[[ŜŮƤƤĻŶ ĈĤĀĬŃ∙∙∙∙∙∙∙]]];[[[Ģŏŏƌş Μŏʋēɱēŋţ∙∙∙∙∙]]]
en_US_sappsd;KPSD000362;40;[[[ŜĀĻĔŜ / ƑĬŃĀŃĈĔ∙∙∙∙]]];[[[Ĉűşţŏɱēŗ Ĭŋʋŏįċē∙∙∙∙∙∙∙∙]]]
en_US_sappsd;KPSD000362;50;[[[ƑĬŃĀŃĈĔ∙∙∙∙∙∙∙]]];[[[Āċċŏűŋţįŋğ Ďŏċűɱēŋţ∙∙∙∙∙]]]
en_US_sappsd;KPSD000363;10;[[[ŜĀĻĔŜ∙∙∙∙∙∙∙∙∙]]];[[[Ŝąĺēş Ŏŗƌēŗ∙∙∙∙∙∙∙∙]]]
en_US_sappsd;KPSD000363;20;[[[ƤŘŎĈŮŘĔΜĔŃŢ∙∙∙∙∙∙∙∙]]];[[[Ƥűŗċĥąşē Řēƣűįşįţįŏŋ∙∙∙∙]]]
en_US_sappsd;KPSD000363;30;[[[ƤŘŎĈŮŘĔΜĔŃŢ∙∙∙∙∙∙∙∙]]];[[[Ƥűŗċĥąşē Ŏŗƌēŗ∙∙∙∙∙]]]
en_US_sappsd;KPSD000363;40;[[[ƤŘŎĈŮŘĔΜĔŃŢ / ƑĬŃĀŃĈĔ∙∙∙∙∙]]];[[[Ŝűρρĺįēŗ Ĭŋʋŏįċē∙∙∙∙∙∙∙∙]]]
en_US_sappsd;KPSD000363;50;[[[ŜĀĻĔŜ / ƑĬŃĀŃĈĔ∙∙∙∙]]];[[[Ĉűşţŏɱēŗ Ĭŋʋŏįċē∙∙∙∙∙∙∙∙]]]
en_US_sappsd;KPSD000364;10;[[[ŜĀĻĔŜ∙∙∙∙∙∙∙∙∙]]];[[[Ŝąĺēş Ŏŗƌēŗ∙∙∙∙∙∙∙∙]]]
en_US_sappsd;KPSD000364;20;[[[ƤŘŎĈŮŘĔΜĔŃŢ∙∙∙∙∙∙∙∙]]];[[[Ƥűŗċĥąşē Řēƣűįşįţįŏŋ∙∙∙∙]]]
en_US_sappsd;KPSD000364;30;[[[ƤŘŎĈŮŘĔΜĔŃŢ∙∙∙∙∙∙∙∙]]];[[[Ƥűŗċĥąşē Ŏŗƌēŗ∙∙∙∙∙]]]
en_US_sappsd;KPSD000364;40;[[[ŜŮƤƤĻŶ ĈĤĀĬŃ∙∙∙∙∙∙∙]]];[[[Ģŏŏƌş Μŏʋēɱēŋţ∙∙∙∙∙]]]
en_US_sappsd;KPSD000364;50;[[[ŜĀĻĔŜ / ƑĬŃĀŃĈĔ∙∙∙∙]]];[[[Ĉűşţŏɱēŗ Ĭŋʋŏįċē∙∙∙∙∙∙∙∙]]]
en_US_sappsd;KPSD000365;10;[[[ŜĀĻĔŜ∙∙∙∙∙∙∙∙∙]]];[[[Ŝąĺēş Ŏŗƌēŗ∙∙∙∙∙∙∙∙]]]
en_US_sappsd;KPSD000365;20;[[[ΜĀŃŮƑĀĈŢŮŘĬŃĢ∙∙∙∙∙∙]]];[[[Μąŋűƒąċţűŗįŋğ Ŏŗƌēŗ∙∙∙∙∙]]]
en_US_sappsd;KPSD000365;30;[[[ΜĀŃŮƑĀĈŢŮŘĬŃĢ∙∙∙∙∙∙]]];[[[Μąŋűƒąċţűŗįŋğ Ŏŗƌēŗ Ĉŏŋƒįŗɱąţįŏŋ∙∙∙∙∙∙∙∙∙∙]]]
en_US_sappsd;KPSD000365;40;[[[ŜŮƤƤĻŶ ĈĤĀĬŃ∙∙∙∙∙∙∙]]];[[[Ģŏŏƌş Μŏʋēɱēŋţ∙∙∙∙∙]]]
en_US_sappsd;KPSD000365;50;[[[ŜĀĻĔŜ / ƑĬŃĀŃĈĔ∙∙∙∙]]];[[[Ĉűşţŏɱēŗ Ĭŋʋŏįċē∙∙∙∙∙∙∙∙]]]
en_US_sappsd;KPSD000366;10;[[[ŜĀĻĔŜ∙∙∙∙∙∙∙∙∙]]];[[[Ŝąĺēş Ŏŗƌēŗ∙∙∙∙∙∙∙∙]]]
en_US_sappsd;KPSD000366;20;[[[ŜŮƤƤĻŶ ĈĤĀĬŃ∙∙∙∙∙∙∙]]];[[[Ŏűţƃŏűŋƌ Ďēĺįʋēŗŷ∙∙∙∙∙∙∙]]]
en_US_sappsd;KPSD000366;30;[[[ŜŮƤƤĻŶ ĈĤĀĬŃ∙∙∙∙∙∙∙]]];[[[Ģŏŏƌş Μŏʋēɱēŋţ∙∙∙∙∙]]]
en_US_sappsd;KPSD000366;40;[[[ŜĀĻĔŜ / ƑĬŃĀŃĈĔ∙∙∙∙]]];[[[Ĉűşţŏɱēŗ Ĭŋʋŏįċē∙∙∙∙∙∙∙∙]]]
en_US_sappsd;KPSD000366;50;[[[ƑĬŃĀŃĈĔ∙∙∙∙∙∙∙]]];[[[Āċċŏűŋţįŋğ Ďŏċűɱēŋţ∙∙∙∙∙]]]
en_US_sappsd;KPSD000366;60;[[[ŜĀĻĔŜ / ƑĬŃĀŃĈĔ∙∙∙∙]]];[[[Ĭŋţēŗċŏɱρąŋŷ Ĭŋʋŏįċē∙∙∙∙]]]
en_US_sappsd;KPSD000366;70;[[[ƑĬŃĀŃĈĔ∙∙∙∙∙∙∙]]];[[[Āċċŏűŋţįŋğ Ďŏċűɱēŋţ∙∙∙∙∙]]]
en_US_sappsd;KPSD000367;10;[[[ŜĀĻĔŜ∙∙∙∙∙∙∙∙∙]]];[[[Ŝąĺēş Ŏŗƌēŗ∙∙∙∙∙∙∙∙]]]
en_US_sappsd;KPSD000367;20;[[[ŜĀĻĔŜ / ƑĬŃĀŃĈĔ∙∙∙∙]]];[[[Ĉűşţŏɱēŗ Ĭŋʋŏįċē∙∙∙∙∙∙∙∙]]]
en_US_sappsd;KPSD000367;30;[[[ƑĬŃĀŃĈĔ∙∙∙∙∙∙∙]]];[[[Āċċŏűŋţįŋğ Ďŏċűɱēŋţ∙∙∙∙∙]]]
en_US_sappsd;KPSD000368;10;[[[ŜĀĻĔŜ∙∙∙∙∙∙∙∙∙]]];[[[Ǭűŏţąţįŏŋ∙∙∙∙∙]]]
en_US_sappsd;KPSD000368;20;[[[ŜĀĻĔŜ∙∙∙∙∙∙∙∙∙]]];[[[Ŝąĺēş Ŏŗƌēŗ∙∙∙∙∙∙∙∙]]]
en_US_sappsd;KPSD000369;10;[[[ŜĀĻĔŜ∙∙∙∙∙∙∙∙∙]]];[[[Ŝąĺēş Ŏŗƌēŗ∙∙∙∙∙∙∙∙]]]
en_US_sappsd;KPSD000369;20;[[[ŜŮƤƤĻŶ ĈĤĀĬŃ∙∙∙∙∙∙∙]]];[[[Ŵąŗēĥŏűşē Ŝţŏċķ∙∙∙∙]]]
en_US_sappsd;KPSD000369;30;[[[ƤŘŎĈŮŘĔΜĔŃŢ / ŜŮƤƤĻŶ ĈĤĀĬŃ∙∙∙∙∙∙∙]]];[[[Ƥűŗċĥąşē Ŏŗƌēŗ / Řēƣűįşįţįŏŋ∙∙∙∙∙∙∙∙]]]
en_US_sappsd;KPSD000369;40;[[[ΜĀŃŮƑĀĈŢŮŘĬŃĢ∙∙∙∙∙∙]]];[[[Μąŋűƒąċţűŗįŋğ Ŏŗƌēŗ / Ƥĺąŋŋēƌ Ŏŗƌēŗ∙∙∙∙∙∙∙∙∙∙∙∙]]]
en_US_sappsd;KPSD000369;50;[[[ŜŮƤƤĻŶ ĈĤĀĬŃ∙∙∙∙∙∙∙]]];[[[Ŏűţƃŏűŋƌ Ďēĺįʋēŗŷ∙∙∙∙∙∙∙]]]
en_US_sappsd;KPSD000380;10;[[[ŜĀĻĔŜ∙∙∙∙∙∙∙∙∙]]];[[[Řēţűŗŋş Ŏŗƌēŗ∙∙∙∙∙∙]]]
en_US_sappsd;KPSD000380;20;[[[ŜŮƤƤĻŶ ĈĤĀĬŃ∙∙∙∙∙∙∙]]];[[[Řēţűŗŋş Ďēĺįʋēŗŷ∙∙∙∙∙∙∙∙]]]
en_US_sappsd;KPSD000380;30;[[[ŜŮƤƤĻŶ ĈĤĀĬŃ∙∙∙∙∙∙∙]]];[[[Ģŏŏƌş Μŏʋēɱēŋţ∙∙∙∙∙]]]
en_US_sappsd;KPSD000380;40;[[[ŜĀĻĔŜ∙∙∙∙∙∙∙∙∙]]];[[[Ĉŗēƌįţ Μēɱŏ∙∙∙∙∙∙∙∙]]]
en_US_sappsd;KPSD000460;10;[[[ŜĀĻĔŜ∙∙∙∙∙∙∙∙∙]]];[[[Ďēƃįţ Μēɱŏ Řēƣűēşţ∙∙∙∙∙∙]]]
en_US_sappsd;KPSD000460;20;[[[ŜĀĻĔŜ / ƑĬŃĀŃĈĔ∙∙∙∙]]];[[[Ďēƃįţ Μēɱŏ∙∙∙∙]]]
en_US_sappsd;KPSD000460;30;[[[ƑĬŃĀŃĈĔ∙∙∙∙∙∙∙]]];[[[Āċċŏűŋţįŋğ Ďŏċűɱēŋţ∙∙∙∙∙]]]
en_US_sappsd;KPSD000462;10;[[[ŜĀĻĔŜ∙∙∙∙∙∙∙∙∙]]];[[[Ĉŗēƌįţ Μēɱŏ Řēƣűēşţ∙∙∙∙∙]]]
en_US_sappsd;KPSD000462;20;[[[ŜĀĻĔŜ / ƑĬŃĀŃĈĔ∙∙∙∙]]];[[[Ĉŗēƌįţ Μēɱŏ∙∙∙∙∙∙∙∙]]]
en_US_sappsd;KPSD000462;30;[[[ƑĬŃĀŃĈĔ∙∙∙∙∙∙∙]]];[[[Āċċŏűŋţįŋğ Ďŏċűɱēŋţ∙∙∙∙∙]]]
en_US_sappsd;KWMD000160;10;[[[ΜĀŃŮƑĀĈŢŮŘĬŃĢ∙∙∙∙∙∙]]];[[[Μąţēŗįąĺ Μąşţēŗ∙∙∙∙]]]
en_US_sappsd;KWMD000160;20;[[[ΜĀŃŮƑĀĈŢŮŘĬŃĢ∙∙∙∙∙∙]]];[[[Ɓįĺĺ ŏƒ Μąţēŗįąĺ∙∙∙∙∙∙∙∙]]]
en_US_sappsd;KWMD000160;30;[[[ΜĀŃŮƑĀĈŢŮŘĬŃĢ∙∙∙∙∙∙]]];[[[Řŏűţįŋğ / Ƥŗŏƌűċţįŏŋ Ʋēŗşįŏŋ∙∙∙∙∙∙∙∙]]]
en_US_sappsd;KWMD000160;40;[[[ƑĬŃĀŃĈĔ∙∙∙∙∙∙∙]]];[[[Ŝţąŋƌąŗƌ Ĉŏşţ Ĕşţįɱąţē∙∙∙∙∙]]]
en_US_sappsd;KWMD000160;50;[[[ΜĀŃŮƑĀĈŢŮŘĬŃĢ∙∙∙∙∙∙]]];[[[Ƥŗŏƌűċţįŏŋ Ŏŗƌēŗ∙∙∙∙∙∙∙∙]]]
en_US_sappsd;KWMD000161;10;[[[ΜĀŃŮƑĀĈŢŮŘĬŃĢ∙∙∙∙∙∙]]];[[[Μąţēŗįąĺ Μąşţēŗ∙∙∙∙]]]
en_US_sappsd;KWMD000161;20;[[[ΜĀŃŮƑĀĈŢŮŘĬŃĢ∙∙∙∙∙∙]]];[[[Ɓįĺĺ ŏƒ Μąţēŗįąĺ∙∙∙∙∙∙∙∙]]]
en_US_sappsd;KWMD000161;30;[[[ΜĀŃŮƑĀĈŢŮŘĬŃĢ∙∙∙∙∙∙]]];[[[Μąşţēŗ Řēċįρē / Ƥŗŏƌűċţįŏŋ Ʋēŗşįŏŋ∙∙∙∙∙∙∙∙∙∙∙]]]
en_US_sappsd;KWMD000161;40;[[[ƑĬŃĀŃĈĔ∙∙∙∙∙∙∙]]];[[[Ŝţąŋƌąŗƌ Ĉŏşţ Ĕşţįɱąţē∙∙∙∙∙]]]
en_US_sappsd;KWMD000161;50;[[[ΜĀŃŮƑĀĈŢŮŘĬŃĢ∙∙∙∙∙∙]]];[[[Ƥŗŏċēşş Ŏŗƌēŗ∙∙∙∙∙∙]]]
en_US_sappsd;KWMD000260;10;[[[ŜĀĻĔŜ∙∙∙∙∙∙∙∙∙]]];[[[Ĉűşţŏɱēŗ Μąşţēŗ Ďąţą∙∙∙∙]]]
en_US_sappsd;KWMD000260;20;[[[ƑĬŃĀŃĈĔ∙∙∙∙∙∙∙]]];[[[Ĉűşţŏɱēŗ Μąşţēŗ Ďąţą∙∙∙∙]]]
en_US_sappsd;KWMD000260;30;[[[ŜĀĻĔŜ∙∙∙∙∙∙∙∙∙]]];[[[Ŝąĺēş Ŏŗƌēŗ∙∙∙∙∙∙∙∙]]]
en_US_sappsd;KWMD000260;40;[[[ŜĀĻĔŜ / ƑĬŃĀŃĈĔ∙∙∙∙]]];[[[Ĉűşţŏɱēŗ Ĭŋʋŏįċē∙∙∙∙∙∙∙∙]]]
en_US_sappsd;KWMD000260;50;[[[ƑĬŃĀŃĈĔ∙∙∙∙∙∙∙]]];[[[Āċċŏűŋţįŋğ Ďŏċűɱēŋţ∙∙∙∙∙]]]
en_US_sappsd;KWMD000360;10;[[[ƤŘŎĈŮŘĔΜĔŃŢ∙∙∙∙∙∙∙∙]]];[[[Ŝűρρĺįēŗ Μąşţēŗ Ďąţą∙∙∙∙]]]
en_US_sappsd;KWMD000360;20;[[[ƑĬŃĀŃĈĔ∙∙∙∙∙∙∙]]];[[[Ŝűρρĺįēŗ Μąşţēŗ Ďąţą∙∙∙∙]]]
en_US_sappsd;KWMD000360;30;[[[ƤŘŎĈŮŘĔΜĔŃŢ∙∙∙∙∙∙∙∙]]];[[[Ƥűŗċĥąşē Ŏŗƌēŗ∙∙∙∙∙]]]
en_US_sappsd;KWMD000360;40;[[[ƑĬŃĀŃĈĔ∙∙∙∙∙∙∙]]];[[[Āċċŏűŋţįŋğ Ďŏċűɱēŋţ∙∙∙∙∙]]]
en_US_sappsd;KWPM000160;10;[[[ĀŜŜĔŢ ΜĀŃĀĢĔΜĔŃŢ∙∙∙∙∙∙∙∙]]];[[[Μąįŋţēŋąŋċē Ńŏţįƒįċąţįŏŋ∙∙∙∙∙∙]]]
en_US_sappsd;KWPM000161;10;[[[ŜĔŘƲĬĈĔ∙∙∙∙∙∙∙]]];[[[Ŝēŗʋįċē Ńŏţįƒįċąţįŏŋ∙∙∙∙]]]
en_US_sappsd;KWPM000260;10;[[[ĀŜŜĔŢ ΜĀŃĀĢĔΜĔŃŢ∙∙∙∙∙∙∙∙]]];[[[Ƥĺąŋţ Μąįŋţēŋąŋċē Ŏŗƌēŗ∙∙∙∙∙∙]]]
en_US_sappsd;KWPM000260;20;[[[ĀŜŜĔŢ ΜĀŃĀĢĔΜĔŃŢ∙∙∙∙∙∙∙∙]]];[[[Ŵŏŗķ Ŏŗƌēŗ Ĉŏŋƒįŗɱąţįŏŋ∙∙∙∙∙∙]]]
en_US_sappsd;KWPM000260;30;[[[ĀŜŜĔŢ ΜĀŃĀĢĔΜĔŃŢ∙∙∙∙∙∙∙∙]]];[[[Ƥĺąŋţ Μąįŋţēŋąŋċē Ŏŗƌēŗ∙∙∙∙∙∙]]]
en_US_sappsd;KWPM000261;10;[[[ĀŜŜĔŢ ΜĀŃĀĢĔΜĔŃŢ∙∙∙∙∙∙∙∙]]];[[[Ƥĺąŋţ Μąįŋţēŋąŋċē Ŏŗƌēŗ∙∙∙∙∙∙]]]
en_US_sappsd;KWPM000261;20;[[[ĀŜŜĔŢ ΜĀŃĀĢĔΜĔŃŢ∙∙∙∙∙∙∙∙]]];[[[Ŏŗƌēŗ Ĉŏŋƒįŗɱąţįŏŋ∙∙∙∙∙∙]]]
en_US_sappsd;KWPM000261;30;[[[ĀŜŜĔŢ ΜĀŃĀĢĔΜĔŃŢ∙∙∙∙∙∙∙∙]]];[[[Ƥĺąŋţ Μąįŋţēŋąŋċē Ŏŗƌēŗ∙∙∙∙∙∙]]]
en_US_sappsd;KWPM000261;40;[[[ĀŜŜĔŢ ΜĀŃĀĢĔΜĔŃŢ / ƑĬŃĀŃĈĔ∙∙∙∙∙∙∙]]];[[[Ŝēţţĺēɱēŋţ Ŏŗƌēŗ∙∙∙∙∙∙∙∙]]]
en_US_sappsd;KWPM000262;10;[[[ŜĔŘƲĬĈĔ∙∙∙∙∙∙∙]]];[[[Ĉűşţŏɱēŗ Ŝēŗʋįċē Ŏŗƌēŗ∙∙∙∙∙]]]
en_US_sappsd;KWPM000262;20;[[[ŜĔŘƲĬĈĔ∙∙∙∙∙∙∙]]];[[[Ŏŗƌēŗ Ĉŏŋƒįŗɱąţįŏŋ∙∙∙∙∙∙]]]
en_US_sappsd;KWPM000262;30;[[[ŜĔŘƲĬĈĔ∙∙∙∙∙∙∙]]];[[[Ĉűşţŏɱēŗ Ŝēŗʋįċē Ŏŗƌēŗ∙∙∙∙∙]]]
en_US_sappsd;KWPM000263;10;[[[ŜĔŘƲĬĈĔ∙∙∙∙∙∙∙]]];[[[Ĉűşţŏɱēŗ Ŝēŗʋįċē Ŏŗƌēŗ∙∙∙∙∙]]]
en_US_sappsd;KWPM000263;20;[[[ŜĔŘƲĬĈĔ∙∙∙∙∙∙∙]]];[[[Ŏŗƌēŗ Ĉŏŋƒįŗɱąţįŏŋ∙∙∙∙∙∙]]]
en_US_sappsd;KWPM000263;30;[[[ŜĔŘƲĬĈĔ∙∙∙∙∙∙∙]]];[[[Ĉűşţŏɱēŗ Ŝēŗʋįċē Ŏŗƌēŗ∙∙∙∙∙]]]
en_US_sappsd;KWPM000263;40;[[[ŜĔŘƲĬĈĔ / ƑĬŃĀŃĈĔ∙∙∙∙∙∙∙]]];[[[Ŝēţţĺēɱēŋţ Ŏŗƌēŗ∙∙∙∙∙∙∙∙]]]
en_US_sappsd;KWPM000264;10;[[[ĀŜŜĔŢ ΜĀŃĀĢĔΜĔŃŢ∙∙∙∙∙∙∙∙]]];[[[Ƥĺąŋţ Μąįŋţēŋąŋċē Ŏŗƌēŗ∙∙∙∙∙∙]]]
en_US_sappsd;KWPM000264;20;[[[ŜŮƤƤĻŶ ĈĤĀĬŃ∙∙∙∙∙∙∙]]];[[[Ŵąŗēĥŏűşē Ŝţŏċķ∙∙∙∙]]]
en_US_sappsd;KWPM000264;30;[[[ƤŘŎĈŮŘĔΜĔŃŢ∙∙∙∙∙∙∙∙]]];[[[Ƥűŗċĥąşē Ŏŗƌēŗ / Řēƣűįşįţįŏŋ∙∙∙∙∙∙∙∙]]]
en_US_sappsd;KWPM000264;40;[[[ŜŮƤƤĻŶ ĈĤĀĬŃ∙∙∙∙∙∙∙]]];[[[Ģŏŏƌş Μŏʋēɱēŋţ∙∙∙∙∙]]]
en_US_sappsd;KWPM000265;10;[[[ŜĔŘƲĬĈĔ∙∙∙∙∙∙∙]]];[[[Ĉűşţŏɱēŗ Ŝēŗʋįċē Ŏŗƌēŗ∙∙∙∙∙]]]
en_US_sappsd;KWPM000265;20;[[[ŜŮƤƤĻŶ ĈĤĀĬŃ∙∙∙∙∙∙∙]]];[[[Ŵąŗēĥŏűşē Ŝţŏċķ∙∙∙∙]]]
en_US_sappsd;KWPM000265;30;[[[ƤŘŎĈŮŘĔΜĔŃŢ∙∙∙∙∙∙∙∙]]];[[[Ƥűŗċĥąşē Ŏŗƌēŗ / Řēƣűįşįţįŏŋ∙∙∙∙∙∙∙∙]]]
en_US_sappsd;KWPM000265;40;[[[ŜŮƤƤĻŶ ĈĤĀĬŃ∙∙∙∙∙∙∙]]];[[[Ģŏŏƌş Μŏʋēɱēŋţ∙∙∙∙∙]]]
en_US_sappsd;KWPM000462;10;[[[ŜĔŘƲĬĈĔ∙∙∙∙∙∙∙]]];[[[Μąįŋţēŋąŋċē Ƥĺąŋ∙∙∙∙∙∙∙∙]]]
en_US_sappsd;KWPM000462;20;[[[ŜĔŘƲĬĈĔ∙∙∙∙∙∙∙]]];[[[Ŝēŗʋįċē Ŏŗƌēŗ∙∙∙∙∙∙]]]
en_US_sappsd;KWPM000462;30;[[[ŜĔŘƲĬĈĔ∙∙∙∙∙∙∙]]];[[[Ŝēŗʋįċē Ĉŏŋţŗąċţ∙∙∙∙∙∙∙∙]]]
en_US_sappsd;KWQM000161;10;[[[ŜŎŮŘĈĬŃĢ & ƤŘŎĈŮŘĔΜĔŃŢ∙∙∙∙∙]]];[[[Ĭŋşρēċţįŏŋ Ļŏţ∙∙∙∙∙]]]
en_US_sappsd;KWQM000161;20;[[[ŜŎŮŘĈĬŃĢ & ƤŘŎĈŮŘĔΜĔŃŢ∙∙∙∙∙]]];[[[Ĭŋşρēċţįŏŋ Ƥĺąŋ∙∙∙∙]]]
en_US_sappsd;KWQM000161;30;[[[ŜŎŮŘĈĬŃĢ & ƤŘŎĈŮŘĔΜĔŃŢ∙∙∙∙∙]]];[[[Ĭŋşρēċţįŏŋ Ŝţŏċķ∙∙∙∙∙∙∙∙]]]
en_US_sappsd;KWQM000161;40;[[[ŜŎŮŘĈĬŃĢ & ƤŘŎĈŮŘĔΜĔŃŢ∙∙∙∙∙]]];[[[Ĭŋşρēċţįŏŋ Ĉĥąŗąċţēŗįşţįċş∙∙∙∙∙∙∙]]]
en_US_sappsd;KWQM000161;50;[[[ŜŎŮŘĈĬŃĢ & ƤŘŎĈŮŘĔΜĔŃŢ∙∙∙∙∙]]];[[[Ůşąğē Ďēċįşįŏŋ∙∙∙∙∙]]]
en_US_sappsd;KWQM000162;10;[[[ΜĀŃŮƑĀĈŢŮŘĬŃĢ∙∙∙∙∙∙]]];[[[Ĭŋşρēċţįŏŋ Ļŏţ∙∙∙∙∙]]]
en_US_sappsd;KWQM000162;20;[[[ΜĀŃŮƑĀĈŢŮŘĬŃĢ∙∙∙∙∙∙]]];[[[Ĭŋşρēċţįŏŋ Ƥĺąŋ∙∙∙∙]]]
en_US_sappsd;KWQM000162;30;[[[ΜĀŃŮƑĀĈŢŮŘĬŃĢ∙∙∙∙∙∙]]];[[[Ĭŋşρēċţįŏŋ Ŝţŏċķ∙∙∙∙∙∙∙∙]]]
en_US_sappsd;KWQM000162;40;[[[ΜĀŃŮƑĀĈŢŮŘĬŃĢ∙∙∙∙∙∙]]];[[[Ĭŋşρēċţįŏŋ Ĉĥąŗąċţēŗįşţįċş∙∙∙∙∙∙∙]]]
en_US_sappsd;KWQM000162;50;[[[ΜĀŃŮƑĀĈŢŮŘĬŃĢ∙∙∙∙∙∙]]];[[[Ůşąğē Ďēċįşįŏŋ∙∙∙∙∙]]]
en_US_sappsd;KWQM000163;10;[[[ΜĀŃŮƑĀĈŢŮŘĬŃĢ∙∙∙∙∙∙]]];[[[Ĭŋşρēċţįŏŋ Ļŏţ∙∙∙∙∙]]]
en_US_sappsd;KWQM000163;20;[[[ΜĀŃŮƑĀĈŢŮŘĬŃĢ∙∙∙∙∙∙]]];[[[Ţąşķ Ļįşţ∙∙∙∙∙]]]
en_US_sappsd;KWQM000163;30;[[[ΜĀŃŮƑĀĈŢŮŘĬŃĢ∙∙∙∙∙∙]]];[[[Ĭŋşρēċţįŏŋ Ĉĥąŗąċţēŗįşţįċş∙∙∙∙∙∙∙]]]
en_US_sappsd;KWQM000163;40;[[[ΜĀŃŮƑĀĈŢŮŘĬŃĢ∙∙∙∙∙∙]]];[[[Ůşąğē Ďēċįşįŏŋ∙∙∙∙∙]]]
en_US_sappsd;KXEWM00260;10;[[[ŜŮƤƤĻŶ ĈĤĀĬŃ∙∙∙∙∙∙∙]]];[[[Ŵąŗēĥŏűşē Ŏŗƌēŗ∙∙∙∙]]]
en_US_sappsd;KXEWM00260;20;[[[ŜŮƤƤĻŶ ĈĤĀĬŃ∙∙∙∙∙∙∙]]];[[[Ŵąŗēĥŏűşē Ţąşķ∙∙∙∙∙]]]
en_US_sappsd;KWSERV0160;10;[[[ŜĔŘƲĬĈĔ∙∙∙∙∙∙∙]]];[[[Ŝēŗʋįċē Ŏŗƌēŗ∙∙∙∙∙∙]]]
en_US_sappsd;KWSERV0160;20;[[[ŜĔŘƲĬĈĔ∙∙∙∙∙∙∙]]];[[[Ŝēŗʋįċē Ĉŏŋƒįŗɱąţįŏŋ∙∙∙∙]]]
en_US_sappsd;KWSERV0160;30;[[[ŜĔŘƲĬĈĔ∙∙∙∙∙∙∙]]];[[[Ŝēŗʋįċē Ŏŗƌēŗ∙∙∙∙∙∙]]]
en_US_sappsd;KXEWM00460;10;[[[ŜŮƤƤĻŶ ĈĤĀĬŃ∙∙∙∙∙∙∙]]];[[[Ĭŋƃŏűŋƌ Ďēĺįʋēŗŷ∙∙∙∙∙∙∙∙]]]
en_US_sappsd;KXEWM00460;20;[[[ŜŮƤƤĻŶ ĈĤĀĬŃ∙∙∙∙∙∙∙]]];[[[Ģŏŏƌş Μŏʋēɱēŋţ∙∙∙∙∙]]]
en_US_sappsd;KXEWM00460;30;[[[ŜŮƤƤĻŶ ĈĤĀĬŃ∙∙∙∙∙∙∙]]];[[[Ƥűţąŵąŷ∙∙∙∙∙∙∙]]]
en_US_sappsd;KXEWM00461;10;[[[ŜŮƤƤĻŶ ĈĤĀĬŃ∙∙∙∙∙∙∙]]];[[[Ĭŋƃŏűŋƌ Ďēĺįʋēŗŷ∙∙∙∙∙∙∙∙]]]
en_US_sappsd;KXEWM00461;20;[[[ŜŮƤƤĻŶ ĈĤĀĬŃ∙∙∙∙∙∙∙]]];[[[Ģŏŏƌş Μŏʋēɱēŋţ∙∙∙∙∙]]]
en_US_sappsd;KXEWM00461;30;[[[ŜŮƤƤĻŶ ĈĤĀĬŃ∙∙∙∙∙∙∙]]];[[[Ƥűţąŵąŷ∙∙∙∙∙∙∙]]]
en_US_sappsd;KXEWM00560;10;[[[ŜŮƤƤĻŶ ĈĤĀĬŃ∙∙∙∙∙∙∙]]];[[[Ŏűţƃŏűŋƌ Ďēĺįʋēŗŷ Ŏŗƌēŗ∙∙∙∙∙∙]]]
en_US_sappsd;KXEWM00560;20;[[[ŜŮƤƤĻŶ ĈĤĀĬŃ∙∙∙∙∙∙∙]]];[[[Ƥįċķįŋğ∙∙∙∙∙∙∙]]]
en_US_sappsd;KXEWM00560;30;[[[ŜŮƤƤĻŶ ĈĤĀĬŃ∙∙∙∙∙∙∙]]];[[[Ģŏŏƌş Μŏʋēɱēŋţ∙∙∙∙∙]]]
en_US_sappsd;KXEWM00560;40;[[[ŜŮƤƤĻŶ ĈĤĀĬŃ∙∙∙∙∙∙∙]]];[[[Ŏűţƃŏűŋƌ Ďēĺįʋēŗŷ∙∙∙∙∙∙∙]]]
en_US_sappsd;KXEWM00860;10;[[[ŜŮƤƤĻŶ ĈĤĀĬŃ∙∙∙∙∙∙∙]]];[[[Ĭŋƃŏűŋƌ Ďēĺįʋēŗŷ Ńŏţįƒįċąţįŏŋ∙∙∙∙∙∙∙∙∙]]]
en_US_sappsd;KXEWM00860;20;[[[ŜŮƤƤĻŶ ĈĤĀĬŃ∙∙∙∙∙∙∙]]];[[[Ĭŋƃŏűŋƌ Ďēĺįʋēŗŷ∙∙∙∙∙∙∙∙]]]
en_US_sappsd;KXEWM00860;30;[[[ŜŮƤƤĻŶ ĈĤĀĬŃ∙∙∙∙∙∙∙]]];[[[Ģŏŏƌş Μŏʋēɱēŋţ∙∙∙∙∙]]]
en_US_sappsd;KXEWM00860;40;[[[ŜŮƤƤĻŶ ĈĤĀĬŃ∙∙∙∙∙∙∙]]];[[[Ƥűţąŵąŷ∙∙∙∙∙∙∙]]]
en_US_sappsd;KXEWM00861;10;[[[ŜŮƤƤĻŶ ĈĤĀĬŃ∙∙∙∙∙∙∙]]];[[[Ĭŋƃŏűŋƌ Ďēĺįʋēŗŷ Ńŏţįƒįċąţįŏŋ∙∙∙∙∙∙∙∙∙]]]
en_US_sappsd;KXEWM00861;20;[[[ŜŮƤƤĻŶ ĈĤĀĬŃ∙∙∙∙∙∙∙]]];[[[Ĭŋƃŏűŋƌ Ďēĺįʋēŗŷ∙∙∙∙∙∙∙∙]]]
en_US_sappsd;KXEWM00861;30;[[[ŜŮƤƤĻŶ ĈĤĀĬŃ∙∙∙∙∙∙∙]]];[[[Ģŏŏƌş Μŏʋēɱēŋţ∙∙∙∙∙]]]
en_US_sappsd;KXEWM00861;40;[[[ŜŮƤƤĻŶ ĈĤĀĬŃ∙∙∙∙∙∙∙]]];[[[Ƥűţąŵąŷ∙∙∙∙∙∙∙]]]
en_US_sappsd;KXEWM00862;10;[[[ŜŮƤƤĻŶ ĈĤĀĬŃ∙∙∙∙∙∙∙]]];[[[Ŏűţƃŏűŋƌ Ďēĺįʋēŗŷ Řēƣűēşţ∙∙∙∙∙∙∙]]]
en_US_sappsd;KXEWM00862;20;[[[ŜŮƤƤĻŶ ĈĤĀĬŃ∙∙∙∙∙∙∙]]];[[[Ŏűţƃŏűŋƌ Ďēĺįʋēŗŷ Ŏŗƌēŗ∙∙∙∙∙∙]]]
en_US_sappsd;KXEWM00862;30;[[[ŜŮƤƤĻŶ ĈĤĀĬŃ∙∙∙∙∙∙∙]]];[[[Ƥįċķįŋğ∙∙∙∙∙∙∙]]]
en_US_sappsd;KXEWM00862;40;[[[ŜŮƤƤĻŶ ĈĤĀĬŃ∙∙∙∙∙∙∙]]];[[[Ģŏŏƌş Μŏʋēɱēŋţ∙∙∙∙∙]]]
en_US_sappsd;KXEWM00862;50;[[[ŜŮƤƤĻŶ ĈĤĀĬŃ∙∙∙∙∙∙∙]]];[[[Ŏűţƃŏűŋƌ Ďēĺįʋēŗŷ∙∙∙∙∙∙∙]]]