locale;id;name
ko;AERO;항공 우주 국방
ko;AUTO;자동차
ko;BANK;금융
ko;BUILD;건축 자재
ko;RAIL;화물 운송 및 물류
ko;CHEM;화학
ko;CP;소비재
ko;DEFAULT;융합산업(산업을 특정하지 않음)
ko;DEFSEC;방위 및 안보
ko;ECO;엔지니어링, 건축, 시공
ko;HEALTH;의료 보건
ko;HIGHTECH;첨단 기술
ko;EDU;고등교육 및 연구
ko;IMC;장비 제조
ko;INSUR;보험
ko;LIFE;생명 과학
ko;MEDIA;미디어
ko;MILL;금속 제지 목재
ko;MINING;채굴
ko;OIL;석유, 가스, 에너지
ko;AIR;여객 여행 및 레저
ko;PROFSVC;전문 인력 서비스
ko;PUBLIC;공공 부문
ko;RETAIL;소매
ko;SPO;스포츠
ko;TELE;통신
ko;UTILITY;공익 사업
ko;WHOLE;도매 유통