locale;id;text
en_US_sappsd;AM;[[[Āşşēţ Μąŋąğēɱēŋţ∙∙∙∙∙∙∙∙]]]
en_US_sappsd;COMMERCE;[[[Ĉŏɱɱēŗċē∙∙∙∙∙∙]]]
en_US_sappsd;FINANCE;[[[Ƒįŋąŋċē∙∙∙∙∙∙∙]]]
en_US_sappsd;HR;[[[Ĥűɱąŋ Řēşŏűŗċēş∙∙∙∙]]]
en_US_sappsd;MANUF;[[[Μąŋűƒąċţűŗįŋğ∙∙∙∙∙∙]]]
en_US_sappsd;MARKETING;[[[Μąŗķēţįŋğ∙∙∙∙∙]]]
en_US_sappsd;RDE;[[[Ř&Ď/Ĕŋğįŋēēŗįŋğ∙∙∙∙]]]
en_US_sappsd;SALES;[[[Ŝąĺēş∙∙∙∙∙∙∙∙∙]]]
en_US_sappsd;SERVICE;[[[Ŝēŗʋįċē∙∙∙∙∙∙∙]]]
en_US_sappsd;SOUR_PROC;[[[Ŝŏűŗċįŋğ & Ƥŗŏċűŗēɱēŋţ∙∙∙∙∙]]]
en_US_sappsd;SUP_CHAIN;[[[Ŝűρρĺŷ Ĉĥąįŋ∙∙∙∙∙∙∙]]]
en_US_sappsd;SUSTAIN;[[[Ŝűşţąįŋąƃįĺįţŷ, Ĉŏɱρĺįąŋċē, ąŋƌ Ĕŋţēŗρŗįşē Ŝţŗąţēğŷ∙∙∙∙∙∙∙∙∙∙∙∙∙∙∙∙∙∙∙∙]]]