id;mdEntity;text;isPersonalDataIdentifiable;isMasterDataTextWithoutLanguage;isWithoutLeadingZeros;isAuthorizationRelevant
ARB_BILLTO;;Bill-to Party in SAP Ariba;true;false;false;false
ARB_ERP_VENDOR;;ERP Vendor in SAP Ariba;true;false;false;false
ARB_PGRP;;Purchasing Group in SAP Ariba;true;false;false;false
ARB_SHIPTO;;Ship-to Party in SAP Ariba;true;false;false;false
ARB_SM_SUPPLIER;;Supplier in SAP Ariba Supplier Management;true;false;false;false
ARB_SUPPLIER;;Supplier in SAP Ariba;true;false;false;false
BC_ARBGB;;Application Area;;true;false;false
BC_ARKTX;;Short text;;false;false;false
BC_CHNGIND;;Change Type;;false;false;false
BC_CLASS;UserGroup;User group in user master;;false;false;false
BC_DELTA;;Delta in Days;;false;false;false
BC_FLAG;;Flag set/not set;;false;false;false
BC_GDPR_TEXT;;Text related to GDPR field;;true;false;false
BC_KDAUF;;Sales Order Number;;false;false;false
BC_KDEIN;;Sales Ord. Schedule;;false;false;false
BC_KDPOS;;Sales Ord. Pos.;;false;false;false
BC_MESSAGE;T100Messages;T100 Message Text;;false;false;false
BC_MSGNR;;Message number;;false;false;false
BC_NETVAL;;Net value;;false;false;false
BC_NUMBER;;Number;;false;false;false
BC_QUANTITY;;Quantity;;false;false;false
BC_REPORT;;Report name;;false;false;false
BC_STATUS_ACTIVE;;Active/Inactive;;false;false;false
BC_SYMSGID;;Message class;;false;false;false
BC_TCODE;TransactionCodes;Transaction code;;false;false;false
BC_TCODE_NOTXT;TransactionCodes;TCode (SemID without Text);;false;false;false
BC_UNIT;;Unit;;false;false;false
BC_USER;Requisitioners;User;true;false;false;false
BC_USTYP;UserType;User Type;;false;false;false
BC_VARIANT;;Report Variant;;false;false;false
BC_WAERS;Currencies;Currency;;false;false;false
BC_XFELD;;Checkbox YES/NO;;false;false;false
BW_DOCNO;;Document number;;false;false;false
BW_POSNO;;Item number in doc.;;false;false;false
CALDAY;;Date;;false;false;false
CALMONTH;;Month;;false;false;false
CALYEAR;;Year;;false;false;false
CRM_ACTIVITY_CAT;ActivityCategoriesCRM;Activity Category;;false;false;false
CRM_ACTIVITY_CLASS;;Activity Class;;false;false;false
CRM_AUTOMATION;;Created automatically;;false;false;false
CRM_CATEGORY;ActivityCategoriesCRM;Category;;false;false;false
CRM_CHANGE_TYPE;;Type of Change;;false;false;false
CRM_CONTRACT_MESSAGE;;Contract Determination;;false;false;false
CRM_CONTRACT_QUAN_VA;;Value or Quantity Contract;;false;false;false
CRM_COUNTRY;Countries;Country;;false;false;false
CRM_DIRECTION;;Direction of an Activity;;false;false;false
CRM_DIS_CHANNEL;DistributionChannels;Distribution channel;;false;false;false
CRM_DIVISION;Divisions;Division;;false;false;false
CRM_FIELD_DESC;;Table field description;;false;false;false
CRM_FORECAST_REL;;Forecast Relevance;;false;false;false
CRM_IMPORTANCE;;Opportunity/Lead Priority;;false;false;false
CRM_INBOX_STATUS;;Status of Agent Inbox Item;;false;false;false
CRM_INDUSTRY;;Industry Sector;;false;false;false
CRM_INPUT_CHANNEL;;Input channel;;false;false;false
CRM_ITEM_TYPE;;CRM Item Type;;false;false;false
CRM_LEAD_QUAL_LEVEL;;Lead Qualification Level;;false;false;false
CRM_LEAD_TYPE;;Lead Group;;false;false;false
CRM_OBJECTIVE;;Goal of an Activity;;false;false;false
CRM_OBJREF_PROFILE;;Profile ID Obj.Relationship;;false;false;false
CRM_OPPORT_TYPE;;Opportunity Type;;false;false;false
CRM_ORG_UNIT;OrganizationalIDs;Org. Units in CRM (HRP1000);;false;false;false
CRM_PARTNER;BusinessPartners;CRM Partner;true;false;false;false
CRM_PHASE;;Sales Stage;;false;false;false
CRM_PRIORITY;ActivityPrioritiesCRM;Priority;;false;false;false
CRM_PROCESSING_TYPE;;Processing Type;;false;false;false
CRM_PROCESS_BLOCKED;;Active Indicator;;false;false;false
CRM_PROCESS_TYPE;BusTransactionTypes;Bus. transaction type;;false;false;false
CRM_SALESCYCLE;;Sales Cycle;;false;false;false
CRM_SALES_ORG;OrganizationalIDs;CRM sales organization;;false;false;false
CRM_SOURCE;;Origin of Opportunity/Lead;;false;false;false
CRM_STAT_BILLING;;Billing Status;;false;false;false
CRM_STAT_CANCELLED;;Cancellation Status;;false;false;false
CRM_STAT_ERROR;;Error Status;;false;false;false
CRM_STAT_FINAL_CONF;;Final Service Confirmation;;false;false;false
CRM_STAT_FOR_BILLING;;Rel. Status for Cumulated Bill;;false;false;false
CRM_STAT_GOODS_ISSUE;;Goods Issue Status;;false;false;false
CRM_STAT_LIFECYCLE;;Life Cycle Status;;false;false;false
CRM_STAT_OPEN;;Status "Open";;false;false;false
CRM_STAT_RELEASED;;Release Status;;false;false;false
CRM_STAT_TRANSFER;;Transfer Status;;false;false;false
CRM_TEMPLATE_TYPE;;CRM Template Type;;false;false;false
CRM_USER_STATUS;;Site ID;;false;false;false
EKF_BILL_PROCESS;BillingProcessFICA;Billing Process;;false;false;false
EKF_BILL_REVREASON;;Rev. Reason for Billing Doc.;;false;false;false
EKF_BILL_TYPE;BillingTypesFICA;Billing Type;;false;false;false
EKF_DOCTYPE;;Document Type;;false;false;false
EKF_HBKID;;House bank;;true;false;false
EKF_HVORG;MainTransactionsFICA;Main Transaction for Line Item;;false;false;false
EKF_INVLOCK_KK;;Invoicing Lock;;false;false;false
EKF_INVTRIGLOCK;;Invoicing Lock;;false;false;false
EKF_INV_CATEGORY;;Invoicing Category;;false;false;false
EKF_INV_CRMODE;;Creation Mode;;false;false;false
EKF_INV_ITEMTYPE;;Type of Invoicing Item;;false;false;false
EKF_INV_PROCESS;;Invoicing Process;;false;false;false
EKF_INV_TYPE;;Invoicing Type;;false;false;false
EKF_ITEMTYPE;ItemTypesFICA;Type of Billing Item;;false;false;false
EKF_REVREASON;;Reversal Reason;;false;false;false
EKF_SEGMT;SegmentsFICA;Segm. for Segmental Reporting;;false;false;false
EKF_SIMULATED;;Invoicing Request Is Simulated;;false;false;false
EKF_SRCDOCCAT_KK;;Source Doc.Cat.;;false;false;false
EKF_SRCDOCTYPE;;Type of Source Document;;false;false;false
EKF_SRCITEMCAT;;Source Item Category;;false;false;false
EKF_SRCPROCESS_KK;ProcessOriginFICA;Origin Process of Billing Doc.;;false;false;false
EKF_TVORG;SubtransactionsFICA;Subtransaction for Doc. Item;;false;false;false
EKF_UMSKZ;;Special G/L indicator;;false;false;false
ERP_ABART;;Release type;;false;false;false
ERP_ABFER;ShipComplTypes;Shipment completion type;;false;false;false
ERP_ABGRU;RejectReasons;Reason for rejection;;false;false;false
ERP_ABGSL;;Results Analysis Key;;false;false;false
ERP_ABLEINH;;Meter reading unit;;true;false;false
ERP_ABLEINHEIT;;Meter reading unit;;true;false;false
ERP_ABRVORG;;Billing transaction;;false;false;false
ERP_ABSTA;RejectionStatus;Rejection status;;false;false;false
ERP_ABUEB;;Release Creation Profile;;false;false;false
ERP_ABWST;ProcessingControls;Processing control;;false;false;false
ERP_ACTION_CODE;;Action Code;;false;false;false
ERP_AFAPL;;Chart of Depreciation;;false;false;false
ERP_AFASL;;Depreciation Key;;false;false;false
ERP_AIMMO;;Indicator: Real Estate;;false;false;false
ERP_AKKNZ;MaintCatIndicators;PM Order Category Indicator;;false;false;false
ERP_AKTNR;;Promotion;;false;false;false
ERP_ANDOR;;Indicator for OR or AND link;;false;false;false
ERP_ANEQS;;Completeness indicator asset;;false;false;false
ERP_ANLKL;AssetClassesMD;Asset Class;;false;false;false
ERP_ANWND;;Appl. using bank data storage;;false;false;false
ERP_APLID;;Error Management;;false;false;false
ERP_APPLK;ApplicationAreasFICA;Application area;;false;false;false
ERP_APROF;;Settlement profile;;false;false;false
ERP_AP_VERWE;;work center category;;false;false;false
ERP_ARGST;;Total status of shipment costs;;false;false;false
ERP_ARTPR;;Priority Type;;false;false;false
ERP_ASTNR;;Order status;;false;false;false
ERP_ATTYP;MaterialCategories;Material Category;;false;false;false
ERP_AUART;COOrderTypes;PP order type;;false;false;false
ERP_AUERU;;Propose final conf.;;false;false;false
ERP_AUFSD;;Customer Blocked for Orders;;false;false;false
ERP_AUFTYP;OrderCategories;Order category;;false;false;false
ERP_AUGRD;ClearingReasonsFICA;AUGRD_KK;;false;false;false
ERP_AUGRD_KK;ClearingReasonsFICA;Clearing Reason FI-CA;;false;false;false
ERP_AUGRU;OrderReason;Order reason;;false;false;false
ERP_AUGST_KK;;Clearing status;;false;false;false
ERP_AUREL;;Relevant to allocation table;;false;false;false
ERP_AUTET;;Usage in automatic MRP;;false;false;false
ERP_AUTOMATION;;Created automatically;;false;false;false
ERP_AVORG;;Settlement transaction;;false;false;false
ERP_AWTYP;ReferenceTransactions;Reference procedure;;false;false;false
ERP_BANPR;PurchReqProcState;PReq. processing state;;false;false;false
ERP_BAT_OR_DIA;;Batch or Dialog;;false;false;false
ERP_BCREASON;;Reason for Reversal;;false;false;false
ERP_BDART;;Requirement type;;false;false;false
ERP_BEDAE;;Req. type Planned Indep. Reqs;;false;false;false
ERP_BEDAR;;Origin of Start Date;;false;false;false
ERP_BELEGART;;Document type;;false;false;false
ERP_BEL_ART;;Doc. Type Selection f. Inv.;;false;false;false
ERP_BERID;;MRP area;;true;false;false
ERP_BESKZ;;Procurement indicator;;false;false;false
ERP_BESTA;;Del. Conf. Status (Item);;false;false;false
ERP_BESTQ;;Stock Category in WMS;;false;false;false
ERP_BETYP;;Requirement type;;false;false;false
ERP_BEZOB;;Reference mandatory;;false;false;false
ERP_BFART;ServiceLevels;Service Level;;false;false;false
ERP_BKLAS;;Valuation class;;false;false;false
ERP_BLART;AccDocTypes;Document type;;false;false;false
ERP_BLART_KK;DocumentTypesFICA;Document Type;;false;false;false
ERP_BLCKD;;Purchase Requisition Blocked;;false;false;false
ERP_BL_DOC_TYPE;;FM Budgetary doc.typ;;false;false;false
ERP_BSAKZ;;Control indicator for PO type;;false;false;false
ERP_BSARK;CustomerPOTypes;Purchase order type;;false;false;false
ERP_BSCHL;;Posting key;;false;false;false
ERP_BSEXT;;External Purch. Orders allowed;;false;false;false
ERP_BSINT;;Internal Purch. Orders allowed;;false;false;false
ERP_BSTAE;ConfirmControlKeys;Confirmation Control Key;;false;false;false
ERP_BSTAT;;Document status;;false;false;false
ERP_BSTYP;PurchDocCats;Purch. doc. category;;false;false;false
ERP_BUKRS;CompanyCodes;Company Code;;false;false;true
ERP_BUSAB;;Accounting clerk;;false;false;false
ERP_BU_BPKIND;;Business Partner Type;;false;false;false
ERP_BU_GROUP;;Business Partner Grouping;;false;false;false
ERP_BU_TYPE;;Business partner category;;false;false;false
ERP_BWART;MovementTypes;Movement type IM;;false;false;false
ERP_BWKEY;;Valuation area;;false;false;false
ERP_BWLVS;MovementTypesWM;Movement type WM;;false;false;false
ERP_BWTAR;;Valuation type;;false;false;false
ERP_BWVAR;ValuationVariant;Valuation variant;;false;false;false
ERP_CHANGE_TYPE;;Type of Change;;false;false;false
ERP_CHARG;;Batch number;;false;false;false
ERP_CMGST;;Credit status;;false;false;false
ERP_CONTR_ART;PurchDocTypes;ERP contract type;;false;false;false
ERP_COTYP;;Type of Control Recipe Dest.;;false;false;false
ERP_COUNTRY;Countries;ERP country;;false;false;false
ERP_CO_CRSTAT;;Control recipe status;;false;false;false
ERP_CO_SELKZ;;Sel.Ind. f. costing line items;;false;false;false
ERP_CTLPC;;Risk category;;false;false;false
ERP_CYCLE_DATE_KK;;Day of Period End;;false;false;false
ERP_CYCLE_DAY_KK;BillingCycles;Billing Cycle;;false;false;false
ERP_DELKZ;;MRP element;;false;false;false
ERP_DISLS;LotSizes;Lot size (materials planning);;false;false;false
ERP_DISMM;MRPTypes;MRP type;;false;false;false
ERP_DISPO;;MRP controller;;false;false;false
ERP_DISVF;MRPProcedures;MRP procedure;;false;false;false
ERP_DOCCAT;;Document Category EWM;;false;false;false
ERP_DOCTYPE_PDI;DocumentTypesEWM;Doc. Types for EWM Inb. Del.;;false;false;false
ERP_DTART;;MRP list type;;false;false;false
ERP_EBTYP;;Confirmation Category;;false;false;false
ERP_EFART;;Input type;;false;false;false
ERP_EIGKZ;;Property indicator;;false;false;false
ERP_EKGRP;PurchGroups;Purchasing group;;true;false;false
ERP_EKORG;PurchOrgs;Purchasing orgnization;;true;false;false
ERP_ENDAR;;Origin End Date;;false;false;false
ERP_EQART;;Object Type;;false;false;false
ERP_EQTYP;;Equipment Category;;false;false;false
ERP_EQUNR;;Equipment Number;;false;false;false
ERP_ERLOESE;;Revenue postings;;false;false;false
ERP_ERLRE;;Completion rule;;false;false;false
ERP_ESTAK;PurchDocStatus;Status of purchasing document;;false;false;false
ERP_ESTKZ;PurchCreationIndicators;Creation indicator;;false;false;false
ERP_ETDRK;;Print-relevant;;false;false;false
ERP_ETTYP;;Schedule line category;;false;false;false
ERP_E_KOFIZ;;Acc.Det. ID for IS-U contracts;;false;false;false
ERP_FAKSD;;Central bill. block customer;;false;false;false
ERP_FAKSK;BillingBlocks;Billing block header;;false;false;false
ERP_FAKSP;BillingBlocks;Billing block item;;false;false;false
ERP_FAREG;;Billing rule;;false;false;false
ERP_FBGST;;Overall status of calculation;;false;false;false
ERP_FDLEV;;Planning Level;;false;false;false
ERP_FDNAM_SD;;Field names SD;;false;false;false
ERP_FEHGR;;Incompletion procedure;;false;false;false
ERP_FEH_STA;CostingStatus;Costing status;;false;false;false
ERP_FEVOR;;Production Scheduler (No Text);;false;false;false
ERP_FFPRF;;Dynamic Item Processor Profile;;false;false;false
ERP_FIBL_DORIGIN;;Grouping origin;;false;false;false
ERP_FICA_INT_REASON;;FI-CA: Internal Dispute Type;;false;false;false
ERP_FIELD_DESC;;Table field description;;false;false;false
ERP_FIKRS;;Financial Management Area;;false;false;false
ERP_FKART;BillingTypes;Billing type;;false;false;false
ERP_FKART_T;;Shipment cost type;;false;false;false
ERP_FKBER;;Functional Area;;false;false;false
ERP_FKIVP;IntercompanyBillingStatus;IV Billing Item Status;;false;false;false
ERP_FKPTY;;Item category shipment costs;;false;false;false
ERP_FKREL;BillingRelevances;Relevant for billing;;false;false;false
ERP_FKSAA;;Bill. status item order rel.;;false;false;false
ERP_FKSTA;DeliveryRelatedBillingStatus;Billing status (del.);;false;false;false
ERP_FKSTK;;Billing status;;false;false;false
ERP_FKSTO;;Billing doc. cancelled;;false;false;false
ERP_FKTYP;BillingCategories;Billing category;;false;false;false
ERP_FM_BTART;;Amount Type (FM);;false;false;false
ERP_FM_WRTTP;;Value Type (FM);;false;false;false
ERP_FPART;;Billing Plan Type;;false;false;false
ERP_FPTYP;;Billing Plan Category;;false;false;false
ERP_FRGGR;;Release group;;false;false;false
ERP_FRGKE;PurchReleaseIndicators;Release Ind. in Purch. Doc.;;false;false;false
ERP_FRGKZ;;Release indicator;;false;false;false
ERP_FRGSX;;Release strategy;;false;false;false
ERP_FRKRL;;Shipment costs relevance;;false;false;false
ERP_FSSTA;;Billing block status item;;false;false;false
ERP_FSTAG;;Field status group;;false;false;false
ERP_GBSTA;OverallProcessingStatus;Overall Proc. Status (Item);;false;false;false
ERP_GBSTK;;Overall Proc. Status (Header);;false;false;false
ERP_GLVOR;BusinessTransactions;Business Transaction;;false;false;false
ERP_GPART;BusinessPartners;Business Partner;true;false;false;false
ERP_GRDTX;;Reason for variances;;false;false;false
ERP_GRPID;;Batch Input Session;;false;false;false
ERP_GRUND;;Reason for inventory diff.;;false;false;false
ERP_GSBER;BusinessAreas;Business area;;false;false;false
ERP_HERKUNFT;;Insp. lot origin;;false;false;false
ERP_HERKZ;NotificationOrigins;Origin of Notification;;false;false;false
ERP_HKONT;GLAccounts;G/L account;;false;true;false
ERP_HKTID;;ID for account details;;false;false;false
ERP_HORIZ;;Horizon;;false;false;false
ERP_HORIZ_QUALIFIER;;Qualifiers of Call Horzion;;false;false;false
ERP_HVORG;MainTransactionsFICA;Main Transaction;;false;false;false
ERP_ILART;MaintActivTypes;Maintenance activity type;;false;false;false
ERP_IM_PROFIL;;Investment measure profile;;false;false;false
ERP_INACT;;Indicator: Status Is Inactive;;false;false;false
ERP_INCO1;Incoterms;Incoterms part 1;;false;false;false
ERP_INGRP;;Planner Group;;false;false;false
ERP_INSMK;StockType;Stock Type;;false;false;false
ERP_INTAG;;Interpret. algorithm;;false;false;false
ERP_ISTAT_D;;Planning Status;;false;false;false
ERP_ITEM_CATEGORY;;EWM Item Categories;;false;false;false
ERP_IVTYPE;InvoiceCategories;IV Category;;false;false;false
ERP_IWERK_INGRP;;Plant+Planner Group;;false;false;false
ERP_KALKA;;Costing Type;;false;false;false
ERP_KALNR;;ProdCostEst.No.;;false;false;false
ERP_KALSM_SD;;Pricing Proceduren in SD;;false;false;false
ERP_KAPPL;Applications;Application;;false;false;false
ERP_KBLART;;Doc. Type: Manual Doc. Entry;;false;false;false
ERP_KBLTYP;;Earmarked Funds Doc. Category;;false;false;false
ERP_KBNKZ;;Kanban Indicator;;false;false;false
ERP_KHERK;;Origin of condition;;false;false;false
ERP_KKBER;;Credit control area;;false;false;false
ERP_KLIMP;;Carry out credit limit check;;false;false;false
ERP_KLVAR;CostingVariant;Costing variant;;false;false;false
ERP_KMANU;;Dealing with manual conditions;;false;false;false
ERP_KMEIN;;Condition unit in the document;;false;false;false
ERP_KNPRS;;Pricing type;;false;false;false
ERP_KNTTP;AccAssCategories;Account assignm. cat.;;false;false;false
ERP_KOARS;;Account types;;false;false;false
ERP_KOART;;Account Type;;false;false;false
ERP_KOFIZ_KK;;Account Determination ID;;false;false;false
ERP_KOKRS;ControlingAreas;Controlling area;;true;false;false
ERP_KOSAR;;Cost Center Category;;false;false;false
ERP_KOSTA;PickingStatus;Picking status/Putaway status;;false;false;false
ERP_KOSTK;PickingStatus;Picking status;;false;false;false
ERP_KOSTL;CostCenters;Cost center;;false;true;false
ERP_KOWRR;;Statistical values;;false;false;false
ERP_KSCHL;;Conditions Type;;false;false;false
ERP_KSTAR;;Cost Element;;false;false;false
ERP_KSTEU;;Condition control;;false;false;false
ERP_KTGRD;AccAssGroupCustomers;Acct Assmt Grp Cust.;;false;false;false
ERP_KTGRM;AcctAssmtGrpMat;Acct Assmt Grp Mat.;;false;false;false
ERP_KTOGR;;Account Determination;;false;false;false
ERP_KTOKD;CustomerAccountGroups;Cust Account Group;;false;false;false
ERP_KTOKK;SupplierAccountGroups;Vendor account group;;false;false;false
ERP_KTOKL;;Account class;;false;false;false
ERP_KTOPL;ChartOfAccounts;Chart of accounts;;false;false;false
ERP_KUKLA;;Customer classification;;false;false;false
ERP_KUNNR;Customers;Customer;true;true;true;false
ERP_KZVBR;;Consumption posting;;false;false;false
ERP_LAUFI;;Payment run ID;;false;false;false
ERP_LAUFK;LegIndicators;Leg indicator;;false;false;false
ERP_LBWST;ValnStratPlanPrice;Valuation Strategy;;false;false;false
ERP_LDEST;;Spool: Output device;;false;false;false
ERP_LFART;DeliveryTypes;Delivery type;;false;false;false
ERP_LFGSA;DeliveryStatus;Delivery status;;false;false;false
ERP_LGNUM;Warehouses;Warehouse number;;false;false;false
ERP_LGORT;StorageLocations;Storage location;;false;false;false
ERP_LGTYP;;Storage type;;false;false;false
ERP_LIEF;;Operation External Processing;;false;false;false
ERP_LIFNR;Suppliers;Supplier;true;true;true;false
ERP_LIFSD;;Central del. block customer;;false;false;false
ERP_LIFSK;DeliveryBlocks;Delivery block header;;false;false;false
ERP_LIFSP;DeliveryBlockItems;Delivery block item;;false;false;false
ERP_LISOF;;Create delivery immediately;;false;false;false
ERP_LLAND;Countries;Destination country;;false;false;false
ERP_LOCKR;;Lock Reason;;false;false;false
ERP_LOEKZ;;Deletion Ind. in Purch. Doc.;;false;false;false
ERP_LOEKZ_ESSR;;Deletion ind. in entry sheet;;false;false;false
ERP_LOGSYSTEM;;Logical system;;false;false;false
ERP_LOTYP;;Lock Object Category;;false;false;false
ERP_LPRIO;DeliveryPriorities;Delivery Priority;;false;false;false
ERP_LSSTA;;Del. block status;;false;false;false
ERP_LSSTK;;Overall del. block status;;false;false;false
ERP_LVSTA;WMActivityStatus;WM activity status;;false;false;false
ERP_LVSTK;;WM status;;false;false;false
ERP_MAABC;;ABC Indicator;;true;false;false
ERP_MABER;;Dunning Area;;false;false;false
ERP_MAFID;;Record type;;false;false;false
ERP_MAGRV;;Matl Grp Pack.Matls;;false;false;false
ERP_MAHNA;;Dunning Procedure;;false;false;false
ERP_MAHNV;;Dunning Procedure;;false;false;false
ERP_MANOUTSORT;;Manual OS in Billing;;false;false;false
ERP_MANOUTS_IN;;Rsn. mnl. Outsrtg. in Invcg.;;false;false;false
ERP_MANSP;DunningBlockKeys;Dunning block;;false;false;false
ERP_MANST;;Dunning level;;false;false;false
ERP_MANUAL;;Generated Manually;;false;false;false
ERP_MANUE;;Message processed manually;;false;false;false
ERP_MANUR;;Ind. for Type of Confirmation;;false;false;false
ERP_MATKL;MaterialGroups;Material group;;false;false;false
ERP_MATNR;Materials;Material number;;false;true;false
ERP_MEDKZ;;Plnnd Order Distrib.;;false;false;false
ERP_MEILR;;Milestone conf.;;false;false;false
ERP_MEPROCSTATE;PurchDocProcState;Purch. doc. processing status;;false;false;false
ERP_MITKZ;;Reconciliation indicator;;false;false;false
ERP_MKSP;;Production version is locked;;false;false;false
ERP_MMSTA;MaterialStatus;Plant-spec. mat. status;;false;false;false
ERP_MODIFLAG;;Changeable;;false;false;false
ERP_MPTYP;MaintPlanCategories;Maintenance plan category;;false;false;false
ERP_MRM_ZLSPR;;Logistics payment block;;false;false;false
ERP_MSCHL;;Dunning key;;false;false;false
ERP_MSGAR;;Message type;;false;false;false
ERP_MSTAE;XPlantStatus;Cross mat. status;;false;false;false
ERP_MSTYP_KK;;Dunning Level Category;;false;false;false
ERP_MTART;MaterialTypes;Material type;;false;false;false
ERP_MTVFP;;Checking Group f. Avail. Check;;false;false;false
ERP_NABPF;;Not for settlement;;false;false;false
ERP_NACHA;TransmissionMediums;Msg. transmission medium;;false;false;false
ERP_NCOST;;Do Not Cost;;false;false;false
ERP_NODIS;;Req.record not relevant to MRP;;false;false;false
ERP_NO_DISP_PLUS;;Effective for mat. pl.;;false;false;false
ERP_OBART;;Object type;;false;false;false
ERP_OBJTYPE;;Object type;;false;false;false
ERP_OBLACT;;Commitments Management Active;;false;false;false
ERP_OBLIGO;;Commitments Management Active;;false;false;false
ERP_OTYPE;;Object Type;;false;false;false
ERP_PAART;PlannedOrderTypes;Order type planned order;;false;false;false
ERP_PARTNER;;ERP Business Partner;true;false;false;false
ERP_PARVW;;Partner Function;;false;false;false
ERP_PDSTA;ProofOfDeliveryStatus;POD status on item level;;false;false;false
ERP_PDSTK;;Proof of delivery status;;false;false;false
ERP_PERBZ;;Settlement type;;false;false;false
ERP_PERIO;;Next Billing Date;;false;false;false
ERP_PERIV;;Fiscal Year Variant;;false;false;false
ERP_PKSTA;PackingStatus;Packing status of item;;false;false;false
ERP_PLANV;;ERP Key for task list usage;;false;false;false
ERP_PLAN_SORT;;Sort field for maint. plans;;false;false;false
ERP_PLKNZ;OrderPlanIndicators;PM order planning indicator;;false;false;false
ERP_PLNST;;Task list status;;false;false;false
ERP_PLNTY;;Task List Type;;false;false;false
ERP_PLSCN;;Planning scenario;;true;false;false
ERP_PMCS_IND;;PM / CS indicator;;false;false;false
ERP_POKEN;;Message number;;false;false;false
ERP_PORTION;;Portion;;true;false;false
ERP_POSAR;;Item Type;;false;false;false
ERP_POSTP;;Item Cat. (Bill of Material);;false;false;false
ERP_PO_ART;PurchDocTypes;ERP purchase order type;;false;false;false
ERP_PO_LOEKZ;;Del. Ind. in Purchasing;;false;false;false
ERP_PO_PSTYP;PurchItemCats;ERP purchase order pos.type;;false;false;false
ERP_PPROF;;Planning profile;;false;false;false
ERP_PRART;ProjectTypes;Project type;;false;false;false
ERP_PRCTR;ProfitCenters;Profit Center;;false;true;false
ERP_PRDNR;;Product Number;;false;false;false
ERP_PRFG;CheckStatusBOM;Check status;;false;false;false
ERP_PRINTLOCK;;Doc. is Blocked for Printing;;false;false;false
ERP_PRIOK;PMCSPriorities;Priority;;false;false;false
ERP_PROCESSING_TYPE;;Processing Type;;false;false;false
ERP_PROCTY;ProcessingTypesEWM;Warehouse Process Type;;false;false;false
ERP_PRODH_D;;Product hierarchy;;false;false;false
ERP_PROFL;;Project Profile;;false;false;false
ERP_PROID;;Process Code;;false;false;false
ERP_PR_ART;PurchReqTypes;ERP purchase requisition type;;false;false;false
ERP_PR_PSTYP;PurchItemCats;ERP_purchase req. item type;;false;false;false
ERP_PR_STATU;PurchReqProcStatus;Proc. status of purch. req.;;false;false;false
ERP_PSPID;;Project Definition;;true;false;false
ERP_PSTYV;ItemCategories;Item category;;false;false;false
ERP_PS_POSID;;WBS element (External);;true;false;false
ERP_PS_POSNR;;WBS element (Internal);;true;false;false
ERP_PS_ZUORD;;Network assignment;;false;false;false
ERP_QBEWERTUNG;;Code Valuation;;false;false;false
ERP_QMART;NotificationTypes;Notification type;;false;false;false
ERP_QMTYP;NotificationCategories;QM Notif.cat;;false;false;false
ERP_QM_PHASE;;Notification Processing Phase;;false;false;false
ERP_QPART;;Inspection Type;;false;false;false
ERP_QSPERRFKT;;Function That Will Be Blocked;;false;false;false
ERP_RBSTAT;;Invoice document status;;false;false;false
ERP_REASON;;Reason f. creating print docu.;;false;false;false
ERP_RECIPE_PRO;;ERP Recipe profile;;false;false;false
ERP_RECNNTPARTY;;RE Notice given by;;false;false;false
ERP_RECNNTREASON;;RE Reason for Notice;;false;false;false
ERP_RECNNTREASONREJ;;RE Reason for Rejection;;false;false;false
ERP_RECNTYPE;;Real Estate Contract type;;false;false;false
ERP_REDUCTION_AMOUNT;;Reduction Amount;;false;false;false
ERP_REFERENCE;;Assigned to document;;false;false;false
ERP_REFPLAN;;Assignment to planned order;;false;false;false
ERP_REFPREQ;;Assignment to purch. req.;;false;false;false
ERP_REF_MNTPLAN;;Creation indicator PM;;false;false;false
ERP_REPTP;;Production Type;;false;false;false
ERP_REVNR;;Revision for PM;;false;false;false
ERP_RE_CATEGORY;;RE Contract category;;false;false;false
ERP_RE_RELEVANTEVAL;;RE Valuation relevance;;false;false;false
ERP_RE_USERSUPPLIER;;RE User / Supplier;;false;false;false
ERP_RFBSK;AccTransStatus;Posting status;;false;false;false
ERP_RFGSA;;Overall status of reference;;false;false;false
ERP_RFSTA;;Reference status;;false;false;false
ERP_RGEKZ;;Ind.: Backflushing for order;;false;false;false
ERP_RLDNR;;Ledger in GL Accounting;;false;false;false
ERP_ROUTE;Routes;ERP Route;;false;false;false
ERP_ROUTE_PRO;;ERP Route profile;;false;false;false
ERP_RUEK;;Completion confirmation;;false;false;false
ERP_SATZA;;Record type for confirmation;;false;false;false
ERP_SCMGCASE_TYPE;CaseTypes;Case Type;;false;false;false
ERP_SCOPE;ObjectClass;Object Class;;false;false;false
ERP_SDABW;;Special processing indicator;;false;false;false
ERP_SD_AUART;SalesDocTypes;Sales doc. type;;false;false;false
ERP_SFCPF;;Prod.Sched.Profile (No Text);;false;false;false
ERP_SFEPR;;Repetitive Manuf. Profile;;false;false;false
ERP_SHKZG;;Debit/credit indicator;;false;false;false
ERP_SHTYP;ShipmentTypes;Shipment type;;false;false;false
ERP_SIMULATION;;Indicator: billing simulation;;false;false;false
ERP_SOBES;;Special procurement indicator;;false;false;false
ERP_SOBKZ;SpecialStock;Special stock indicator;;false;false;false
ERP_SOBSL;;Special procurement type;;false;false;false
ERP_SPART;Divisions;Division;;false;false;false
ERP_SPERR;;Phys. inv. blocking indicator;;false;false;false
ERP_SPGRU;;Blocking reason;;false;false;false
ERP_SPLEV;;Level of Payment Block;;false;false;false
ERP_SPRAS;;Message language;;false;false;false
ERP_STABR;;Stat.transfer(shipm.cost item);;false;false;false
ERP_STAGAREA;;Staging Area;;false;false;false
ERP_STAGAREAGR;;Staging Area Group;;false;false;false
ERP_STATG;;Status Group;;false;false;false
ERP_STATUS;;Object Status;;false;false;false
ERP_STATUS_SYSTEM;;JEST System Status;;false;false;false
ERP_STATUS_VALUE;;Status Value (EWM);;false;false;false
ERP_STATUS_VT_KK;;Status of Provider Contract;;false;false;false
ERP_STAT_PARA;CaseSystemStatus;System Status of Cases;;false;false;false
ERP_STBER;;Stat.calc.(shipm.costs item);;false;false;false
ERP_STEUS;ControlKeys;ERP Control key;;false;false;false
ERP_STFRE;;Status account determination;;false;false;false
ERP_STGRD;ReversalReasons;Reason for reversal;;false;false;false
ERP_STICH;;Scheduling indicator;;false;false;false
ERP_STLAL_NOTXT;;Alternative BOM (No Text);;false;false;false
ERP_STLAN;BOMUsageOrder;BOM usage;;false;false;false
ERP_STLST;BOMStatus;BOM Status;;false;false;false
ERP_STRAT;MaintenanceStrategies;Maintenance strategy;;false;false;false
ERP_STRGR;;Planning strategy group;;false;false;false
ERP_STSMA;;Status Profile;;false;false;false
ERP_STTRG;;Transp. status;;false;false;false
ERP_STTXT;;Maintenance status;;false;false;false
ERP_STUFE;;Level (SemID without Text);;false;false;false
ERP_TABNAME;;Table name;;false;false;false
ERP_TABNAMVB;;Table name SD;;false;false;false
ERP_TARIFTYP;;Rate category;;false;false;false
ERP_TDARMOD;;Print: Archiving mode;;false;false;false
ERP_TEST_OR_PROD;;Test run or productive run;;false;false;false
ERP_TETXT;;DATE DESCRIPTION;;false;false;false
ERP_TPLNR;;Functional location;;false;false;false
ERP_TPLST;TranspPlannPoints;Transp. plan. point;;false;false;false
ERP_TRAGR;;Transportation Group;;false;false;false
ERP_TRART;;Shipment Type;;false;false;false
ERP_TRIGSTAT;;Status of Billing Order;;false;false;false
ERP_TRMER;;Scheduling Error;;false;false;false
ERP_TRSPG;;Shipment Blocking Reason;;false;false;false
ERP_TRSTA;TransportationPlanningStatus;Transportation planning status;;false;false;false
ERP_UPDTM;;Update Material;;false;false;false
ERP_UPTYP;;Subitem Category;;false;false;false
ERP_USTXT;;Unsol. app. GP;;false;false;false
ERP_UVALL;IncompletionStatus;Generally incomplete;;false;false;false
ERP_UVFAK;;Incomplete for billing;;false;false;false
ERP_UVPAK;;Incomplete for packing;;false;false;false
ERP_UVPIK;;Incomplete for picking/putaway;;false;false;false
ERP_UVPRS;;Incomplete for pricing;;false;false;false
ERP_UVVLK;;Incomplete for delivery;;false;false;false
ERP_UVWAK;;Incomplete for goods movement;;false;false;false
ERP_VALIDATION;;Billing Validation;;false;false;false
ERP_VALIDAT_IN;;Name of Invoicing Validation;;false;false;false
ERP_VAUNA;;Retroactive Billing;;false;false;false
ERP_VBTYP;SalesDocCategories;SD document category;;false;false;false
ERP_VBUND;TradingPartners;Trading Partner;;true;false;false
ERP_VERANTX;;Person resp. for work center;;false;false;false
ERP_VERID;;Production Version (No text);;false;false;false
ERP_VERNR;;Person Responsible for Project;;true;false;false
ERP_VERWE;;Task list usage;;false;false;false
ERP_VGABE;;Transaction/event type;;false;false;false
ERP_VGART;;Transaction type;;false;false;false
ERP_VGEXT;;Ext. bus.transaction (NO TEXT);;false;false;false
ERP_VGINT;PostingRules;Posting rule;;false;false;false
ERP_VGMAN;;Transaction;;false;false;false
ERP_VGTYP;SalesDocCategories;Transaction type;;false;false;false
ERP_VKBUR;SalesOffices;Sales office;;false;false;false
ERP_VKGRP;SalesGroups;Sales group;;false;false;false
ERP_VKONT;ContractAccounts;Contract Account;;true;false;false
ERP_VKORG;SalesOrgs;ERP Sales Organization;;false;false;true
ERP_VKTRA;TMTransportModes;Mode of transport;;false;false;false
ERP_VLFKZ;;Plant category;;false;false;false
ERP_VMSTA;;SD material status;;false;false;false
ERP_VPRSV;;Price control indicator;;false;false;false
ERP_VRGNG;;Business Transaction;;false;false;false
ERP_VSART;ShippingTypes;Shipping type;;false;false;false
ERP_VSBED;ShippingConditions;Shipping Conditions;;false;false;false
ERP_VSTEL;ShippingPoints;Shipping point;;false;false;false
ERP_VSZTP;DispatchTimes;Dispatch time;;false;false;false
ERP_VTWEG;DistributionChannels;Distribution channel;;false;false;false
ERP_WARPL;;Maintenance plan;;false;false;false
ERP_WBSTA;GoodsMovementStatus;GM status;;false;false;false
ERP_WBSTK;;Overall GM status;;false;false;false
ERP_WERK;Plants;Plant;;false;false;true
ERP_WHNO;WarehousesEWM;Warehouse Number;;false;false;false
ERP_WMAK;;Material Type ID;;false;false;false
ERP_XGWGK;;LVA check:Amounts or quantity;;false;false;false
ERP_XREVERSAL;;Reversal Indicator;;false;false;false
ERP_ZAHLKOND;;Payment Condition;;false;false;false
ERP_ZAHLS;PaymentBlockKeys;Block key for payment;;false;false;false
ERP_ZBFIX;;Payment terms set;;false;false;false
ERP_ZEITPKT;;Event;;false;false;false
ERP_ZLSCH;;PAYMENT METHOD;;false;false;false
ERP_ZLSPR;PaymentBlockKeys;Payment block key;;false;false;false
ERP_ZTERM;PaymentTerms;Payment terms;;false;false;false
ERP_ZUAWA;;Srtg.Key acc. to Assgmt.Nmbrs.;;false;false;false
ERP_ZWELS;;Payment Methods (no text);;false;false;false
EWM_AAREA;ActivityAreasEWM;ACTIVITY AREA;;false;false;false
EWM_ACT_TYPE;;Activity Type;;false;false;false
EWM_ADJUST_QTY;;Quantity Adjustment;;false;false;false
EWM_CAT;;Stock Type;;false;false;false
EWM_DE_WCRTYPE;WOCreatRuleCategoriesEWM;Cat. of WHO Creation Rule;;false;false;false
EWM_DE_WHOSTAT;WarehouseOrderStatus;Warehouse Order Status;;false;false;false
EWM_DOCTYPE;DocumentTypesEWM;Document type;;false;false;false
EWM_EXCEPT;ExceptionCodesEWM;Exception Code;;false;false;false
EWM_ITEMTYPE;;Item Type for Wh. Processes;;false;false;false
EWM_LGBER;;Storage Section;;false;false;false
EWM_LGNUM;WarehousesEWM;WAREHOUSE NO. EWM;;false;false;false
EWM_LGTYP;;Storage Type;;false;false;false
EWM_LPTYP;;Storage Bin Type;;false;false;false
EWM_MATNR;;Product Number;;false;false;false
EWM_PARTY_ROLE;;Partner Role;;false;false;false
EWM_PRCODE;ProcessCodesEWM;Process Code;;false;false;false
EWM_PROCTYPE;ProcessingTypesEWM;Process Type;;false;false;false
EWM_PRODUCT;ProductsEWM;Product;;false;false;false
EWM_QUEUE;WarehouseQueues;Queue;;false;false;false
EWM_ROUTE;;Route;;false;false;false
EWM_TOSTAT;WarehTaskStatusEWM;Warehouse Task Status;;false;false;false
EWM_TRART;WarehProcessCategoriesEWM;Warehouse Process Category;;false;false;false
EWM_WAVECAT;WaveCategories;Wave Category;;false;false;false
EWM_WAVETYPE;WaveTypes;Wave Type;;false;false;false
EWM_WCR;WarehOrderCreatRulesEWM;Warehouse Order Creation Rule;;false;false;false
EWM_WTCODE;;Special Function for WT;;false;false;false
EW_STOCK_DOCCAT;;Type: SO Stock or Proj. Stock;;false;false;false
FSCM_CATEGORY;;Category;;false;false;false
FSCM_FIN_P2P_STATE;PromiseToPayState;State of Promise to Pay;;false;false;false
FSCM_P2P_LEVEL;;Level of Promise to Pay;;false;false;false
FSCM_REASON_CODE;;Reason Code;;false;false;false
GRC_LOGSYS;;Logical System;;false;false;false
ISU_ABLESART;;Scheduled meter reading cat.;;false;false;false
ISU_ABLESARTST;;MR control;;false;false;false
ISU_ABLSPERR;;Rsn.for blocking meter reading;;false;false;false
ISU_ABLSTAT;;Meter Reading Status;;false;false;false
ISU_ABRFREIG;;Reason for releasing billing;;false;false;false
ISU_ABRSPERR;;Reason for blocking billing;;false;false;false
ISU_AKLASSE;;Billing class;;false;false;false
ISU_AKTIV;;Meter reading active;;false;false;false
ISU_GEMFAKT;;Joint Invoicing;;false;false;false
ISU_INVOICING_PARTY;;Utilities Invoicing Party;true;false;false;false
ISU_ISTABLART;;Meter reading type;;false;false;false
ISU_PRUEFPKT;;Independent validation;;false;false;false
ISU_VSTELLE;;Premise;;false;false;false
SCMO_APPLICATION;;SCMO Application;;false;false;false
SCMO_APP_STATUS;;Applicationstatus;;false;false;false
SRM_BBP_METYPE;;Transmission Medium;;false;false;false
SRM_BE_DOC_TYPE;PurchReqTypes;Purchase Requisition Doc. Type;;false;false;false
SRM_BID_TYPE;RFXTypesSRM;Type of RFx;;false;false;false
SRM_BID_VALIDATION;;Bid Validation;;false;false;false
SRM_CATEGORY_ID;ProdCategoriesSRM;SRM Category ID (No Text);;false;false;false
SRM_CHECK_IND;;Check Indicator at Item Level;;false;false;false
SRM_INCOTERM;;Incoterm Key;;false;false;false
SRM_ITM_RELEASED;;SRM Item Status;;false;false;false
SRM_LOCATION;BusinessPartners;Location in SAP SRM;true;false;false;false
SRM_LOGSYS;;Original System;;false;false;false
SRM_OBJECT_TYPE;;Transaction category;;false;false;false
SRM_OBJ_TYPE;;Object Type in Back-End System;;false;false;false
SRM_ORG_UNIT;PurchOrgsSRM;Org. Units in SRM (HRP1000);;false;false;false
SRM_PROCESSING_TYPE;;Processing Type;;false;false;false
SRM_PROCESS_BLOCKED;;Active/Inactive Transaction;;false;false;false
SRM_PRODUCT_TYPE;;Product Type;;false;false;false
SRM_SUBTYPE;SubtypesSRM;Specification of a Bus. Doc.;;false;false;false
SRM_SUBTYPE_I;;Specification of a Doc. Item;;false;false;false
SRM_SUPPLIER;BusinessPartners;Supplier in SAP SRM;true;false;false;false
SRM_USE_CONDITIONS;;Ind.: Det. Price Info in Bid;;false;false;false
SRM_VERSION_TYPE;;Version Type;;false;false;false
TIME;;Time;;false;false;false
TM_ARCHIVING;;Archiving Status;;false;false;false
TM_BLK_EXEC;;Execution Block;;false;false;false
TM_BLOCK_REASON;TMBlockReasonCodes;Block Reason Code;;false;false;false
TM_BOOKING_TRMO;;Freight Book.Transp. Mode Cat.;;false;false;false
TM_CALC_STATUS;;Charge Calculation Status;;false;false;false
TM_CARINV_DISP_RES_S;;Dispute Case Status;;false;false;false
TM_CAR_INVOICING;;Carrier Invoicing Status;;false;false;false
TM_CFIR_TYPE;;Internal Settlement Doc. Type;;false;false;false
TM_CHCK4COMPLETENESS;;Completeness Criteria;;false;false;false
TM_COMPLIANCE;;Compliance Status;;false;false;false
TM_CONDITION;;Condition;;false;false;false
TM_CONFIRMATION;TMConfirmStatus;Confirmation Status;;false;false;false
TM_CONSISTENCY;TMConsistencyStatus;Consistency Status;;false;false;false
TM_CONS_ALLOWED;;Consolidation Allowed;;false;false;false
TM_CONTRACT_BASIS;;Contract Basis;;false;false;false
TM_CREATION_TYPE;;Creation Type;;false;false;false
TM_CUSTOMS;;Customs Status;;false;false;false
TM_CUST_INV_EVENT;;Exp. Event for Customer Inv.;;false;false;false
TM_DATACS_PROP_MODE;;Execution Propagation Mode;;false;false;false
TM_DEF_TORTYPE;;Default Business Document Type;;false;false;false
TM_DEF_TYPE_SHIPM;;Default Type: ERP Shipm.Integ.;;false;false;false
TM_DELETE_IND;;Document Can Be Deleted;;false;false;false
TM_DELIVERY;;Delivery Status;;false;false;false
TM_DRAW_NUMBER_TIME;;Time When Nr. is to Be Drawn;;false;false;false
TM_DRAY_CREATION_DEF;;Default FO Type for FB;;false;false;false
TM_DSC_PROF;;Discrepancy Profile;;false;false;false
TM_DSO_TYPE;;Direct Shipment Options Type;;false;false;false
TM_DS_RESULT_RULE;;Result Rule for Direct Shipmen;;false;false;false
TM_ENABLE_CHARGE_CAL;;Enable Charge Calculation;;false;false;false
TM_ENABLE_SETTLEMENT;;Enable Settlement;;false;false;false
TM_ERP_SHP_REL;;Document Creation Relevance;;false;false;false
TM_EVENT_TRIG_ACCR;;Event for Freight Cost Confirm;;false;false;false
TM_EXECUTION;;Execution Status;;false;false;false
TM_EXEC_CHECK_LEVEL;;Enable Additional Execution Ch;;false;false;false
TM_FAG_CATEGORY_CODE;;Agreement Category;;false;false;false
TM_FAG_PRIORITY_CODE;;Agreement Priority;;false;false;false
TM_FAG_ROOT_STATUS;;Transp. Agreement Statu;;false;false;false
TM_FAG_TYPE_CODE;;Agreement Type;;false;false;false
TM_FAG_USAGE_CODE;;Agreement Usage;;false;false;false
TM_FINAL_EXEC_EVENT;;Last Expected Event;;false;false;false
TM_FIXATION;;Transp. Order Root Fixing;;false;false;false
TM_FIX_AT_SAVE;;Fix Document When Saving;;false;false;false
TM_FO_TYPE;;Freight Order Type;;false;false;false
TM_GOODS_ISSUE_EVENT;;Expected Event for Posting GI;;false;false;false
TM_GOODS_REC_EVENT;;Expected Event for Posting GR;;false;false;false
TM_IMM_PROC;;Immediate Processing;;false;false;false
TM_INITIATED_FROM;;Predecessor Document;;false;false;false
TM_INVDISP_RES_STATU;;Dispute Item Status;;false;false;false
TM_INVOICING;;Invoicing Status;;false;false;false
TM_INV_BLOCK;;Freight Settlement Doc. Block;;false;false;false
TM_ITEM_CAT;;Item Category;;false;false;false
TM_LIFECYCLE;;Life Cycle Status of Freight S;;false;false;false
TM_LOGSYS;;TM Logical System (Send. Syst);;false;false;false
TM_MOT;TMTransportModes;TM Transportation Mode;;false;false;false
TM_MOT_CAT;;TM Transportation ModeCategory;;false;false;false
TM_MOVEM_TYPE;TMMovementTypes;TM Movement Type;;false;false;false
TM_MULTI_ASSIGNMENT;;Assignment of Predecessor Doc.;;false;false;false
TM_ORG_UNIT;TMOrganizationalUnits;Org. Units in TM (HRP1000);;false;false;false
TM_PARTNER_SCHEMA;;Partner Determination Profile;;false;false;false
TM_PLAN_STATUS;;Planning Status;;false;false;false
TM_PLN_SCT_REL;;Subcontracting Relevance;;false;false;false
TM_POST_INVOICE;;Post Invoice Automatically;;false;false;false
TM_PPF_PROFILE;;Output Profile;;false;false;false
TM_SELF_DELIVERY;;Self-Delivery/Customer Pick-Up;;false;false;false
TM_SET_BY_SERVICE;;Origin of Entry;;false;false;false
TM_SFIR_CAT;FreightSettlDocCategories;TM Freight Settl.Doc. Category;;false;false;false
TM_SFIR_TYPE;FreightSettlDocTypes;TM Freight Settl.Doc. Type;;false;false;false
TM_SHIPPING_TYPE;TMShippingTypes;TM Shipping Type;;false;false;false
TM_SHPM_TRANSM;;Transmission-to-ERP Status;;false;false;false
TM_SHP_CONS_RULE;;Shipper/Ship-to-Party Determ.;;false;false;false
TM_STOP_SEQ_TYPE;;Sequence Type of Stages;;false;false;false
TM_SUBCONTRACTING;;Subcontracting Status;;false;false;false
TM_SUBCONTR_CHECKS;;Subcontracting Check Rule;;false;false;false
TM_TEXT_TYPE;;Text Type;;false;false;false
TM_TEXT_TYPE_CAR;;Text Type for Carrier;;false;false;false
TM_TOR_CAT;TranspOrderCategories;TM TOR Category;;false;false;false
TM_TOR_ITEM_TYPE;;Transportation Order Item Type;;false;false;false
TM_TOR_PU_SPLIT_RULE;;Default Package Unit Creation;;false;false;false
TM_TOR_TYPE;TranspOrderTypes;TM TOR Type;;false;false;false
TM_TRACK_EXEC_REL;;Execution Tracking Relevance;;false;false;false
TM_TRAFFIC_DIRECT;TMTrafficDirections;TM Traffic Direction;;false;false;false
TM_TRANSMEANSTYPECOD;;Means of Transport;;false;false;false
TM_TRQ_CAT;;TM TRQ Category;;false;false;false
TM_TRQ_TYPE;;TM TRQ Type;;false;false;false
TM_VIEW_TYPE;;Default Charges View;;false;false;false
TM_WFL_STATUS;;Workflow Status;;false;false;false
TZONE;;Time Zone;;false;false;false