id;isForProcessFlows;hasProcessFlowLeadTime;isForRecommendations;text;dateCharsticId;docValueCharsticId;monValueCharsticId;currCharsticId;unit_id;category_id;kind_id;automationCharsticId;benchmarkPpi;staticSystemRelevance_id
CPACM00101;FALSE;FALSE;FALSE;Contract workspaces created;BEGIN_DATE_DAY;;ORIG_AMOUNT;CONTRACT_CURRENCY;DOC;TH;TH;;;ARIBA
CPACM00102;FALSE;FALSE;FALSE;Unpublished contract workspaces with effective date in the past;BEGIN_DATE_DAY;;ORIG_AMOUNT;CONTRACT_CURRENCY;DOC;BL;BL;;;ARIBA
CPACM00160;TRUE;TRUE;FALSE;Contract workspace creation to contract publication;BEGIN_DATE_DAY;;ORIG_AMOUNT;CONTRACT_CURRENCY;DOC;BL;PP;;;ARIBA
CPAOP00110;FALSE;FALSE;FALSE;Purchase requisition items created;REQUISITION_DATE;;ORIG_AMOUNT;ORIG_CURRENCY_CODE;ITEMS;TH;TH;;;ARIBA
CPAOP00111;FALSE;FALSE;FALSE;Purchase requisition items delayed;REQUISITION_DATE;;ORIG_AMOUNT;ORIG_CURRENCY_CODE;ITEMS;BL;BL;;;ARIBA
CPAOP00112;FALSE;FALSE;FALSE;Purchase requisition items with ordering status;REQUISITION_DATE;;ORIG_AMOUNT;ORIG_CURRENCY_CODE;ITEMS;BL;BL;;;ARIBA
CPAOP00113;FALSE;FALSE;TRUE;Purchase requisition items with need-by date in the past;REQUISITION_DATE;;ORIG_AMOUNT;ORIG_CURRENCY_CODE;ITEMS;BL;BL;;;ARIBA
CPAOP00114;FALSE;FALSE;TRUE;Purchase order items created;ORDERED_DATE;;PO_AMOUNT;ORIG_CURRENCY_CODE;ITEMS;TH;TH;;;ARIBA
CPAOP00116;FALSE;FALSE;TRUE;Open purchase order items with need-by date in the past;ORDERED_DATE;;PO_AMOUNT;ORIG_CURRENCY_CODE;ITEMS;BL;BL;;;ARIBA
CPAOP00117;FALSE;FALSE;FALSE;Supplier invoice items submitted;INVOICE_DATE;;INVOICE_AMOUNT;ORIG_CURRENCY_CODE;ITEMS;TH;TH;;;ARIBA
CPAOP00118;FALSE;FALSE;FALSE;Supplier invoice items with exceptions not processed;INVOICE_DATE_CREATED;;INVOICE_AMOUNT;ORIG_CURRENCY_CODE;ITEMS;BL;BL;;;ARIBA
CPAOP00119;FALSE;FALSE;TRUE;Supplier invoice items with exceptions but without related purchase order;INVOICE_DATE_CREATED;;INVOICE_AMOUNT;ORIG_CURRENCY_CODE;ITEMS;BL;BL;;;ARIBA
CPAOP00160;TRUE;TRUE;FALSE;Purchase requisition item creation to purchase order item creation;REQUISITION_DATE;;ORIG_AMOUNT;ORIG_CURRENCY_CODE;ITEMS;BL;PP;;;ARIBA
CPAOP00161;TRUE;TRUE;FALSE;Purchase order item creation to invoice receipt creation;ORDERED_DATE;;PO_AMOUNT;ORIG_CURRENCY_CODE;ITEMS;BL;PP;;;ARIBA
CPAOP00162;TRUE;TRUE;FALSE;Supplier invoice item creation to invoice item payment;INVOICE_DATE_CREATED;;INVOICE_AMOUNT;ORIG_CURRENCY_CODE;ITEMS;BL;PP;;;ARIBA
CPAOP00163;TRUE;TRUE;FALSE;Purchase order item creation (without GR) to invoice receipt creation;ORDERED_DATE;;PO_AMOUNT;PO_ORIG_CURRENCY_CODE;ITEMS;TH;PP;;;ARIBA
CPASC00101;FALSE;FALSE;FALSE;Full sourcing projects created;BEGIN_DAY_SPRJ;;;;DOC;TH;TH;;;ARIBA
CPASC00102;FALSE;FALSE;FALSE;Full sourcing projects canceled;BEGIN_DAY_SPRJ;;;;DOC;BL;BL;;;ARIBA
CPASC00103;FALSE;FALSE;TRUE;Full sourcing projects with pending selection events;BEGIN_DAY_SPRJ;;;;DOC;BL;BL;;;ARIBA
CPASC00104;FALSE;FALSE;FALSE;Request for information (RFI) sourcing events ongoing;EVENT_CREATE_DATE;;;;DOC;BL;BL;;;ARIBA
CPASC00105;FALSE;FALSE;FALSE;Request for information (RFI) sourcing events canceled;EVENT_CREATE_DATE;;;;DOC;BL;BL;;;ARIBA
CPASC00106;FALSE;FALSE;TRUE;Request for information (RFI) sourcing events with pending selection status;EVENT_CREATE_DATE;;;;DOC;BL;BL;;;ARIBA
CPASC00110;FALSE;FALSE;FALSE;Request for proposal (RFP) sourcing events ongoing;EVENT_CREATE_DATE;;;;DOC;BL;BL;;;ARIBA
CPASC00111;FALSE;FALSE;FALSE;Request for proposal (RFP) sourcing events canceled;EVENT_CREATE_DATE;;;;DOC;TH;TH;;;ARIBA
CPASC00112;FALSE;FALSE;TRUE;Request for proposal (RFP) sourcing events with pending selection status;EVENT_CREATE_DATE;;;;DOC;BL;BL;;;ARIBA
CPASC00116;FALSE;FALSE;FALSE;Sourcing auction events ongoing;EVENT_CREATE_DATE;;;;DOC;TH;TH;;;ARIBA
CPASC00117;FALSE;FALSE;FALSE;Sourcing auction events canceled;EVENT_CREATE_DATE;;;;DOC;BL;BL;;;ARIBA
CPASC00118;FALSE;FALSE;TRUE;Sourcing auction events with pending selection status;EVENT_CREATE_DATE;;;;DOC;BL;BL;;;ARIBA
CPASC00160;TRUE;TRUE;FALSE;Sourcing request creation to sourcing project completion;START_DAY_SREQ;;;;DOC;BL;PP;;;ARIBA
CPASC00161;TRUE;TRUE;FALSE;Sourcing project creation to completion;BEGIN_DAY_SPRJ;;;;DOC;BL;PP;;;ARIBA
CPASC00163;TRUE;TRUE;FALSE;Request for information (RFI) event creation to event completion;PROJECT_BEGIN_DATE;;;;DOC;BL;PP;;;ARIBA
CPASC00164;TRUE;TRUE;FALSE;Request for proposal (RFP) event creation to event completion;PROJECT_BEGIN_DATE;;;;DOC;BL;PP;;;ARIBA
CPASC00165;TRUE;TRUE;FALSE;Sourcing auction event creation to event completion;PROJECT_BEGIN_DATE;;;;DOC;BL;PP;;;ARIBA
CPASM00101;FALSE;FALSE;FALSE;Supplier requests created;SM_REQ_BEGIN_DATE;;;;DOC;TH;TH;;;ARIBA
CPASM00102;FALSE;FALSE;FALSE;Supplier registrations created;BEGIN_DATE;;;;DOC;TH;TH;;;ARIBA
CPASM00103;FALSE;FALSE;FALSE;Supplier registrations pending approval for more than 1 month;BEGIN_DATE;;;;DOC;BL;BL;;;ARIBA
CPASM00104;FALSE;FALSE;FALSE;Legacy supplier qualification project items created;BEGIN_DATE;;;;ITEMS;TH;TH;;;ARIBA
CPASM00105;FALSE;FALSE;FALSE;Legacy supplier qualification project items pending approval for more than 1 month;BEGIN_DATE;;;;ITEMS;BL;BL;;;ARIBA
CPASM00160;TRUE;TRUE;FALSE;Supplier request creation to supplier registration approval;SM_REQ_BEGIN_DATE;;;;DOC;BL;PP;;;ARIBA
CPASM00161;TRUE;TRUE;FALSE;Legacy supplier qualification project item creation to approval;BEGIN_DATE;;;;ITEMS;BL;PP;;;ARIBA
KBSRM00101;FALSE;FALSE;FALSE;Shopping cart items created;SELECTED_DATE;;VALUE;CURRENCY;ITEMS;TH;TH;;;
KBSRM00102;FALSE;FALSE;FALSE;Shopping cart items awaiting approval;POSTING_DATE_I;;VALUE;CURRENCY;ITEMS;BL;BL;;;
KBSRM00103;FALSE;FALSE;FALSE;Shopping cart items without follow-on document;POSTING_DATE_I;;VALUE;CURRENCY;ITEMS;BL;BL;;;
KBSRM00104;FALSE;FALSE;FALSE;Changes in shopping carts;UDATE;CHANGENR;VALUE;CURRENCY;CHN;TH;CH;;;
KBSRM00160;TRUE;TRUE;FALSE;Shopping cart creation (with approval) to follow-up item creation;CREATED_AT_DATE;;VALUE;CURRENCY;DOC;BL;PP;;;
KBSRM00190;FALSE;FALSE;FALSE;Product category usage in shopping cart items;;COUNT;;;USE;BL;MD;;;
KBSRM00191;FALSE;FALSE;FALSE;Purchasing group usage in shopping cart items;;COUNT;;;USE;BL;MD;;;
KBSRM00192;FALSE;FALSE;FALSE;Supplier usage in shopping cart items (cross-purchasing organization);;COUNT;;;USE;BL;MD;;;
KBSRM00193;FALSE;FALSE;FALSE;Supplier usage in shopping cart items (per purchasing organization);;COUNT;;;USE;BL;MD;;;
KBSRM00194;FALSE;FALSE;FALSE;Transaction type usage in SRM documents;;COUNT;;;USE;BL;CC;;;
KBSRM00201;FALSE;FALSE;FALSE;Purchase order items created in SRM;SELECTED_DATE;;VALUE;CURRENCY;ITEMS;TH;TH;;;
KBSRM00202;FALSE;FALSE;FALSE;Purchase order items awaiting approval;POSTING_DATE_I;;VALUE;CURRENCY;ITEMS;BL;BL;;;
KBSRM00203;FALSE;FALSE;FALSE;Purchase order items still being transferred to ERP system;POSTING_DATE_I;;VALUE;CURRENCY;ITEMS;BL;BL;;;
KBSRM00204;FALSE;FALSE;FALSE;Purchase order items with failed transfer to ERP system;POSTING_DATE_I;;VALUE;CURRENCY;ITEMS;BL;BL;;;
KBSRM00205;FALSE;FALSE;FALSE;Changes in purchase orders;UDATE;CHANGENR;VALUE;CURRENCY;CHN;TH;CH;;;
KBSRM00301;FALSE;FALSE;FALSE;Confirmation items created in SRM;SELECTED_DATE;;VALUE;CURRENCY;ITEMS;TH;TH;;;
KBSRM00302;FALSE;FALSE;FALSE;Confirmation items awaiting approval;POSTING_DATE_I;;VALUE;CURRENCY;ITEMS;BL;BL;;;
KBSRM00303;FALSE;FALSE;FALSE;Confirmation items currently being transferred;POSTING_DATE_I;;VALUE;CURRENCY;ITEMS;BL;BL;;;
KBSRM00304;FALSE;FALSE;FALSE;Confirmation items with error in transmission;POSTING_DATE_I;;VALUE;CURRENCY;ITEMS;BL;BL;;;
KBSRM00305;FALSE;FALSE;FALSE;Changes in confirmations;UDATE;CHANGENR;VALUE;CURRENCY;CHN;TH;CH;;;
KBSRM00401;FALSE;FALSE;FALSE;Invoice items created in SRM;SELECTED_DATE;;VALUE;CURRENCY;ITEMS;TH;TH;;;
KBSRM00402;FALSE;FALSE;FALSE;Invoice items awaiting approval;POSTING_DATE_I;;VALUE;CURRENCY;ITEMS;BL;BL;;;
KBSRM00403;FALSE;FALSE;FALSE;Invoice items currently being transferred;POSTING_DATE_I;;VALUE;CURRENCY;ITEMS;BL;BL;;;
KBSRM00404;FALSE;FALSE;FALSE;Invoice items with error in transmission;POSTING_DATE_I;;VALUE;CURRENCY;ITEMS;BL;BL;;;
KBSRM00405;FALSE;FALSE;FALSE;Changes in invoices;UDATE;CHANGENR;VALUE;CURRENCY;CHN;TH;CH;;;
KBSRM00601;FALSE;FALSE;FALSE;Purchasing contract items created;ICREATED_AT_DATE;;VALUE;CURRENCY;ITEMS;TH;TH;;;
KBSRM00602;FALSE;FALSE;FALSE;Changes in purchasing contracts;UDATE;CHANGENR;VALUE;CURRENCY;CHN;TH;CH;;;
KBSRM00690;FALSE;FALSE;FALSE;Contract item usage in purchasing documents;;;VAL_PO_E;CURRENCY;USE;BL;MD;;;
KBSRM00701;FALSE;FALSE;FALSE;Bid invitation items created;CREATED_AT_I_DATE;;;;ITEMS;TH;TH;;;
KBSRM00702;FALSE;FALSE;FALSE;Changes in bid invitations;UDATE;CHANGENR;VALUE;CURRENCY;CHN;TH;CH;;;
KBSRM00703;FALSE;FALSE;FALSE;Supplier bid items created;CREATED_AT_I_DATE;;;;ITEMS;TH;TH;;;
KBSRM00760;TRUE;TRUE;FALSE;Bid invitation item creation to acceptance of first bid;CREATED_AT_I_DATE;;;;ITEMS;BL;PP;;;
KBSRM00761;TRUE;TRUE;False;Auction item creation to acceptance of first bid;CREATED_AT_I_DATE;;;;ITEMS;BL;PP;;;
KCSAL00190;FALSE;FALSE;FALSE;Transaction type usage in CRM documents;;COUNT;;;USE;BL;MD;;;
KCSAL00201;FALSE;FALSE;FALSE;Business activities created;POSTING_DATE;;;;DOC;TH;TH;AUTOMATION;;
KCSAL00202;FALSE;FALSE;FALSE;Business activities with the status "Open" or "In Process";POSTING_DATE;;;;DOC;BL;BL;;;
KCSAL00501;FALSE;FALSE;FALSE;Leads created;CREATED_AT_DATE;;;;DOC;TH;TH;AUTOMATION;;
KCSAL00502;FALSE;FALSE;FALSE;Changes in leads;UDATE;CHANGENR;;;CHN;TH;CH;;;
KCSAL00503;FALSE;FALSE;FALSE;Errors in leads;CREATED_AT_DATE;;;;EXCEP;BL;EX;;;
KCSAL00504;FALSE;FALSE;FALSE;Leads with the status "Open" or "In Process";CREATED_AT_DATE;;;;DOC;BL;BL;AUTOMATION;;
KCSAL00560;TRUE;TRUE;FALSE;Lead creation to lead completion;CREATED_AT_DATE;;;;DOC;BL;PP;AUTOMATION;;
KCSAL00601;FALSE;FALSE;FALSE;Opportunities created;CREATED_AT_DATE;;EXP_REVENUE;CURRENCY;DOC;TH;TH;AUTOMATION;;
KCSAL00602;FALSE;FALSE;FALSE;Changes in opportunities;UDATE;;;;CHN;TH;CH;;;
KCSAL00603;FALSE;FALSE;FALSE;Errors in opportunities;CREATED_AT_DATE;;;;EXCEP;BL;EX;;;
KCSAL00604;FALSE;FALSE;FALSE;Opportunities with the status "Open" or "In Process";CREATED_AT_DATE;;EXP_REVENUE;CURRENCY;DOC;BL;BL;AUTOMATION;;
KCSAL00660;TRUE;TRUE;FALSE;Opportunity creation to opportunity completion;CREATED_AT_DATE;;EXP_REVENUE;CURRENCY;DOC;BL;PP;AUTOMATION;;
KCSAL00701;FALSE;FALSE;FALSE;Sales orders created;CREATED_AT_DATE;;;;DOC;TH;TH;AUTOMATION;;
KCSAL00702;FALSE;FALSE;FALSE;Changes in sales orders;UDATE;;;;CHN;TH;CH;;;
KCSAL00705;FALSE;FALSE;FALSE;Errors in sales orders;CREATED_AT_DATE;;;;EXCEP;BL;EX;;;
KCSAL00707;FALSE;FALSE;FALSE;Sales orders with the status "Open" or "In Process";CREATED_AT_DATE;;;;DOC;BL;BL;;;
KCSAL00760;TRUE;TRUE;FALSE;Sales order creation to sales order completion;CREATED_AT_DATE;;;;DOC;BL;PP;AUTOMATION;;
KCSAL00901;FALSE;FALSE;FALSE;Business activities created;CREATED_AT_DATE;;;;DOC;TH;TH;AUTOMATION;;
KCSAL00902;FALSE;FALSE;FALSE;Changes in business activities;UDATE;;;;CHN;TH;CH;;;
KCSAL00903;FALSE;FALSE;FALSE;Errors in business activities;CREATED_AT_DATE;;;;EXCEP;BL;EX;;;
KCSAL00904;FALSE;FALSE;FALSE;Business activities with the status "Open" or "In Process";CREATED_AT_DATE;;;;DOC;BL;BL;AUTOMATION;;
KCSAL01001;FALSE;FALSE;FALSE;Tasks created;CREATED_AT_DATE;;;;DOC;TH;TH;AUTOMATION;;
KCSAL01002;FALSE;FALSE;FALSE;Changes in tasks;UDATE;CHANGENR;;;CHN;TH;CH;;;
KCSAL01003;FALSE;FALSE;FALSE;Errors in tasks;CREATED_AT_DATE;;;;EXCEP;BL;EX;;;
KCSAL01004;FALSE;FALSE;FALSE;Tasks with the status "Open" or "In Process";CREATED_AT_DATE;;;;DOC;BL;BL;AUTOMATION;;
KCSER00301;FALSE;FALSE;FALSE;Service orders created;CREATED_AT_DATE;;;;DOC;TH;TH;AUTOMATION;;
KCSER00302;FALSE;FALSE;FALSE;Changes in service orders;UDATE;CHANGENR;;;CHN;TH;CH;;;
KCSER00305;FALSE;FALSE;FALSE;Errors in service orders;POSTING_DATE;;;;EXCEP;BL;EX;;;
KCSER00307;FALSE;FALSE;FALSE;Service orders with the status "Open" or "In Process";POSTING_DATE;;;;DOC;BL;BL;AUTOMATION;;
KCSER00360;TRUE;TRUE;FALSE;Service order creation to service order completion;CREATED_AT_DATE;;;;DOC;BL;PP;AUTOMATION;;
KCSER00401;FALSE;FALSE;FALSE;Service confirmations created;CREATED_AT_DATE;;;;DOC;TH;TH;AUTOMATION;;
KCSER00402;FALSE;FALSE;FALSE;Changes in service confirmations;UDATE;CHANGENR;;;CHN;TH;CH;;;
KCSER00403;FALSE;FALSE;FALSE;Errors in service confirmations;CREATED_AT_DATE;;;;EXCEP;BL;EX;;;
KCSER00404;FALSE;FALSE;FALSE;Service confirmations with the status "Open" or "In Process";CREATED_AT_DATE;;;;DOC;BL;BL;;;
KFFI000104;FALSE;FALSE;FALSE;Changes in financial documents;UDATE;CHANGENR;;;CHN;TH;CH;;;
KFFI000105;FALSE;FALSE;FALSE;Canceled financial line items;CPUDT;;DMBTR;HWAER;ITEMS;TH;TH;;;
KFFI000106;FALSE;FALSE;FALSE;Financial documents created;CPUDT;;;;DOC;TH;TH;AUTOMATION;KFFI000140;
KFFI000190;FALSE;FALSE;TRUE;Financial document type usage (cross-company code);;COUNT;;;USE;BL;CC;;;
KFFI000191;FALSE;FALSE;TRUE;Company code usage in financial documents;;COUNT;;;USE;BL;CC;;;
KFFI000193;FALSE;FALSE;TRUE;General ledger account usage per fiscal year and company code;;COUNT;;;USE;BL;MD;;;
KFFI000202;FALSE;FALSE;FALSE;Overdue and open Accounts Payable items;NETDT;;DMBTR;HWAER;ITEMS;BL;BL;;;
KFFI000212;FALSE;FALSE;TRUE;Open items without any payment methods;NETDT;;DMBTR;HWAER;ITEMS;BL;BL;;;
KFFI000213;FALSE;FALSE;TRUE;Open items where supplier is blocked for posting;CPUDT;;DMBTR;HWAER;ITEMS;BL;BL;;;
KFFI000214;FALSE;FALSE;TRUE;Open items blocked for payment;CPUDT;;DMBTR;HWAER;ITEMS;BL;BL;;;
KFFI000215;FALSE;FALSE;TRUE;Open items where supplier is blocked for payment;NETDT;;DMBTR;HWAER;ITEMS;BL;BL;;;
KFFI000216;FALSE;FALSE;TRUE;Open items where suppliers are missing bank details;NETDT;;DMBTR;HWAER;ITEMS;BL;BL;;;
KFFI000217;FALSE;FALSE;TRUE;Open items where suppliers are missing address information;NETDT;;DMBTR;HWAER;ITEMS;BL;BL;;;
KFFI000302;FALSE;FALSE;FALSE;Overdue and open Accounts Receivable items;NETDT;;DMBTR;HWAER;ITEMS;BL;BL;;;
KFFI000310;FALSE;FALSE;TRUE;Open items where customer has no dunning procedure assigned;NETDT;;DMBTR;HWAER;ITEMS;BL;BL;;;
KFFI000311;FALSE;FALSE;TRUE;Open items where customer is blocked in another dunning run;NETDT;;DMBTR;HWAER;ITEMS;BL;BL;;;
KFFI000312;FALSE;FALSE;TRUE;Open items where customer is blocked for dunning;NETDT;;DMBTR;HWAER;ITEMS;BL;BL;;;
KFFI000313;FALSE;FALSE;TRUE;Open items blocked for dunning;NETDT;;DMBTR;HWAER;ITEMS;BL;BL;;;
KFFI000405;FALSE;FALSE;TRUE;Errors during payment runs;BUDAT;;WRBTR;WAERS;EXCEP;BL;EX;;;
KFFI000406;FALSE;FALSE;TRUE;Payment runs per company code;LAUFD;;;;ENTRIES;TH;TH;;;
KFFI000409;FALSE;FALSE;TRUE;Company codes without payment runs;;;;;ENTRIES;BL;BL;;;
KFFI000501;FALSE;FALSE;TRUE;Electronic bank statements not completely posted;AZDAT;;;;DOC;BL;BL;;;
KFFI000502;FALSE;FALSE;FALSE;Electronic bank statement items not completely posted;AZDAT;;KWBTR;KWAER;ITEMS;BL;BL;;;
KFFI000504;FALSE;FALSE;TRUE;Electronic bank statements imported per day;EDATE;;;;DOC;TH;TH;;;
KFFI000705;FALSE;FALSE;FALSE;Open items in general ledger accounts (aggregated);;COUNT;;;ITEMS;BL;BL;;;
KFFI000706;FALSE;FALSE;TRUE;Open items in goods receipt/invoice receipt clearing account;BUDAT;;DMBTR;HWAER;ITEMS;BL;BL;;;
KFFI000707;FALSE;FALSE;TRUE;Open items in freight clearing accounts;BUDAT;;DMBTR;HWAER;ITEMS;BL;BL;;;
KFFI000708;FALSE;FALSE;TRUE;Open items in customs clearing accounts;BUDAT;;DMBTR;HWAER;ITEMS;BL;BL;;;
KFFI000790;FALSE;FALSE;FALSE;Open-item-managed accounts without clearing rule;;COUNT;;;ACC;BL;CC;;;
KFFI000940;FALSE;FALSE;TRUE;Automation rate: Supplier invoice clearing;AUGDT;;DMBTR;HWAER;ITEMS;TH;AR;ACFLAG;KFFI000940;
KFFI000960;TRUE;TRUE;FALSE;Supplier invoice issuing (without purchase order) to FI-AP clearing;BLDAT;;DMBTR;HWAER;ITEMS;BL;PP;;;
KFFI000961;TRUE;TRUE;FALSE;Supplier invoice issuing to FI-AP clearing (central finance);BLDAT;;DMBTR;HWAER;ITEMS;BL;PP;;;
KFFI001040;FALSE;FALSE;TRUE;Automation rate: Customer invoice clearing;AUGDT;;DMBTR;HWAER;ITEMS;TH;AR;ACFLAG;KFFI001040;
KFFI001060;TRUE;TRUE;FALSE;Customer invoice issuing (without sales) to FI-AR clearing;BLDAT;;DMBTR;HWAER;ITEMS;BL;PP;;;
KFFI001061;TRUE;TRUE;FALSE;Customer invoice issuing to FI-AR clearing (central finance);BLDAT;;DMBTR;HWAER;DOC;BL;PP;;;
KFFI001201;FALSE;FALSE;TRUE;Overview of financial closing activities and their run times;SDATE;DURATION_MINUTES;;;MIN;TH;TH;;;
KFFI001303;FALSE;FALSE;FALSE;Open dispute cases with last changed date in the past;CHANGING_DAT;;FIN_DISPUTED_AMT;FIN_DISPUTE_CURR;DOC;BL;BL;;;
KFFI001402;FALSE;FALSE;TRUE;Open promise to pay cases with promise to pay date in the past;FIN_P2P_DUE_DATE;;OPEN_AMOUNT;FIN_P2P_CURR;DOC;BL;BL;;;
KFFI001460;TRUE;TRUE;FALSE;Sales billing document creation to FI-AR item clearing (with collections and dispute management);ERDAT;;NETWR;WAERK;DOC;BL;PP;;;
KFFI001501;FALSE;FALSE;TRUE;Errors during costing run;KADAT;VALUE;;;EXCEP;BL;EX;;;
KFFI001502;FALSE;FALSE;TRUE;Errors during cost calculation with transaction CK11N;CPUDT;;;;EXCEP;BL;EX;;;
KFFI001601;FALSE;FALSE;FALSE;Errors during WIP calculation for manufacturing orders;IDAT2;VALUE;;;EXCEP;BL;EX;;;
KFFI001602;FALSE;FALSE;TRUE;Errors during variance calculation for manufacturing orders;SDATE;VALUE;;;EXCEP;BL;EX;;;
KFFI001603;FALSE;FALSE;TRUE;Errors during manufacturing order actual settlement;SDATE;VALUE;;;EXCEP;BL;EX;;;
KFFI001605;FALSE;FALSE;TRUE;Errors during maintenance/internal order actual settlement;SDATE;VALUE;;;EXCEP;BL;EX;;;
KFFI001609;FALSE;FALSE;TRUE;Errors during WBS element/network order actual settlement;SDATE;VALUE;;;EXCEP;BL;EX;;;
KFFI001701;FALSE;FALSE;TRUE;Incorrect cost calculations from confirmations;ERSDA;;;;EXCEP;BL;EX;;;
KFFI001801;FALSE;FALSE;TRUE;Errors during depreciation run;BUDAT;VALUE;;;EXCEP;BL;EX;;;
KFFI001802;FALSE;FALSE;FALSE;Assets under construction not deactivated;ERDAT;;;;ENTRIES;BL;MD;;;
KFFI001803;FALSE;FALSE;TRUE;Assets without postings;ERDAT;;;;DOC;BL;MD;;;
KFFI001804;FALSE;FALSE;TRUE;Missing fields in incomplete assets;ERDAT;;;;FLD;BL;MD;;;
KFFI001805;FALSE;FALSE;FALSE;Errors during periodic posting of acquisition and production costs;BUDAT;VALUE;;;EXCEP;BL;EX;;;
KFFI001806;FALSE;FALSE;FALSE;Asset master created;ERDAT;;;;ITEMS;TH;MD;;;
KFFI001807;FALSE;FALSE;TRUE;Changes to asset master data;UDATE;CHANGENR;;;CHN;TH;CH;;;
KFFI001808;FALSE;FALSE;TRUE;Low-value assets still active after one year;ZUGDT;;;;ENTRIES;BL;MD;;;
KFFI001860;TRUE;TRUE;FALSE;Asset master creation (asset under construction) to deactivation;ERDAT;;;;ITEMS;BL;PP;;;
KFFI001861;TRUE;TRUE;FALSE;Asset master creation (with depreciation) to deactivation;ERDAT;;;;ITEMS;BL;PP;;;
KFFI001890;FALSE;FALSE;TRUE;Asset class usage (cross-company code);;COUNT;;;USE;BL;CC;;;
KFFI001891;FALSE;FALSE;TRUE;Asset class usage (per company code);;COUNT;;;USE;BL;CC;;;
KFFI001960;TRUE;TRUE;FALSE;Utilities invoice creation to clearing in contract accounting (FI-CA);CPUDT;;BETRH;WAERS;DOC;BL;PP;;;
KFFI002003;FALSE;FALSE;TRUE;Overdue purchase order commitment items assigned to orders;BUDAT;;WTGBTR;TWAER;DOC;BL;BL;;;
KFFI002004;FALSE;FALSE;TRUE;Overdue purchase order commitment items assigned to projects;BUDAT;;WTGBTR;TWAER;DOC;BL;BL;;;
KFFI002005;FALSE;FALSE;TRUE;Overdue purchase order commitment items assigned to sales;BUDAT;;WTGBTR;TWAER;ITEMS;BL;BL;;;
KFFI002260;TRUE;TRUE;FALSE;Convergent invoice creation to clearing in contract accounting (FI-CA);CPUDT;;BETRH;WAERS;DOC;BL;PP;;;
KFFI002305;FALSE;FALSE;FALSE;Internal orders created but not released;ERDAT;;USER4;WAERS;DOC;BL;BL;;;
KFFI002306;FALSE;FALSE;FALSE;Internal orders released but not technically completed;ERDAT;;USER4;WAERS;DOC;BL;BL;;;
KFFI002308;FALSE;FALSE;FALSE;Changes in internal orders;UDATE;CHANGENR;;;CHN;TH;CH;;;
KFFI002309;FALSE;FALSE;FALSE;Product cost collectors without recent settlement;ERDAT;;WEWRT;WAERS;DOC;BL;BL;;;
KFFI002360;TRUE;TRUE;FALSE;Product cost collector creation to first settlement;ERDAT;;WEWRT;WAERS;DOC;BL;PP;;;
KFFI002395;FALSE;FALSE;TRUE;Order type usage in internal orders;;COUNT;;;USE;BL;CC;;;
KFFI002501;FALSE;FALSE;FALSE;Dunning runs per company code;LAUFD;;;;DOC;TH;TH;;;
KFFI002601;FALSE;FALSE;FALSE;Billing documents overdue for convergent invoicing;CRDATE;;SRCDOC_AMOUNT;WAERS;DOC;BL;BL;;;
KFFI002602;FALSE;FALSE;FALSE;Overdue convergent invoicing with locked contract account;CRDATE;;SRCDOC_AMOUNT;WAERS;DOC;BL;BL;;;
KFFI002603;FALSE;FALSE;FALSE;Overdue convergent invoicing with locked provider contract;CRDATE;;SRCDOC_AMOUNT;WAERS;DOC;BL;BL;;;
KFFI002604;FALSE;FALSE;FALSE;Provider contracts locked for invoicing;ERDAT;;;;DOC;BL;BL;;;
KFFI002605;FALSE;FALSE;FALSE;Billing document items created;CRDATE;;BILL_AMOUNT;BILL_CURR;ITEMS;TH;TH;AUTOMATION;;
KFFI002606;FALSE;FALSE;FALSE;Invoice document items created;CRDATE;;BETRW;WAERS;ITEMS;TH;TH;AUTOMATION;;
KFFI002607;FALSE;FALSE;FALSE;Sales billing documents overdue for convergent invoicing;INVOICE_FIRST;;NETWR;WAERK;DOC;BL;BL;;;
KFFI002660;TRUE;TRUE;FALSE;Provider contract creation to first invoicing;ERDAT;;TOTAL_AMT;TOTAL_CURR;DOC;BL;PP;;;
KFFI002801;FALSE;FALSE;FALSE;Real estate contracts created;DERF;;;;ITEMS;TH;MD;;;
KFFI002802;FALSE;FALSE;FALSE;Changes to real estate contracts;UDATE;CHANGENR;;;CHN;TH;CH;;;
KFFI002803;FALSE;FALSE;FALSE;Real estate contracts not activated;DERF;;;;ITEMS;BL;BL;;;
KIAUT00101;FALSE;FALSE;FALSE;Firmed planned orders (PE) with order finish date in the past;PEDTR;;;;DOC;BL;BL;;;
KIAUT00102;FALSE;FALSE;FALSE;Unfirmed planned orders (PE) with order finish date in the past;PEDTR;;;;DOC;BL;BL;;;
KIAUT00103;FALSE;FALSE;FALSE;Planned orders (PE) with MRP list in the past;PEDTR;;;;DOC;BL;BL;;;
KIAUT00160;TRUE;TRUE;FALSE;Run schedule quantity basic start date (per component) to basic finish date;PSTTR;;;;ITEMS;BL;PP;;;
KIAUT00190;FALSE;FALSE;FALSE;Production version usage in repetitive manufacturing;;COUNT;;;USE;BL;MD;;;
KIAUT00301;FALSE;FALSE;FALSE;Failed goods movements in repetitive manufacturing (single entry);ERSDA;;VALUE;WAERS_T001;EXCEP;BL;EX;;;
KIAUT00302;FALSE;FALSE;FALSE;Failed goods movements in repetitive manufacturing (collective entry);BDTER;;;;EXCEP;BL;EX;;;
KIISU00101;FALSE;FALSE;FALSE;Overdue utilities billing orders with the status "Billable";ABRDATS;;;;DOC;BL;BL;;;
KIISU00102;FALSE;FALSE;FALSE;Overdue utilities billing orders with the status "Not billable";ABRDATS;;;;DOC;BL;BL;;;
KIISU00103;FALSE;FALSE;FALSE;Overdue utilities billing orders without meter reading document;ABRDATS;;;;DOC;BL;BL;;;
KIISU00104;FALSE;FALSE;FALSE;Overdue utilities billing orders without logical device;ABRDATS;;;;DOC;BL;BL;;;
KIISU00160;TRUE;TRUE;FALSE;Utilities contract creation to first open item clearing;ERDAT;;TOTAL_AMNT;TOTAL_WAER;DOC;BL;PP;;;
KIISU00161;TRUE;TRUE;FALSE;Utilities billing order creation (non-billable) to scheduled billing date;ERDAT;;;;DOC;BL;PP;;;
KIISU00162;TRUE;TRUE;FALSE;Utilities billing order creation (billable) to scheduled billing date;ERDAT;;;;DOC;BL;PP;;;
KIISU00201;FALSE;FALSE;FALSE;Overdue utilities invoicing orders (billing document);ENDABRPE;;NETTOBTR;TWAERS;DOC;BL;BL;;;
KIISU00203;FALSE;FALSE;FALSE;Utilities invoicing orders not released (billing document);ENDABRPE;;NETTOBTR;TWAERS;DOC;BL;BL;;;
KIISU00204;FALSE;FALSE;FALSE;Utilities billing document reversals;ERDAT;;NETTOBTR;TWAERS;DOC;BL;BL;;;
KIISU00205;FALSE;FALSE;FALSE;Outsorted utilities billing documents released;ERDAT;;NETTOBTR;TWAERS;DOC;BL;BL;;;
KIISU00260;TRUE;TRUE;FALSE;Utilities billing document creation to print document creation;ERDAT;;NETTOBTR;TWAERS;DOC;BL;PP;;;
KIISU00261;TRUE;TRUE;FALSE;Outsorted utilities billing document creation to invoice printout;ERDAT;;NETTOBTR;TWAERS;DOC;BL;PP;;;
KIISU00302;FALSE;FALSE;FALSE;Utilities invoices with overdue print triggers;FAEDN;;TOTAL_AMNT;TOTAL_WAER;DOC;BL;BL;;;
KIISU00304;FALSE;FALSE;FALSE;Utilities print document reversals;FAEDN;;TOTAL_AMNT;TOTAL_WAER;DOC;BL;BL;;;
KIISU00305;FALSE;FALSE;FALSE;Outsorted utilities print documents released;ERDAT;;TOTAL_AMNT;TOTAL_WAER;DOC;BL;BL;;;
KIISU00306;FALSE;FALSE;FALSE;Utilities print documents overdue for release;FAEDN;;TOTAL_AMNT;TOTAL_WAER;DOC;BL;BL;;;
KIISU00360;TRUE;TRUE;FALSE;Utilities print document creation to open item clearing;ERDAT;;TOTAL_AMNT;TOTAL_WAER;DOC;BL;PP;;;
KIISU00361;TRUE;TRUE;FALSE;Outsorted utilities print document creation to open item clearing;ERDAT;;TOTAL_AMNT;TOTAL_WAER;DOC;BL;PP;;;
KIPSM00101;FALSE;FALSE;FALSE;Earmarked funds created;KERDAT;;;;DOC;TH;TH;;;
KIPSM00102;FALSE;FALSE;FALSE;Earmarked fund items created;ERDAT;;WTGES;WAERS;ITEMS;TH;TH;;;
KIPSM00103;FALSE;FALSE;FALSE;Open and overdue earmarked fund items;FDATK;;WTFREE;WAERS;ITEMS;BL;BL;;;
KIPSM00104;FALSE;FALSE;FALSE;Open earmarked fund items;BLDAT;;WTFREE;WAERS;ITEMS;BL;BL;;;
KIPSM00105;FALSE;FALSE;FALSE;Changes to earmarked funds;UDATE;CHANGENR;;;CHN;TH;CH;;;
KIPSM00106;FALSE;FALSE;FALSE;Blocked earmarked fund items;KERDAT;;WTFREE;WAERS;ITEMS;BL;BL;;;
KIRET00460;TRUE;TRUE;FALSE;Intracompany replenishment from distribution center to store;BEDAT;;;;ITEMS;BL;PP;;;
KIRET00461;TRUE;TRUE;FALSE;Intracompany replenishment from distribution center to distribution center;BEDAT;;;;ITEMS;BL;PP;;;
KIRET00462;TRUE;TRUE;FALSE;Intracompany replenishment from store to store;BEDAT;;;;ITEMS;BL;PP;;;
KIRET00463;TRUE;TRUE;FALSE;Intracompany replenishment from store to distribution center;BEDAT;;;;ITEMS;BL;PP;;;
KIRET00464;TRUE;TRUE;FALSE;Intercompany replenishment from distribution center to store;BEDAT;;;;ITEMS;BL;PP;;;
KIRET00465;TRUE;TRUE;FALSE;Intercompany replenishment from distribution center to distribution center;BEDAT;;;;ITEMS;BL;PP;;;
KIRET00466;TRUE;TRUE;FALSE;Intercompany replenishment from store to store;BEDAT;;;;ITEMS;BL;PP;;;
KIRET00467;TRUE;TRUE;FALSE;Intercompany replenishment from store to distribution center;BEDAT;;;;ITEMS;BL;PP;;;
KIRET00560;TRUE;TRUE;FALSE;Procurement (without account assignment) to distribution center;AEDAT_H;;NETWR;WAERS;ITEMS;BL;PP;;;
KIRET00561;TRUE;TRUE;FALSE;Procurement (without account assignment) to store;AEDAT_H;;NETWR;WAERS;ITEMS;BL;PP;;;
KIRET00562;TRUE;TRUE;FALSE;Procurement (with account assignment) to distribution center;AEDAT_H;;NETWR;WAERS;ITEMS;BL;PP;;;
KIRET00563;TRUE;TRUE;FALSE;Procurement (with account assignment) to store;AEDAT_H;;NETWR;WAERS;ITEMS;BL;PP;;;
KIRET00601;FALSE;FALSE;FALSE;Released articles without any store listing;ERSDA;;;;MAT;BL;BL;;;
KIRET00602;FALSE;FALSE;FALSE;Released articles without any distribution center listing;ERSDA;;;;MAT;BL;BL;;;
KIRET00603;FALSE;FALSE;FALSE;Articles without any purchasing information record;ERSDA;;;;MAT;BL;BL;;;
KITM000101;FALSE;FALSE;FALSE;Transportation requests created;DAT;;;;DOC;TH;TH;;;
KITM000102;FALSE;FALSE;FALSE;Transportation request items created;DAT;;;;ITEMS;TH;TH;;;
KITM000201;FALSE;FALSE;FALSE;Transportation orders created;DAT;;;;DOC;TH;TH;;;
KITM000202;FALSE;FALSE;FALSE;Transportation order items created;DAT;;;;ITEMS;TH;TH;;;
KITM000204;FALSE;FALSE;FALSE;Changes in transportation orders;UDATE;CHANGENR;;;CHN;TH;CH;;;
KITM000260;TRUE;TRUE;FALSE;Freight order creation to order settlement;CREATED_ON_DATE;;;;DOC;BL;PP;;;
KITM000290;FALSE;FALSE;FALSE;Freight order type usage in transportation management;O_USED_D;COUNT;;;USE;BL;MD;;;
KITM000291;FALSE;FALSE;FALSE;Freight booking type usage in transportation management;O_USED_D;COUNT;;;USE;BL;MD;;;
KITM000292;FALSE;FALSE;FALSE;Transportation unit type usage in transportation management;O_USED_D;COUNT;;;USE;BL;MD;;;
KITM000293;FALSE;FALSE;FALSE;Service order type usage in transportation management;O_USED_D;COUNT;;;USE;BL;MD;;;
KITM000294;FALSE;FALSE;FALSE;Consignment order type usage in transportation management;O_USED_D;COUNT;;;USE;BL;MD;;;
KITM000295;FALSE;FALSE;FALSE;Freight unit type usage in transportation management;O_USED_D;COUNT;;;USE;BL;MD;;;
KITM000301;FALSE;FALSE;FALSE;Freight settlement documents created;DAT;;;;DOC;TH;TH;;;
KITM000302;FALSE;FALSE;FALSE;Freight settlement document items created;DAT;;;;ITEMS;TH;TH;;;
KITM000304;FALSE;FALSE;FALSE;Freight settlement documents not transferred to SAP ECC;INV_DT;;;;DOC;BL;BL;;;
KITM000305;FALSE;FALSE;FALSE;Freight settlement documents not confirmed from SAP ECC;INV_DT;;;;DOC;BL;BL;;;
KPCONF0110;FALSE;FALSE;TRUE;Failed goods movements during production order confirmation;ERSDA;;VALUE;WAERS_T001;EXCEP;BL;EX;;;
KPCONF0120;FALSE;FALSE;FALSE;Failed goods movements during network order confirmation;ERSDA;;VALUE;WAERS_T001;EXCEP;BL;EX;;;
KPCONF0130;FALSE;FALSE;TRUE;Failed goods movements during PM/CS order confirmation;ERSDA;;VALUE;WAERS_T001;EXCEP;BL;EX;;;
KPCONF0140;FALSE;FALSE;TRUE;Failed goods movements during process order confirmation;ERSDA;;VALUE;WAERS_T001;EXCEP;BL;EX;;;
KPCONF0401;FALSE;FALSE;TRUE;Production order confirmations;ERSDA;;;;DOC;TH;TH;AUTOMATION;;
KPCONF0402;FALSE;FALSE;TRUE;Process order confirmations;ERSDA;;;;DOC;TH;TH;AUTOMATION;;
KPCONF0403;FALSE;FALSE;FALSE;Plant maintenance order confirmations;ERSDA;;;;DOC;TH;TH;AUTOMATION;;
KPCONF0405;FALSE;FALSE;FALSE;Customer service order confirmations;ERSDA;;;;DOC;TH;TH;AUTOMATION;;
KPGR000101;FALSE;FALSE;FALSE;Outbound goods movements posted;BUDAT;;VALUE;VAL_WAERS;DOC;TH;TH;AUTOMATION;;
KPGR000102;FALSE;FALSE;FALSE;Inbound goods movements posted;BUDAT;;VALUE;VAL_WAERS;DOC;TH;TH;AUTOMATION;;
KPIM000101;FALSE;FALSE;TRUE;Stock level of unrestricted-use stock;LAST_MOVE_DATE;;STOCK_VALUE;WAERS;COMBN;BL;BL;;;
KPIM000105;FALSE;FALSE;TRUE;Stock level of sales order stock;LAST_MOVE_DATE;;STOCK_VALUE;WAERS;COMBN;BL;BL;;;
KPIM000106;FALSE;FALSE;TRUE;Stock level of customer consignment stock;LAST_MOVE_DATE;;STOCK_VALUE;WAERS;COMBN;BL;BL;;;
KPIM000107;FALSE;FALSE;TRUE;Stock level of project stock;LAST_MOVE_DATE;;STOCK_VALUE;WAERS;COMBN;BL;BL;;;
KPIM000108;FALSE;FALSE;TRUE;Stock level of unrestricted-use stock (batch level);LAST_MOVE_DATE;;STOCK_VALUE;WAERS;COMBN;BL;BL;;;
KPIM000115;FALSE;FALSE;TRUE;Stock level of stock provided to vendor;LAST_MOVE_DATE;;STOCK_VALUE;WAERS;MAT;BL;BL;;;
KPIM000160;TRUE;FALSE;FALSE;Stock level of sellable materials (not batch managed);dcTimestamp;;STOCK_VALUE;WAERS;COMBN;BL;PP;;;
KPIM000161;TRUE;FALSE;FALSE;Stock level of sellable materials (batch managed);dcTimestamp;;STOCK_VALUE;WAERS;COMBN;BL;PP;;;
KPIM000162;TRUE;FALSE;FALSE;Stock level of raw materials and semi-finished goods (not batch managed);dcTimestamp;;STOCK_VALUE;WAERS;COMBN;BL;PP;;;
KPIM000163;TRUE;FALSE;FALSE;Stock level of raw materials and semi-finished goods (batch managed);dcTimestamp;;STOCK_VALUE;WAERS;COMBN;BL;PP;;;
KPLE000110;FALSE;FALSE;TRUE;Outbound deliveries overdue for goods issue posting;WADAT;;;;DOC;BL;BL;;;
KPLE000111;FALSE;FALSE;TRUE;Inbound deliveries overdue for goods receipt posting;LFDAT;;;;DOC;BL;BL;;;
KPLE000120;FALSE;FALSE;FALSE;Inbound deliveries created;ERDAT;;NETWR;WAERK;DOC;TH;TH;AUTOMATION;;
KPLE000121;FALSE;FALSE;TRUE;Outbound deliveries created;ERDAT;;NETWR;WAERK;DOC;TH;TH;AUTOMATION;KPLE000140;
KPLE000171;FALSE;FALSE;FALSE;Deliveries with output processing (per medium);DATVR;;;;ENTRIES;TH;TH;;;
KPLE000190;FALSE;FALSE;TRUE;Configuration check: Document flow update from MM to LE;;;;;ITEMS;BL;CC;;;
KPLE000204;FALSE;FALSE;FALSE;Shipment cost items not fully processed;BUDAT;;NETWR;WAERS;DOC;BL;BL;;;
KPLE000205;FALSE;FALSE;FALSE;Outbound shipments not yet completed;ERDAT;;;;DOC;BL;BL;;;
KPLE000206;FALSE;FALSE;FALSE;Inbound shipments not yet completed;ERDAT;;;;DOC;BL;BL;;;
KPLE000207;FALSE;FALSE;FALSE;Changes in shipments;UDATE;CHANGENR;;;CHN;TH;CH;;;
KPLE000260;TRUE;TRUE;FALSE;Shipment creation to shipment end;ERDAT;;;;DOC;BL;PP;;;
KPLE000305;FALSE;FALSE;TRUE;Delivery items shipped and overdue for billing;FKDAT;;NET_VALUE;WAERK;ITEMS;BL;BL;;;
KPLE000307;FALSE;FALSE;FALSE;Changes in deliveries;UDATE;CHANGENR;;;CHN;TH;CH;;;
KPLE000360;TRUE;TRUE;FALSE;Outbound delivery item creation to goods issue posting;ERDAT;;NETWR;WAERK;ITEMS;BL;PP;;;
KPLE000361;TRUE;TRUE;FALSE;Outbound delivery item creation to goods issue posting (transfer order);ERDAT;;NETWR;WAERK;ITEMS;BL;PP;;;
KPLE000362;TRUE;TRUE;FALSE;Inbound delivery item creation to goods receipt posting;ERDAT;;;;ITEMS;BL;PP;;;
KPMRP00108;FALSE;FALSE;TRUE;Planned orders (LA/KD) with finish basic date in the past;PEDTR;;;;DOC;BL;BL;;;
KPMRP00109;FALSE;FALSE;TRUE;Overdue planned orders assigned to sales;PERTR;;NETWR;WAERK;DOC;BL;BL;;;
KPMRP00201;FALSE;FALSE;TRUE;MRP area planning file - materials marked for deletion;;;;;COMBN;BL;BL;;;
KPMRP00202;FALSE;FALSE;TRUE;MRP area planning file - status does not allow planning;LAST_UPDATE;;;;COMBN;BL;BL;;;
KPMRP00205;FALSE;FALSE;TRUE;MRP planning file - materials marked for deletion;LAST_UPDATE;;;;COMBN;BL;BL;;;
KPMRP00206;FALSE;FALSE;TRUE;MRP planning file materials - status does not allow planning;LAST_UPDATE;;;;COMBN;BL;BL;;;
KPMRP00260;TRUE;FALSE;FALSE;Materials touched by MRP last week;;;;;COMBN;BL;PP;;;
KPPP000101;FALSE;FALSE;TRUE;Production orders overdue for release;FTRMS;;VALUE;WAERS_T001;DOC;BL;BL;;;
KPPP000103;FALSE;FALSE;FALSE;Production orders overdue for delivery completed;GLTRS;;VALUE;WAERS_T001;DOC;BL;BL;;;
KPPP000106;FALSE;FALSE;TRUE;Production orders with overdue basic finish date and no deletion flag;GLTRP;;;;DOC;BL;BL;;;
KPPP000107;FALSE;FALSE;TRUE;Production orders created;ERDAT;;VALUE;WAERS_T001;DOC;TH;TH;AUTOMATION;KPPP000140;
KPPP000108;FALSE;FALSE;TRUE;Production orders released without first confirmation;FTRMI;;;;DOC;BL;BL;;;
KPPP000111;FALSE;FALSE;TRUE;Production order components overdue for consumption;BDTER;;STOCK_VALUE;WAERS;DOC;BL;BL;;;
KPPP000121;FALSE;FALSE;TRUE;Overdue production orders assigned to sales;DGLTP;;NETWR;WAERK;DOC;BL;BL;;;
KPPP000122;FALSE;FALSE;FALSE;All status changes per production order;UDATE;;;;CHN;BL;CH;;;
KPPP000142;FALSE;FALSE;TRUE;Automation rate: Production order technical completion;IDAT2;;;;DOC;TH;AR;ACFLAG;;
KPPP000160;TRUE;TRUE;FALSE;Production order creation to technical completion;ERDAT;;VALUE;WAERS_T001;DOC;BL;PP;;;
KPPP000161;TRUE;TRUE;FALSE;Production order creation to first settlement;ERDAT;;VALUE;WAERS_T001;DOC;BL;PP;;;
KPPP000162;TRUE;TRUE;FALSE;Production order component creation to goods issue posting;ERDAT;;ENWRT;WAERS;ITEMS;BL;PP;;;
KPPP000163;TRUE;TRUE;FALSE;Production order component creation to goods receipt (using direct procurement);ERDAT;;ENWRT;WAERS;ITEMS;BL;PP;;;
KPPP000164;TRUE;TRUE;FALSE;Production order operations creation to execution finish;ERDAT;;;;ITEMS;BL;PP;;;
KPPP000190;FALSE;FALSE;TRUE;Order type usage in production orders (cross-plant);;COUNT;;;USE;BL;CC;;;
KPPP000192;FALSE;FALSE;FALSE;Routing usage in discrete manufacturing (per material/plant);;COUNT;;;USE;BL;MD;;;
KPPP000195;FALSE;FALSE;FALSE;Production version usage in discrete manufacturing (per material/plant);;COUNT;;;USE;BL;MD;;;
KPPP000201;FALSE;FALSE;TRUE;Process orders overdue for release;FTRMS;;VALUE;WAERS_T001;DOC;BL;BL;;;
KPPP000203;FALSE;FALSE;FALSE;Process orders overdue for delivery completed;GLTRS;;VALUE;WAERS_T001;DOC;BL;BL;;;
KPPP000206;FALSE;FALSE;TRUE;Process orders with overdue basic finish date and no deletion flag;GLTRP;;;;DOC;BL;BL;;;
KPPP000207;FALSE;FALSE;TRUE;Process orders created;ERDAT;;VALUE;WAERS_T001;DOC;TH;TH;AUTOMATION;KPPP000240;
KPPP000208;FALSE;FALSE;TRUE;Process orders released without first confirmation;FTRMI;;;;DOC;BL;BL;;;
KPPP000211;FALSE;FALSE;TRUE;Process order components overdue for consumption;BDTER;;STOCK_VALUE;WAERS;DOC;BL;BL;;;
KPPP000222;FALSE;FALSE;TRUE;Overdue process orders assigned to sales;DGLTP;;NETWR;WAERK;DOC;BL;BL;;;
KPPP000223;FALSE;FALSE;FALSE;All status changes per process order;UDATE;;;;CHN;BL;CH;;;
KPPP000242;FALSE;FALSE;TRUE;Automation rate: Process order technical completion;IDAT2;;;;DOC;TH;AR;ACFLAG;;
KPPP000260;TRUE;TRUE;FALSE;Process order creation to technical completion;ERDAT;;VALUE;WAERS_T001;DOC;BL;PP;;;
KPPP000261;TRUE;TRUE;FALSE;Process order creation to first settlement;ERDAT;;VALUE;WAERS_T001;DOC;BL;PP;;;
KPPP000262;TRUE;TRUE;FALSE;Process order component creation to goods issue posting;ERDAT;;ENWRT;WAERS;ITEMS;BL;PP;;;
KPPP000263;TRUE;TRUE;FALSE;Process order component creation to goods receipt (using direct procurement);ERDAT;;ENWRT;WAERS;ITEMS;BL;PP;;;
KPPP000264;TRUE;TRUE;FALSE;Process order operations creation to execution finish;ERDAT;;;;ITEMS;BL;PP;;;
KPPP000290;FALSE;FALSE;TRUE;Order type usage in process orders (cross-plant);;COUNT;;;USE;BL;CC;;;
KPPP000292;FALSE;FALSE;FALSE;Master recipe usage in process manufacturing (per material/plant);;COUNT;;;USE;BL;MD;;;
KPPP000295;FALSE;FALSE;FALSE;Production version usage in process manufacturing (per material/plant);;COUNT;;;USE;BL;MD;;;
KPPP000409;FALSE;FALSE;TRUE;Materials with MRP list error messages;DSDAT;;;;EXCEP;BL;EX;;;
KPPP000410;FALSE;FALSE;TRUE;MRP elements to be canceled per material;DSDAT;;;;ENTRIES;BL;BL;;;
KPPP000411;FALSE;FALSE;FALSE;MRP elements to be rescheduled per material;DSDAT;;;;ENTRIES;BL;BL;;;
KPPROJ0105;FALSE;FALSE;FALSE;Network orders with overdue scheduled finish date and no deletion flag;GLTRS;;;;DOC;BL;BL;;;
KPPROJ0190;FALSE;FALSE;TRUE;Order type usage in network orders (cross-plant);;COUNT;;;USE;BL;CC;;;
KPPROJ0205;FALSE;FALSE;FALSE;Released projects with WBS element completion per level;ERDAT;;;;DOC;BL;BL;;;
KPPROJ0302;FALSE;FALSE;FALSE;WBS elements released but not technically completed or closed;ERDAT;;;;DOC;BL;BL;;;
KPPROJ0305;FALSE;FALSE;FALSE;All status changes per released WBS element;ERDAT;;;;CHN;BL;CH;;;
KPPROJ0360;TRUE;TRUE;FALSE;WBS element creation (without investment profile) to closure;ERDAT;;;;DOC;BL;PP;;;
KPPROJ0361;TRUE;TRUE;FALSE;WBS element creation (with investment profile) to closure;ERDAT;;;;DOC;BL;PP;;;
KPPURCH201;FALSE;FALSE;TRUE;Purchase order items created;AEDAT;;NETWR;WAERS;ITEMS;TH;TH;AUTOMATION;KPPURCH241;
KPPURCH203;FALSE;FALSE;TRUE;Purchase order items open and overdue;AEDAT;;NET_VALUE;WAERS;ITEMS;BL;BL;;;
KPPURCH204;FALSE;FALSE;TRUE;Errors in incomplete purchase orders;AEDAT;;NETWR;WAERS;EXCEP;BL;EX;;;
KPPURCH207;FALSE;FALSE;TRUE;Purchase order items without final invoice indicator;EINDT;;NET_VALUE;WAERS;ITEMS;BL;BL;;;
KPPURCH212;FALSE;FALSE;FALSE;Purchase order items created after invoice;AEDAT;;NETWR;WAERS;DOC;BL;BL;;;
KPPURCH221;FALSE;FALSE;TRUE;Changes in purchase orders;UDATE;CHANGENR;;;CHN;TH;CH;;;
KPPURCH222;FALSE;FALSE;FALSE;Purchase order items created without reference to contract;AEDAT;;NET_VALUE;WAERS;ITEMS;BL;BL;;;
KPPURCH223;FALSE;FALSE;FALSE;Overdue purchase order items without any confirmation;OVERDUE_SINCE;;NET_VALUE;WAERS;ITEMS;BL;BL;;;
KPPURCH225;FALSE;FALSE;FALSE;Open purchase order items with overdue inbound delivery items;AEDAT;;NETWR;WAERS;ITEMS;BL;BL;;;
KPPURCH228;FALSE;FALSE;FALSE;MRP-relevant supplier confirmations overdue;EINDT_EKES;;NETWR;WAERS;ITEMS;BL;BL;;;
KPPURCH242;FALSE;FALSE;TRUE;Purchase orders created by users (for default value check);;COUNT;;;DOC;BL;MD;;;
KPPURCH260;TRUE;TRUE;FALSE;Purchase order item creation to GR/IR clearing;AEDAT_H;;NETWR;WAERS;ITEMS;BL;PP;;;
KPPURCH261;TRUE;TRUE;FALSE;Purchase order item creation (without account assignment) to invoice receipt creation;AEDAT_H;;NETWR;WAERS;ITEMS;BL;PP;;;
KPPURCH263;TRUE;TRUE;FALSE;Intercompany purchase order item linked to order-to-invoice process;AEDAT_H;;NETWR;WAERS;ITEMS;BL;PP;;;
KPPURCH265;TRUE;TRUE;FALSE;Purchase order item creation (without GR) to FI-AP clearing;AEDAT_H;;NETWR;WAERS;ITEMS;BL;PP;;;
KPPURCH266;TRUE;TRUE;FALSE;Purchase order item creation (subcontracting) to invoice receipt creation;AEDAT_H;;NETWR;WAERS;ITEMS;BL;PP;;;
KPPURCH267;TRUE;TRUE;FALSE;Purchase order item creation to service entry sheet invoicing;AEDAT_H;;NETWR;WAERS;ITEMS;BL;PP;;;
KPPURCH268;TRUE;TRUE;FALSE;Purchase order item creation (with account assignment) to invoice receipt creation;AEDAT_H;;NETWR;WAERS;ITEMS;BL;PP;;;
KPPURCH273;FALSE;FALSE;FALSE;Purchase orders with output processing (per medium);DATVR;;;;ENTRIES;TH;TH;;;
KPPURCH290;FALSE;FALSE;TRUE;Configuration check: Suggest "delivery completed";;COUNT;;;DOC;BL;CC;;;
KPPURCH297;FALSE;FALSE;FALSE;Pricing procedure usage in purchasing documents (cross-purchasing organization);;COUNT;;;USE;BL;CC;;;
KPPURCH298;FALSE;FALSE;FALSE;Purchasing document type usage (cross-company code);;COUNT;;;USE;BL;CC;;;
KPPURCH301;FALSE;FALSE;FALSE;Purchase requisition items created;BADAT;;;;ITEMS;TH;TH;AUTOMATION;KPPURCH340;
KPPURCH303;FALSE;FALSE;TRUE;Purchase requisition items open and overdue;BADAT;;;;ITEMS;BL;BL;;;
KPPURCH309;FALSE;FALSE;FALSE;Changes in purchase requisitions;UDATE;CHANGENR;;;CHN;TH;CH;;;
KPPURCH360;TRUE;TRUE;FALSE;Purchase requisition item creation to purchase order item creation;BADAT;;;;ITEMS;BL;PP;;;
KPPURCH362;TRUE;TRUE;FALSE;Stock transport requisition item creation to stock transport order item creation;BADAT;;;;ITEMS;BL;PP;;;
KPPURCH404;FALSE;FALSE;FALSE;Supplier invoices created;CPUDT;;RMWWR;WAERS;DOC;TH;TH;AUTOMATION;;
KPPURCH409;FALSE;FALSE;FALSE;Blocked supplier invoice items with overdue FI-AP items;BUDAT;;WRBTR;WAERS;DOC;BL;BL;;;
KPPURCH411;FALSE;FALSE;TRUE;Supplier invoices with overdue FI-AP items;NETDT;;DMBTR;HWAER;DOC;BL;BL;;;
KPPURCH412;FALSE;FALSE;FALSE;Changes in supplier invoices;UDATE;CHANGENR;;;CHN;TH;CH;;;
KPPURCH413;FALSE;FALSE;FALSE;Canceled supplier invoices;CPUDT;;RMWWR;WAERS;DOC;TH;TH;;;
KPPURCH460;TRUE;TRUE;TRUE;Supplier invoice issuing (with purchase order) to FI-AP clearing;BLDAT;;RMWWR;WAERS;DOC;BL;PP;;;
KPPURCH508;FALSE;FALSE;FALSE;Distinct errors during delivery due runs (stock transport orders);LEDAT;;;;EXCEP;BL;EX;;;
KPPURCH560;TRUE;TRUE;FALSE;Stock transport order item creation (without delivery) to GR;BEDAT;;;;ITEMS;BL;PP;;;
KPPURCH561;TRUE;TRUE;FALSE;Stock transport order item creation (with delivery) to GR;BEDAT;;;;ITEMS;BL;PP;;;
KPPURCH562;TRUE;TRUE;FALSE;Intercompany stock transport order item creation to FI-AR clearing;BEDAT;;;;ITEMS;BL;PP;;;
KPPURCH609;FALSE;FALSE;FALSE;Overdue purchase scheduling agreement schedule lines;OVERDUE_SINCE;;NET_VALUE;WAERS;ITEMS;BL;BL;;;
KPPURCH610;FALSE;FALSE;FALSE;Overdue purchase scheduling agreements with MRP list;OVERDUE_SINCE;;NET_VALUE;WAERS;ITEMS;BL;BL;;;
KPPURCH660;TRUE;TRUE;FALSE;Scheduling agreement item creation to end of validity;AEDAT;;NETWR;WAERS;ITEMS;BL;PP;;;
KPPURCH661;TRUE;TRUE;FALSE;Purchase quantity contract item creation to end of validity;AEDAT;;NETWR;WAERS;ITEMS;BL;PP;;;
KPPURCH662;TRUE;TRUE;FALSE;Purchase value contract item creation to end of validity;AEDAT;;ZWERT;WAERS;ITEMS;BL;PP;;;
KPPURCH701;FALSE;FALSE;FALSE;Open purchase order items without service entry sheet;AEDAT;;NETWR;WAERS;DOC;BL;BL;;;
KPPURCH702;FALSE;FALSE;FALSE;Service entry sheets without acceptance;ERDAT;;LWERT;WAERS;DOC;BL;BL;;;
KPPURCH703;FALSE;FALSE;FALSE;Service entry sheets without final entry;ERDAT;;LWERT;WAERS;DOC;BL;BL;;;
KPPURCH704;FALSE;FALSE;FALSE;Changes to service entry sheets;UDATE;;LWERT;WAERS;CHN;TH;CH;;;
KPSD000133;FALSE;FALSE;TRUE;Sales documents created;ERDAT;;NETWR;WAERK;DOC;TH;TH;AUTOMATION;KPSD000140;
KPSD000171;FALSE;FALSE;FALSE;Sales documents with output processing (per medium);DATVR;;;;ENTRIES;TH;TH;;;
KPSD000190;FALSE;FALSE;TRUE;Sales document type usage (cross-sales area);;COUNT;;;USE;BL;CC;;;
KPSD000194;FALSE;FALSE;TRUE;Pricing procedure usage in sales documents (cross-sales organization);;COUNT;;;USE;BL;CC;;;
KPSD000195;FALSE;FALSE;TRUE;Order reason usage per document category;;COUNT;;;USE;BL;CC;;;
KPSD000201;FALSE;FALSE;TRUE;Sales invoices not posted to accounting;ERDAT;;NETWR;WAERK;DOC;BL;BL;;;
KPSD000207;FALSE;FALSE;FALSE;Sales billing documents without output message;ERDAT;;NETWR;WAERK;DOC;BL;BL;;;
KPSD000208;FALSE;FALSE;TRUE;Sales invoices with open FI-AR items;BLDAT;;DMBTR;HWAER;DOC;BL;BL;;;
KPSD000215;FALSE;FALSE;FALSE;Canceling sales invoices;ERDAT;;NETWR;WAERK;DOC;TH;TH;;;
KPSD000216;FALSE;FALSE;FALSE;Distinct errors during billing due runs;FKDAT;;;;EXCEP;BL;EX;;;
KPSD000217;FALSE;FALSE;FALSE;Changes in sales billing documents;UDATE;CHANGENR;NETWR;WAERK;CHN;TH;CH;;;
KPSD000218;FALSE;FALSE;TRUE;Sales billing documents created;ERDAT;;NETWR;WAERK;DOC;TH;TH;AUTOMATION;KPSD000241;
KPSD000260;TRUE;TRUE;FALSE;Sales billing document creation to FI-AR clearing;ERDAT;;NETWR;WAERK;DOC;BL;PP;;;
KPSD000271;FALSE;FALSE;FALSE;Billing documents with output processing (per medium);DATVR;;;;ENTRIES;TH;TH;;;
KPSD000292;FALSE;FALSE;TRUE;Pricing procedure usage in sales billing documents (cross-sales organization);;COUNT;;;USE;BL;CC;;;
KPSD000293;FALSE;FALSE;TRUE;Billing type usage in sales billing documents (cross-sales organization);;COUNT;;;USE;BL;CC;;;
KPSD000303;FALSE;FALSE;TRUE;Overdue sales schedule line items;WADAT;;NET_VALUE;WAERK;ITEMSSL;BL;BL;;;
KPSD000304;FALSE;FALSE;FALSE;Schedule lines initially not confirmed for requested delivery date;AUDAT;;NET_VALUE;WAERK;ITEMSSL;BL;BL;;;
KPSD000306;FALSE;FALSE;TRUE;Missing fields in incomplete sales document items;ERDAT;;;;ENTRIES;BL;BL;;;
KPSD000307;FALSE;FALSE;FALSE;Rejected sales document items;ERDAT;;NETWR;WAERK;ITEMS;TH;TH;;;
KPSD000319;FALSE;FALSE;FALSE;Billing plan dates not billed and overdue;AFDAT;;FAKWR;WAERK;ITEMS;BL;BL;;;
KPSD000321;FALSE;FALSE;TRUE;Sales document items overdue for billing;FKDAT;;OPEN_VAL;OPEN_WAERS;ITEMS;BL;BL;;;
KPSD000322;FALSE;FALSE;FALSE;Open and rescheduled sales schedule line items;ERDAT;;;;ITEMSSL;BL;BL;;;
KPSD000323;FALSE;FALSE;FALSE;Manual condition changes in sales document items;ERDAT;;KBETR;WAERS;CHN;BL;CH;;;
KPSD000324;FALSE;FALSE;TRUE;Changes in sales documents;UDATE;CHANGENR;;;CHN;TH;CH;;;
KPSD000326;FALSE;FALSE;FALSE;Distinct errors during delivery due runs (sales);WADAT;;;;EXCEP;BL;EX;;;
KPSD000327;FALSE;FALSE;FALSE;Deleted items in sales documents;UDATE;;;;ITEMS;TH;TH;;;
KPSD000360;TRUE;TRUE;FALSE;Sales order item creation to outbound delivery item creation;ERDAT_I;;NETWR;WAERK;ITEMS;BL;PP;;;
KPSD000361;TRUE;TRUE;FALSE;Sales order item creation to sales invoice item creation;ERDAT_I;;NETWR;WAERK;ITEMS;BL;PP;;;
KPSD000362;TRUE;TRUE;FALSE;Sales order item creation to FI-AR item clearing;ERDAT_I;;NETWR;WAERK;ITEMS;BL;PP;;;
KPSD000363;TRUE;TRUE;FALSE;Third-party sales order item creation to sales invoice item creation;ERDAT_I;;NETWR;WAERK;ITEMS;BL;PP;;;
KPSD000364;TRUE;TRUE;FALSE;Sales order item (purchase to order) to sales invoice item;ERDAT_I;;NETWR;WAERK;ITEMS;BL;PP;;;
KPSD000365;TRUE;TRUE;FALSE;Sales order item (make to order) to sales invoice item;ERDAT_I;;NETWR;WAERK;ITEMS;BL;PP;;;
KPSD000366;TRUE;TRUE;FALSE;Intercompany sales order item creation to FI-AP item clearing;ERDAT_I;;NETWR;WAERK;ITEMS;BL;PP;;;
KPSD000367;TRUE;TRUE;FALSE;Sales order item creation (order-related billing) to FI-AR item clearing;ERDAT_I;;NETWR;WAERK;ITEMS;BL;PP;;;
KPSD000368;TRUE;TRUE;FALSE;Quotation item creation to sales order item creation;ERDAT_I;;NETWR;WAERK;ITEMS;BL;PP;;;
KPSD000369;TRUE;TRUE;FALSE;Sales order item creation (sell from stock) to delivery creation;ERDAT_I;;NETWR;WAERK;ITEMS;BL;PP;;;
KPSD000380;TRUE;TRUE;FALSE;Returns order item creation to goods receipt posting;ERDAT_I;;NETWR;WAERK;ITEMS;BL;PP;;;
KPSD000392;FALSE;FALSE;TRUE;Rejection reason usage per item category;;COUNT;;;USE;BL;CC;;;
KPSD000460;TRUE;TRUE;FALSE;Debit memo request item creation to FI-AR item clearing;ERDAT_I;;NETWR;WAERK;ITEMS;BL;PP;;;
KPSD000462;TRUE;TRUE;FALSE;Credit memo request item creation to FI-AR item clearing;ERDAT_I;;NETWR;WAERK;ITEMS;BL;PP;;;
KPWM000260;TRUE;TRUE;FALSE;Outbound transfer order item creation to confirmation;BDATU;;;;ITEMS;BL;PP;;;
KPWM000261;TRUE;TRUE;FALSE;Inbound transfer order item creation to confirmation;BDATU;;;;ITEMS;BL;PP;;;
KPWM000403;FALSE;FALSE;TRUE;Slow-moving quants in warehouse management;MMSTD;;STOCK_VALUE;WAERS;QUANTS;BL;BL;;;
KPWM000560;TRUE;TRUE;FALSE;Outbound transfer requirement item creation to transfer order item completion;BDATU;;;;ITEMS;BL;PP;;;
KPWM000561;TRUE;TRUE;FALSE;Inbound transfer requirement item creation to transfer order item completion;BDATU;;;;ITEMS;BL;PP;AUTTA;;
KWMD000107;FALSE;FALSE;FALSE;Changes to material master data;UDATE;CHANGENR;;;CHN;TH;CH;;;
KWMD000109;FALSE;FALSE;FALSE;Material master data usage in manufacturing (per plant);;COUNT;;;USE;BL;MD;;;
KWMD000110;FALSE;FALSE;FALSE;Material master data usage in procurement (per plant);;COUNT;;;USE;BL;MD;;;
KWMD000160;TRUE;TRUE;FALSE;Material master data creation per plant to first production order delivery;ERSDA_MSTA;;;;COMBN;BL;PP;;;
KWMD000161;TRUE;TRUE;FALSE;Material master data creation per plant to first process order delivery;ERSDA_MSTA;;;;COMBN;BL;PP;;;
KWMD000203;FALSE;FALSE;FALSE;Changes to customer master data;UDATE;CHANGENR;;;CHN;TH;CH;;;
KWMD000204;FALSE;FALSE;TRUE;Customer master data usage in sales billing documents (cross-sales area);;COUNT;;;USE;BL;MD;;;
KWMD000205;FALSE;FALSE;TRUE;Customer master data usage in sales billing documents (per sales area);;COUNT;;;USE;BL;MD;;;
KWMD000206;FALSE;FALSE;TRUE;Customer master data usage in FI-AR (per company code);;COUNT;;;USE;BL;MD;;;
KWMD000207;FALSE;FALSE;TRUE;Customer master data usage in FI-AR (cross-company code);;COUNT;;;USE;BL;MD;;;
KWMD000260;TRUE;TRUE;FALSE;Customer master data creation to first open item clearing;ERDAT_KNVV;;;;DOC;BL;PP;;;
KWMD000309;FALSE;FALSE;FALSE;Changes to supplier master data;UDATE;CHANGENR;;;CHN;TH;CH;;;
KWMD000311;FALSE;FALSE;TRUE;Supplier master data usage in purchasing documents (cross-purchasing organization);;COUNT;;;USE;BL;MD;;;
KWMD000312;FALSE;FALSE;TRUE;Supplier master data usage in purchasing documents (per purchasing organization);;COUNT;;;USE;BL;MD;;;
KWMD000313;FALSE;FALSE;TRUE;Supplier master data usage in FI-AP (per company code);;COUNT;;;USE;BL;MD;;;
KWMD000314;FALSE;FALSE;TRUE;Supplier master data usage in FI-AP (cross-company code);;COUNT;;;USE;BL;MD;;;
KWMD000315;FALSE;FALSE;TRUE;Purchasing info record usage in purchase documents (cross-purchasing organization);;COUNT;;;USE;BL;MD;;;
KWMD000360;TRUE;TRUE;FALSE;Supplier master data creation to first open item clearing;ERDAT_LFM1;;;;DOC;BL;PP;;;
KWMD000501;FALSE;FALSE;FALSE;Terms of payment usage in FI-AP invoices (per company code);;COUNT;;;USE;BL;CC;;;
KWMD000502;FALSE;FALSE;FALSE;Terms of payment usage in FI-AP invoices (cross-company code);;COUNT;;;USE;BL;CC;;;
KWMD000503;FALSE;FALSE;FALSE;Terms of payment usage in FI-AR invoices (per company code);;COUNT;;;USE;BL;CC;;;
KWMD000504;FALSE;FALSE;FALSE;Terms of payment usage in FI-AR invoices (cross-company code);;COUNT;;;USE;BL;CC;;;
KWPM000115;FALSE;FALSE;FALSE;Plant maintenance notifications created;ERDAT;;;;DOC;TH;TH;AUTOMATION;KWPM000140;
KWPM000116;FALSE;FALSE;FALSE;Customer service notifications created;ERDAT;;;;DOC;TH;TH;AUTOMATION;;
KWPM000117;FALSE;FALSE;TRUE;Plant maintenance notifications open and overdue;ERDAT;;;;DOC;BL;BL;;;
KWPM000118;FALSE;FALSE;TRUE;Customer service notifications open and overdue;ERDAT;;;;DOC;BL;BL;;;
KWPM000119;FALSE;FALSE;TRUE;Plant maintenance notifications pending;ERDAT;;;;DOC;BL;BL;;;
KWPM000120;FALSE;FALSE;TRUE;Customer service notifications pending;ERDAT;;;;DOC;BL;BL;;;
KWPM000160;TRUE;TRUE;FALSE;Plant maintenance notification creation to notification completion;ERDAT;;;;DOC;BL;PP;;;
KWPM000161;TRUE;TRUE;FALSE;Customer service notification creation to notification completion;ERDAT;;;;DOC;BL;PP;;;
KWPM000203;FALSE;FALSE;FALSE;Plant maintenance orders created;ERDAT;;;;DOC;TH;TH;AUTOMATION;KWPM000240;
KWPM000204;FALSE;FALSE;FALSE;Customer service orders created;ERDAT;;;;DOC;TH;TH;AUTOMATION;;
KWPM000215;FALSE;FALSE;FALSE;All status changes per plant maintenance order;UDATE;;;;CHN;BL;CH;;;
KWPM000216;FALSE;FALSE;FALSE;All status changes per customer service order;UDATE;;;;CHN;BL;CH;;;
KWPM000217;FALSE;FALSE;TRUE;Plant maintenance orders overdue for release;GSTRP;;;;DOC;BL;BL;;;
KWPM000218;FALSE;FALSE;TRUE;Customer service orders overdue for release;GSTRP;;;;DOC;BL;BL;;;
KWPM000219;FALSE;FALSE;TRUE;Plant maintenance orders released and overdue for technical completion;GLTRP;;;;DOC;BL;BL;;;
KWPM000220;FALSE;FALSE;TRUE;Customer service orders released and overdue for technical completion;GLTRP;;;;DOC;BL;BL;;;
KWPM000221;FALSE;FALSE;FALSE;Plant maintenance orders not settled;IDAT2;;SALDO_WKG;TWAER;DOC;BL;BL;;;
KWPM000222;FALSE;FALSE;FALSE;Customer service orders not settled;IDAT2;;SALDO_WKG;TWAER;DOC;BL;BL;;;
KWPM000260;TRUE;TRUE;FALSE;Plant maintenance order creation to order closure;ERDAT;;COSTS_PLAN;WAERS;DOC;BL;PP;;;
KWPM000261;TRUE;TRUE;FALSE;Plant maintenance order creation to order settlement;ERDAT;;COSTS_PLAN;WAERS;DOC;BL;PP;;;
KWPM000262;TRUE;TRUE;FALSE;Customer service order creation to order closure;ERDAT;;COSTS_PLAN;WAERS;DOC;BL;PP;;;
KWPM000263;TRUE;TRUE;FALSE;Customer service order creation to order settlement;ERDAT;;COSTS_PLAN;WAERS;DOC;BL;PP;;;
KWPM000264;TRUE;TRUE;FALSE;Plant maintenance order component creation to goods issue posting;ERDAT;;ENWRT;WAERS;ITEMS;BL;PP;;;
KWPM000265;TRUE;TRUE;FALSE;Customer service order component creation to goods issue posting;ERDAT;;ENWRT;WAERS;ITEMS;BL;PP;;;
KWPM000290;FALSE;FALSE;TRUE;Order type usage in PM/CS orders (cross-plant);;COUNT;;;USE;BL;CC;;;
KWPM000462;TRUE;TRUE;FALSE;Maintenance plan item creation to service contract end;ERSDT;;;;ITEMS;BL;PP;;;
KWQM000101;FALSE;FALSE;FALSE;Inspection lots with outstanding quantities;PAENDTERM;;VALUE;VAL_WAERS;DOC;BL;BL;;;
KWQM000102;FALSE;FALSE;FALSE;Inspection lots without usage decision;PAENDTERM;;;;DOC;BL;BL;;;
KWQM000103;FALSE;FALSE;FALSE;Inspection lots without inspection completion;PAENDTERM;;;;DOC;BL;BL;;;
KWQM000161;TRUE;TRUE;FALSE;Lot creation for goods receipt inspection from purchasing to usage decision;ERSTELDAT;;;;DOC;BL;PP;;;
KWQM000162;TRUE;TRUE;FALSE;Lot creation for goods receipt inspection from manufacturing to usage decision;ERSTELDAT;;;;DOC;BL;PP;;;
KWQM000163;TRUE;TRUE;FALSE;Lot creation for in-process inspection during manufacturing to usage decision;ERSTELDAT;;;;DOC;BL;PP;;;
KWSERV0101;FALSE;FALSE;FALSE;Service orders created;CREATED_AT_DATE;;;;DOC;TH;TH;AUTOMATION;;
KWSERV0102;FALSE;FALSE;FALSE;Service quotations created;CREATED_AT_DATE;;;;DOC;TH;TH;AUTOMATION;;
KWSERV0103;FALSE;FALSE;FALSE;Service confirmations created;CREATED_AT_DATE;;;;DOC;TH;TH;AUTOMATION;;
KWSERV0104;FALSE;FALSE;FALSE;Service requests created;CREATED_AT_DATE;;;;DOC;TH;TH;AUTOMATION;;
KWSERV0105;FALSE;FALSE;FALSE;Service contracts created;CREATED_AT_DATE;;;;DOC;TH;TH;AUTOMATION;;
KWSERV0106;FALSE;FALSE;FALSE;Solution orders created;CREATED_AT_DATE;;;;DOC;TH;TH;AUTOMATION;;
KWSERV0160;TRUE;TRUE;FALSE;Service order creation to service order completion;CREATED_AT_DATE;;;;DOC;BL;PP;;;
KXEWM00101;FALSE;FALSE;FALSE;Waves overdue for release;RELEASE_DATE;;;;ITEMS;BL;BL;;;
KXEWM00102;FALSE;FALSE;FALSE;Waves released with defects;RELEASE_DATE;;;;ITEMS;TH;TH;;;
KXEWM00201;FALSE;FALSE;FALSE;Warehouse orders overdue for confirmation;LATE_DATE;;;;DOC;BL;BL;;;
KXEWM00202;FALSE;FALSE;FALSE;Confirmed warehouse orders;CONFIRMED_DATE;;;;DOC;TH;TH;;;
KXEWM00203;FALSE;FALSE;FALSE;Warehouse orders created;CREATED_DATE;;;;DOC;TH;TH;;;
KXEWM00260;TRUE;TRUE;FALSE;Warehouse order creation to confirmation;CREATED_DATE;;;;DOC;BL;PP;;;
KXEWM00301;FALSE;FALSE;FALSE;Warehouse tasks overdue for confirmation;CREATED_DATE;;;;ITEMS;BL;BL;;;
KXEWM00302;FALSE;FALSE;FALSE;Replenishment tasks overdue for confirmation;CREATED_DATE;;;;ITEMS;BL;BL;;;
KXEWM00303;FALSE;FALSE;FALSE;Warehouse task items created;CREATED_DATE;;;;ITEMS;TH;TH;;;
KXEWM00304;FALSE;FALSE;FALSE;Warehouse task items confirmed;CONFIRMED_DATE;;;;ITEMS;TH;TH;;;
KXEWM00305;FALSE;FALSE;FALSE;Confirmed warehouse task items with exception codes;CONFIRMED_DATE;;;;ITEMS;TH;TH;;;
KXEWM00390;FALSE;FALSE;FALSE;Exception code usage in confirmed warehouse tasks (per warehouse);;COUNT;;;USE;BL;MD;;;
KXEWM00401;FALSE;FALSE;FALSE;Overdue inbound delivery items without completed putaway;DEL_DATE;;;;ITEMS;BL;BL;;;
KXEWM00402;FALSE;FALSE;FALSE;Overdue inbound delivery items without completed goods receipt;DEL_DATE;;;;ITEMS;BL;BL;;;
KXEWM00403;FALSE;FALSE;FALSE;Inbound delivery items created in EWM;CRE_DATE;;;;ITEMS;TH;TH;AUTOMATION;;
KXEWM00404;FALSE;FALSE;FALSE;Goods receipt postings for inbound delivery items in EWM;TO_DATE;;;;ITEMS;TH;TH;;;
KXEWM00460;TRUE;TRUE;FALSE;Inbound delivery item creation (for purchasing document) to putaway completion;CRETST_H_DATE;;;;ITEMS;BL;PP;;;
KXEWM00461;TRUE;TRUE;FALSE;Inbound delivery item creation (for manufacturing) to putaway completion;CRETST_I_DATE;;;;ITEMS;BL;PP;;;
KXEWM00490;FALSE;FALSE;FALSE;Process code usage in inbound delivery items;;COUNT;;;USE;BL;MD;;;
KXEWM00501;FALSE;FALSE;FALSE;Outbound delivery order items overdue for picking;PICK_DATE;;;;ITEMS;BL;BL;;;
KXEWM00502;FALSE;FALSE;FALSE;Outbound delivery order items overdue for goods issue posting;GI_DATE;;;;ITEMS;BL;BL;;;
KXEWM00503;FALSE;FALSE;FALSE;Outbound delivery order items created;CRE_DATE;;;;ITEMS;TH;TH;AUTOMATION;;
KXEWM00504;FALSE;FALSE;FALSE;Goods issue postings for outbound delivery order items;TO_DATE;;;;ITEMS;TH;TH;;;
KXEWM00560;TRUE;TRUE;FALSE;Outbound delivery order item creation (for sales document) to delivery creation;CRETST_I_DATE;;;;ITEMS;BL;PP;;;
KXEWM00590;FALSE;FALSE;FALSE;Process code usage in outbound delivery order items;;COUNT;;;USE;BL;MD;;;
KXEWM00701;FALSE;FALSE;FALSE;Outbound delivery items overdue for goods issue posting in EWM;FR_DATE;;;;DOC;BL;BL;;;
KXEWM00702;FALSE;FALSE;FALSE;Outbound delivery items created in EWM;CRE_DATE;;;;ITEMS;TH;TH;AUTOMATION;;
KXEWM00860;TRUE;TRUE;FALSE;Inbound delivery notification item creation (for purchasing document) to putaway completion;CRETST_NOTIF_DATE;;;;ITEMS;BL;PP;;;
KXEWM00861;TRUE;TRUE;FALSE;Inbound delivery notification item creation (for production) to putaway completion;CRETST_NOTIF_DATE;;;;ITEMS;BL;PP;;;
KXEWM00862;TRUE;TRUE;FALSE;Outbound delivery request item creation (for sales document) to delivery creation;CRETST_REQUEST_DATE;;;;ITEMS;BL;PP;;;
KXEWM00901;FALSE;FALSE;FALSE;Available unrestricted-use stock not moved;WDATU_DATE;;;;COMBN;BL;BL;;;
KXEWM00902;FALSE;FALSE;FALSE;Available blocked stock not moved;WDATU_DATE;;;;COMBN;BL;BL;;;
KXEWM00903;FALSE;FALSE;FALSE;Available quality inspection stock not moved;WDATU_DATE;;;;COMBN;BL;BL;;;
