locale;id;text;longText
ko;TREND_PPI;성과 지표 추세;성과 지표에 대한 추세 분석을 추가하십시오.
ko;CORRECTION_RECOMMENDATIONS;상위 수정 권장사항;가장 관련성 있는 수정 권장사항이 포함된 리스트를 추가하십시오.
ko;INNOVATION_RECOMMENDATIONS;상위 혁신 권장사항;가장 관련성 있는 혁신 권장사항이 포함된 리스트를 추가하십시오.
ko;PROCESS_FLOWS;상위 프로세스 흐름;가장 관련성 있는 프로세스 흐름이 포함된 리스트를 추가하십시오.
ko;PERFORMANCE_INDICATORS;상위 성과 지표;가장 관련성 있는 성과 지표가 포함된 리스트를 추가하십시오.
ko;PF_FAVORITES;프로세스 흐름 즐겨찾기;자주 사용하는 프로세스 흐름에 북마크가 포함된 리스트를 추가하십시오.
ko;PPI_FAVORITES;성과 지표 즐겨찾기;자주 사용하는 성과 지표에 북마크가 포함된 리스트를 추가하십시오.
ko;CR_FAVORITES;수정 권장사항 즐겨찾기;자주 사용하는 수정 권장사항에 북마크가 포함된 리스트를 추가하십시오.