locale;kpiId;phaseId;title;subtitle
es;CPACM00160;10;APROVISIONAMIENTO;Área de trabajo de contrato
es;CPAOP00160;10;APROVISIONAMIENTO ;Solicitud de pedido
es;CPAOP00160;20;APROVISIONAMIENTO ;Pedido
es;CPAOP00161;10;APROVISIONAMIENTO ;Pedido
es;CPAOP00161;20;CADENA DE SUMINISTRO;Movimiento de mercancías
es;CPAOP00161;30;FINANZAS;Factura de proveedor
es;CPAOP00162;10;FINANZAS;Factura de proveedor
es;CPAOP00162;20;FINANZAS;Pago de facturas
es;CPAOP00163;10;APROVISIONAMIENTO ;Pedido
es;CPAOP00163;20;FINANZAS;Factura de proveedor
es;CPASC00160;10;APROVISIONAMIENTO ;Solicitud de aprovisionamiento
es;CPASC00160;20;APROVISIONAMIENTO ;Proyecto de aprovisionamiento
es;CPASC00160;30;APROVISIONAMIENTO ;Evento de determinación de fuentes de aprovisionamiento
es;CPASC00160;40;APROVISIONAMIENTO ;Proyecto de aprovisionamiento
es;CPASC00161;10;APROVISIONAMIENTO ;Proyecto de aprovisionamiento
es;CPASC00161;20;APROVISIONAMIENTO ;Evento de determinación de fuentes de aprovisionamiento
es;CPASC00161;30;APROVISIONAMIENTO ;Proyecto de aprovisionamiento
es;CPASC00163;10;APROVISIONAMIENTO ;Evento de determinación de fuentes de aprovisionamiento
es;CPASC00163;20;APROVISIONAMIENTO ;Subasta
es;CPASC00163;30;APROVISIONAMIENTO ;Evento de determinación de fuentes de aprovisionamiento
es;CPASC00164;10;APROVISIONAMIENTO ;Evento de determinación de fuentes de aprovisionamiento
es;CPASC00164;20;APROVISIONAMIENTO ;Subasta
es;CPASC00164;30;APROVISIONAMIENTO ;Evento de determinación de fuentes de aprovisionamiento
es;CPASC00165;10;APROVISIONAMIENTO ;Evento de determinación de fuentes de aprovisionamiento
es;CPASC00165;20;APROVISIONAMIENTO ;Subasta
es;CPASC00165;30;APROVISIONAMIENTO ;Evento de determinación de fuentes de aprovisionamiento
es;CPASM00160;10;APROVISIONAMIENTO ;Solicitud de proveedor
es;CPASM00160;20;APROVISIONAMIENTO ;Registro de proveedor
es;CPASM00161;10;APROVISIONAMIENTO ;Calificación de proveedor
es;KBSRM00160;10;APROVISIONAMIENTO;Cesta de la compra
es;KBSRM00160;20;APROVISIONAMIENTO;Documento de compras
es;KBSRM00760;10;APROVISIONAMIENTO;Licitación
es;KBSRM00760;20;APROVISIONAMIENTO;Oferta de proveedor (Oferta)
es;KBSRM00761;10;APROVISIONAMIENTO;Subasta
es;KBSRM00761;20;APROVISIONAMIENTO;Oferta de proveedor (Oferta)
es;KCSAL00660;10;VENTAS;Oportunidad
es;KCSAL00660;20;VENTAS;Actividad empresarial
es;KCSAL00660;30;VENTAS;Tarea
es;KCSAL00660;40;VENTAS;Oportunidad
es;KFFI000960;10;FINANZAS;Documento contable
es;KFFI000960;20;FINANZAS;Documento de compensación
es;KFFI000961;10;FINANZAS;Documento contable
es;KFFI000961;20;FINANZAS;Documento de compensación
es;KFFI001060;10;FINANZAS;Documento contable
es;KFFI001060;20;FINANZAS;Documento de compensación
es;KFFI001061;10;FINANZAS;Documento contable
es;KFFI001061;20;FINANZAS;Documento de compensación
es;KFFI001860;10;FINANZAS;Maestro de activo fijo
es;KFFI001860;20;FINANZAS Y APROVISIONAMIENTO;Documento contable
es;KFFI001860;30;FINANZAS;Documento de liquidación
es;KFFI001860;40;FINANZAS;Maestro de activo fijo
es;KFFI001861;10;FINANZAS;Maestro de activo fijo
es;KFFI001861;20;FINANZAS Y APROVISIONAMIENTO;Documento contable
es;KFFI001861;30;FINANZAS;Contabilización de amortización
es;KFFI001861;40;FINANZAS;Contabilización de activo fijo
es;KFFI001861;50;FINANZAS;Maestro de activo fijo
es;KFFI001960;10;FINANZAS;Documento contable
es;KFFI001960;20;FINANZAS;Documento de compensación
es;KFFI002260;10;FINANZAS;Documento contable
es;KFFI002260;20;FINANZAS;Documento de compensación
es;KFFI002360;10;FINANZAS;Colector de costes del producto
es;KFFI002360;20;FABRICACIÓN;Notificación de orden previsional
es;KFFI002360;30;FABRICACIÓN / FINANZAS;Liquidación de material
es;KFFI002660;10;VENTAS;Contrato de proveedor
es;KFFI002660;20;VENTAS;Documento de liquidación
es;KFFI002660;30;VENTAS;Documento de facturación
es;KIAUT00160;10;FABRICACIÓN;Cantidad de orden repetitiva
es;KIAUT00160;20;CADENA DE SUMINISTRO;Stock de almacén
es;KIAUT00160;30;APROVISIONAMIENTO;Pedido / Solicitud / Plan de entregas
es;KIAUT00160;40;FABRICACIÓN;Cantidad de orden repetitiva
es;KIISU00160;10;VENTAS;Contrato
es;KIISU00160;20;VENTAS;Orden de lectura
es;KIISU00160;30;VENTAS;Documento de liquidación
es;KIISU00160;40;VENTAS;Documento de impresión
es;KIISU00160;50;FINANZAS;Documento de cuenta corriente contractual
es;KIISU00161;10;VENTAS;Orden de cálculo
es;KIISU00161;20;VENTAS;Orden de lectura
es;KIISU00161;30;VENTAS;Contrato
es;KIISU00161;40;VENTAS;Orden de cálculo
es;KIISU00162;10;VENTAS;Orden de cálculo
es;KIISU00162;20;VENTAS;Orden de lectura
es;KIISU00162;30;VENTAS;Contrato
es;KIISU00162;40;VENTAS;Orden de cálculo
es;KIISU00260;10;VENTAS;Documento de liquidación
es;KIISU00260;20;VENTAS;Documento de impresión
es;KIISU00261;10;VENTAS;Documento de liquidación
es;KIISU00261;20;VENTAS;Documento de impresión
es;KIISU00360;10;VENTAS;Documento de impresión
es;KIISU00360;20;FINANZAS;Documento contable
es;KIISU00361;10;VENTAS;Documento de impresión
es;KIISU00361;20;FINANZAS;Documento contable
es;KIRET00460;10;APROVISIONAMIENTO ;Pedido de traslado
es;KIRET00460;20;CADENA DE SUMINISTRO;Entrega de reaprovisionamiento
es;KIRET00460;30;CADENA DE SUMINISTRO;Movimiento de mercancías
es;KIRET00461;10;APROVISIONAMIENTO ;Pedido de traslado
es;KIRET00461;20;CADENA DE SUMINISTRO;Entrega de reaprovisionamiento
es;KIRET00461;30;CADENA DE SUMINISTRO;Movimiento de mercancías
es;KIRET00462;10;APROVISIONAMIENTO ;Pedido de traslado
es;KIRET00462;20;CADENA DE SUMINISTRO;Entrega de reaprovisionamiento
es;KIRET00462;30;CADENA DE SUMINISTRO;Movimiento de mercancías
es;KIRET00463;10;APROVISIONAMIENTO ;Pedido de traslado
es;KIRET00463;20;CADENA DE SUMINISTRO;Entrega de reaprovisionamiento
es;KIRET00463;30;CADENA DE SUMINISTRO;Movimiento de mercancías
es;KIRET00464;10;APROVISIONAMIENTO ;Pedido de traslado
es;KIRET00464;20;CADENA DE SUMINISTRO;Entrega de reaprovisionamiento
es;KIRET00464;30;CADENA DE SUMINISTRO;Movimiento de mercancías
es;KIRET00464;40;FINANZAS;Documento contable
es;KIRET00465;10;APROVISIONAMIENTO ;Pedido de traslado
es;KIRET00465;20;CADENA DE SUMINISTRO;Entrega de reaprovisionamiento
es;KIRET00465;30;CADENA DE SUMINISTRO;Movimiento de mercancías
es;KIRET00465;40;FINANZAS;Documento contable
es;KIRET00466;10;APROVISIONAMIENTO ;Pedido de traslado
es;KIRET00466;20;CADENA DE SUMINISTRO;Entrega de reaprovisionamiento
es;KIRET00466;30;CADENA DE SUMINISTRO;Movimiento de mercancías
es;KIRET00466;40;FINANZAS;Documento contable
es;KIRET00467;10;APROVISIONAMIENTO ;Pedido de traslado
es;KIRET00467;20;CADENA DE SUMINISTRO;Entrega de reaprovisionamiento
es;KIRET00467;30;CADENA DE SUMINISTRO;Movimiento de mercancías
es;KIRET00467;40;FINANZAS;Documento contable
es;KIRET00560;10;APROVISIONAMIENTO ;Pedido
es;KIRET00560;20;CADENA DE SUMINISTRO;Movimiento de mercancías
es;KIRET00560;30;FINANZAS;Factura de proveedor
es;KIRET00561;10;APROVISIONAMIENTO ;Pedido
es;KIRET00561;20;CADENA DE SUMINISTRO;Movimiento de mercancías
es;KIRET00561;30;FINANZAS;Factura de proveedor
es;KIRET00562;10;APROVISIONAMIENTO ;Pedido
es;KIRET00562;20;CADENA DE SUMINISTRO;Movimiento de mercancías
es;KIRET00562;30;FINANZAS;Factura de proveedor
es;KIRET00563;10;APROVISIONAMIENTO ;Pedido
es;KIRET00563;20;CADENA DE SUMINISTRO;Movimiento de mercancías
es;KIRET00563;30;FINANZAS;Factura de proveedor
es;KPIM000160;10;CADENA DE SUMINISTRO;Nivel de stock
es;KPIM000160;20;CADENA DE SUMINISTRO;Movimiento de mercancías
es;KPIM000161;10;CADENA DE SUMINISTRO;Nivel de stock
es;KPIM000161;20;CADENA DE SUMINISTRO;Movimiento de mercancías
es;KPIM000162;10;CADENA DE SUMINISTRO;Nivel de stock
es;KPIM000162;20;CADENA DE SUMINISTRO;Movimiento de mercancías
es;KPIM000163;10;CADENA DE SUMINISTRO;Nivel de stock
es;KPIM000163;20;CADENA DE SUMINISTRO;Movimiento de mercancías
es;KPLE000360;10;CADENA DE SUMINISTRO;Entrega de salida
es;KPLE000360;20;CADENA DE SUMINISTRO;Unidad de manipulación
es;KPLE000360;30;CADENA DE SUMINISTRO;Documento de expedición
es;KPLE000360;40;CADENA DE SUMINISTRO;Movimiento de mercancías
es;KPLE000361;10;CADENA DE SUMINISTRO;Entrega de salida
es;KPLE000361;20;CADENA DE SUMINISTRO;Orden de transporte
es;KPLE000361;30;CADENA DE SUMINISTRO;Unidad de manipulación
es;KPLE000361;40;CADENA DE SUMINISTRO;Documento de expedición
es;KPLE000361;50;CADENA DE SUMINISTRO;Movimiento de mercancías
es;KPLE000362;10;CADENA DE SUMINISTRO;Entrega entrante
es;KPLE000362;20;CADENA DE SUMINISTRO;Documento de expedición
es;KPLE000362;30;CADENA DE SUMINISTRO;Unidad de manipulación
es;KPLE000362;40;CADENA DE SUMINISTRO;Orden de transporte
es;KPLE000362;50;CADENA DE SUMINISTRO;Movimiento de mercancías
es;KPMRP00260;10;CADENA DE SUMINISTRO;Ejecuciones de planificación
es;KPMRP00260;15;VENTAS;Pedido de cliente y entrega de salida
es;KPMRP00260;20;CADENA DE SUMINISTRO;Orden previsional
es;KPMRP00260;30;FABRICACIÓN;Orden de producción
es;KPMRP00260;40;APROVISIONAMIENTO;Documento de compras
es;KPMRP00260;50;CADENA DE SUMINISTRO;Lista de planificación de necesidades
es;KPMRP00260;60;FABRICACIÓN;Orden de producción
es;KPMRP00260;70;APROVISIONAMIENTO;Documento de compras
es;KPPP000160;10;FABRICACIÓN;Orden de fabricación
es;KPPP000160;20;FABRICACIÓN;Confirmación de orden
es;KPPP000160;30;FABRICACIÓN;Movimiento de mercancías
es;KPPP000160;40;FABRICACIÓN;Orden de fabricación
es;KPPP000161;10;FABRICACIÓN / FINANZAS;Orden de fabricación
es;KPPP000161;20;FABRICACIÓN;Confirmación de orden
es;KPPP000161;30;FABRICACIÓN;Movimiento de mercancías
es;KPPP000161;40;FABRICACIÓN / FINANZAS;Orden de liquidación
es;KPPP000162;10;FABRICACIÓN;Orden de fabricación
es;KPPP000162;20;CADENA DE SUMINISTRO;Stock de almacén
es;KPPP000162;30;APROVISIONAMIENTO;Pedido / Solicitud
es;KPPP000162;40;FABRICACIÓN;Orden de fabricación / Orden previsional
es;KPPP000162;50;CADENA DE SUMINISTRO;Movimiento de mercancías
es;KPPP000163;10;FABRICACIÓN;Orden de fabricación
es;KPPP000163;20;APROVISIONAMIENTO;Solicitud de pedido
es;KPPP000163;30;APROVISIONAMIENTO;Pedido
es;KPPP000163;40;CADENA DE SUMINISTRO;Movimiento de mercancías
es;KPPP000164;10;FABRICACIÓN;Orden de fabricación
es;KPPP000164;20;FABRICACIÓN;Centro de trabajo
es;KPPP000164;30;FABRICACIÓN;Procesamiento externo
es;KPPP000164;40;FABRICACIÓN;Clave de control
es;KPPP000164;45;FABRICACIÓN;Orden de fabricación
es;KPPP000164;50;FABRICACIÓN;Confirmaciones
es;KPPP000260;10;FABRICACIÓN;Orden de proceso
es;KPPP000260;15;FABRICACIÓN;Receta de control
es;KPPP000260;20;FABRICACIÓN;Confirmación de orden
es;KPPP000260;30;FABRICACIÓN;Movimiento de mercancías
es;KPPP000260;40;FABRICACIÓN;Orden de proceso
es;KPPP000261;10;FABRICACIÓN;Orden de proceso
es;KPPP000261;20;FABRICACIÓN;Confirmación de orden
es;KPPP000261;30;FABRICACIÓN;Movimiento de mercancías
es;KPPP000261;40;FABRICACIÓN / FINANZAS;Orden de liquidación
es;KPPP000262;10;FABRICACIÓN;Orden de proceso
es;KPPP000262;20;CADENA DE SUMINISTRO;Stock de almacén
es;KPPP000262;30;APROVISIONAMIENTO;Pedido / Solicitud
es;KPPP000262;40;FABRICACIÓN;Orden de proceso / Orden previsional
es;KPPP000262;50;CADENA DE SUMINISTRO;Movimiento de mercancías
es;KPPP000263;10;FABRICACIÓN;Orden de proceso
es;KPPP000263;20;APROVISIONAMIENTO;Solicitud de pedido
es;KPPP000263;30;APROVISIONAMIENTO;Pedido
es;KPPP000263;40;CADENA DE SUMINISTRO;Movimiento de mercancías
es;KPPP000264;10;FABRICACIÓN;Orden de proceso
es;KPPP000264;20;FABRICACIÓN;Centro de trabajo
es;KPPP000264;30;FABRICACIÓN;Procesamiento externo
es;KPPP000264;40;FABRICACIÓN;Clave de control
es;KPPP000264;45;FABRICACIÓN;Orden de proceso
es;KPPP000264;50;FABRICACIÓN;Confirmaciones
es;KPPROJ0360;10;GESTIÓN DE ACTIVOS FIJOS;Plan de estructura del proyecto
es;KPPROJ0360;20;GESTIÓN DE ACTIVOS FIJOS / FINANZAS;Plan de estructura del proyecto de liquidación
es;KPPROJ0361;10;GESTIÓN DE ACTIVOS FIJOS;Plan de estructura del proyecto
es;KPPROJ0361;20;GESTIÓN DE ACTIVOS FIJOS / FINANZAS;Plan de estructura del proyecto de liquidación
es;KPPURCH260;10;APROVISIONAMIENTO;Pedido
es;KPPURCH260;20;CADENA DE SUMINISTRO;Movimiento de mercancías
es;KPPURCH260;30;FINANZAS;Factura de proveedor
es;KPPURCH260;40;FINANZAS;Documento de cuenta
es;KPPURCH261;10;APROVISIONAMIENTO ;Pedido
es;KPPURCH261;20;CADENA DE SUMINISTRO;Movimiento de mercancías
es;KPPURCH261;30;FINANZAS;Factura de proveedor
es;KPPURCH263;10;APROVISIONAMIENTO ;Pedido
es;KPPURCH263;20;VENTAS;Pedido de cliente
es;KPPURCH263;30;CADENA DE SUMINISTRO;Entrega de salida
es;KPPURCH263;40;CADENA DE SUMINISTRO;Movimiento de mercancías
es;KPPURCH263;50;FINANZAS;Factura de proveedor
es;KPPURCH265;10;APROVISIONAMIENTO ;Pedido
es;KPPURCH265;20;FINANZAS;Factura de proveedor
es;KPPURCH265;30;FINANZAS;Documento contable
es;KPPURCH266;10;APROVISIONAMIENTO ;Pedido
es;KPPURCH266;20;CADENA DE SUMINISTRO;Movimiento de mercancías
es;KPPURCH266;30;FINANZAS;Factura de proveedor
es;KPPURCH267;10;APROVISIONAMIENTO;Pedido
es;KPPURCH267;20;APROVISIONAMIENTO;Hoja de entrada de servicios 
es;KPPURCH267;30;FINANZAS;Factura de proveedor
es;KPPURCH268;10;APROVISIONAMIENTO;Pedido
es;KPPURCH268;20;CADENA DE SUMINISTRO;Movimiento de mercancías
es;KPPURCH268;30;FINANZAS;Factura de proveedor
es;KPPURCH360;10;APROVISIONAMIENTO;Solicitud de pedido
es;KPPURCH360;20;APROVISIONAMIENTO;Pedido
es;KPPURCH362;10;APROVISIONAMIENTO;Solicitud de pedido de traslado
es;KPPURCH362;20;APROVISIONAMIENTO;Pedido de traslado
es;KPPURCH460;10;FINANZAS;Factura de proveedor
es;KPPURCH460;20;FINANZAS;Documento contable
es;KPPURCH560;10;APROVISIONAMIENTO;Pedido de traslado
es;KPPURCH560;20;CADENA DE SUMINISTRO;Movimiento de mercancías
es;KPPURCH561;10;APROVISIONAMIENTO;Pedido de traslado
es;KPPURCH561;20;CADENA DE SUMINISTRO;Entrega de reaprovisionamiento
es;KPPURCH561;30;CADENA DE SUMINISTRO;Movimiento de mercancías
es;KPPURCH562;10;APROVISIONAMIENTO;Pedido de traslado
es;KPPURCH562;20;CADENA DE SUMINISTRO;Entrega de reaprovisionamiento
es;KPPURCH562;30;CADENA DE SUMINISTRO;Movimiento de mercancías
es;KPPURCH562;40;FINANZAS;Documento contable
es;KPPURCH660;10;APROVISIONAMIENTO;Plan de entregas
es;KPPURCH660;20;CADENA DE SUMINISTRO;Movimiento de mercancías
es;KPPURCH661;10;APROVISIONAMIENTO;Contrato por cantidad
es;KPPURCH661;20;APROVISIONAMIENTO;Pedido
es;KPPURCH662;10;APROVISIONAMIENTO;Contrato en valor
es;KPPURCH662;20;APROVISIONAMIENTO;Pedido
es;KPSD000260;10;VENTAS / FINANZAS;Documento de facturación
es;KPSD000260;20;FINANZAS;Documento contable
es;KPSD000360;10;VENTAS;Pedido de cliente
es;KPSD000360;20;CADENA DE SUMINISTRO;Entrega de salida
es;KPSD000361;10;VENTAS;Pedido de cliente
es;KPSD000361;20;CADENA DE SUMINISTRO;Entrega de salida
es;KPSD000361;30;CADENA DE SUMINISTRO;Movimiento de mercancías
es;KPSD000361;40;VENTAS / FINANZAS;Factura de cliente
es;KPSD000362;10;VENTAS;Pedido de cliente
es;KPSD000362;20;CADENA DE SUMINISTRO;Entrega de salida
es;KPSD000362;30;CADENA DE SUMINISTRO;Movimiento de mercancías
es;KPSD000362;40;VENTAS / FINANZAS;Factura de cliente
es;KPSD000362;50;FINANZAS;Documento contable
es;KPSD000363;10;VENTAS;Pedido de cliente
es;KPSD000363;20;APROVISIONAMIENTO;Solicitud de pedido
es;KPSD000363;30;APROVISIONAMIENTO;Pedido
es;KPSD000363;40;APROVISIONAMIENTO / FINANZAS;Factura de proveedor
es;KPSD000363;50;VENTAS / FINANZAS;Factura de cliente
es;KPSD000364;10;VENTAS;Pedido de cliente
es;KPSD000364;20;APROVISIONAMIENTO;Solicitud de pedido
es;KPSD000364;30;APROVISIONAMIENTO;Pedido
es;KPSD000364;40;CADENA DE SUMINISTRO;Movimiento de mercancías
es;KPSD000364;50;VENTAS / FINANZAS;Factura de cliente
es;KPSD000365;10;VENTAS;Pedido de cliente
es;KPSD000365;20;FABRICACIÓN;Orden de producción
es;KPSD000365;30;FABRICACIÓN;Confirmación de orden de producción
es;KPSD000365;40;CADENA DE SUMINISTRO;Movimiento de mercancías
es;KPSD000365;50;VENTAS / FINANZAS;Factura de cliente
es;KPSD000366;10;VENTAS;Pedido de cliente
es;KPSD000366;20;CADENA DE SUMINISTRO;Entrega de salida
es;KPSD000366;30;CADENA DE SUMINISTRO;Movimiento de mercancías
es;KPSD000366;40;VENTAS / FINANZAS;Factura de cliente
es;KPSD000366;50;FINANZAS;Documento contable
es;KPSD000366;60;VENTAS / FINANZAS;Factura multisociedad
es;KPSD000366;70;FINANZAS;Documento contable
es;KPSD000367;10;VENTAS;Pedido de cliente
es;KPSD000367;20;VENTAS / FINANZAS;Factura de cliente
es;KPSD000367;30;FINANZAS;Documento contable
es;KPSD000368;10;VENTAS;Oferta
es;KPSD000368;20;VENTAS;Pedido de cliente
es;KPSD000369;10;VENTAS;Pedido de cliente
es;KPSD000369;20;CADENA DE SUMINISTRO;Stock de almacén
es;KPSD000369;30;APROVISIONAMIENTO / CADENA DE SUMINISTRO;Pedido / Solicitud
es;KPSD000369;40;FABRICACIÓN;Orden de producción / Orden previsional
es;KPSD000369;50;CADENA DE SUMINISTRO;Entrega de salida
es;KPSD000380;10;VENTAS;Orden de devolución
es;KPSD000380;20;CADENA DE SUMINISTRO;Devoluciones 
es;KPSD000380;30;CADENA DE SUMINISTRO;Movimiento de mercancías
es;KPSD000380;40;VENTAS;Abono
es;KPSD000460;10;VENTAS;Solicitud de nota de cargo
es;KPSD000460;20;VENTAS / FINANZAS;Nota de cargo
es;KPSD000460;30;FINANZAS;Documento contable
es;KPSD000462;10;VENTAS;Solicitud de abono
es;KPSD000462;20;VENTAS / FINANZAS;Abono
es;KPSD000462;30;FINANZAS;Documento contable
es;KWMD000160;10;FABRICACIÓN;Maestro de materiales
es;KWMD000160;20;FABRICACIÓN;Lista de materiales
es;KWMD000160;30;FABRICACIÓN;Hoja de ruta / Versión de fabricación
es;KWMD000160;40;FINANZAS;Cálculo del coste estándar
es;KWMD000160;50;FABRICACIÓN;Orden de fabricación
es;KWMD000161;10;FABRICACIÓN;Maestro de materiales
es;KWMD000161;20;FABRICACIÓN;Lista de materiales
es;KWMD000161;30;FABRICACIÓN;Receta de planificación / Versión de fabricación
es;KWMD000161;40;FINANZAS;Cálculo del coste estándar
es;KWMD000161;50;FABRICACIÓN;Orden de proceso
es;KWMD000260;10;VENTAS;Datos maestros de cliente
es;KWMD000260;20;FINANZAS;Datos maestros de cliente
es;KWMD000260;30;VENTAS;Pedido de cliente
es;KWMD000260;40;VENTAS / FINANZAS;Factura de cliente
es;KWMD000260;50;FINANZAS;Documento contable
es;KWMD000360;10;APROVISIONAMIENTO;Datos maestros de proveedor
es;KWMD000360;20;FINANZAS;Datos maestros de proveedor
es;KWMD000360;30;APROVISIONAMIENTO;Pedido
es;KWMD000360;40;FINANZAS;Documento contable
es;KWPM000160;10;GESTIÓN DE ACTIVOS FIJOS;Aviso de mantenimiento
es;KWPM000161;10;SERVICIO;Aviso de servicio
es;KWPM000260;10;GESTIÓN DE ACTIVOS FIJOS;Orden de mantenimiento
es;KWPM000260;20;GESTIÓN DE ACTIVOS FIJOS;Confirmación de orden de trabajo
es;KWPM000260;30;GESTIÓN DE ACTIVOS FIJOS;Orden de mantenimiento
es;KWPM000261;10;GESTIÓN DE ACTIVOS FIJOS;Orden de mantenimiento
es;KWPM000261;20;GESTIÓN DE ACTIVOS FIJOS;Confirmación de orden
es;KWPM000261;30;GESTIÓN DE ACTIVOS FIJOS;Orden de mantenimiento
es;KWPM000261;40;GESTIÓN DE ACTIVOS FIJOS / FINANZAS;Orden de liquidación
es;KWPM000262;10;SERVICIO;Orden de servicio al cliente 
es;KWPM000262;20;SERVICIO;Confirmación de orden
es;KWPM000262;30;SERVICIO;Orden de servicio al cliente 
es;KWPM000263;10;SERVICIO;Orden de servicio al cliente 
es;KWPM000263;20;SERVICIO;Confirmación de orden
es;KWPM000263;30;SERVICIO;Orden de servicio al cliente 
es;KWPM000263;40;SERVICIO / FINANZAS;Orden de liquidación
es;KWPM000264;10;GESTIÓN DE ACTIVOS FIJOS;Orden de mantenimiento
es;KWPM000264;20;CADENA DE SUMINISTRO;Stock de almacén
es;KWPM000264;30;APROVISIONAMIENTO;Pedido / Solicitud
es;KWPM000264;40;CADENA DE SUMINISTRO;Movimiento de mercancías
es;KWPM000265;10;SERVICIO;Orden de servicio al cliente 
es;KWPM000265;20;CADENA DE SUMINISTRO;Stock de almacén
es;KWPM000265;30;APROVISIONAMIENTO;Pedido / Solicitud
es;KWPM000265;40;CADENA DE SUMINISTRO;Movimiento de mercancías
es;KWPM000462;10;SERVICIO;Plan de mantenimiento
es;KWPM000462;20;SERVICIO;Orden de servicio
es;KWPM000462;30;SERVICIO;Contrato de servicios
es;KWQM000161;10;APROVISIONAMIENTO;Lote de inspección
es;KWQM000161;20;APROVISIONAMIENTO;Plan de inspección
es;KWQM000161;30;APROVISIONAMIENTO;Stock en inspección 
es;KWQM000161;40;APROVISIONAMIENTO;Características de inspección
es;KWQM000161;50;APROVISIONAMIENTO;Decisión de empleo
es;KWQM000162;10;FABRICACIÓN;Lote de inspección
es;KWQM000162;20;FABRICACIÓN;Plan de inspección
es;KWQM000162;30;FABRICACIÓN;Stock en inspección 
es;KWQM000162;40;FABRICACIÓN;Características de inspección
es;KWQM000162;50;FABRICACIÓN;Decisión de empleo
es;KWQM000163;10;FABRICACIÓN;Lote de inspección
es;KWQM000163;20;FABRICACIÓN;Hoja de ruta
es;KWQM000163;30;FABRICACIÓN;Características de inspección
es;KWQM000163;40;FABRICACIÓN;Decisión de empleo
es;KXEWM00260;10;CADENA DE SUMINISTRO;Orden de almacén
es;KXEWM00260;20;CADENA DE SUMINISTRO;Tarea de almacén
es;KWSERV0160;10;SERVICIO;Orden de servicio
es;KWSERV0160;20;SERVICIO;Confirmación de servicio
es;KWSERV0160;30;SERVICIO;Orden de servicio
es;KXEWM00460;10;CADENA DE SUMINISTRO;Entrega entrante
es;KXEWM00460;20;CADENA DE SUMINISTRO;Movimiento de mercancías
es;KXEWM00460;30;CADENA DE SUMINISTRO;Entrada en stock
es;KXEWM00461;10;CADENA DE SUMINISTRO;Entrega entrante
es;KXEWM00461;20;CADENA DE SUMINISTRO;Movimiento de mercancías
es;KXEWM00461;30;CADENA DE SUMINISTRO;Entrada en stock
es;KXEWM00560;10;CADENA DE SUMINISTRO;Orden de entrega de salida
es;KXEWM00560;20;CADENA DE SUMINISTRO;Picking
es;KXEWM00560;30;CADENA DE SUMINISTRO;Movimiento de mercancías
es;KXEWM00560;40;CADENA DE SUMINISTRO;Entrega de salida
es;KXEWM00860;10;CADENA DE SUMINISTRO;Notificación de entrega entrante
es;KXEWM00860;20;CADENA DE SUMINISTRO;Entrega entrante
es;KXEWM00860;30;CADENA DE SUMINISTRO;Movimiento de mercancías
es;KXEWM00860;40;CADENA DE SUMINISTRO;Entrada en stock
es;KXEWM00861;10;CADENA DE SUMINISTRO;Notificación de entrega entrante
es;KXEWM00861;20;CADENA DE SUMINISTRO;Entrega entrante
es;KXEWM00861;30;CADENA DE SUMINISTRO;Movimiento de mercancías
es;KXEWM00861;40;CADENA DE SUMINISTRO;Entrada en stock
es;KXEWM00862;10;CADENA DE SUMINISTRO;Solicitud de entrega saliente
es;KXEWM00862;20;CADENA DE SUMINISTRO;Orden de entrega de salida
es;KXEWM00862;30;CADENA DE SUMINISTRO;Picking
es;KXEWM00862;40;CADENA DE SUMINISTRO;Movimiento de mercancías
es;KXEWM00862;50;CADENA DE SUMINISTRO;Entrega de salida