locale;id;text
fr;ACC;Comptes
fr;ACTIONS;Actions
fr;BATCHES;Lots
fr;CHN;Modifications
fr;COMBN;Combinaisons
fr;COND;Conditions
fr;CUST;Clients
fr;DATES;Dates
fr;DAYS;Jours
fr;DOC;Documents
fr;DUMPS;Vidages de la mémoire
fr;ENTRIES;Entrées
fr;EXCEP;Exceptions
fr;FLD;Champs
fr;H;Heures
fr;ITEMS;Postes
fr;ITEMSSL;Postes d'échéance
fr;LEAVE_REQ;Demandes de congés
fr;MAT;Articles
fr;MESSAGES;Messages
fr;MIN;Minutes
fr;MS;Millisecondes
fr;NUMB_RANGE;Tranches de numéros
fr;OBJECTS;Objets
fr;PERCENT;Pourcentage
fr;QUANTS;Quants
fr;SEC;Secondes
fr;TRP;Déplacements
fr;TRP_REQ;Demandes de déplacement
fr;USE;Utilisations
fr;VEN;Fournisseurs
fr;VHCL;Véhicules