widgetTemplate_id;parameter_id;value
TREND_PF_KPSD000260_CTX_20_57;kpiId;KPSD000260
TREND_PF_KPSD000260_CTX_20_57;contextInformationId;CTX_20_57
TREND_PF_KFFI001060_CTX_20_30;kpiId;KFFI001060
TREND_PF_KFFI001060_CTX_20_30;contextInformationId;CTX_20_30
TREND_PPI_KPSD000207;kpiId;KPSD000207
TREND_PPI_KFFI001402;kpiId;KFFI001402
CORRECTION_RECOMMENDATIONS_REDUCE_LATE_CUST_PAY;improvementOpportunityId;REDUCE_LATE_CUST_PAY
ABOUT_WIDGET_REDUCE_LATE_CUST_PAY;improvementOpportunityId;REDUCE_LATE_CUST_PAY
TREND_PF_KPPURCH460_CTX_20_120;kpiId;KPPURCH460
TREND_PF_KPPURCH460_CTX_20_120;contextInformationId;CTX_20_120
TREND_PF_KPPURCH460_CTX_20_75;kpiId;KPPURCH460
TREND_PF_KPPURCH460_CTX_20_75;contextInformationId;CTX_20_75
TREND_PF_KFFI000960_CTX_20_70;kpiId;KFFI000960
TREND_PF_KFFI000960_CTX_20_70;contextInformationId;CTX_20_70
TREND_PF_KFFI000960_CTX_20_30;kpiId;KFFI000960
TREND_PF_KFFI000960_CTX_20_30;contextInformationId;CTX_20_30
CORRECTION_RECOMMENDATIONS_REDUCE_LATE_SUPP_PAY;improvementOpportunityId;REDUCE_LATE_SUPP_PAY
ABOUT_WIDGET_REDUCE_LATE_SUPP_PAY;improvementOpportunityId;REDUCE_LATE_SUPP_PAY