locale;id;text
en_US_sappsd;valueDriverAffected;[[[Ʋąĺűē Ďŗįʋēŗ Āƒƒēċţēƌ∙∙∙∙∙]]]
en_US_sappsd;rootCause;[[[Řŏŏţ Ĉąűşē∙∙∙∙]]]
en_US_sappsd;lmsId;[[[Ŝŏűŗċē Ŝŷşţēɱ∙∙∙∙∙∙]]]
en_US_sappsd;topX;[[[Ńűɱƃēŗ ŏƒ Ĕŋţŗįēş ŏŋ Ŵįƌğēţ∙∙∙∙∙∙∙∙]]]
en_US_sappsd;lobId;[[[Ļįŋē ŏƒ Ɓűşįŋēşş∙∙∙∙∙∙∙∙]]]
en_US_sappsd;businessProcessId;[[[Ĕŋƌ-ţŏ-Ĕŋƌ Ƥŗŏċēşş∙∙∙∙∙∙]]]
en_US_sappsd;recommendationCategoryId;[[[Ĭŋŋŏʋąţįŏŋ Řēċŏɱɱēŋƌąţįŏŋ Ĉąţēğŏŗŷ∙∙∙∙∙∙∙∙∙∙∙]]]
en_US_sappsd;kpiId;[[[Ƥēŗƒŏŗɱąŋċē Ĭŋƌįċąţŏŗ∙∙∙∙∙]]]
en_US_sappsd;timeAggregationType;[[[Ƥēŗįŏƌ ƒŏŗ Āŋąĺŷşįş∙∙∙∙∙]]]
en_US_sappsd;amountTimePeriod;[[[Ţįɱē Ƥēŗįŏƌ∙∙∙∙∙∙∙∙]]]
en_US_sappsd;kpiKindId;[[[Ƥēŗƒŏŗɱąŋċē Ĭŋƌįċąţŏŗ Ĉąţēğŏŗŷ∙∙∙∙∙∙∙∙∙]]]
en_US_sappsd;improvementOpportunityId;[[[Ĭɱρŗŏʋēɱēŋţ Ŏρρŏŗţűŋįţŷ∙∙∙∙∙∙]]]
en_US_sappsd;contextInformationId;[[[Ƥŗŏċēşş Ƒĺŏŵ Ɓĺŏċķēŗ∙∙∙∙]]]