locale;id;text
ko;CPACM00101;계약 작업 공간이 생성됨
ko;CPACM00102;유효일이 과거인 게시 취소된 계약 작업 공간
ko;CPACM00160;계약 작업 공간 생성부터 계약 게시까지
ko;CPAOP00110;생성된 구매 요청 항목
ko;CPAOP00111;지연된 구매 요청 항목
ko;CPAOP00112;오더 중 상태의 구매 요청 항목
ko;CPAOP00113;요구 납기일이 과거인 구매 요청 항목
ko;CPAOP00114;생성된 구매 오더 항목
ko;CPAOP00116;요구 납기일이 과거인 미결 구매 오더 항목
ko;CPAOP00117;제출된 공급업체 송장 항목
ko;CPAOP00118;처리되지 않은 예외가 있는 공급업체 송장 항목
ko;CPAOP00119;예외가 있지만 관련 구매 오더가 없는 공급업체 송장 항목
ko;CPAOP00160;구매 요청 항목 생성부터 구매 오더 항목 생성까지
ko;CPAOP00161;구매 오더 항목 생성부터 송장 수령 생성까지
ko;CPAOP00162;공급업체 송장 항목 생성부터 송장 항목 지급까지
ko;CPAOP00163;구매 오더 항목 생성부터(GR 제외) 송장 수령 생성까지
ko;CPASC00101;전체 소싱 프로젝트가 생성됨
ko;CPASC00102;전체 소싱 프로젝트가 취소됨
ko;CPASC00103;대기 중인 선정 이벤트가 포함된 전체 소싱 프로젝트
ko;CPASC00104;진행 중인 정보 요청(RFI) 소싱 이벤트
ko;CPASC00105;정보 요청(RFI) 소싱 이벤트가 취소됨
ko;CPASC00106;선택 대기 중 상태인 정보 요청(RFI) 소싱 이벤트
ko;CPASC00110;진행 중인 제안 요청(RFP) 소싱 이벤트
ko;CPASC00111;제안 요청(RFP) 소싱 이벤트가 취소됨
ko;CPASC00112;선택 대기 중 상태인 제안 요청(RFP) 소싱 이벤트
ko;CPASC00116;소싱 경매 이벤트 진행 중
ko;CPASC00117;소싱 경매 이벤트가 취소됨
ko;CPASC00118;상태가 선택 대기 중인 소싱 경매 이벤트
ko;CPASC00160;소싱 요청 생성부터 소싱 프로젝트 완료까지
ko;CPASC00161;소싱 프로젝트 생성부터 완료까지
ko;CPASC00163;정보 요청(RFI) 이벤트 생성부터 이벤트 완료까지
ko;CPASC00164;제안 요청(RFP) 이벤트 생성부터 이벤트 완료까지
ko;CPASC00165;소싱 경매 이벤트 생성부터 이벤트 완료까지
ko;CPASM00101;공급업체 요청이 생성됨
ko;CPASM00102;공급업체 등록이 생성됨
ko;CPASM00103;1개월 이상 승인 대기 중인 공급업체 등록
ko;CPASM00104;레거시 공급업체 심사 프로젝트 항목이 생성됨
ko;CPASM00105;1개월 이상 승인 대기 중인 레거시 공급업체 심사 프로젝트 항목
ko;CPASM00160;공급업체 요청 생성에서 공급업체 등록 승인까지
ko;CPASM00161;레거시 공급업체 심사 프로젝트 항목 생성에서 승인까지
ko;KBSRM00101;생성된 장바구니 항목
ko;KBSRM00102;승인 대기 중인 장바구니 항목
ko;KBSRM00103;후속 문서가 없는 장바구니 항목
ko;KBSRM00104;장바구니 내 변경사항
ko;KBSRM00160;장바구니 생성에서(승인 포함) 후속 항목 생성까지
ko;KBSRM00190;장바구니 항목의 제품 범주 사용
ko;KBSRM00191;장바구니 항목의 구매 그룹 사용
ko;KBSRM00192;장바구니 항목의 공급업체 사용(교차 구매 조직)
ko;KBSRM00193;장바구니 항목의 공급업체 사용(구매 조직별)
ko;KBSRM00194;SRM 문서의 거래 유형 사용
ko;KBSRM00201;SRM에서 생성된 구매 오더 항목
ko;KBSRM00202;승인 대기 중인 구매 오더 항목
ko;KBSRM00203;여전히 ERP 시스템으로 전송되고 있는 구매 오더 항목
ko;KBSRM00204;ERP 시스템으로 전송하는 데 실패한 구매 오더 항목
ko;KBSRM00205;구매 오더 변경사항
ko;KBSRM00301;SRM에서 생성된 확인 항목
ko;KBSRM00302;승인 대기 중인 확인 항목
ko;KBSRM00303;현재 전송 중인 확인 항목
ko;KBSRM00304;전송 오류가 있는 확인 항목
ko;KBSRM00305;확인 변경 사항
ko;KBSRM00401;SRM에서 생성된 송장 항목
ko;KBSRM00402;승인 대기 중인 송장 항목
ko;KBSRM00403;현재 전송 중인 송장 항목
ko;KBSRM00404;전송 오류가 있는 송장 항목
ko;KBSRM00405;송장 변경 사항
ko;KBSRM00601;구매 계약 항목이 생성됨
ko;KBSRM00602;구매 계약 변경 사항
ko;KBSRM00690;구매 문서의 계약 항목 사용
ko;KBSRM00701;입찰 초대 항목이 생성됨
ko;KBSRM00702;입찰 초대 변경 사항
ko;KBSRM00703;공급업체 입찰 항목이 생성됨
ko;KBSRM00760;입찰 초대 항목 생성에서 첫 번째 입찰 수락까지
ko;KBSRM00761;경매 항목 생성에서 첫 번째 입찰 수락까지
ko;KCSAL00190;CRM 문서의 거래 유형 사용
ko;KCSAL00201;생성된 비즈니스 액티비티
ko;KCSAL00202;"상태가 '미결' 또는 '진행 중'인 비즈니스 액티비티"
ko;KCSAL00501;생성된 리드
ko;KCSAL00504;"상태가 '미결' 또는 '진행 중'인 리드"
ko;KCSAL00601;생성된 기회
ko;KCSAL00604;"상태가 '미결' 또는 '진행 중'인 기회"
ko;KCSAL00660;기회 생성에서 기회 완료까지
ko;KCSAL00901;생성된 비즈니스 액티비티
ko;KCSAL00902;비즈니스 액티비티의 변경사항
ko;KCSAL00904;"상태가 '미결' 또는 '진행 중'인 비즈니스 액티비티"
ko;KCSAL01001;태스크 생성됨
ko;KCSAL01002;태스크의 변경사항
ko;KCSAL01004;"상태가 '미결' 또는 '진행 중'인 태스크"
ko;KFFI000104;재무 문서의 변경사항
ko;KFFI000105;취소된 재무 개별 항목
ko;KFFI000106;생성된 재무 문서
ko;KFFI000190;재무 문서 유형 사용(회사 코드 간)
ko;KFFI000191;재무 문서의 회사 코드 사용
ko;KFFI000193;회계 연도 및 회사 코드별 총계정원장 계정 사용 현황
ko;KFFI000202;기한 초과 및 미결 외상 매입금 항목
ko;KFFI000212;지급 방법 없는 미결 항목
ko;KFFI000213;공급업체의 전기가 방지된 미결 항목
ko;KFFI000214;지급 방지된 미결 항목
ko;KFFI000215;공급업체의 지급이 방지된 미결 항목
ko;KFFI000216;공급업체에 은행 계좌 정보가 누락된 미결 항목
ko;KFFI000217;공급업체에 주소 정보가 누락된 미결 항목
ko;KFFI000302;기한 초과 및 미결 외상 매출금 항목
ko;KFFI000310;고객에게 독촉 절차가 지정되지 않은 미결 항목
ko;KFFI000311;다른 독촉 실행에서 고객이 방지된 미결 항목
ko;KFFI000312;고객에 대한 독촉이 방지된 미결 항목
ko;KFFI000313;독촉 방지된 미결 항목
ko;KFFI000405;지급 실행 중 오류
ko;KFFI000406;회사 코드별 지급 실행
ko;KFFI000409;지급 실행이 없는 회사 코드
ko;KFFI000501;완전히 전기되지 않은 전자 은행 계좌 명세서
ko;KFFI000502;완전히 전기되지 않은 전자 은행 계좌 명세서 항목
ko;KFFI000504;하루에 임포트하는 전자 은행 계좌 명세서
ko;KFFI000705;총계정원장 계정의 미결 항목(집계)
ko;KFFI000706;미결 입고/송장 수령 임시 계정의 미결 항목
ko;KFFI000790;청산 규칙이 없는 미결 항목 관리 계정
ko;KFFI000940;자동화율: 공급업체 송장 반제
ko;KFFI000960;FI-AP 반제를 위한 공급업체 송장 발행(구매 오더 없이)
ko;KFFI000961;FI-AP 반제를 위한 공급업체 송장 발행(중앙 재무)
ko;KFFI001040;자동화율: 고객 송장 반제
ko;KFFI001060;FI-AR 반제를 위한 고객 송장 발행(판매 없이)
ko;KFFI001061;FI-AR 반제를 위한 고객 송장 발행(중앙 재무)
ko;KFFI001201;일정 관리자: 런타임 및 상태
ko;KFFI001303;마지막 변경일이 과거인 미결 분쟁 케이스
ko;KFFI001402;지급 약속 날짜가 과거인 미결 지급 약속 케이스
ko;KFFI001501;원가계산 실행 중 오류
ko;KFFI001502;CK11N 트랜잭션으로 원가 계산 중 오류
ko;KFFI001601;제조 오더에 대한 WIP 계산 중 오류
ko;KFFI001602;제조 오더에 대한 차이 계산 중 오류
ko;KFFI001603;제조 오더 실제 결산 중 오류
ko;KFFI001605;유지보수/내부 오더 실제 결산 중 오류
ko;KFFI001609;WBS 요소/네트워크 오더 실제 결산 중 오류
ko;KFFI001701;확인 결과 잘못된 원가 계산
ko;KFFI001801;감가상각 실행 중 오류
ko;KFFI001802;비활성화되지 않은 건설 중 자산
ko;KFFI001803;전기가 없는 자산
ko;KFFI001804;불완전한 자산의 누락 필드
ko;KFFI001805;취득 원가 및 생산 원가의 주기적 전기 중 오류
ko;KFFI001806;생성된 자산 마스터
ko;KFFI001807;자산 마스터 데이터 변경사항
ko;KFFI001808;1년 후에도 여전히 활성 상태인 소액 자산
ko;KFFI001860;자산 마스터 생성(건설 중 자산)부터 비활성화까지
ko;KFFI001861;자산 마스터 생성(감가상각 포함)부터 비활성화까지
ko;KFFI001890;자산 클래스 사용(회사 코드 간)
ko;KFFI001891;자산 클래스 사용(회사 코드별)
ko;KFFI001960;공익사업 송장 생성부터 계약 회계의 반제까지(FI-CA)
ko;KFFI002003;오더에 지정된 기한 초과 구매 오더 약정 항목
ko;KFFI002004;프로젝트에 지정된 기한 초과 구매 오더 약정 항목
ko;KFFI002005;판매에 지정된 기한 초과 구매 오더 약정 항목
ko;KFFI002260;통합 송장 생성부터 계약 회계의 반제까지(FI-CA)
ko;KFFI002305;생성되었으나 릴리즈되지 않은 내부 오더
ko;KFFI002306;릴리스되었지만 기술적으로 완료되지 않은 내부 오더
ko;KFFI002308;내부 오더 변경사항
ko;KFFI002309;최근 정산이 없는 제품 원가 취합처
ko;KFFI002360;제품 원가 취합처 생성부터 1차 정산까지
ko;KFFI002395;내부 오더의 오더 유형 사용
ko;KFFI002501;회사 코드별 독촉 실행
ko;KFFI002601;통합 송장 발행 기한이 지난 청구 문서
ko;KFFI002602;잠긴 계약 계정이 있어서 기한이 초과된 통합 송장 발행
ko;KFFI002603;잠긴 프로바이더 계약이 있어서 기한이 초과된 통합 송장 발행
ko;KFFI002604;송장 발행이 잠긴 공급자 계약
ko;KFFI002605;생성된 청구 문서 항목
ko;KFFI002606;생성된 송장 문서 항목
ko;KFFI002607;통합 송장 발행 기한이 지난 판매 대금 청구 문서
ko;KFFI002660;프로바이더 계약 생성부터 첫 번째 송장 발행까지
ko;KFFI002801;부동산 계약 생성됨
ko;KFFI002802;부동산 계약 변경사항
ko;KFFI002803;부동산 계약이 활성화되지 않음
ko;KIAUT00101;오더 종료일이 과거인 확정 계획 오더(PE)
ko;KIAUT00102;오더 종료일이 과거인 미확정 계획 오더(PE)
ko;KIAUT00103;과거 MRP 리스트가 포함된 계획 오더(PE)
ko;KIAUT00160;실행 일정 수량 기본 시작일(구성요소별)부터 기본 종료일까지
ko;KIAUT00190;반복 제조의 생산 버전 사용
ko;KIAUT00301;반복 제조에서의 실패한 상품 이동(단일 입력 항목)
ko;KIAUT00302;반복 제조에서의 실패한 상품 이동(일괄 입력 항목)
ko;KIISU00101;"상태가 '청구 가능'인 기한 초과 공익사업 청구 오더"
ko;KIISU00102;"상태가 '청구 불가'인 기한 초과 공익사업 청구 오더"
ko;KIISU00103;검침 문서 없는 기한 초과 공익사업 청구 오더
ko;KIISU00104;논리적 장치 없는 기한 초과 공익사업 청구 오더
ko;KIISU00160;공익사업 계약 생성부터 첫 번째 미결 항목 반제까지
ko;KIISU00161;공익사업 청구 오더 생성(청구 불가능)부터 예정 청구일까지
ko;KIISU00162;공익사업 청구 오더 생성(청구 가능)부터 예정 청구일까지
ko;KIISU00201;기한 초과된 공익사업 송장 발행 오더(청구 문서)
ko;KIISU00203;릴리스되지 않은 공익사업 송장 발행 오더(청구 문서)
ko;KIISU00204;공익사업 청구 문서 역분개
ko;KIISU00205;릴리스된 아웃소트된 공익사업 청구 문서
ko;KIISU00260;공익사업 청구 문서 생성부터 인쇄 문서 생성까지
ko;KIISU00261;아웃소트된 공익사업 청구 문서 생성부터 송장 인쇄까지
ko;KIISU00302;기한 초과된 인쇄 트리거가 있는 공익사업 송장
ko;KIISU00304;공익사업 인쇄 문서 역분개
ko;KIISU00305;릴리스된 아웃소트된 공익사업 인쇄 문서
ko;KIISU00306;릴리스 기한이 지난 공익사업 인쇄 문서
ko;KIISU00360;공익사업 인쇄 문서 생성부터 미결 항목 반제까지
ko;KIISU00361;아웃소트된 공익사업 인쇄 문서 생성부터 미결 항목 반제까지
ko;KIPSM00101;생성된 목적 자금
ko;KIPSM00102;생성된 목적 자금 항목
ko;KIPSM00103;미결 및 기한 초과 목적 자금 항목
ko;KIPSM00104;미결 목적 자금 항목
ko;KIPSM00105;변경사항부터 목적 자금까지
ko;KIPSM00106;방지된 목적 자금 항목
ko;KIRET00460;물류 센터에서 매장까지 회사 내부 보충
ko;KIRET00461;물류 센터에서 물류 센터까지 회사 내부 보충
ko;KIRET00462;매장에서 매장까지 회사 내부 보충
ko;KIRET00463;매장에서 물류 센터까지 회사 내부 보충
ko;KIRET00464;물류 센터에서 매장까지 회사 간 보충
ko;KIRET00465;물류 센터에서 물류 센터까지 회사 간 보충
ko;KIRET00466;매장에서 매장까지 회사 간 보충
ko;KIRET00467;매장에서 물류 센터까지 회사 간 보충
ko;KIRET00560;물류 센터로 조달(계정 지정 없이)
ko;KIRET00561;매장로 조달(계정 지정 없이)
ko;KIRET00562;물류 센터로 조달(계정 지정 사용)
ko;KIRET00563;매장로 조달(계정 지정 사용)
ko;KIRET00601;매장 리스트 없이 릴리스된 물품
ko;KIRET00602;물류 센터 리스트 없이 릴리스된 물품
ko;KIRET00603;구매 정보 레코드가 없는 물품
ko;KITM000101;생성된 운송 요청
ko;KITM000201;생성된 운송 오더
ko;KPCONF0110;생산 오더 확인 중 실패한 상품 이동
ko;KPCONF0120;네트워크 오더 확인 중 실패한 상품 이동
ko;KPCONF0130;PM/CS 오더 확인 중 실패한 상품 이동
ko;KPCONF0140;프로세스 오더 확인 중 실패한 상품 이동
ko;KPCONF0401;생산 오더 확인
ko;KPCONF0402;프로세스 오더 확인
ko;KPCONF0403;공장 유지보수 오더 확인
ko;KPCONF0405;고객 서비스 오더 확인
ko;KPGR000101;전기된 출하 상품 이동
ko;KPGR000102;전기된 입하 상품 이동
ko;KPIM000101;가용 재고의 재고 수준
ko;KPIM000105;판매 오더 재고의 재고 수준
ko;KPIM000106;고객 위탁 재고의 재고 수준
ko;KPIM000107;프로젝트 재고의 재고 수준
ko;KPIM000108;가용 재고의 재고 수준(배치 수준)
ko;KPIM000115;공급업체에 제공되는 재고의 재고 수준
ko;KPIM000160;판매 가능 자재 재고 수준(배치 관리 안 됨)
ko;KPIM000161;판매 가능 자재 재고 수준(배치 관리됨)
ko;KPIM000162;원자재 및 반제품 재고 수준(배치 관리 안 됨)
ko;KPIM000163;원자재 및 반제품 재고 수준(배치 관리됨)
ko;KPLE000110;출고 전기 기한이 지난 출하
ko;KPLE000111;입고 전기 기한이 지난 입하
ko;KPLE000120;생성된 입하
ko;KPLE000121;생성된 출하
ko;KPLE000171;출력 처리가 있는 납품(매체별)
ko;KPLE000190;MM부터 LE까지의 문서 흐름 업데이트
ko;KPLE000204;완전히 처리되지 않은 선적 비용 품목
ko;KPLE000205;아직 완료되지 않은 아웃바운드 선적
ko;KPLE000206;아직 완료되지 않은 인바운드 선적
ko;KPLE000207;선적 변경사항
ko;KPLE000305;선적되었고 청구 기한이 지난 납품 항목
ko;KPLE000307;납품 변경사항
ko;KPLE000360;출하 항목 생성부터 출고 전기까지
ko;KPLE000361;출하 항목 생성부터 출고 전기까지(이전(이동) 오더)
ko;KPLE000362;입하 항목 생성부터 입고 전기까지
ko;KPMRP00108;종료 기본 일자가 과거인 계획 오더(LA/KD)
ko;KPMRP00109;판매에 지정된 기한 초과 계획 오더
ko;KPMRP00201;MRP 영역 계획 파일 - 삭제 대상 표시된 자재
ko;KPMRP00202;MRP 영역 계획 파일 - 상태가 계획을 허용하지 않습니다
ko;KPMRP00205;MRP 계획 파일 - 삭제 대상 표시된 자재
ko;KPMRP00206;MRP 계획 파일 자재 - 상태가 계획을 허용하지 않습니다
ko;KPMRP00260;지난주 MRP가 처리한 자재 데이터
ko;KPPP000101;릴리스 기한이 지난 생산 오더
ko;KPPP000103;납품 완료 기한이 지난 생산 오더
ko;KPPP000106;기본 종료일이 지나고 삭제 플래그가 없는 생산 오더
ko;KPPP000107;생성된 생산 오더
ko;KPPP000108;1차 확인 없이 릴리스된 생산 오더
ko;KPPP000111;소비 기한이 지난 생산 오더 구성요소
ko;KPPP000121;판매에 지정된 기한 초과 생산 오더
ko;KPPP000122;생산 오더별 모든 상태 변경
ko;KPPP000142;자동화율: 생산 오더 기술적 완료
ko;KPPP000242;자동화율: 프로세스 오더 기술적 완료
ko;KPPP000160;생산 오더 생성부터 기술적 완료까지
ko;KPPP000161;생산 오더 생성부터 1차 정산까지
ko;KPPP000162;생산 오더 구성요소 생성부터 출고 전기까지
ko;KPPP000163;생산 오더 구성요소 생성부터 입고까지(직접 조달 사용)
ko;KPPP000164;생산 오더 작업 생성부터 실행 종료까지
ko;KPPP000190;생산 오더의 오더 유형 사용(공장 간)
ko;KPPP000192;조립 제조의 라우팅 사용(자재/공장별)
ko;KPPP000195;조립 제조의 생산 버전 사용(자재/공장별)
ko;KPPP000201;릴리스 기한이 지난 프로세스 오더
ko;KPPP000203;납품 완료 기한이 지난 프로세스 오더
ko;KPPP000206;기본 종료일이 지나고 삭제 플래그가 없는 프로세스 오더
ko;KPPP000207;생성된 프로세스 오더
ko;KPPP000208;1차 확인 없이 릴리스된 프로세스 오더
ko;KPPP000211;소비 기한이 지난 프로세스 오더 구성요소
ko;KPPP000222;판매에 지정된 기한 초과 프로세스 오더
ko;KPPP000223;프로세스 오더별 모든 상태 변경
ko;KPPP000260;프로세스 오더 생성부터 기술적 완료까지
ko;KPPP000261;프로세스 오더 생성부터 1차 정산까지
ko;KPPP000262;프로세스 오더 구성요소 생성부터 출고 전기까지
ko;KPPP000263;프로세스 오더 구성요소 생성부터 입고까지(직접 조달 사용)
ko;KPPP000264;프로세스 오더 작업 생성부터 실행 종료까지
ko;KPPP000290;프로세스 오더의 오더 유형 사용(공장 간)
ko;KPPP000292;프로세스 제조의 마스터 레서피 사용(자재/공장별)
ko;KPPP000295;프로세스 제조의 생산 버전 사용(자재/공장별)
ko;KPPP000409;MRP 리스트 오류 메시지가 있는 자재
ko;KPPP000410;자재별로 취소할 MRP 요소
ko;KPPP000411;자재별로 일정을 조정할 MRP 요소
ko;KPPROJ0105;예약된 종료일이 지나고 삭제 플래그가 없는 네트워크 오더
ko;KPPROJ0190;네트워크 오더의 오더 유형 사용(공장 간)
ko;KPPROJ0205;수준별 WBS 요소 완료로 릴리스된 프로젝트
ko;KPPROJ0302;WBS 요소가 릴리스되었지만 기술적으로 완료되거나 종료되지 않음
ko;KPPROJ0305;릴리스된 WBS 요소별 모든 상태 변경
ko;KPPROJ0360;WBS 요소 생성(투자 프로파일 없이)부터 마감까지
ko;KPPROJ0361;WBS 요소 생성(투자 프로파일 포함)부터 마감까지
ko;KPPURCH201;생성된 구매 오더 항목
ko;KPPURCH203;미결 및 기한이 지난 구매 오더 항목
ko;KPPURCH204;불완전한 구매 오더의 오류
ko;KPPURCH207;최종 송장 지시자가 없는 구매 오더 항목
ko;KPPURCH212;송장 이후 생성된 구매 오더 항목
ko;KPPURCH221;구매 오더 변경사항
ko;KPPURCH222;계약 참조 없이 생성된 구매 오더 항목
ko;KPPURCH223;확인 없는 기한 초과 구매 오더 항목
ko;KPPURCH225;기한 초과 입하 항목이 있는 미결 구매 오더 항목
ko;KPPURCH228;기한 초과된 MRP 관련 공급업체 확인
ko;KPPURCH242;사용자가 생성한 구매 오더(기본값 확인용)
ko;KPPURCH260;구매 오더 항목 생성부터 GR/IR 반제까지
ko;KPPURCH261;구매 오더 항목 생성(계정 지정 없이)부터 송장 수령 생성까지
ko;KPPURCH263;오더-송장 프로세스에 연결된 회사 간 구매 오더 항목
ko;KPPURCH265;구매 오더 항목 생성(GR 없이)부터 FI-AP 반제까지
ko;KPPURCH266;구매 오더 항목 생성(외주)부터 송장 수령 생성까지
ko;KPPURCH267;구매 오더 품목 생성부터 서비스 입력 시트 송장 발행까지
ko;KPPURCH268;구매 오더 항목 생성(계정 지정 사용)부터 송장 수령 생성까지
ko;KPPURCH273;출력 처리가 있는 구매 오더(매체별)
ko;KPPURCH290;"구성 검사: '납품 완료' 제안"
ko;KPPURCH297;구매 문서의 가격결정 절차 사용(교차 구매 조직)
ko;KPPURCH298;구매 문서 유형 사용(회사 코드 간)
ko;KPPURCH301;생성된 구매 요청 항목
ko;KPPURCH303;미결 및 기한이 지난 구매 요청 항목
ko;KPPURCH309;구매 요청 변경사항
ko;KPPURCH360;구매 요청 항목 생성부터 구매 오더 항목 생성까지
ko;KPPURCH362;재고 운송 요청 항목 생성부터 재고 운송 오더 항목 생성까지
ko;KPPURCH404;생성된 공급업체 송장
ko;KPPURCH409;기한 초과 FI-AP 항목이 있는 방지된 공급업체 송장 항목
ko;KPPURCH411;기한 초과 FI-AP 항목이 있는 공급업체 송장
ko;KPPURCH412;공급업체 송장 변경사항
ko;KPPURCH413;취소된 공급업체 송장
ko;KPPURCH460;공급업체 송장 발행(구매 오더 포함)부터 FI-AP 반제까지
ko;KPPURCH508;납품 전 점검 실행 중 뚜렷한 오류(재고 운송 오더)
ko;KPPURCH560;재고 운송 오더 항목 생성(납품 없음)부터 GR까지
ko;KPPURCH561;재고 운송 오더 항목 생성(납품 있음)부터 GR까지
ko;KPPURCH562;회사 간 재고 운송 오더 항목 생성부터 FI-AR 반제까지
ko;KPPURCH609;기한이 지난 구매 일정 계약 일정 라인
ko;KPPURCH610;MRP 리스트가 있는 기한이 지난 구매 일정
ko;KPPURCH660;일정 계약 항목 생성부터 유효 기간 종료까지
ko;KPPURCH661;구매 수량 계약 항목 생성부터 유효 기간 종료까지
ko;KPPURCH662;구매 금액 계약 항목 생성부터 유효 기간 종료까지
ko;KPPURCH701;서비스 입력 시트가 없는 구매 오더 품목 열기
ko;KPPURCH702;수락되지 않은 서비스 입력 시트
ko;KPPURCH703;최종 입력이 없는 서비스 입력 시트
ko;KPPURCH704;서비스 입력 시트 변경사항
ko;KPSD000133;생성된 판매 문서
ko;KPSD000171;출력 처리가 있는 판매 문서(매체별)
ko;KPSD000190;판매 문서 유형 사용(교차 판매 영역)
ko;KPSD000194;판매 문서의 가격결정 절차 사용(교차 판매 조직)
ko;KPSD000195;문서 범주별 오더 사유 사용
ko;KPSD000201;회계에 전기되지 않은 판매 송장
ko;KPSD000207;출력 메시지가 없는 판매 대금 청구 문서
ko;KPSD000208;미결 FI-AR 항목이 포함된 판매 송장
ko;KPSD000215;판매 송장 취소
ko;KPSD000216;청구 전 점검 실행 중 뚜렷한 오류
ko;KPSD000217;판매 대금 청구 문서 변경사항
ko;KPSD000218;생성된 판매 대금 청구 문서
ko;KPSD000260;판매 대금 청구 문서 생성부터 FI-AR 반제까지
ko;KPSD000271;출력 처리가 있는 청구 문서(매체별)
ko;KPSD000292;판매 대금 청구 문서의 가격결정 절차 사용(교차 판매 조직)
ko;KPSD000293;판매 대금 청구 문서의 청구 유형 사용(교차 판매 조직)
ko;KPSD000303;기한 초과된 판매 일정 개별 항목
ko;KPSD000304;요청한 납품일에 대해 처음에 승인되지 않은 일정 라인
ko;KPSD000306;불완전한 판매 문서 항목의 누락 필드
ko;KPSD000307;거부된 판매 문서 항목
ko;KPSD000319;청구되지 않고 기한 초과된 청구 계획 날짜
ko;KPSD000321;청구 기한이 지난 판매 문서 항목
ko;KPSD000322;미결 및 일정이 조정된 판매 일정 개별 항목
ko;KPSD000323;판매 문서 항목의 수동 조건 변경
ko;KPSD000324;판매 문서의 변경사항
ko;KPSD000326;납품 전 점검 실행 중 뚜렷한 오류(판매)
ko;KPSD000327;판매 문서의 삭제된 항목
ko;KPSD000360;판매 오더 항목 생성부터 출하 항목 생성까지
ko;KPSD000361;판매 오더 항목 생성부터 판매 송장 항목 생성까지
ko;KPSD000362;판매 오더 항목 생성부터 FI-AR 항목 반제까지
ko;KPSD000363;서드 파티 판매 오더 항목 생성부터 판매 송장 항목 생성까지
ko;KPSD000364;판매 오더 항목(PTO)부터 판매 송장 항목까지
ko;KPSD000365;판매 오더 항목(MTO)부터 판매 송장 항목까지
ko;KPSD000366;회사 간 판매 오더 항목 생성부터 FI-AP 항목 반제까지
ko;KPSD000367;판매 오더 항목 생성(오더 관련 청구)부터 FI-AR 항목 반제까지
ko;KPSD000368;견적 항목 생성부터 판매 오더 항목 생성까지
ko;KPSD000369;판매 오더 항목 생성(재고에서 판매)부터 납품 생성까지
ko;KPSD000380;반품 오더 항목 생성부터 입고 전기까지
ko;KPSD000392;항목 범주별 거부 사유 사용
ko;KPSD000460;차변 메모 요청 항목 생성부터 FI-AR 항목 반제까지
ko;KPSD000462;대변 메모 요청 항목 생성부터 FI-AR 항목 반제까지
ko;KPWM000403;창고 관리에서 저회전 퀀트
ko;KWMD000107;자재 마스터 데이터 변경사항
ko;KWMD000109;제조 시 자재 마스터 데이터 사용(공장별)
ko;KWMD000110;조달 시 자재 마스터 데이터 사용(공장별)
ko;KWMD000160;공장별 자재 마스터 데이터 생성부터 1차 생산 오더 납품까지
ko;KWMD000161;공장별 자재 마스터 데이터 생성부터 1차 프로세스 오더 납품까지
ko;KWMD000203;고객 마스터 데이터 변경사항
ko;KWMD000204;판매 대금 청구 문서의 고객 마스터 데이터 사용(교차 판매 영역)
ko;KWMD000205;판매 대금 청구 문서의 고객 마스터 데이터 사용(판매 영역별)
ko;KWMD000206;FI-AR에서의 고객 마스터 데이터 사용(회사 코드별)
ko;KWMD000207;FI-AR에서의 고객 마스터 데이터 사용(회사 코드 간)
ko;KWMD000260;고객 마스터 데이터 생성부터 첫 번째 미결 항목 반제까지
ko;KWMD000309;공급업체 마스터 데이터 변경사항
ko;KWMD000311;구매 문서의 공급업체 마스터 데이터 사용(교차 구매 조직)
ko;KWMD000312;구매 문서의 공급업체 마스터 데이터 사용(구매 조직별)
ko;KWMD000313;FI-AP에서의 공급업체 마스터 데이터 사용(회사 코드별)
ko;KWMD000314;FI-AP에서의 공급업체 마스터 데이터 사용(회사 코드 간)
ko;KWMD000315;구매 문서의 구매 정보 레코드 사용(교차 구매 조직)
ko;KWMD000360;공급업체 마스터 데이터 생성부터 첫 번째 미결 항목 반제까지
ko;KWMD000501;FI-AP 송장의 지급 조건 사용(회사 코드별)
ko;KWMD000502;FI-AP 송장의 지급 조건 사용(회사 코드 간)
ko;KWMD000503;FI-AR 송장의 지급 조건 사용(회사 코드별)
ko;KWMD000504;FI-AR 송장의 지급 조건 사용(회사 코드 간)
ko;KWPM000115;생성된 공장 유지보수 통지
ko;KWPM000116;생성된 고객 서비스 통지
ko;KWPM000117;미결 및 기한이 지난 공장 유지보수 통지
ko;KWPM000118;미결 및 기한이 지난 고객 서비스 통지
ko;KWPM000119;대기 중인 공장 유지보수 통지
ko;KWPM000120;대기 중인 고객 서비스 통지
ko;KWPM000160;공장 유지보수 통지 생성부터 통지 완료까지
ko;KWPM000161;고객 서비스 통지 생성부터 통지 완료까지
ko;KWPM000203;생성된 공장 유지보수 오더
ko;KWPM000204;생성된 고객 서비스 오더
ko;KWPM000215;공장 유지보수 오더별 모든 상태 변경
ko;KWPM000216;고객 서비스 오더별 모든 상태 변경
ko;KWPM000217;릴리스 기한이 지난 공장 유지보수 오더
ko;KWPM000218;릴리스 기한이 지난 고객 서비스 오더
ko;KWPM000219;릴리스되었고 기술적 완료 기한이 지난 공장 유지보수 오더
ko;KWPM000220;릴리스되었고 기술적 완료 기한이 지난 고객 서비스 오더
ko;KWPM000221;정산되지 않은 공장 유지보수 오더
ko;KWPM000222;정산되지 않은 고객 서비스 오더
ko;KWPM000260;공장 유지보수 오더 생성부터 오더 종결까지
ko;KWPM000261;공장 유지보수 오더 생성부터 오더 정산까지
ko;KWPM000262;고객 서비스 오더 생성부터 오더 종결까지
ko;KWPM000263;고객 서비스 오더 생성부터 오더 정산까지
ko;KWPM000264;공장 유지보수 오더 구성요소 생성부터 출고 전기까지
ko;KWPM000265;고객 서비스 오더 구성요소 생성부터 출고 전기까지
ko;KWPM000290;PM/CS 오더의 오더 유형 사용(공장 간)
ko;KWPM000462;유지보수 계획 항목 생성에서 서비스 계약 종료까지
ko;KWQM000101;미처리 수량이 있는 검사 로트
ko;KWQM000102;최종 판정이 없는 검사 로트
ko;KWQM000103;검사 완료가 없는 검사 로트
ko;KWQM000161;구매부터 최종 판정까지 입고 검사를 위한 로트 생성
ko;KWQM000162;제조부터 최종 판정까지 입고 검사를 위한 로트 생성
ko;KWQM000163;제조부터 최종 판정까지 기간 중 프로세스 내 검사를 위한 로트 생성
ko;KWSERV0101;서비스 오더가 생성됨
ko;KWSERV0102;서비스 견적이 생성됨
ko;KWSERV0103;서비스 확인이 생성됨
ko;KWSERV0104;서비스 요청이 생성됨
ko;KWSERV0105;서비스 계약이 생성됨
ko;KWSERV0106;솔루션 오더가 생성됨
ko;KWSERV0160;서비스 오더 생성부터 서비스 오더 완료까지
ko;KXEWM00101;릴리스 기한이 지난 웨이브
ko;KXEWM00102;결함이 있는 채 릴리스된 웨이브
ko;KXEWM00201;확정 기한이 지난 창고 오더
ko;KXEWM00202;확정된 창고 오더
ko;KXEWM00203;생성된 창고 오더
ko;KXEWM00260;창고 오더 생성부터 확인까지
ko;KXEWM00301;확정 기한이 지난 창고 태스크
ko;KXEWM00302;확정 기한이 지난 보충 태스크
ko;KXEWM00303;생성된 창고 태스크 항목
ko;KXEWM00304;확정된 창고 태스크 항목
ko;KXEWM00305;예외 코드가 있는 확정된 창고 태스크 항목
ko;KXEWM00390;확인된 창고 태스크의 예외 코드 사용(창고별)
ko;KXEWM00401;반입이 완료되지 않은 기한 초과된 입하 항목
ko;KXEWM00402;입고가 완료되지 않은 기한 초과된 입하 항목
ko;KXEWM00403;EWM에서 생성된 입하 항목
ko;KXEWM00404;EWM의 입하 항목에 대한 입고 전기
ko;KXEWM00460;입하 항목 생성(구매 문서용)부터 반입 완료까지
ko;KXEWM00461;입하 항목 생성(제조용)부터 반입 완료까지
ko;KXEWM00490;입하 항목의 프로세스 코드 사용
ko;KXEWM00501;피킹 기한이 지난 출하 오더 항목
ko;KXEWM00502;출고 전기 기한이 지난 출하 오더 항목
ko;KXEWM00503;생성된 출하 오더 항목
ko;KXEWM00504;출하 오더 항목에 대한 출고 전기
ko;KXEWM00560;출하 오더 항목 생성(판매 문서용)부터 배송 생성까지
ko;KXEWM00590;출하 오더 항목의 프로세스 코드 사용
ko;KXEWM00701;EWM에서 출고 전기 기한이 지난 출하 항목
ko;KXEWM00702;EWM에서 생성된 출하 항목
ko;KXEWM00860;입하 통지 항목 생성(구매 문서용)부터 반입 완료까지
ko;KXEWM00861;입하 통지 항목 생성(생산용)부터 반입 완료까지
ko;KXEWM00862;출하 요청 항목 생성(판매 문서용)부터 배송 생성까지
ko;KXEWM00901;이동되지 않은 가용 무제한 사용 재고
ko;KXEWM00902;이동되지 않은 이용 가능한 방지된 재고
ko;KXEWM00903;이동되지 않은 사용 가능한 품질 검사 재고