solutionProcessFlowDiagramId;solutionProcessFlowDiagramName
SPFD-133;BFH - Asset Under Construction
SPFD-138;BJE - Make-to-Order Production - Finished Goods Sales and Final Assembly
SPFD-141;BME - Stock Transfer with Delivery
SPFD-142;BMH - Stock Transfer without Delivery
SPFD-143;BMY - Subcontracting
SPFD-144;BNA - Period-End Closing - Projects
SPFD-163;BF7 - Period-End Closing - Maintenance Orders
SPFD-165;18J - Requisitioning
SPFD-168;1BM - Make-to-Order Production - Semifinished Goods Planning and Assembly
SPFD-169;1EZ - Credit Memo Processing
SPFD-170;1F1 - Debit Memo Processing
SPFD-185;BKP - 01 - Customer Returns Management
SPFD-187;I9I - Down payments in sales quantity contracts
SPFD-202;1E1 - Within Production Process
SPFD-203;1E1 - Goods Receipt from Production
SPFD-212;1FM - Regular Quality Inspection Process
SPFD-222;1HO - Intercompany Sales Order Processing - Domestic
SPFD-342;22Z - Procurement of Services
SPFD-414;2TX - Direct Procurement with Inbound Delivery
SPFD-450;3NI - 02 - Procurement for Service Management (External Workforce)
SPFD-469;BD3 - 01 - Sales Processing using Third-Party with Shipping Notification
SPFD-477;BD9 - 01 - Sell from Stock
SPFD-480;BDD - Lean Customer Returns
SPFD-481;BDG - Sales Quotation
SPFD-483;BDK - 01 - Sales Processing using Third-Party without Shipping Notification
SPFD-485;BDN - Sales of Non-Stock Item with Order-Specific Procurement
SPFD-486;BDQ - Invoice Correction Process with Debit Memo
SPFD-489;BEI - Period-End Closing - Plant
SPFD-492;BJ8 - Make-to-Stock - Process Manufacturing Based on Process Order
SPFD-500;BKL - Invoice Correction Process with Credit Memo
SPFD-504;BMC - 02 - Core Inventory Management
SPFD-506;BMD - Purchase Contract
SPFD-507;BMK - Return to Supplier
SPFD-509;BMR - 01 - Scheduling agreement with Release doc for Standard Procurement
SPFD-511;BMR - 03 - Scheduling agreement w EDI integration
SPFD-512;BNX - Consumable Purchasing
SPFD-513;J44 - Material Requirements Planning Main scenario
SPFD-517;J45 - Procurement of Direct Materials
SPFD-550;J59 - 01 - Main
SPFD-576;J62 - 05 - Asset Accounting - Month-End-Closing
SPFD-644;1MX - Intercompany Sales Order Processing - International
SPFD-651;1NT - Project Control - Finance
SPFD-661;1P9 - Intercompany Stock Transfer - Domestic
SPFD-734;2EQ - Sale of Services
SPFD-811;2VJ - SAP EWM Integration - Inbound Processing from Supplier
SPFD-812;2VK - SAP EWM Integration - Outbound Processing to Customer
SPFD-814;2VM - SAP EWM Integration - Delivery-Based Production Integration
SPFD-867;3BR - Warehouse Inbound Processing
SPFD-874;3D2 - 01 - Fixed Price Services
SPFD-875;3DV - Warehouse Production Integration
SPFD-877;3F0 - Event-Based Production Cost Posting
SPFD-955;3OK - Make-to-Order Production - Process Manufacturing
SPFD-1002;4GA - Service Quotation
SPFD-1009;4HI - Proactive Maintenance
SPFD-1028;4X5 - Recurring Services
SPFD-1046;5HL - Sell from Stock - Consumer Products
SPFD-1081;4VT - Improvement Maintenance
SPFD-1082;4WM - Operational Maintenance
SPFD-1083;4WM - Overhead Maintenance
SPFD-1090;5D2 - Advanced Intercompany Sales
SPFD-1091;5HP - Advanced Intercompany Stock Transfer
SPFD-1209;J62 - 05 - Asset Accounting - Month-End-Closing
SPFD-2208;J60 - 01 - Main
SPFD-3522;3XK - In-House Repair
SPFD-3588;5FM - Procurement for Retail
SPFD-3616;5FV - Outbound Logistics for Distribution Centers
SPFD-3750;61V - Customer Returns Management - Consumer Products
SPFD-3831;3BS - Warehouse Outbound Processing
SPFD-4366;BJ5 - Make-to-Stock Production for Collective Orders - Discrete Manufacturing
SPFD-4643;BJE - Make-to-Order Production - Finished Goods Sales and Final Assembly (OP)
SPFD-4651;BJ5 - Make-to-Stock Production - Discrete Manufacturing (OP)
SPFD-4668;BJ8 - Make-to-Stock - Process Manufacturing Based on Process Order (OP)
SPFD-4671;1FS - Basic Warehouse Inbound Processing from Supplier
SPFD-4676;1G2 - Basic Warehouse Outbound Processing to Customer
SPFD-4677;1V5 - Warehouse Inbound Processing from Supplier with Batch Management
SPFD-4678;1V7 - Batch Management in Outbound Processing
SPFD-4680;1VB - Production Integration - Component Consumption and Receipt in Warehouse
SPFD-4687;3OK - Make-to-Order Production - Process Manufacturing
SPFD-4713;3XK - In-House Repair
SPFD-4721;4RO - Decentralized EWM - Inbound Processing
SPFD-4722;4RP - Decentralized EWM - Outbound Processing
SPFD-4726;4X5 - Recurring Services
SPFD-5160;5FX - Store Ordering from Distribution Center
SPFD-8047;6W2 - Manual Transportation Planning
SPFD-8048;6W4 - Freight Settlement
SPFD-8183;6W3 - Transportation Execution
SPFD-8185;4HH - Reactive Maintenance
SPFD-8292;5FU - Inbound Logistics for Distribution Centers
SPFD-8411;4HH - Reactive Maintenance
SPFD-8414;4HI - Proactive Maintenance
SPFD-8426;41Z - Service Order Management