locale;solutionProcessId;solutionProcessName
pt_BR;18J;Requisições
pt_BR;1BM;Produção sob encomenda – Montagem e planejamento de produtos semiacabados
pt_BR;1E1;Administração de qualidade na produção discreta
pt_BR;1EZ;Processamento de nota de crédito
pt_BR;1F1;Processamento de nota de débito
pt_BR;1FM;Administração de qualidade no suprimento
pt_BR;1FS;Processamento básico de entrada no depósito do fornecedor
pt_BR;1G2;Processamento básico de saída do depósito para cliente
pt_BR;1HO;Processamento da ordem do cliente interempresarial – Nacional
pt_BR;1MX;Processamento da ordem do cliente interempresarial – Internacional
pt_BR;1NT;Controle de projetos – Finanças
pt_BR;1P9;Transferência de estoque interempresarial
pt_BR;1V5;Processamento de entrada em depósito do fornecedor com administração de lotes
pt_BR;1V7;Processamento de saída do depósito para o cliente com administração de lotes
pt_BR;1VB;Integração da produção – Consumo de componente e entrada no depósito
pt_BR;2EQ;Vendas de serviços
pt_BR;2TX;Suprimento direto com recebimento
pt_BR;2VJ;Integração do SAP EWM – Processamento de entrada do fornecedor
pt_BR;2VK;Integração do SAP EWM – Processamento de saída para o cliente
pt_BR;2VM;Integração do SAP EWM – Integração de produção baseada no fornecimento
pt_BR;3BR;Processamento de entrada no depósito
pt_BR;3BS;Processamento de saída do depósito
pt_BR;3D2;Administração e monitorização de ordens de serviço
pt_BR;3DV;Integração de produção do depósito
pt_BR;3F0;Lançamento de custos de produção baseados em evento
pt_BR;3OK;Produção sob encomenda – Produção por processos
pt_BR;3XK;Conserto em oficina
pt_BR;4GA;Cotação de serviços
pt_BR;4HH;Manutenção reativa
pt_BR;4HI;Manutenção proativa
pt_BR;4RO;EWM descentralizado – Processamento de entrada
pt_BR;4RP;EWM descentralizado – Processamento de saída
pt_BR;4VT;Manutenção de melhorias
pt_BR;4WM;Manutenção operacional e de custos indiretos
pt_BR;41Z;Gerenciamento de ordens de serviço
pt_BR;4X5;Serviços recorrentes
pt_BR;5D2;Vendas interempresariais avançadas
pt_BR;5FM;Suprimento para varejo
pt_BR;5FU;Logística de suprimentos para centros de distribuição
pt_BR;5FV;Logística de distribuição para centros de distribuição
pt_BR;5FX;Pedido de loja do centro de distribuição
pt_BR;5HL;Venda do depósito (Bens de consumo)
pt_BR;5HP;Transferência de estoque interempresarial avançada
pt_BR;61V;Processamento de devoluções de clientes – Bens de consumo
pt_BR;BD3;Processamento de vendas usando terceiros com aviso de entrega
pt_BR;BD9;Venda do depósito
pt_BR;BDD;Devoluções de cliente enxutas
pt_BR;BDG;Cotação de venda
pt_BR;BDK;Processamento de vendas usando terceiros sem aviso de entrega
pt_BR;BDN;Vendas de item não estocado com suprimento específico da ordem
pt_BR;BDQ;Processo de correção de fatura com nota de débito
pt_BR;BEI;Encerramento do período – Centro
pt_BR;BF7;Encerramento do período – Ordens de manutenção
pt_BR;BFH;Imobilizado em andamento
pt_BR;BJ5;Produção para estoque – Produção discreta
pt_BR;BJ8;Produção para estoque – Produção por processos baseada em ordem de processo
pt_BR;BJE;Produção sob encomenda – Venda de produtos acabados e montagem final
pt_BR;BKL;Processo de correção de fatura com nota de crédito
pt_BR;BKP;Devoluções de cliente
pt_BR;BMC;Administração de estoque central
pt_BR;BMD;Contrato de compra
pt_BR;BME;Transferência de estoque com remessa
pt_BR;BMH;Transferência de estoque sem remessa
pt_BR;BMK;Devolução ao fornecedor
pt_BR;BMR;Programas de remessas em suprimento
pt_BR;BMY;Subcontratação
pt_BR;BNA;Encerramento do período – Projetos
pt_BR;BNX;Compra de bens de consumo
pt_BR;I9I;Contratos de venda
pt_BR;J44;Planejamento de necessidades de materiais
pt_BR;J45;Suprimento de materiais diretos
pt_BR;J59;Contas a receber
pt_BR;J60;Contas a pagar
pt_BR;J62;Contabilidade do imobilizado