locale;id;title;longTextWhat;textPpis;textWhy;textHow
fr;ANALYZE_IR_BEFORE_GR;Analyser les entrées de facture créées avant les entrées de marchandises;;;;
fr;ANALYZE_PO_ITEMS_WO_PR_REF;Analyser les postes de commande d'achat sans référence à une demande d'achat;;;;
fr;ANALYZE_REJECT_REASON;Analyser les motifs de rejet et améliorer la performance de contrôle du crédit;;;;
fr;ANALYZE_USER_BEH;Analyser le comportement des utilisateurs pour identifier le potentiel d'amélioration;;;;
fr;ASSESS_COMPL_RATE_LEADTIME;Évaluer les taux d'achèvement et délais;;;;
fr;ASSESS_DELAYS_CUST_INV;Évaluer les retards dans la création de factures client;;;;
fr;ASSESS_DELAYS_PURCH;Évaluer les retards dans les achats;;;;
fr;ASSESS_DEVIATION_PAYTERM_DS_INV;Évaluer les écarts par rapport aux conditions de paiement dans le document de facturation des ventes et la facture;;;;
fr;ASSESS_LT_SO_TO_INV;Évaluer le délai entre la création du poste de commande client et la création de la facture;;;;
fr;ASSESS_STOCKLEVEL_TIME;Évaluer les niveaux de stock sur différentes périodes;;;;
fr;AVOID_COMPLIANCE_ISSUES;Éviter les points faibles en termes de conformité;;;;
fr;AVOID_EARLY_PAY;Éviter les paiements anticipés;;;;
fr;AVOID_IV_BYPASS;Éviter que la validation du paiement contourne le contrôle des factures;;;;
fr;AVOID_LATE_PAY;Éviter les paiements en retard;;;;
fr;AVOID_MAVERICK_BUY;Identifier et éviter les achats indépendants;;;;
fr;AVOID_MANUAL_CHANGES;Éviter les modifications manuelles;;;;
fr;AVOID_PC_EXC_QUANT;Éviter les contrats d'achat dépassant la quantité cible;;;;
fr;AVOID_PC_EXC_VALUE;Éviter les contrats d'achat dépassant la valeur cible;;;;
fr;AVOID_PC_NOT_USED;Éviter les contrats d'achat utilisés de manière inappropriée;;;;
fr;AVOID_REDUCE_STOCK;Éviter et réduire le stock pour commande client superflu;;;;
fr;AVOID_SCHED_AGR_EXC_QUANT;Éviter les programmes de livraisons dépassant la quantité cible;;;;
fr;ENSURE_USE_QM_IN_MAUFACT;Veiller à la bonne utilisation de SAP Quality Management dans le cadre du processus de fabrication;;;;
fr;ENSURE_CONSIST_PROC_COMPL;Veiller à la cohérence de l'achèvement du processus;;;;
fr;HARMONIZE_MASTER_DATA;Harmoniser les données de base;;;;
fr;IDENTIFY_AUTOM_OPP;Identifier les opportunités d'automatisation;;;;
fr;IDENTIFY_BLOCKS_IN_FI;Identifier un blocage du paiement activé côté financier uniquement;;;;
fr;IDENTIFY_BOTTLENECKS;Identifier les goulots d'étranglement présentant le plus gros potentiel d'amélioration;;;;
fr;IDENTIFY_CAT_ITEMS_REJECTED;Identifier les postes de catalogue fréquemment rejetés;;;;
fr;IDENTIFY_CAT_ITEMS_W_EXCEP;Identifier les postes de facture de catalogue comportant fréquemment des exceptions;;;;
fr;IDENTIFY_DELAY_REASONS;Identifier les motifs de retard de traitement;;;;
fr;IDENTIFY_DEV_PAYTERM_PO_IV;Identifier le non-respect des conditions de paiement dans les commandes d'achat et les factures;;;;
fr;IDENTIFY_GENERAL_IMP;Identifier le potentiel d'amélioration général;;;;
fr;IDENTIFY_MISSED_AUTOM_OPP_ERS;Identifier les opportunités d'automatisation manquantes avec ERS;;;;
fr;IDENTIFY_MAN_ACT_PO_ITEMS;Identifier les activités manuelles dans les postes de commande d'achat;;;;
fr;IDENTIFY_NON_CAT_ITEMS_REQU;Identifier les demandes de postes hors catalogue fréquentes;;;;
fr;IDENTIFY_NON_CAT_PO_ITEMS;Identifier les postes de commande d'achat hors catalogue fréquents;;;;
fr;IDENTIFY_PAR_RCVD_PO_ITEMS;Identifier les postes de commande d'achat partiellement reçus;;;;
fr;IMPROVE_ASSET_CAPITAL_PERF;Améliorer la performance du processus de mise en service de l'immobilisation;;;;
fr;IMPROVE_COMPL_RATE;Améliorer les taux d'achèvement;;;;
fr;IMPROVE_COM_RATE_DSO;Améliorer le taux d'achèvement et réduire le délai de recouvrement des créances (DRC);;;;
fr;IMPROVE_COMP_AVAIL;Améliorer la disponibilité des composants;;;;
fr;IMPROVE_CONSIST_EVENT;Améliorer la cohérence dans le contenu d'événement;;;;
fr;IMPROVE_CONSIST_ACC_ASSIG;Améliorer la cohérence dans l'utilisation de l'objet d'imputation;;;;
fr;IMPROVE_CUST_ORDER_FULF;Améliorer le traitement de la commande client;;;;
fr;IMPROVE_DEL_RATE;Améliorer le taux de livraison et réduire les files d'attente;;;;
fr;IMPROVE_DEL_SCHED;Améliorer l'ordonnancement du programme de livraisons;;;;
fr;IMPROVE_IH_ORDER_FULF;Améliorer le traitement de la commande interne;;;;
fr;IMPROVE_MAINT_EXEC_CONF;Améliorer la confirmation d'exécution de la maintenance;;;;
fr;IMPROVE_MANUFACT_PERF;Améliorer la performance des processus de production discrète;;;;
fr;IMPROVE_MD_QUAL;Améliorer la qualité des données de base;;;;
fr;IMPROVE_OTIF_DEL_RATE;Améliorer le taux de livraisons intégrales ponctuel;;;;
fr;IMPROVE_OTP_DPO;Améliorer le paiement ponctuel et la durée de recouvrement des dettes (DPO);;;;
fr;IMPROVE_OTP_DSO;Améliorer le paiement ponctuel et le délai de recouvrement des créances (DRC);;;;
fr;IMPROVE_PROC_MANUFACT_PERF;Améliorer la performance des processus de production en process;;;;
fr;IMPROVE_QUAL_MANUF_REL_TRANS_DATA;Améliorer la qualité de saisie des données de transaction liées à la fabrication;;;;
fr;IMPROVE_QUAL_PLAN_REL_TRANS_DATA;Améliorer la qualité de saisie des données de transaction liées à la planification;;;;
fr;IMPROVE_QUAL_PURCH_REL_TRANS_DATA;Améliorer la qualité de saisie des données de transaction liées aux achats;;;;
fr;IMPROVE_QUAL_SALES_REL_TRANS_DATA;Améliorer la qualité de saisie des données de transaction liées aux ventes;;;;
fr;IMPROVE_RUNTIME_MRP;Améliorer la durée des exécutions de la planification des besoins en articles;;;;
fr;IMPROVE_SERV_EXEC_CONF;Améliorer la confirmation d'exécution des services;;;;
fr;IMPROVE_STOCK_AVAILABILITY;Améliorer la disponibilité des stocks;;;;
fr;IMPROVE_SUPP_ORDER_FULLFM;Améliorer le traitement de la commande fournisseur;;;;
fr;IMPROVE_USAGE_PLAN_RESULTS;Améliorer l'utilisation des résultats de la planification pour traitement ultérieur;;;;
fr;IMPROVE_USE_DISCOUNTS;Améliorer l'utilisation des escomptes;;;;
fr;IMPROVE_WH_INV_CYCLE_COUNT;Améliorer le nombre de cycle d'inventaire du magasin;;;;
fr;IMPROVE_WH_IS_CYCLE_TM;Améliorer la durée de cycle de sortie du magasin;;;;
fr;IMPROVE_WH_REC_CYCLE_TM;Améliorer la durée de cycle de réception en magasin;;;;
fr;IMPROVE_WBS_MD_QUAL;Améliorer la qualité des données de base de l'élément d'OTP;;;;
fr;INCREASE_ACC_CASH_ALL;Accroître la précision de l'affectation de la trésorerie;;;;
fr;INCREASE_ACC_DEL_QUANT_SCHED;Accroître la précision des quantités livrées et la planification;;;;
fr;INCREASE_ACC_GI_PLAN_RED_LATE_SH;Accroître la précision de la planification des sorties de marchandises et réduire le nombre d'expéditions en retard;;;;
fr;INCREASE_ADH_EXP_DATES;Accroître le respect des dates prévues;;;;
fr;INCREASE_ADH_MAINT_SCHED;Accroître le respect de la planification de la maintenance;;;;
fr;INCREASE_ADH_SERV_SCHED;Accroître le respect de la planification des services;;;;
fr;INCREASE_ADHERENCE_SD_MANUF;Accroître le respect des dates planifiées entre la vente et la fabrication;;;;
fr;INCREASE_ADHERENCE_SD_PURCH;Accroître le respect des dates planifiées entre la vente et les achats;;;;
fr;INCREASE_AUTOMATIC_STOCK_POST;Accroître l'enregistrement sur stock automatique;;;;
fr;INCREASE_AUTOMATIC_USAGE_DECIS;Accroître la décision d'utilisation automatique;;;;
fr;INCREASE_AUTOM_CUST_INV;Accroître le taux d'automatisation pour les factures client;;;;
fr;INCREASE_AUTOM_OUTB_DEL_ITEM;Accroître le taux d'automatisation dans la création de postes de livraison sortante;;;;
fr;INCREASE_AUTOM_RATE_INSPECTION_LOT;Accroître le taux d'automatisation des lots de contrôle;;;;
fr;INCREASE_AUTOM_ROP;Accroître le taux d'automatisation du paiement;;;;
fr;INCREASE_AUTOM_SCHED_LINES;Accroître les possibilités d'automatisation des échéances;;;;
fr;INCREASE_AUTOM_SD_DOCS;Accroître le taux d'automatisation des documents de facturation des ventes;;;;
fr;INCREASE_AUTOMATION;Accroître les taux d'automatisation;;;;
fr;INCREASE_SCHEDULE_ADHERENCE;Accroître l'adhésion à l'échéance;;;;
fr;INCREASE_DATE_ADHERENCE;Accroître le respect des dates planifiées tout au long du processus de fabrication;;;;
fr;INCREASE_MAINT_COMPL;Accroître et améliorer l'exécution de la maintenance;;;;
fr;INCREASE_SCP_AUTOMATION;Accroître le degré d'automatisation et le respect des résultats de la planification de la chaîne d'approvisionnement;;;;
fr;INCREASE_SERV_COMPL;Accroître et améliorer l'exécution des services;;;;
fr;INCREASE_SUPP_PART_ANS_RATE;Augmenter la participation des fournisseurs et les taux de réponse;;;;
fr;MONITOR_EVENT_BEH;Assurer le suivi du comportement de la création d'événement;;;;
fr;MONITOR_PROJ_EVENT_PEND;Assurer le suivi des projets avec des événements en attente de sélection;;;;
fr;MONITOR_SOURC_CO;Assurer le suivi de conformité de la détermination des sources d'approvisionnement;;;;
fr;REDUCE_BACKLOG;Réduire la file d'attente;;;;
fr;REDUCE_COMPLIANCE;Réduire le risque de points faibles en termes de conformité;;;;
fr;REDUCE_DEL_CONV_PR_PO;Réduire les délais de conversion des demandes d'achat en commandes d'achat;;;;
fr;REDUCE_DEL_CONV_STPR_STO;Réduire les délais de conversion des demandes d'achat de transfert en commandes de transfert.;;;;
fr;REDUCE_EXCEP_PLAN_EXEC;Réduire le nombre d'exceptions lors de l'exécution de la planification;;;;
fr;REDUCE_INCOMP_SOS;Réduire le nombre de commandes client incomplètes et évaluer le taux de rejet des commandes client;;;;
fr;REDUCE_INV_NOT_TRASF;Réduire le nombre de factures non transférées à la comptabilité;;;;
fr;REDUCE_LATE_CUST_PAY;Réduire le nombre de paiements client en retard;;;;
fr;REDUCE_LATE_DEL;Réduire le nombre de livraisons en retard;;;;
fr;REDUCE_LATE_SUPP_PAY;Réduire le nombre de paiements fournisseur en retard;This dashboard lets you analyze if you’re paying your suppliers too late and learn how to reduce these late payments. Late payments can occur when your master data is incomplete, such as bank data, missing payment methods, or missing address information, when the supplier is blocked for postings and payments or when there are errors during payment runs. A payment is considered late if the FI-AP item of the supplier invoice was cleared after the calculated net due date.;"This dashboard visualizes metrics that are based on data from the following process flows:
1. Supplier invoice issuing (with purchase order) to FI-AP clearing
2. Supplier invoice issuing (without purchase order) to FI-AP clearing";From a working capital perspective, late payments might not necessarily be an issue since they increase DPO. However, paying late not only prevents you from making use of cash discounts, but it also risks damaging your supplier relationships or even paying penalty interest. To ensure that your customers receive their goods or services on time, it's essential for you to have good relationships with your suppliers and make sure that your suppliers deliver on time. It's therefore in your best interests to avoid paying your suppliers late.;The correction recommendations for this improvement opportunity focus on entering missing master data, on checking whether postings and payment blocks can be removed, and on training users to set the correct parameters in the payment run.
fr;REDUCE_MAN_ACT;Réduire les activités manuelles;;;;
fr;REDUCE_MAN_ACT_IMPR_USER_PROD;Réduire les activités manuelles et améliorer la productivité des utilisateurs;;;;
fr;REDUCE_MAN_ADJ_MRP_RUN;Réduire les ajustements manuels effectués sur les résultats des cycles MRP;;;;
fr;REDUCE_MAN_ADJ_APP_PR;Réduire les ajustements manuels effectués dans les demandes d'achat approuvées;;;;
fr;REDUCE_MAN_ADJ_APP_STR;Réduire les ajustements manuels effectués dans les demandes de transfert;;;;
fr;REDUCE_NO_RETURNS_TO_SUPPL;Réduire le nombre de retours aux fournisseurs;;;;
fr;REDUCE_NOT_USED_SCHED_AGR;Réduire les programmes de livraisons valides qui ne sont plus utilisés ou qui ne l'ont jamais été;;;;
fr;REDUCE_OPEN_PAY_IMPR_DEL_SCH;Réduire le nombre de paiements en cours et améliorer la planification des livraisons;;;;
fr;REDUCE_OPEN_PURCH_COM_ITEMS;Réduire le nombre de comptes budgétaires d'achat en cours ou obsolètes;;;;
fr;REDUCE_OPEN_COM_ITEMS;Réduire les postes d'engagement en cours;;;;
fr;REDUCE_PROBL_BL_MANUF;Réduire le nombre de problèmes liés à des files d'attente dans la fabrication;;;;
fr;REDUCE_PROBL_BL_PURCH;Réduire le nombre de problèmes liés à des files d'attente dans les achats;;;;
fr;REDUCE_STOCKLEVEL_DELETED;Réduire les niveaux de stock pour les combinaisons à supprimer ou déstocker;;;;
fr;REDUCE_STOCKLEVEL_MOVE;Réduire les niveaux de stock pour les combinaisons sans mouvement récent;;;;
fr;REDUCE_WH_MGMT_COST_INBOUND;Réduire le coût de la gestion des emplacements de magasin des processus entrants;;;;
fr;REDUCE_WH_MGMT_COST_INTERNAL;Réduire les coûts internes de gestion de magasin;;;;
fr;REDUCE_WH_MGMT_COST_OUTBOUND;Réduire le coût de la gestion des emplacements de magasin des processus sortants;;;;
fr;USE_AUTOMATION;Utiliser les opportunités d'automatisation;;;;
fr;USE_DUNNING;Utiliser efficacement le système de relance;;;;