locale;id;text
de;ARB_BILLTO;Rechnungsempfänger in SAP Ariba
de;ARB_ERP_VENDOR;ERP-Lieferant in SAP Ariba
de;ARB_PGRP;Einkäufergruppe in SAP Ariba
de;ARB_PGRP_NAME;Name der Einkäufergruppe in SAP Ariba
de;ARB_SHIPTO;Warenempfänger in SAP Ariba
de;ARB_SM_SUPPLIER;Supplier-Management-Lieferant in SAP Ariba
de;ARB_SM_SUPPLIER_NAME;Supplier-Management-Lieferantenname in SAP Ariba
de;ARB_SUPPLIER;Lieferant in SAP Ariba
de;ARB_SUPPLIER_NAME;Lieferantenname in SAP Ariba
de;BC_ARBGB;Anwendungsbereich
de;BC_ARKTX;Kurztext
de;BC_CHNGIND;Typ ändern
de;BC_CLASS;Benutzergruppe in Benutzerstamm
de;BC_DELTA;Delta in Tagen
de;BC_FLAG;Kennzeichen gesetzt/nicht gesetzt
de;BC_KDAUF;Kundenauftragsnummer
de;BC_KDEIN;Kundenauftragseinteilung
de;BC_KDPOS;Kundenauftragsposition
de;BC_MESSAGE;T100-Meldungstext
de;BC_MSGNR;Meldungsnummer
de;BC_NETVAL;Nettowert
de;BC_NUMBER;Nummer
de;BC_QUANTITY;Menge
de;BC_REPORT;Reportname
de;BC_STATUS_ACTIVE;Aktiv/Inaktiv
de;BC_SYMSGID;Meldungsklasse
de;BC_TCODE;Transaktionscode
de;BC_TCODE_NOTXT;TCode (SemID ohne Text)
de;BC_UNIT;Einheit
de;BC_USER;Benutzer
de;BC_USTYP;Benutzertyp
de;BC_VARIANT;Reportvariante
de;BC_WAERS;Währung
de;BC_XFELD;Kennzeichen: JA/NEIN
de;BW_DOCNO;Belegnummer
de;BW_POSNO;Positionsnummer im Beleg
de;CALDAY;Tag
de;CALMONTH;Monat
de;CALYEAR;Jahr
de;CRM_ACTIVITY_CAT;Aktivitätstyp
de;CRM_ACTIVITY_CLASS;Aktivitätsklasse
de;CRM_AUTOMATION;Automatisch angelegt
de;CRM_CATEGORY;Kategorie
de;CRM_CHANGE_TYPE;Art der Änderung
de;CRM_CONTRACT_MESSAGE;Kontraktfindung
de;CRM_CONTRACT_QUAN_VA;Wert- oder Mengenkontrakt
de;CRM_COUNTRY;Land
de;CRM_DIRECTION;Richtung einer Aktivität
de;CRM_DIS_CHANNEL;Vertriebsweg
de;CRM_DIVISION;Sparte
de;CRM_FIELD_DESC;Tabellenfeldbeschreibung
de;CRM_FORECAST_REL;Relevanz der Prognose
de;CRM_IMPORTANCE;Opportunity-/Lead-Priorität
de;CRM_INBOX_STATUS;Status der Position im Sachbearbeitereingang
de;CRM_INDUSTRY;Industriezweig
de;CRM_INPUT_CHANNEL;Eingabekanal
de;CRM_ITEM_TYPE;CRM-Postentyp
de;CRM_LEAD_QUAL_LEVEL;Leadqualifizierungsstufe
de;CRM_LEAD_TYPE;Leadgruppe
de;CRM_OBJECTIVE;Aktivitätsziel
de;CRM_OBJREF_PROFILE;Profil-ID Objektbeziehung
de;CRM_OPPORT_TYPE;Art der Opportunity
de;CRM_ORG_UNIT;Organisationseinheiten in CRM (HRP1000)
de;CRM_PARTNER;CRM-Partner
de;CRM_PHASE;Verkaufsphase
de;CRM_PRIORITY;Priorität
de;CRM_PROCESSING_TYPE;Verarbeitungsart
de;CRM_PROCESS_BLOCKED;Aktiv-Kennzeichen
de;CRM_PROCESS_TYPE;Geschäftsvorfalltyp
de;CRM_SALESCYCLE;Verkaufszyklus
de;CRM_SALES_ORG;CRM-Verkaufsorganisation
de;CRM_SOURCE;Herkunft Opportunity/Lead
de;CRM_STAT_BILLING;Fakturierungsstatus
de;CRM_STAT_CANCELLED;Stornostatus
de;CRM_STAT_ERROR;Fehlerstatus
de;CRM_STAT_FINAL_CONF;Endgültige Servicerückmeldung
de;CRM_STAT_FOR_BILLING;Freigabestatus für kumulierte Rechnung
de;CRM_STAT_GOODS_ISSUE;Warenausgangsstatus
de;CRM_STAT_LIFECYCLE;Lebenszyklusstatus
de;CRM_STAT_OPEN;"Status ""Offen"""
de;CRM_STAT_RELEASED;Freigabestatus
de;CRM_STAT_TRANSFER;Übertragungsstatus
de;CRM_TEMPLATE_TYPE;CRM-Vorlagenart
de;CRM_USER_STATUS;Standort-ID
de;EKF_BILL_PROCESS;Abrechnungsprozess
de;EKF_BILL_REVREASON;Stornogrund des Abrechnungsbelegs
de;EKF_BILL_TYPE;Fakturaart
de;EKF_DOCTYPE;Belegart
de;EKF_HBKID;Hausbank
de;EKF_HVORG;Hauptvorgang für Belegposition
de;EKF_INVLOCK_KK;Fakturasperre
de;EKF_INVTRIGLOCK;Fakturasperre
de;EKF_INV_CATEGORY;Fakturierungstyp
de;EKF_INV_CRMODE;Anlegemodus
de;EKF_INV_ITEMTYPE;Typ der Fakturierungsposition
de;EKF_INV_PROCESS;Fakturierungsprozess
de;EKF_INV_TYPE;Fakturierungsart
de;EKF_ITEMTYPE;Art der Fakturaposition
de;EKF_REVREASON;Stornogrund
de;EKF_SEGMT;Segment für Segmentberichterst.
de;EKF_SIMULATED;Fakturierungsauftrag wird simuliert
de;EKF_SRCDOCCAT_KK;Quellbelegkat.
de;EKF_SRCDOCTYPE;Quellbelegtyp
de;EKF_SRCITEMCAT;Quellpositionskategorie
de;EKF_SRCPROCESS_KK;Herkunftsprozess von Faktura
de;EKF_TVORG;Teilvorgang zur Belegposition
de;EKF_UMSKZ;Sonderhauptbuchkennzeichen
de;EPR_MEINS;Mengeneinheit
de;ERP_ABART;Freigabeart
de;ERP_ABFER;Art des Transportabschlusses
de;ERP_ABGRU;Ablehnungsgrund
de;ERP_ABGSL;Abgrenzungsschlüssel
de;ERP_ABLEINH;Ableseeinheit
de;ERP_ABLEINHEIT;Ableseeinheit
de;ERP_ABRVORG;Abrechnungsvorgang
de;ERP_ABSTA;Absagestatus
de;ERP_ABUEB;Abruferstellungsprofil
de;ERP_ABWST;Verarbeitungssteuerung
de;ERP_ACTION_CODE;Aktionscode
de;ERP_AFAPL;Bewertungsplan
de;ERP_AFASL;AfA-Schlüssel
de;ERP_AIMMO;Kennzeichen: Immobilien
de;ERP_AKKNZ;IH-Auftragstypkennzeichen
de;ERP_AKTNR;Aktion
de;ERP_ANDOR;Kennzeichen für ODER- bzw. UND-Verknüpfung
de;ERP_ANEQS;Vollständigkeitsindikator Anlage
de;ERP_ANLKL;Anlagenklasse
de;ERP_ANWND;Anwendung mit Bankdatenspeicher
de;ERP_APLID;Fehlermanagement
de;ERP_APPLK;Anwendungsbereich
de;ERP_APROF;Abrechnungsprofil
de;ERP_AP_VERWE;Arbeitsplatztyp
de;ERP_ARGST;Gesamtstatus der Transportkosten
de;ERP_ARTPR;Prioritätsart
de;ERP_ASTNR;Auftragsstatus
de;ERP_ATTYP;Materialtyp
de;ERP_AUART;PP-Auftragsart
de;ERP_AUERU;Endrückmeldung vorschlagen
de;ERP_AUFSD;Kunde ist für Aufträge gesperrt
de;ERP_AUFTYP;Auftragstyp
de;ERP_AUGRD;AUGRD_KK
de;ERP_AUGRD_KK;Ausgleichsgrund FI-CA
de;ERP_AUGRU;Auftragsgrund
de;ERP_AUGST_KK;Ausgleichsstatus
de;ERP_AUREL;Relevant für Aufteiler
de;ERP_AUTET;Verwendung in autom. Disposition
de;ERP_AUTOMATION;Automatisch angelegt
de;ERP_AVORG;Abrechnungsvorgang
de;ERP_AWTYP;Referenzvorgang
de;ERP_BANPR;BANF-Verarbeitungsstatus
de;ERP_BAT_OR_DIA;Charge oder Dialog
de;ERP_BCREASON;Stornogrund
de;ERP_BDART;Bedarfsart
de;ERP_BEDAE;Bedarfsart Planprimärbedarfe
de;ERP_BEDAR;Herkunft Beginndatum
de;ERP_BELEGART;Belegart
de;ERP_BEL_ART;Belegartauswahl für Rechnung
de;ERP_BERID;Dispositionsbereich
de;ERP_BESKZ;Beschaffungskennzeichen
de;ERP_BESTA;Lieferbestätigungsstatus (Pos.)
de;ERP_BESTQ;Bestandskategorie
de;ERP_BETYP;Bedarfsart
de;ERP_BEZOB;Bezug obligatorisch
de;ERP_BFART;Serviceebene
de;ERP_BKLAS;Bewertungsklasse
de;ERP_BLART;Belegart
de;ERP_BLART_KK;Belegart
de;ERP_BLCKD;Bestellanforderung gesperrt
de;ERP_BL_DOC_TYPE;Belegtyp HHM Budgetierung
de;ERP_BSAKZ;Steuerungskennzeichen für Bestellart
de;ERP_BSARK;Bestellungsart
de;ERP_BSCHL;Buchungsschlüssel
de;ERP_BSEXT;Externe Bestellungen erlaubt
de;ERP_BSINT;Interne Bestellungen erlaubt
de;ERP_BSTAE;Bestätigungssteuerschlüssel
de;ERP_BSTAT;Belegstatus
de;ERP_BSTYP;Einkaufsbelegtyp
de;ERP_BUKRS;Buchungskreis
de;ERP_BUSAB;Sachbearbeiter
de;ERP_BU_BPKIND;Art des Geschäftspartners
de;ERP_BU_GROUP;Geschäftspartnergruppierung
de;ERP_BU_TYPE;Geschäftspartnertyp
de;ERP_BWART;Bewegungsart IM
de;ERP_BWKEY;Bewertungsbereich
de;ERP_BWLVS;Bewegungsart WM
de;ERP_BWTAR;Bewertungsart
de;ERP_BWVAR;Bewertungsvariante
de;ERP_CDTCODE;Vorgang der Änderung
de;ERP_CHANGE_TYPE;Art der Änderung
de;ERP_CHARG;Chargennummer
de;ERP_CMGST;Kreditstatus
de;ERP_CONTR_ART;ERP-Vertragsart
de;ERP_COTYP;Art des Steuerrezeptempf.
de;ERP_COUNTRY;ERP-Land
de;ERP_CO_CRSTAT;Steuerrezeptstatus
de;ERP_CO_SELKZ;Auswahlkennz. f. Kalkulationspositionen
de;ERP_CTLPC;Risikokategorie
de;ERP_CYCLE_DATE_KK;Tag des Periodenendes
de;ERP_CYCLE_DAY_KK;Abrechnungszyklus
de;ERP_DELKZ;Dispoelement
de;ERP_DISLS;Losgröße (Materialplanung)
de;ERP_DISMM;Dispomerkmal
de;ERP_DISPO;Disponent
de;ERP_DISVF;Dispoverfahren
de;ERP_DOCCAT;Belegtyp EWM
de;ERP_DOCTYPE_PDI;Belegarten für EWM-Anlieferung
de;ERP_DTART;Dispositionslistentyp
de;ERP_EBTYP;Bestätigungstyp
de;ERP_EFART;Eingabetyp
de;ERP_EIGKZ;Eigentumskennzeichen
de;ERP_EKGRP;Einkäufergruppe
de;ERP_EKORG;Einkaufsorganisation
de;ERP_ENDAR;Ursprüngliches Enddatum
de;ERP_EQART;Objektart
de;ERP_EQTYP;Equipmenttyp
de;ERP_EQUNR;Equipmentnummer
de;ERP_ERLOESE;Erlösbuchungen
de;ERP_ERLRE;Erledigungsregel
de;ERP_ESTAK;Status des Einkaufsbelegs
de;ERP_ESTKZ;Erstellungskennzeichen
de;ERP_ETDRK;Druckrelevant
de;ERP_ETTYP;Einteilungstyp
de;ERP_E_KOFIZ;Kontenfindungsmerkmal für IS-U-Verträge
de;ERP_FAKSD;Zentr. Fakturasperre Debitor
de;ERP_FAKSK;Fakturasperre Kopf
de;ERP_FAKSP;Fakturasperre Position
de;ERP_FAREG;Fakturierungsregel
de;ERP_FBGST;Gesamtstatus der Berechnung
de;ERP_FDLEV;Planungsebene
de;ERP_FDNAM_SD;Feldnamen SD
de;ERP_FEHGR;Unvollständigkeitsverfahren
de;ERP_FEH_STA;Kalkulationsstatus
de;ERP_FEVOR;Fertigungssteuerer (Kein Text)
de;ERP_FFPRF;Dynamische-Posten-Prozessorprofil
de;ERP_FIBL_DORIGIN;Gruppierungsherkunft
de;ERP_FICA_INT_REASON;FI-CA: Interner Meldegrund
de;ERP_FIELD_DESC;Tabellenfeldbeschreibung
de;ERP_FIKRS;Finanzkreis
de;ERP_FKART;Fakturaart
de;ERP_FKART_T;Frachtkostenart
de;ERP_FKBER;Funktionsbereich
de;ERP_FKIVP;IV-Rechnungspositionsstatus
de;ERP_FKPTY;Frachtkosten für Artikelkategorie
de;ERP_FKREL;Relevant für Faktura
de;ERP_FKSAA;Fakturierungsstatuselement Auftragsrel.
de;ERP_FKSTA;Fakturierungsstatus (ausgel.)
de;ERP_FKSTK;Fakturierungsstatus
de;ERP_FKSTO;Faktura storniert
de;ERP_FKTYP;Fakturatyp
de;ERP_FM_BTART;Betragsart (FM)
de;ERP_FM_WRTTP;Werttyp (FM)
de;ERP_FPART;Fakturierungsplanart
de;ERP_FPTYP;Fakturierungsplantyp
de;ERP_FRGGR;Freigabegruppe
de;ERP_FRGKE;Freigabekennz. in Einkaufsbeleg
de;ERP_FRGKZ;Freigabekennzeichen
de;ERP_FRGSX;Release-Strategie
de;ERP_FRKRL;Frachtkostenrelevanz
de;ERP_FSSTA;Fakturasperrstatus Position
de;ERP_FSTAG;Feldstatusgruppe
de;ERP_GBSTA;Ges. Verarbeitungsstatus (Pos.)
de;ERP_GBSTK;Ges. Verarbeitungsstatus (Kopf)
de;ERP_GLVOR;Geschäftsvorgang
de;ERP_GPART;Geschäftspartner
de;ERP_GRDTX;Abweichungsgrund
de;ERP_GRPID;Batch-Input-Mappe
de;ERP_GRUND;Grund für Inventurdifferenz
de;ERP_GSBER;Geschäftsbereich
de;ERP_HERKUNFT;Prüflosherkunft
de;ERP_HERKZ;Herkunft der Meldung
de;ERP_HKONT;Sachkonto
de;ERP_HKTID;ID für Kontoverbindung
de;ERP_HORIZ;Horizont
de;ERP_HORIZ_QUALIFIER;Kennzeichen des Eröffnungshorizonts
de;ERP_HVORG;Hauptvorgang
de;ERP_ILART;Instandhaltungsleistungsart
de;ERP_IM_PROFIL;Investitionsmaßnahmenprofil
de;ERP_INACT;Kennzeichen: Status Inaktiv
de;ERP_INCO1;Incoterms Teil 1
de;ERP_INGRP;Planergruppe
de;ERP_INSMK;Bestandsart
de;ERP_INTAG;Interpretationsalgorithmus
de;ERP_ISTAT_D;Planungsstatus
de;ERP_ITEM_CATEGORY;EWM-Artikelkategorien
de;ERP_IVTYPE;IV-Typ
de;ERP_IWERK_INGRP;Werk+Planergruppe
de;ERP_KALKA;Kalkulationsart
de;ERP_KALNR;Erzeugniskalkulationsnr.
de;ERP_KALSM_SD;Kalkulationsschema in SD
de;ERP_KAPPL;Anwendung
de;ERP_KBLART;Belegart: Manuelle Belegerfassung
de;ERP_KBLTYP;Mittelvormerkungsbelegtyp
de;ERP_KBNKZ;Kanban-Kennzeichen
de;ERP_KHERK;Konditionsherkunft
de;ERP_KKBER;Kreditkontrollbereich
de;ERP_KLIMP;Kreditlimitprüfung durchführen
de;ERP_KLVAR;Kalkulationsvariante
de;ERP_KMANU;Umgang mit manuellen Konditionen
de;ERP_KMEIN;Mengeneinheit Kondition im Beleg
de;ERP_KNPRS;Preisfindungsart
de;ERP_KNTTP;Kontierungstyp
de;ERP_KOARS;Kontenarten
de;ERP_KOART;Kontoart
de;ERP_KOFIZ_KK;Kontenfindungsmerkmal
de;ERP_KOKRS;Kostenrechnungskreis
de;ERP_KOSTA;Kommissionierstatus/Einlagerungsstatus
de;ERP_KOSTK;Kommissionierstatus
de;ERP_KOSTL;Kostenstelle
de;ERP_KOWRR;Statistische Werte
de;ERP_KSCHL;Konditionsart
de;ERP_KSTAR;Kostenart
de;ERP_KSTEU;Konditionssteuerung
de;ERP_KTGRD;Kontierungsgruppe - Debitoren
de;ERP_KTGRM;Kontierungsgr. Mat.
de;ERP_KTOGR;Kontenfindung
de;ERP_KTOKD;Kundenkontengruppe
de;ERP_KTOKK;Lieferantenkontengruppe
de;ERP_KTOKL;Kontenklasse
de;ERP_KTOPL;Kontenplan
de;ERP_KUKLA;Kundenklassifizierung
de;ERP_KUNNR;Kunde
de;ERP_KZVBR;Verbrauchsbuchung
de;ERP_LAUFI;Zahllauf-ID
de;ERP_LAUFK;Streckenabschnittskennzeichen
de;ERP_LBWST;Bewertungsstrategie
de;ERP_LDEST;Spool: Ausgabegerät
de;ERP_LFART;Lieferart
de;ERP_LFGSA;Lieferstatus
de;ERP_LGNUM;Lagernummer
de;ERP_LGORT;Lagerort
de;ERP_LGTYP;Lagerart
de;ERP_LIEF;Externe Bearbeitung von Vorgängen
de;ERP_LIFNR;Lieferant
de;ERP_LIFSD;Zentr. Liefersperre für Debitor
de;ERP_LIFSK;Liefersperre Kopf
de;ERP_LIFSP;Liefersperre Position
de;ERP_LISOF;Lieferung sofort anlegen
de;ERP_LLAND;Empfangsland
de;ERP_LOCKR;Sperrgrund
de;ERP_LOEKZ;Löschkennz. in Einkaufsbeleg
de;ERP_LOEKZ_ESSR;Löschkennz. in Erfassungsblatt
de;ERP_LOGSYSTEM;Logisches System
de;ERP_LOTYP;Typ des Sperrobjekts
de;ERP_LPRIO;Lieferpriorität
de;ERP_LSSTA;Liefersperrenstatus
de;ERP_LSSTK;Allgemeiner Liefersperrenstatus
de;ERP_LVSTA;WM-Aktivitätsstatus
de;ERP_LVSTK;WM-Status
de;ERP_MAABC;ABC-Kennzeichen
de;ERP_MABER;Mahnbereich
de;ERP_MAFID;Satzart
de;ERP_MAGRV;Materialgrp. Verpackungsmat.
de;ERP_MAHNA;Mahnverfahren
de;ERP_MAHNV;Mahnverfahren
de;ERP_MANOUTSORT;Manuelle Aussteuerung in Abrechnung
de;ERP_MANOUTS_IN;Grund f. man. Faktur.-Ausst.
de;ERP_MANSP;Mahnsperre
de;ERP_MANST;Mahnstufe
de;ERP_MANUAL;Manuell generiert
de;ERP_MANUE;Nachricht manuell bearbeitet
de;ERP_MANUR;Kennz. f. Rückmeldeart
de;ERP_MATKL;Materialgruppe
de;ERP_MATNR;Materialnummer
de;ERP_MEDKZ;Planauftrag verteilt
de;ERP_MEILR;Meilensteinrückmeldung
de;ERP_MEPROCSTATE;Einkaufsbeleg Verarbeitungsstatus
de;ERP_MITKZ;Abstimmkennzeichen
de;ERP_MKSP;Fertigungsversion gesperrt
de;ERP_MMSTA;Werksspez. Materialstatus
de;ERP_MODIFLAG;Änderbar
de;ERP_MPTYP;Instandhaltungsplantyp
de;ERP_MRM_ZLSPR;Logistische Zahlsperre
de;ERP_MSCHL;Mahnschlüssel
de;ERP_MSGAR;Meldungsart
de;ERP_MSTAE;Materialübergreif. Status
de;ERP_MSTYP_KK;Mahnstufentyp
de;ERP_MTART;Materialart
de;ERP_MTVFP;Prüfgruppe für Verfügbarkeitsprüfung
de;ERP_NABPF;Nicht abzurechnen
de;ERP_NACHA;Nachrichtensendemedium
de;ERP_NCOST;Nicht kalkulieren
de;ERP_NODIS;Bedarfssatz ist für Mat.-Bedarfspl. nicht relevant
de;ERP_NO_DISP_PLUS;Gültig für Mat.pl.
de;ERP_OBART;Objektart
de;ERP_OBJTYPE;Objektart
de;ERP_OBLACT;Obligoverwaltung aktiv
de;ERP_OBLIGO;Obligoverwaltung aktiv
de;ERP_OTYPE;Objektart
de;ERP_PAART;Auftragsart Planauftrag
de;ERP_PARTNER;ERP-Geschäftspartner
de;ERP_PARVW;Partnerfunktion
de;ERP_PDSTA;LEB-Status auf Positionsebene
de;ERP_PDSTK;Lieferempfangsbestätigungsstatus
de;ERP_PERBZ;Abrechnungsart
de;ERP_PERIO;Nächstes Fakturadatum
de;ERP_PERIV;Geschäftsjahresvariante
de;ERP_PKSTA;Packstatus von Position
de;ERP_PLANV;ERP-Schlüssel für Aufgabenlistenverwendung
de;ERP_PLAN_SORT;Sortierfeld für Wartungspläne
de;ERP_PLKNZ;IH-Auftrag-Planungskennzeichen
de;ERP_PLNST;Aufgabenlistenstatus
de;ERP_PLNTY;Aufgabenlistenart
de;ERP_PLSCN;Planungsszenario
de;ERP_PMCS_IND;PM-/CS-Kennzeichen
de;ERP_POKEN;Meldungsnummer
de;ERP_PORTION;Anteil
de;ERP_POSAR;Positionsart
de;ERP_POSTP;Pos.-Typ (Stückliste)
de;ERP_PO_ART;ERP-Bestellungsart
de;ERP_PO_LOEKZ;Löschkennzeichen in Einkauf
de;ERP_PO_PSTYP;ERP-Bestellpositionsart
de;ERP_PPROF;Planungsprofil
de;ERP_PRART;Projektart
de;ERP_PRCTR;Profitcenter
de;ERP_PRDNR;Produktnummer
de;ERP_PRFG;Status prüfen
de;ERP_PRINTLOCK;Beleg zum Druck gesperrt
de;ERP_PRIOK;Priorität
de;ERP_PROCESSING_TYPE;Verarbeitungsart
de;ERP_PROCTY;Lagerprozessart
de;ERP_PRODH_D;Produkthierarchie
de;ERP_PROFL;Projektprofil
de;ERP_PROID;Prozesscode
de;ERP_PR_ART;ERP-Bestellanforderungsart
de;ERP_PR_PSTYP;ERP-Bestellanforderung Positionsart
de;ERP_PR_STATU;Verarbeitungsstatus Bestellanforderung
de;ERP_PSPID;Projektdefinition
de;ERP_PSTYV;Positionstyp
de;ERP_PS_POSID;PSP-Element (extern)
de;ERP_PS_POSNR;PSP-Element (intern)
de;ERP_PS_ZUORD;Netzwerkzuordnung
de;ERP_QBEWERTUNG;Bewertung Code
de;ERP_QMART;Benachrichtigungsart
de;ERP_QMTYP;QM-Benachrichtigungstyp
de;ERP_QM_PHASE;Verarbeitungsphase Benachrichtigung
de;ERP_QPART;Prüfart
de;ERP_QSPERRFKT;Funktion, die gesperrt wird
de;ERP_RBSTAT;Rechnungsbeleg-Status
de;ERP_REASON;Grund für Anlage Druckbeleg
de;ERP_RECIPE_PRO;ERP-Rezeptprofil
de;ERP_RECNNTPARTY;Immobilien - Kündigung durch
de;ERP_RECNNTREASON;Immobilien - Grund für Kündigung
de;ERP_RECNNTREASONREJ;Immobilien - Grund für Ablehnung
de;ERP_RECNTYPE;Art des Immobilienvertrags
de;ERP_REDUCTION_AMOUNT;Kürzungsbetrag
de;ERP_REFERENCE;Zugeordnet zu Dokument
de;ERP_REFPLAN;Zugeordnet zu Planauftrag
de;ERP_REFPREQ;Zugeordnet zu Bestellanforderung
de;ERP_REF_MNTPLAN;Erstellungskennzeichen PM
de;ERP_REPTP;Fertigungsart
de;ERP_REVNR;Änderung für PM
de;ERP_RE_CATEGORY;Immobilien - Vertragstyp
de;ERP_RE_RELEVANTEVAL;Immobilien - Bewertungsrelevanz
de;ERP_RE_USERSUPPLIER;Immobilien - Benutzer/Lieferant
de;ERP_RFBSK;Buchungsstatus
de;ERP_RFGSA;Gesamtstatus der Referenz
de;ERP_RFSTA;Referenzstatus
de;ERP_RGEKZ;Kennz.: Retrograde-Entnahme für Auftrag
de;ERP_RLDNR;Ledger in Hauptbuchhaltung
de;ERP_ROUTE;ERP-Arbeitsplan
de;ERP_ROUTE_PRO;ERP-Arbeitsplanprofil
de;ERP_RUEK;Abschlussbestätigung
de;ERP_SATZA;Satzart für Rückmeldung
de;ERP_SCMGCASE_TYPE;Fallart
de;ERP_SCOPE;Objektklasse
de;ERP_SDABW;Sonderabwicklungskennzeichen
de;ERP_SD_AUART;Verkaufsbelegart
de;ERP_SFCPF;Fertigungssteuerungsprofil (Kein Text)
de;ERP_SFEPR;Serienfertigungsprofil
de;ERP_SHKZG;Soll-/Haben-Kennzeichen
de;ERP_SHTYP;Transportart
de;ERP_SIMULATION;Kennzeichen: Abrechnungssimulation
de;ERP_SOBES;Sonderbeschaffungskennzeichen
de;ERP_SOBKZ;Sonderbestandskennzeichen
de;ERP_SOBSL;Sonderbeschaffungsart
de;ERP_SPART;Sparte
de;ERP_SPERR;Inventur-Sperrkennzeichen
de;ERP_SPGRU;Sperrgrund
de;ERP_SPLEV;Ebene der Zahlungssperre
de;ERP_SPRAS;Nachrichtensprache
de;ERP_STABR;Stat. Übertr. (Frachtkostenpos.)
de;ERP_STAGAREA;Bereitstellungszone
de;ERP_STAGAREAGR;Bereitstellungszonengruppe
de;ERP_STATG;Statusgruppe
de;ERP_STATUS;Objektstatus
de;ERP_STATUS_SYSTEM;JEST-Systemstatus
de;ERP_STATUS_VALUE;Statuswert (EWM)
de;ERP_STATUS_VT_KK;Status Provider-Vertrag
de;ERP_STAT_PARA;Systemstatus von Fällen
de;ERP_STBER;Stat. Berechn. (Frachtkostenpos.)
de;ERP_STEUS;ERP-Steuerungsschlüssel
de;ERP_STFRE;Status Kontenfindung
de;ERP_STGRD;Stornogrund
de;ERP_STICH;Terminierungskennzeichen
de;ERP_STLAL_NOTXT;Alternative Stückliste (Kein Text)
de;ERP_STLAN;Stücklistenverwendung
de;ERP_STLST;Stücklistenstatus
de;ERP_STRAT;Instandhaltungsstrategie
de;ERP_STRGR;Planungsstrategiegruppe
de;ERP_STSMA;Statusschema
de;ERP_STTRG;Transportstatus
de;ERP_STTXT;Pflegestatus
de;ERP_STUFE;Stufe (SemID ohne Text)
de;ERP_TABNAME;Tabellenname
de;ERP_TABNAMVB;Tabellenname SD
de;ERP_TARIFTYP;Tariftyp
de;ERP_TDARMOD;Druck: Archivierungsmodus
de;ERP_TEST_OR_PROD;Testlauf oder Produktivlauf
de;ERP_TETXT;TERMINBEZEICHNUNG
de;ERP_TPLNR;Technischer Platz
de;ERP_TPLST;Transportdispostelle
de;ERP_TRAGR;Transportgruppe
de;ERP_TRIGSTAT;Status Abrechnungsauftrag
de;ERP_TRMER;Terminierungsfehler
de;ERP_TRSPG;Transportsperrgrund
de;ERP_TRSTA;Transportdispositionsstatus
de;ERP_UPDTM;Material aktualisieren
de;ERP_UPTYP;Unterpositionstyp
de;ERP_USTXT;Spontanbewerbungsgruppe
de;ERP_UVALL;Allgemein unvollständig
de;ERP_UVFAK;Unvollständig für Fakturierung
de;ERP_UVPAK;Unvollständig für Verpackung
de;ERP_UVPIK;Unvollständig für Kommissionierung/Einlagerung
de;ERP_UVPRS;Unvollständig für Preisfindung
de;ERP_UVVLK;Unvollständig für Lieferung
de;ERP_UVWAK;Unvollständig für Warenbewegung
de;ERP_VALIDATION;Abrechnungsplausibilitätsprüfung
de;ERP_VALIDAT_IN;Name Rechnungsüberprüfung
de;ERP_VAUNA;Nachberechnung
de;ERP_VBTYP;Vertriebsbelegtyp
de;ERP_VBUND;Handelspartner
de;ERP_VERANTX;Arbeitsplatzverantwortlicher
de;ERP_VERID;Fertigungsversion (Kein Text)
de;ERP_VERNR;Projektverantwortlicher
de;ERP_VERWE;Aufgabenlistenverwendung
de;ERP_VGABE;Vorgangs-/Ereignisart
de;ERP_VGART;Vorgangsart
de;ERP_VGEXT;Ext. Geschäftsvorfall (KEIN TEXT)
de;ERP_VGINT;Buchungsregel
de;ERP_VGMAN;Vorgang
de;ERP_VGTYP;Vorgangsart
de;ERP_VKBUR;Verkaufsbüro
de;ERP_VKGRP;Verkäufergruppe
de;ERP_VKONT;Vertragskonto
de;ERP_VKORG;ERP-Verkaufsorganisation
de;ERP_VLFKZ;Werkstyp
de;ERP_VMSTA;SD-Materialstatus
de;ERP_VPRSV;Preissteuerungskennzeichen
de;ERP_VRGNG;Geschäftsvorgang
de;ERP_VSART;Versandart
de;ERP_VSBED;Versandbedingungen
de;ERP_VSTEL;Versandstelle
de;ERP_VSZTP;Versandzeitpunkt
de;ERP_VTWEG;Vertriebsweg
de;ERP_WARPL;Instandhaltungsplan
de;ERP_WBSTA;GM-Status
de;ERP_WBSTK;Gesamtstatus GM
de;ERP_WERK;Werk
de;ERP_WHNO;Lagernummer
de;ERP_WMAK;Materialart-ID
de;ERP_XGWGK;GWG-Prüfung: Betrag oder Menge
de;ERP_XREVERSAL;Stornokennzeichen
de;ERP_ZAHLKOND;Zahlungskonditionen
de;ERP_ZAHLS;Sperrschlüssel für Zahlung.
de;ERP_ZBFIX;Zahlungsbedingungen festgelegt
de;ERP_ZEITPKT;Ereignis
de;ERP_ZLSCH;ZAHLWEG
de;ERP_ZLSPR;Schlüssel Zahlungssperre
de;ERP_ZTERM;Zahlungsbedingungen
de;ERP_ZUAWA;Sortierschl. nach Zuordn.-Nr.
de;ERP_ZWELS;Zahlwege (kein Text)
de;EWM_AAREA;AKTIVITÄTSBEREICH
de;EWM_ACT_TYPE;Aktivitätsart
de;EWM_ADJUST_QTY;Mengenanpassung
de;EWM_CAT;Bestandsart
de;EWM_DE_WCRTYPE;Typ der Lagerauftrags-Anlageregel
de;EWM_DE_WHOSTAT;Lagerauftragsstatus
de;EWM_DOCTYPE;Belegart
de;EWM_EXCEPT;Ausnahmecode
de;EWM_ITEMTYPE;Postenart für Lagerprozesse
de;EWM_LGBER;Lagerbereich
de;EWM_LGNUM;LAGERNR. EWM
de;EWM_LGTYP;Lagerart
de;EWM_LPTYP;Lagerplatztyp
de;EWM_MATNR;Produktnummer
de;EWM_PARTY_ROLE;Partnerrolle
de;EWM_PRCODE;Prozesscode
de;EWM_PROCTYPE;Prozessart
de;EWM_QUEUE;Warteschlange
de;EWM_ROUTE;Route
de;EWM_TOSTAT;Lageraufgabenstatus
de;EWM_TRART;Lagerprozesstyp
de;EWM_WAVECAT;Wellentyp
de;EWM_WAVETYPE;Wellenart
de;EWM_WCR;Lagerauftragserstellungsregel
de;EWM_WTCODE;Sonderfunktion für LB
de;EW_STOCK_DOCCAT;Art: Kundenauftrags- oder Projektbestand
de;FSCM_CATEGORY;Kategorie
de;FSCM_FIN_P2P_STATE;Stand des Zahlungsversprechens
de;FSCM_P2P_LEVEL;Stufe eines Zahlungsversprechens
de;FSCM_REASON_CODE;Ursachencode
de;GRC_LOGSYS;Logisches System
de;ISU_ABLESART;Geplanter Ablesetyp
de;ISU_ABLESARTST;Ablesesteuerung
de;ISU_ABLSPERR;Ablesesperrgrund
de;ISU_ABLSTAT;Ablesestatus
de;ISU_ABRFREIG;Abrechnungsfreigabegrund
de;ISU_ABRSPERR;Abrechnungssperrgrund
de;ISU_AKLASSE;Abrechnungsklasse
de;ISU_AKTIV;Ablesung aktiv
de;ISU_GEMFAKT;Gemeinsame Fakturierung
de;ISU_INVOICING_PARTY;Rechnungssteller der Versorgungsindustrie
de;ISU_ISTABLART;Ableseart
de;ISU_PRUEFPKT;Unabhängige Plausibilitätsprüfung
de;ISU_VSTELLE;Verbrauchsstelle
de;SCMO_APPLICATION;SCMO-Anwendung
de;SCMO_APP_STATUS;Anwendungsstatus
de;SRM_BBP_METYPE;Sendemedium
de;SRM_BE_DOC_TYPE;Belegart der Bestellanforderung
de;SRM_BID_TYPE;Typ der Ausschreibung
de;SRM_BID_VALIDATION;Gebotsplausibilitätsprüfung
de;SRM_CATEGORY_ID;SRM-Kategorie-ID (kein Text)
de;SRM_CHECK_IND;Prüfkennzeichen auf Postenebene
de;SRM_INCOTERM;Incoterm-Schlüssel
de;SRM_ITM_RELEASED;SRM-Postenstatus
de;SRM_LOCATION;Standort in SAP SRM
de;SRM_LOGSYS;Originalsystem
de;SRM_OBJECT_TYPE;Transaktionskategorie
de;SRM_OBJ_TYPE;Objekttyp im Backend-System
de;SRM_ORG_UNIT;Organisationseinheiten in SRM (HRP1000)
de;SRM_PROCESSING_TYPE;Verarbeitungsart
de;SRM_PROCESS_BLOCKED;Aktive/inaktive Transaktion
de;SRM_PRODUCT_TYPE;Produktart
de;SRM_SUBTYPE;Spezifik. eines Geschäftsbelegs
de;SRM_SUBTYPE_I;Spezifik. einer Belegpos.
de;SRM_SUPPLIER;Lieferant in SAP SRM
de;SRM_USE_CONDITIONS;Kennz.: Det. Preisinformation in Gebot
de;SRM_VERSION_TYPE;Versionsart
de;TIME;Uhrzeit
de;TM_CONS_ALLOWED;Konsolidierung zulässig
de;TM_CREATION_TYPE;Anlageart
de;TM_ENABLE_CHARGE_CAL;Gebührenberechnung aktivieren
de;TM_ENABLE_SETTLEMENT;Abrechnung aktivieren
de;TM_ERP_SHP_REL;Relevanz der Dokumenterzeugung
de;TM_ITEM_CAT;Positionstyp
de;TM_LOGSYS;Logisches System TM (Sendesystem)
de;TM_MOT;TM-Transportmodus
de;TM_MOT_CAT;TM-Transportmodustyp
de;TM_MOVEM_TYPE;TM-Bewegungsart
de;TM_ORG_UNIT;Organisationseinheiten in TM (HRP1000)
de;TM_PLN_SCT_REL;Relevanz der Unterbeauftragung
de;TM_SET_BY_SERVICE;Herkunft des Eintrags
de;TM_SHIPPING_TYPE;TM-Versandart
de;TM_SHPM_TRANSM;Status der Übertragung an ERP
de;TM_TOR_CAT;TM-TA-Typ
de;TM_TOR_TYPE;TM-TA-Art
de;TM_TRAFFIC_DIRECT;TM-Verkehrsrichtung
de;TM_TRQ_CAT;TM-TF-Typ
de;TM_TRQ_TYPE;TM-TF-Art
de;TZONE;Zeitzone