locale;kpiId;phaseId;title;subtitle
fr;CPACM00160;10;DÉTERMINATION DES SOURCES D'APPROVISIONNEMENT ET APPROVISIONNEMENT;Espace de travail Contrat
fr;CPAOP00160;10;DÉTERMINATION DES SOURCES D'APPROVISIONNEMENT ET APPROVISIONNEMENT;Demande d'achat
fr;CPAOP00160;20;DÉTERMINATION DES SOURCES D'APPROVISIONNEMENT ET APPROVISIONNEMENT;Commande d'achat
fr;CPAOP00161;10;DÉTERMINATION DES SOURCES D'APPROVISIONNEMENT ET APPROVISIONNEMENT;Commande d'achat
fr;CPAOP00161;20;CHAÎNE LOGISTIQUE;Mouvement de stock
fr;CPAOP00161;30;FINANCE;Facture fournisseur
fr;CPAOP00162;10;FINANCE;Facture fournisseur
fr;CPAOP00162;20;FINANCE;Paiement de facture
fr;CPAOP00163;10;DÉTERMINATION DES SOURCES D'APPROVISIONNEMENT ET APPROVISIONNEMENT;Commande d'achat
fr;CPAOP00163;20;FINANCE;Facture fournisseur
fr;CPASC00160;10;DÉTERMINATION DES SOURCES D'APPROVISIONNEMENT ET APPROVISIONNEMENT;Demande de détermination des sources d'approvisionnement
fr;CPASC00160;20;DÉTERMINATION DES SOURCES D'APPROVISIONNEMENT ET APPROVISIONNEMENT;Projet de détermination des sources d'approvisionnement
fr;CPASC00160;30;DÉTERMINATION DES SOURCES D'APPROVISIONNEMENT ET APPROVISIONNEMENT;Activité de détermination des sources d'approvisionnement
fr;CPASC00160;40;DÉTERMINATION DES SOURCES D'APPROVISIONNEMENT ET APPROVISIONNEMENT;Projet de détermination des sources d'approvisionnement
fr;CPASC00161;10;DÉTERMINATION DES SOURCES D'APPROVISIONNEMENT ET APPROVISIONNEMENT;Projet de détermination des sources d'approvisionnement
fr;CPASC00161;20;DÉTERMINATION DES SOURCES D'APPROVISIONNEMENT ET APPROVISIONNEMENT;Activité de détermination des sources d'approvisionnement
fr;CPASC00161;30;DÉTERMINATION DES SOURCES D'APPROVISIONNEMENT ET APPROVISIONNEMENT;Projet de détermination des sources d'approvisionnement
fr;CPASC00163;10;DÉTERMINATION DES SOURCES D'APPROVISIONNEMENT ET APPROVISIONNEMENT;Activité de détermination des sources d'approvisionnement
fr;CPASC00163;20;DÉTERMINATION DES SOURCES D'APPROVISIONNEMENT ET APPROVISIONNEMENT;Dépôt d'offre
fr;CPASC00163;30;DÉTERMINATION DES SOURCES D'APPROVISIONNEMENT ET APPROVISIONNEMENT;Activité de détermination des sources d'approvisionnement
fr;CPASC00164;10;DÉTERMINATION DES SOURCES D'APPROVISIONNEMENT ET APPROVISIONNEMENT;Activité de détermination des sources d'approvisionnement
fr;CPASC00164;20;DÉTERMINATION DES SOURCES D'APPROVISIONNEMENT ET APPROVISIONNEMENT;Dépôt d'offre
fr;CPASC00164;30;DÉTERMINATION DES SOURCES D'APPROVISIONNEMENT ET APPROVISIONNEMENT;Activité de détermination des sources d'approvisionnement
fr;CPASC00165;10;DÉTERMINATION DES SOURCES D'APPROVISIONNEMENT ET APPROVISIONNEMENT;Activité de détermination des sources d'approvisionnement
fr;CPASC00165;20;DÉTERMINATION DES SOURCES D'APPROVISIONNEMENT ET APPROVISIONNEMENT;Dépôt d'offre
fr;CPASC00165;30;DÉTERMINATION DES SOURCES D'APPROVISIONNEMENT ET APPROVISIONNEMENT;Activité de détermination des sources d'approvisionnement
fr;CPASM00160;10;DÉTERMINATION DES SOURCES D'APPROVISIONNEMENT ET APPROVISIONNEMENT;Demande fournisseur
fr;CPASM00160;20;DÉTERMINATION DES SOURCES D'APPROVISIONNEMENT ET APPROVISIONNEMENT;Enregistrement du fournisseur
fr;CPASM00161;10;DÉTERMINATION DES SOURCES D'APPROVISIONNEMENT ET APPROVISIONNEMENT;Qualification du fournisseur
fr;KBSRM00160;10;APPROVISIONNEMENT;Panier
fr;KBSRM00160;20;APPROVISIONNEMENT;Document d’achat
fr;KBSRM00760;10;APPROVISIONNEMENT;Appel d'offres
fr;KBSRM00760;20;APPROVISIONNEMENT;Offre fournisseur (Devis)
fr;KBSRM00761;10;APPROVISIONNEMENT;Enchère
fr;KBSRM00761;20;APPROVISIONNEMENT;Offre fournisseur (Devis)
fr;KCSAL00660;10;VENTES;Opportunité
fr;KCSAL00660;20;VENTES;Activité de gestion
fr;KCSAL00660;30;VENTES;Tâche
fr;KCSAL00660;40;VENTES;Opportunité
fr;KFFI000960;10;FINANCE;Pièce comptable
fr;KFFI000960;20;FINANCE;Pièce de rapprochement
fr;KFFI000961;10;FINANCE;Pièce comptable
fr;KFFI000961;20;FINANCE;Pièce de rapprochement
fr;KFFI001060;10;FINANCE;Pièce comptable
fr;KFFI001060;20;FINANCE;Pièce de rapprochement
fr;KFFI001061;10;FINANCE;Pièce comptable
fr;KFFI001061;20;FINANCE;Pièce de rapprochement
fr;KFFI001860;10;FINANCE;Fiche d'immobilisation
fr;KFFI001860;20;FINANCE ET APPROVISIONNEMENT;Pièce comptable
fr;KFFI001860;30;FINANCE;Pièce d'imputation
fr;KFFI001860;40;FINANCE;Fiche d'immobilisation
fr;KFFI001861;10;FINANCE;Fiche d'immobilisation
fr;KFFI001861;20;FINANCE ET APPROVISIONNEMENT;Pièce comptable
fr;KFFI001861;30;FINANCE;Comptabilisation des amortissements
fr;KFFI001861;40;FINANCE;Écriture d'immobilisation
fr;KFFI001861;50;FINANCE;Fiche d'immobilisation
fr;KFFI001960;10;FINANCE;Pièce comptable
fr;KFFI001960;20;FINANCE;Pièce de rapprochement
fr;KFFI002260;10;FINANCE;Pièce comptable
fr;KFFI002260;20;FINANCE;Pièce de rapprochement
fr;KFFI002360;10;FINANCE;Collecteur des coûts par produit
fr;KFFI002360;20;FABRICATION;Confirmation d'ordre planifié
fr;KFFI002360;30;FABRICATION/FINANCE;Imputation d'article
fr;KFFI002660;10;VENTES;Contrat de fournisseur
fr;KFFI002660;20;VENTES;Document de facturation
fr;KFFI002660;30;VENTES;Pièce de facturation
fr;KIAUT00160;10;FABRICATION;Quantité échéancée
fr;KIAUT00160;20;CHAÎNE LOGISTIQUE;Stock magasin
fr;KIAUT00160;30;APPROVISIONNEMENT;Commande/Demande d'achat/Programme de livraisons
fr;KIAUT00160;40;FABRICATION;Quantité échéancée
fr;KIISU00160;10;VENTES;Contrat
fr;KIISU00160;20;VENTES;Ordre de relevé
fr;KIISU00160;30;VENTES;Document de facturation
fr;KIISU00160;40;VENTES;Document imprimé
fr;KIISU00160;50;FINANCE;Pièce de compte courant contrats
fr;KIISU00161;10;VENTES;Ordre de décompte
fr;KIISU00161;20;VENTES;Ordre de relevé
fr;KIISU00161;30;VENTES;Contrat
fr;KIISU00161;40;VENTES;Ordre de décompte
fr;KIISU00162;10;VENTES;Ordre de décompte
fr;KIISU00162;20;VENTES;Ordre de relevé
fr;KIISU00162;30;VENTES;Contrat
fr;KIISU00162;40;VENTES;Ordre de décompte
fr;KIISU00260;10;VENTES;Document de facturation
fr;KIISU00260;20;VENTES;Document imprimé
fr;KIISU00261;10;VENTES;Document de facturation
fr;KIISU00261;20;VENTES;Document imprimé
fr;KIISU00360;10;VENTES;Document imprimé
fr;KIISU00360;20;FINANCE;Pièce comptable
fr;KIISU00361;10;VENTES;Document imprimé
fr;KIISU00361;20;FINANCE;Pièce comptable
fr;KIRET00460;10;DÉTERMINATION DES SOURCES D'APPROVISIONNEMENT ET APPROVISIONNEMENT;Commande de transfert
fr;KIRET00460;20;CHAÎNE LOGISTIQUE;Livraison de réapprovisionnement
fr;KIRET00460;30;CHAÎNE LOGISTIQUE;Mouvement de stock
fr;KIRET00461;10;DÉTERMINATION DES SOURCES D'APPROVISIONNEMENT ET APPROVISIONNEMENT;Commande de transfert
fr;KIRET00461;20;CHAÎNE LOGISTIQUE;Livraison de réapprovisionnement
fr;KIRET00461;30;CHAÎNE LOGISTIQUE;Mouvement de stock
fr;KIRET00462;10;DÉTERMINATION DES SOURCES D'APPROVISIONNEMENT ET APPROVISIONNEMENT;Commande de transfert
fr;KIRET00462;20;CHAÎNE LOGISTIQUE;Livraison de réapprovisionnement
fr;KIRET00462;30;CHAÎNE LOGISTIQUE;Mouvement de stock
fr;KIRET00463;10;DÉTERMINATION DES SOURCES D'APPROVISIONNEMENT ET APPROVISIONNEMENT;Commande de transfert
fr;KIRET00463;20;CHAÎNE LOGISTIQUE;Livraison de réapprovisionnement
fr;KIRET00463;30;CHAÎNE LOGISTIQUE;Mouvement de stock
fr;KIRET00464;10;DÉTERMINATION DES SOURCES D'APPROVISIONNEMENT ET APPROVISIONNEMENT;Commande de transfert
fr;KIRET00464;20;CHAÎNE LOGISTIQUE;Livraison de réapprovisionnement
fr;KIRET00464;30;CHAÎNE LOGISTIQUE;Mouvement de stock
fr;KIRET00464;40;FINANCE;Pièce comptable
fr;KIRET00465;10;DÉTERMINATION DES SOURCES D'APPROVISIONNEMENT ET APPROVISIONNEMENT;Commande de transfert
fr;KIRET00465;20;CHAÎNE LOGISTIQUE;Livraison de réapprovisionnement
fr;KIRET00465;30;CHAÎNE LOGISTIQUE;Mouvement de stock
fr;KIRET00465;40;FINANCE;Pièce comptable
fr;KIRET00466;10;DÉTERMINATION DES SOURCES D'APPROVISIONNEMENT ET APPROVISIONNEMENT;Commande de transfert
fr;KIRET00466;20;CHAÎNE LOGISTIQUE;Livraison de réapprovisionnement
fr;KIRET00466;30;CHAÎNE LOGISTIQUE;Mouvement de stock
fr;KIRET00466;40;FINANCE;Pièce comptable
fr;KIRET00467;10;DÉTERMINATION DES SOURCES D'APPROVISIONNEMENT ET APPROVISIONNEMENT;Commande de transfert
fr;KIRET00467;20;CHAÎNE LOGISTIQUE;Livraison de réapprovisionnement
fr;KIRET00467;30;CHAÎNE LOGISTIQUE;Mouvement de stock
fr;KIRET00467;40;FINANCE;Pièce comptable
fr;KIRET00560;10;DÉTERMINATION DES SOURCES D'APPROVISIONNEMENT ET APPROVISIONNEMENT;Commande d'achat
fr;KIRET00560;20;CHAÎNE LOGISTIQUE;Mouvement de stock
fr;KIRET00560;30;FINANCE;Facture fournisseur
fr;KIRET00561;10;DÉTERMINATION DES SOURCES D'APPROVISIONNEMENT ET APPROVISIONNEMENT;Commande d'achat
fr;KIRET00561;20;CHAÎNE LOGISTIQUE;Mouvement de stock
fr;KIRET00561;30;FINANCE;Facture fournisseur
fr;KIRET00562;10;DÉTERMINATION DES SOURCES D'APPROVISIONNEMENT ET APPROVISIONNEMENT;Commande d'achat
fr;KIRET00562;20;CHAÎNE LOGISTIQUE;Mouvement de stock
fr;KIRET00562;30;FINANCE;Facture fournisseur
fr;KIRET00563;10;DÉTERMINATION DES SOURCES D'APPROVISIONNEMENT ET APPROVISIONNEMENT;Commande d'achat
fr;KIRET00563;20;CHAÎNE LOGISTIQUE;Mouvement de stock
fr;KIRET00563;30;FINANCE;Facture fournisseur
fr;KPIM000160;10;CHAÎNE LOGISTIQUE;Niveau de stock
fr;KPIM000160;20;CHAÎNE LOGISTIQUE;Mouvement de stock
fr;KPIM000161;10;CHAÎNE LOGISTIQUE;Niveau de stock
fr;KPIM000161;20;CHAÎNE LOGISTIQUE;Mouvement de stock
fr;KPIM000162;10;CHAÎNE LOGISTIQUE;Niveau de stock
fr;KPIM000162;20;CHAÎNE LOGISTIQUE;Mouvement de stock
fr;KPIM000163;10;CHAÎNE LOGISTIQUE;Niveau de stock
fr;KPIM000163;20;CHAÎNE LOGISTIQUE;Mouvement de stock
fr;KPLE000360;10;CHAÎNE LOGISTIQUE;Livraison sortante
fr;KPLE000360;20;CHAÎNE LOGISTIQUE;Unité de manutention
fr;KPLE000360;30;CHAÎNE LOGISTIQUE;Document de transport
fr;KPLE000360;40;CHAÎNE LOGISTIQUE;Mouvement de stock
fr;KPLE000361;10;CHAÎNE LOGISTIQUE;Livraison sortante
fr;KPLE000361;20;CHAÎNE LOGISTIQUE;Ordre de transfert
fr;KPLE000361;30;CHAÎNE LOGISTIQUE;Unité de manutention
fr;KPLE000361;40;CHAÎNE LOGISTIQUE;Document de transport
fr;KPLE000361;50;CHAÎNE LOGISTIQUE;Mouvement de stock
fr;KPLE000362;10;CHAÎNE LOGISTIQUE;Livraison entrante
fr;KPLE000362;20;CHAÎNE LOGISTIQUE;Document de transport
fr;KPLE000362;30;CHAÎNE LOGISTIQUE;Unité de manutention
fr;KPLE000362;40;CHAÎNE LOGISTIQUE;Ordre de transfert
fr;KPLE000362;50;CHAÎNE LOGISTIQUE;Mouvement de stock
fr;KPMRP00260;10;CHAÎNE LOGISTIQUE;Cycles MRP
fr;KPMRP00260;15;VENTES;Commande client et livraison sortante
fr;KPMRP00260;20;CHAÎNE LOGISTIQUE;Ordre planifié
fr;KPMRP00260;30;FABRICATION;Ordre de production
fr;KPMRP00260;40;APPROVISIONNEMENT;Document d'achat
fr;KPMRP00260;50;CHAÎNE LOGISTIQUE;Liste MRP
fr;KPMRP00260;60;FABRICATION;Ordre de production
fr;KPMRP00260;70;APPROVISIONNEMENT;Document d'achat
fr;KPPP000160;10;FABRICATION;Ordre de fabrication
fr;KPPP000160;20;FABRICATION;Confirmation d'ordre
fr;KPPP000160;30;FABRICATION;Mouvement de stock
fr;KPPP000160;40;FABRICATION;Ordre de fabrication
fr;KPPP000161;10;FABRICATION/FINANCE;Ordre de fabrication
fr;KPPP000161;20;FABRICATION;Confirmation d'ordre
fr;KPPP000161;30;FABRICATION;Mouvement de stock
fr;KPPP000161;40;FABRICATION/FINANCE;Ordre d'imputation
fr;KPPP000162;10;FABRICATION;Ordre de fabrication
fr;KPPP000162;20;CHAÎNE LOGISTIQUE;Stock magasin
fr;KPPP000162;30;APPROVISIONNEMENT;Commande/Demande d'achat
fr;KPPP000162;40;FABRICATION;Ordre de fabrication/Ordre planifié
fr;KPPP000162;50;CHAÎNE LOGISTIQUE;Mouvement de stock
fr;KPPP000163;10;FABRICATION;Ordre de fabrication
fr;KPPP000163;20;APPROVISIONNEMENT;Demande d'achat
fr;KPPP000163;30;APPROVISIONNEMENT;Commande d'achat
fr;KPPP000163;40;CHAÎNE LOGISTIQUE;Mouvement de stock
fr;KPPP000164;10;FABRICATION;Ordre de fabrication
fr;KPPP000164;20;FABRICATION;Poste de travail
fr;KPPP000164;30;FABRICATION;Activité externe
fr;KPPP000164;40;FABRICATION;Clé de pilotage
fr;KPPP000164;45;FABRICATION;Ordre de fabrication
fr;KPPP000164;50;FABRICATION;Confirmations
fr;KPPP000260;10;FABRICATION;Ordre de process
fr;KPPP000260;15;FABRICATION;Recette de contrôle
fr;KPPP000260;20;FABRICATION;Confirmation d'ordre
fr;KPPP000260;30;FABRICATION;Mouvement de stock
fr;KPPP000260;40;FABRICATION;Ordre de process
fr;KPPP000261;10;FABRICATION;Ordre de process
fr;KPPP000261;20;FABRICATION;Confirmation d'ordre
fr;KPPP000261;30;FABRICATION;Mouvement de stock
fr;KPPP000261;40;FABRICATION/FINANCE;Ordre d'imputation
fr;KPPP000262;10;FABRICATION;Ordre de process
fr;KPPP000262;20;CHAÎNE LOGISTIQUE;Stock magasin
fr;KPPP000262;30;APPROVISIONNEMENT;Commande/Demande d'achat
fr;KPPP000262;40;FABRICATION;Ordre de process/Ordre planifié
fr;KPPP000262;50;CHAÎNE LOGISTIQUE;Mouvement de stock
fr;KPPP000263;10;FABRICATION;Ordre de process
fr;KPPP000263;20;APPROVISIONNEMENT;Demande d'achat
fr;KPPP000263;30;APPROVISIONNEMENT;Commande d'achat
fr;KPPP000263;40;CHAÎNE LOGISTIQUE;Mouvement de stock
fr;KPPP000264;10;FABRICATION;Ordre de process
fr;KPPP000264;20;FABRICATION;Poste de travail
fr;KPPP000264;30;FABRICATION;Activité externe
fr;KPPP000264;40;FABRICATION;Clé de pilotage
fr;KPPP000264;45;FABRICATION;Ordre de process
fr;KPPP000264;50;FABRICATION;Confirmations
fr;KPPROJ0360;10;GESTION DES IMMOBILISATIONS;Organigramme technique de projet
fr;KPPROJ0360;20;GESTION DES IMMOBILISATIONS/FINANCE;Organigramme technique de projet d'imputation
fr;KPPROJ0361;10;GESTION DES IMMOBILISATIONS;Organigramme technique de projet
fr;KPPROJ0361;20;GESTION DES IMMOBILISATIONS/FINANCE;Organigramme technique de projet d'imputation
fr;KPPURCH260;10;APPROVISIONNEMENT;Commande d'achat
fr;KPPURCH260;20;CHAÎNE LOGISTIQUE;Mouvement de stock
fr;KPPURCH260;30;FINANCE;Facture fournisseur
fr;KPPURCH260;40;FINANCE;Document de compte
fr;KPPURCH261;10;DÉTERMINATION DES SOURCES D'APPROVISIONNEMENT ET APPROVISIONNEMENT;Commande d'achat
fr;KPPURCH261;20;CHAÎNE LOGISTIQUE;Mouvement de stock
fr;KPPURCH261;30;FINANCE;Facture fournisseur
fr;KPPURCH263;10;DÉTERMINATION DES SOURCES D'APPROVISIONNEMENT ET APPROVISIONNEMENT;Commande d'achat
fr;KPPURCH263;20;VENTES;Commande client
fr;KPPURCH263;30;CHAÎNE LOGISTIQUE;Livraison sortante
fr;KPPURCH263;40;CHAÎNE LOGISTIQUE;Mouvement de stock
fr;KPPURCH263;50;FINANCE;Facture fournisseur
fr;KPPURCH265;10;DÉTERMINATION DES SOURCES D'APPROVISIONNEMENT ET APPROVISIONNEMENT;Commande d'achat
fr;KPPURCH265;20;FINANCE;Facture fournisseur
fr;KPPURCH265;30;FINANCE;Pièce comptable
fr;KPPURCH266;10;DÉTERMINATION DES SOURCES D'APPROVISIONNEMENT ET APPROVISIONNEMENT;Commande d'achat
fr;KPPURCH266;20;CHAÎNE LOGISTIQUE;Mouvement de stock
fr;KPPURCH266;30;FINANCE;Facture fournisseur
fr;KPPURCH267;10;DÉTERMINATION DES SOURCES D'APPROVISIONNEMENT ET APPROVISIONNEMENT;Commande d'achat
fr;KPPURCH267;20;DÉTERMINATION DES SOURCES D'APPROVISIONNEMENT ET APPROVISIONNEMENT;Feuille de saisie des services
fr;KPPURCH267;30;FINANCE;Facture fournisseur
fr;KPPURCH268;10;DÉTERMINATION DES SOURCES D'APPROVISIONNEMENT ET APPROVISIONNEMENT;Commande d'achat
fr;KPPURCH268;20;CHAÎNE LOGISTIQUE;Mouvement de stock
fr;KPPURCH268;30;FINANCE;Facture fournisseur
fr;KPPURCH360;10;DÉTERMINATION DES SOURCES D'APPROVISIONNEMENT ET APPROVISIONNEMENT;Demande d'achat
fr;KPPURCH360;20;DÉTERMINATION DES SOURCES D'APPROVISIONNEMENT ET APPROVISIONNEMENT;Commande d'achat
fr;KPPURCH362;10;DÉTERMINATION DES SOURCES D'APPROVISIONNEMENT ET APPROVISIONNEMENT;Demande d'achat pour transfert
fr;KPPURCH362;20;DÉTERMINATION DES SOURCES D'APPROVISIONNEMENT ET APPROVISIONNEMENT;Commande de transfert
fr;KPPURCH460;10;FINANCE;Facture fournisseur
fr;KPPURCH460;20;FINANCE;Pièce comptable
fr;KPPURCH560;10;DÉTERMINATION DES SOURCES D'APPROVISIONNEMENT ET APPROVISIONNEMENT;Commande de transfert
fr;KPPURCH560;20;CHAÎNE LOGISTIQUE;Mouvement de stock
fr;KPPURCH561;10;DÉTERMINATION DES SOURCES D'APPROVISIONNEMENT ET APPROVISIONNEMENT;Commande de transfert
fr;KPPURCH561;20;CHAÎNE LOGISTIQUE;Livraison de réapprovisionnement
fr;KPPURCH561;30;CHAÎNE LOGISTIQUE;Mouvement de stock
fr;KPPURCH562;10;DÉTERMINATION DES SOURCES D'APPROVISIONNEMENT ET APPROVISIONNEMENT;Commande de transfert
fr;KPPURCH562;20;CHAÎNE LOGISTIQUE;Livraison de réapprovisionnement
fr;KPPURCH562;30;CHAÎNE LOGISTIQUE;Mouvement de stock
fr;KPPURCH562;40;FINANCE;Pièce comptable
fr;KPPURCH660;10;DÉTERMINATION DES SOURCES D'APPROVISIONNEMENT ET APPROVISIONNEMENT;Programme de livraisons
fr;KPPURCH660;20;CHAÎNE LOGISTIQUE;Mouvement de stock
fr;KPPURCH661;10;DÉTERMINATION DES SOURCES D'APPROVISIONNEMENT ET APPROVISIONNEMENT;Contrat en quantité
fr;KPPURCH661;20;DÉTERMINATION DES SOURCES D'APPROVISIONNEMENT ET APPROVISIONNEMENT;Commande d'achat
fr;KPPURCH662;10;DÉTERMINATION DES SOURCES D'APPROVISIONNEMENT ET APPROVISIONNEMENT;Contrat en valeur
fr;KPPURCH662;20;DÉTERMINATION DES SOURCES D'APPROVISIONNEMENT ET APPROVISIONNEMENT;Commande d'achat
fr;KPSD000260;10;VENTES/FINANCE;Document de facturation de vente
fr;KPSD000260;20;FINANCE;Pièce comptable
fr;KPSD000360;10;VENTES;Commande client
fr;KPSD000360;20;CHAÎNE LOGISTIQUE;Livraison sortante
fr;KPSD000361;10;VENTES;Commande client
fr;KPSD000361;20;CHAÎNE LOGISTIQUE;Livraison sortante
fr;KPSD000361;30;CHAÎNE LOGISTIQUE;Mouvement de stock
fr;KPSD000361;40;VENTES/FINANCE;Facture client
fr;KPSD000362;10;VENTES;Commande client
fr;KPSD000362;20;CHAÎNE LOGISTIQUE;Livraison sortante
fr;KPSD000362;30;CHAÎNE LOGISTIQUE;Mouvement de stock
fr;KPSD000362;40;VENTES/FINANCE;Facture client
fr;KPSD000362;50;FINANCE;Pièce comptable
fr;KPSD000363;10;VENTES;Commande client
fr;KPSD000363;20;APPROVISIONNEMENT;Demande d'achat
fr;KPSD000363;30;APPROVISIONNEMENT;Commande d'achat
fr;KPSD000363;40;APPROVISIONNEMENT/FINANCE;Facture fournisseur
fr;KPSD000363;50;VENTES/FINANCE;Facture client
fr;KPSD000364;10;VENTES;Commande client
fr;KPSD000364;20;APPROVISIONNEMENT;Demande d'achat
fr;KPSD000364;30;APPROVISIONNEMENT;Commande d'achat
fr;KPSD000364;40;CHAÎNE LOGISTIQUE;Mouvement de stock
fr;KPSD000364;50;VENTES/FINANCE;Facture client
fr;KPSD000365;10;VENTES;Commande client
fr;KPSD000365;20;FABRICATION;Ordre de production
fr;KPSD000365;30;FABRICATION;Confirmation d'ordre de production
fr;KPSD000365;40;CHAÎNE LOGISTIQUE;Mouvement de stock
fr;KPSD000365;50;VENTES/FINANCE;Facture client
fr;KPSD000366;10;VENTES;Commande client
fr;KPSD000366;20;CHAÎNE LOGISTIQUE;Livraison sortante
fr;KPSD000366;30;CHAÎNE LOGISTIQUE;Mouvement de stock
fr;KPSD000366;40;VENTES/FINANCE;Facture client
fr;KPSD000366;50;FINANCE;Pièce comptable
fr;KPSD000366;60;VENTES/FINANCE;Facture inter-sociétés
fr;KPSD000366;70;FINANCE;Pièce comptable
fr;KPSD000367;10;VENTES;Commande client
fr;KPSD000367;20;VENTES/FINANCE;Facture client
fr;KPSD000367;30;FINANCE;Pièce comptable
fr;KPSD000368;10;VENTES;Devis
fr;KPSD000368;20;VENTES;Commande client
fr;KPSD000369;10;VENTES;Commande client
fr;KPSD000369;20;CHAÎNE LOGISTIQUE;Stock magasin
fr;KPSD000369;30;APPROVISIONNEMENT/CHAÎNE LOGISTIQUE;Commande/Demande d'achat
fr;KPSD000369;40;FABRICATION;Ordre de production/Ordre planifié
fr;KPSD000369;50;CHAÎNE LOGISTIQUE;Livraison sortante
fr;KPSD000380;10;VENTES;Ordre de retours
fr;KPSD000380;20;CHAÎNE LOGISTIQUE;Livraison de retours
fr;KPSD000380;30;CHAÎNE LOGISTIQUE;Mouvement de stock
fr;KPSD000380;40;VENTES;Avoir
fr;KPSD000460;10;VENTES;Demande de note de débit
fr;KPSD000460;20;VENTES/FINANCE;Note de débit
fr;KPSD000460;30;FINANCE;Pièce comptable
fr;KPSD000462;10;VENTES;Demande d'avoir
fr;KPSD000462;20;VENTES/FINANCE;Avoir
fr;KPSD000462;30;FINANCE;Pièce comptable
fr;KWMD000160;10;FABRICATION;Fiche article
fr;KWMD000160;20;FABRICATION;Nomenclature
fr;KWMD000160;30;FABRICATION;Gamme/Version de fabrication
fr;KWMD000160;40;FINANCE;Calcul du coût de revient budgété
fr;KWMD000160;50;FABRICATION;Ordre de fabrication
fr;KWMD000161;10;FABRICATION;Fiche article
fr;KWMD000161;20;FABRICATION;Nomenclature
fr;KWMD000161;30;FABRICATION;Recette de base/Version de fabrication
fr;KWMD000161;40;FINANCE;Calcul du coût de revient budgété
fr;KWMD000161;50;FABRICATION;Ordre de process
fr;KWMD000260;10;VENTES;Données de base client
fr;KWMD000260;20;FINANCE;Données de base client
fr;KWMD000260;30;VENTES;Commande client
fr;KWMD000260;40;VENTES/FINANCE;Facture client
fr;KWMD000260;50;FINANCE;Pièce comptable
fr;KWMD000360;10;APPROVISIONNEMENT;Données de base fournisseur
fr;KWMD000360;20;FINANCE;Données de base fournisseur
fr;KWMD000360;30;APPROVISIONNEMENT;Commande d'achat
fr;KWMD000360;40;FINANCE;Pièce comptable
fr;KWPM000160;10;GESTION DES IMMOBILISATIONS;Avis PM
fr;KWPM000161;10;SERVICE;Avis de service
fr;KWPM000260;10;GESTION DES IMMOBILISATIONS;Ordre de maintenance
fr;KWPM000260;20;GESTION DES IMMOBILISATIONS;Confirmation d'ordre de travail
fr;KWPM000260;30;GESTION DES IMMOBILISATIONS;Ordre de maintenance
fr;KWPM000261;10;GESTION DES IMMOBILISATIONS;Ordre de maintenance
fr;KWPM000261;20;GESTION DES IMMOBILISATIONS;Confirmation d'ordre
fr;KWPM000261;30;GESTION DES IMMOBILISATIONS;Ordre de maintenance
fr;KWPM000261;40;GESTION DES IMMOBILISATIONS/FINANCE;Ordre d'imputation
fr;KWPM000262;10;SERVICE;Ordre de service client
fr;KWPM000262;20;SERVICE;Confirmation d'ordre
fr;KWPM000262;30;SERVICE;Ordre de service client
fr;KWPM000263;10;SERVICE;Ordre de service client
fr;KWPM000263;20;SERVICE;Confirmation d'ordre
fr;KWPM000263;30;SERVICE;Ordre de service client
fr;KWPM000263;40;SERVICE/FINANCE;Ordre d'imputation
fr;KWPM000264;10;GESTION DES IMMOBILISATIONS;Ordre de maintenance
fr;KWPM000264;20;CHAÎNE LOGISTIQUE;Stock magasin
fr;KWPM000264;30;APPROVISIONNEMENT;Commande/Demande d'achat
fr;KWPM000264;40;CHAÎNE LOGISTIQUE;Mouvement de stock
fr;KWPM000265;10;SERVICE;Ordre de service client
fr;KWPM000265;20;CHAÎNE LOGISTIQUE;Stock magasin
fr;KWPM000265;30;APPROVISIONNEMENT;Commande/Demande d'achat
fr;KWPM000265;40;CHAÎNE LOGISTIQUE;Mouvement de stock
fr;KWPM000462;10;SERVICE;Plan d'entretien
fr;KWPM000462;20;SERVICE;Ordre de service
fr;KWPM000462;30;SERVICE;Contrat de service
fr;KWQM000161;10;DÉTERMINATION DES SOURCES D'APPROVISIONNEMENT ET APPROVISIONNEMENT;Lot de contrôle
fr;KWQM000161;20;DÉTERMINATION DES SOURCES D'APPROVISIONNEMENT ET APPROVISIONNEMENT;Gamme de contrôle
fr;KWQM000161;30;DÉTERMINATION DES SOURCES D'APPROVISIONNEMENT ET APPROVISIONNEMENT;Stock en contrôle qualité
fr;KWQM000161;40;DÉTERMINATION DES SOURCES D'APPROVISIONNEMENT ET APPROVISIONNEMENT;Caractéristiques de contrôle
fr;KWQM000161;50;DÉTERMINATION DES SOURCES D'APPROVISIONNEMENT ET APPROVISIONNEMENT;Décision d'utilisation
fr;KWQM000162;10;FABRICATION;Lot de contrôle
fr;KWQM000162;20;FABRICATION;Gamme de contrôle
fr;KWQM000162;30;FABRICATION;Stock en contrôle qualité
fr;KWQM000162;40;FABRICATION;Caractéristiques de contrôle
fr;KWQM000162;50;FABRICATION;Décision d'utilisation
fr;KWQM000163;10;FABRICATION;Lot de contrôle
fr;KWQM000163;20;FABRICATION;Gamme opératoire
fr;KWQM000163;30;FABRICATION;Caractéristiques de contrôle
fr;KWQM000163;40;FABRICATION;Décision d'utilisation
fr;KXEWM00260;10;CHAÎNE LOGISTIQUE;Ordre magasin
fr;KXEWM00260;20;CHAÎNE LOGISTIQUE;Tâche magasin
fr;KWSERV0160;10;SERVICE;Ordre de service
fr;KWSERV0160;20;SERVICE;Confirmation de service
fr;KWSERV0160;30;SERVICE;Ordre de service
fr;KXEWM00460;10;CHAÎNE LOGISTIQUE;Livraison entrante
fr;KXEWM00460;20;CHAÎNE LOGISTIQUE;Mouvement de stock
fr;KXEWM00460;30;CHAÎNE LOGISTIQUE;Entrée en stock
fr;KXEWM00461;10;CHAÎNE LOGISTIQUE;Livraison entrante
fr;KXEWM00461;20;CHAÎNE LOGISTIQUE;Mouvement de stock
fr;KXEWM00461;30;CHAÎNE LOGISTIQUE;Entrée en stock
fr;KXEWM00560;10;CHAÎNE LOGISTIQUE;Ordre de livraison sortante
fr;KXEWM00560;20;CHAÎNE LOGISTIQUE;Prélèvement
fr;KXEWM00560;30;CHAÎNE LOGISTIQUE;Mouvement de stock
fr;KXEWM00560;40;CHAÎNE LOGISTIQUE;Livraison sortante
fr;KXEWM00860;10;CHAÎNE LOGISTIQUE;Notification de livraison entrante
fr;KXEWM00860;20;CHAÎNE LOGISTIQUE;Livraison entrante
fr;KXEWM00860;30;CHAÎNE LOGISTIQUE;Mouvement de stock
fr;KXEWM00860;40;CHAÎNE LOGISTIQUE;Entrée en stock
fr;KXEWM00861;10;CHAÎNE LOGISTIQUE;Notification de livraison entrante
fr;KXEWM00861;20;CHAÎNE LOGISTIQUE;Livraison entrante
fr;KXEWM00861;30;CHAÎNE LOGISTIQUE;Mouvement de stock
fr;KXEWM00861;40;CHAÎNE LOGISTIQUE;Entrée en stock
fr;KXEWM00862;10;CHAÎNE LOGISTIQUE;Demande de livraison sortante
fr;KXEWM00862;20;CHAÎNE LOGISTIQUE;Ordre de livraison sortante
fr;KXEWM00862;30;CHAÎNE LOGISTIQUE;Prélèvement
fr;KXEWM00862;40;CHAÎNE LOGISTIQUE;Mouvement de stock
fr;KXEWM00862;50;CHAÎNE LOGISTIQUE;Livraison sortante