locale;id;text
es;ARB_BILLTO;Destinatario de la factura en SAP Ariba
es;ARB_ERP_VENDOR;Proveedor ERP en SAP Ariba
es;ARB_PGRP;Grupo de compras en SAP Ariba
es;ARB_PGRP_NAME;Nombre de grupo de compras en SAP Ariba
es;ARB_SHIPTO;Destinatario de mercancías en SAP Ariba
es;ARB_SM_SUPPLIER;Proveedor SM en SAP Ariba
es;ARB_SM_SUPPLIER_NAME;Nombre de proveedor SM en Ariba
es;ARB_SUPPLIER;Proveedor en SAP Ariba
es;ARB_SUPPLIER_NAME;Nombre de proveedor en SAP Ariba
es;BC_ARBGB;Área de aplicación
es;BC_ARKTX;Texto breve
es;BC_CHNGIND;Tipo de modificación
es;BC_CLASS;Grupo de usuarios en maestro de usuarios
es;BC_DELTA;Delta en días
es;BC_FLAG;Indicador marcado/no marcado
es;BC_KDAUF;Número de pedido de cliente
es;BC_KDEIN;Programación de pedido de cliente
es;BC_KDPOS;Posición de pedido de cliente
es;BC_MESSAGE;Texto de mensaje T100
es;BC_MSGNR;Número de mensaje
es;BC_NETVAL;Valor neto
es;BC_NUMBER;Número
es;BC_QUANTITY;Cantidad
es;BC_REPORT;Nombre de informe
es;BC_STATUS_ACTIVE;Activo/Inactivo
es;BC_SYMSGID;Clase de mensaje
es;BC_TCODE;Código de transacción
es;BC_TCODE_NOTXT;Código de transacción (ID sem.sin texto)
es;BC_UNIT;Unidad
es;BC_USER;Usuario
es;BC_USTYP;Tipo de usuario
es;BC_VARIANT;Variante de informe
es;BC_WAERS;Moneda
es;BC_XFELD;Casilla de selección SÍ/NO
es;BW_DOCNO;Número de documento
es;BW_POSNO;Número de posición en documento
es;CALDAY;Fecha
es;CALMONTH;Mes
es;CALYEAR;Año
es;CRM_ACTIVITY_CAT;Tipo de actividad
es;CRM_ACTIVITY_CLASS;Clase de actividad
es;CRM_AUTOMATION;Creado automáticamente
es;CRM_CATEGORY;Categoría
es;CRM_CHANGE_TYPE;Tipo de modificación
es;CRM_CONTRACT_MESSAGE;Determinación de contratos
es;CRM_CONTRACT_QUAN_VA;Contrato de valor/cantidad
es;CRM_COUNTRY;País
es;CRM_DIRECTION;Dirección de una actividad
es;CRM_DIS_CHANNEL;Canal de distribución
es;CRM_DIVISION;División
es;CRM_FIELD_DESC;Descripción del campo de tabla
es;CRM_FORECAST_REL;Relevancia de previsión
es;CRM_IMPORTANCE;Prioridad de lead/oportunidad
es;CRM_INBOX_STATUS;Estado de posición de la bandeja de entrada del agente
es;CRM_INDUSTRY;Sector industrial
es;CRM_INPUT_CHANNEL;Canal de entrada
es;CRM_ITEM_TYPE;Tipo de artículo de CRM
es;CRM_LEAD_QUAL_LEVEL;Nivel de cualificación de lead
es;CRM_LEAD_TYPE;Grupo de leads
es;CRM_OBJECTIVE;Objetivo de una actividad
es;CRM_OBJREF_PROFILE;Relación objeto ID de perfil
es;CRM_OPPORT_TYPE;Tipo de oportunidad
es;CRM_ORG_UNIT;Unidades organizativas en CRM (HRP1000)
es;CRM_PARTNER;Interlocutor CRM
es;CRM_PHASE;Niveles de ventas
es;CRM_PRIORITY;Prioridad
es;CRM_PROCESSING_TYPE;Tipo de procesamiento
es;CRM_PROCESS_BLOCKED;Indicador activo
es;CRM_PROCESS_TYPE;Tipo de operación comercial
es;CRM_SALESCYCLE;Ciclo de ventas
es;CRM_SALES_ORG;Organización de ventas CRM
es;CRM_SOURCE;Origen de oportunidad/lead
es;CRM_STAT_BILLING;Estado de facturación
es;CRM_STAT_CANCELLED;Estado de cancelación
es;CRM_STAT_ERROR;Estado de error
es;CRM_STAT_FINAL_CONF;Confirmación final del servicio
es;CRM_STAT_FOR_BILLING;Estado de liberación para factura acumulada
es;CRM_STAT_GOODS_ISSUE;Estado de salida de mercancías
es;CRM_STAT_LIFECYCLE;Estado de ciclo de vida
es;CRM_STAT_OPEN;"Estado ""Abierto"""
es;CRM_STAT_RELEASED;Estado de liberación
es;CRM_STAT_TRANSFER;Estado de transferencia
es;CRM_TEMPLATE_TYPE;Tipo de plantilla CRM
es;CRM_USER_STATUS;ID de sitio
es;EKF_BILL_PROCESS;Proceso de facturación
es;EKF_BILL_REVREASON;Motivo de anulación de documento de facturación
es;EKF_BILL_TYPE;Clase de facturación
es;EKF_DOCTYPE;Tipo de documento
es;EKF_HBKID;Banco propio
es;EKF_HVORG;Transacción principal para partida individual
es;EKF_INVLOCK_KK;Bloqueo de facturación
es;EKF_INVTRIGLOCK;Bloqueo de facturación
es;EKF_INV_CATEGORY;Categoría de facturación
es;EKF_INV_CRMODE;Modo de creación
es;EKF_INV_ITEMTYPE;Tipo de posición de facturación
es;EKF_INV_PROCESS;Proceso de facturación
es;EKF_INV_TYPE;Clase de facturación
es;EKF_ITEMTYPE;Tipo de posición de facturación
es;EKF_REVREASON;Motivo de anulación
es;EKF_SEGMT;Segmento para reporting de segmentos
es;EKF_SIMULATED;La solicitud de facturación está simulada
es;EKF_SRCDOCCAT_KK;Categoría de documento fuente
es;EKF_SRCDOCTYPE;Tipo de documento fuente
es;EKF_SRCITEMCAT;Categoría de partida de origen
es;EKF_SRCPROCESS_KK;Proceso de origen de documento de facturación
es;EKF_TVORG;Operación parcial para posición de documento
es;EKF_UMSKZ;Indicador de operación en cuenta de mayor especial
es;EPR_MEINS;Unidad de medida
es;ERP_ABART;Tipo de versión
es;ERP_ABFER;Tipo de despacho de expedición
es;ERP_ABGRU;Motivo de rechazo
es;ERP_ABGSL;Clave del análisis de resultados
es;ERP_ABLEINH;Unidad de lectura
es;ERP_ABLEINHEIT;Unidad de lectura
es;ERP_ABRVORG;Operación de cálculo
es;ERP_ABSTA;Estado de rechazo
es;ERP_ABUEB;Perfil de creación de órdenes de entrega
es;ERP_ABWST;Control de procesamiento
es;ERP_ACTION_CODE;Código de acción
es;ERP_AFAPL;Plan de valoración
es;ERP_AFASL;Clave de amortización
es;ERP_AIMMO;Indicador: bienes inmuebles
es;ERP_AKKNZ;Indicador de categoría de orden de mantenimiento
es;ERP_AKTNR;Promoción
es;ERP_ANDOR;Indicador para enlace OR o AND
es;ERP_ANEQS;Indicador de integridad de activo fijo
es;ERP_ANLKL;Clase de activo fijo
es;ERP_ANWND;Aplicación mediante memoria de datos bancarios
es;ERP_APLID;Gestión de errores
es;ERP_APPLK;Área de aplicación
es;ERP_APROF;Perfil de liquidación
es;ERP_AP_VERWE;Clase de puesto de trabajo
es;ERP_ARGST;Estado total de costes de envío
es;ERP_ARTPR;Tipo de prioridad
es;ERP_ASTNR;Estado de orden
es;ERP_ATTYP;Categoría de material
es;ERP_AUART;Tipo de orden PP
es;ERP_AUERU;Proponer confirmación final
es;ERP_AUFSD;Cliente bloqueado para órdenes
es;ERP_AUFTYP;Tipo de orden
es;ERP_AUGRD;AUGRD_KK
es;ERP_AUGRD_KK;Motivo de compensación FI-CA
es;ERP_AUGRU;Motivo de orden
es;ERP_AUGST_KK;Estado de compensación
es;ERP_AUREL;Relevante para tabla de imputación
es;ERP_AUTET;Utilización en MRP automático
es;ERP_AUTOMATION;Creado automáticamente
es;ERP_AVORG;Operación de liquidación
es;ERP_AWTYP;Procedimiento de referencia
es;ERP_BANPR;Estado de procesamiento de solicitud de pedido
es;ERP_BAT_OR_DIA;En proceso de fondo o de diálogo
es;ERP_BCREASON;Motivo de anulación
es;ERP_BDART;Tipo de necesidad
es;ERP_BEDAE;Tipo de necesidad Necesidades primarias planificadas
es;ERP_BEDAR;Origen de fecha de inicio
es;ERP_BELEGART;Tipo de documento
es;ERP_BEL_ART;Selección de tipo de documento para factura
es;ERP_BERID;Área de planificación MRP
es;ERP_BESKZ;Indicador de aprovisionamiento
es;ERP_BESTA;Est.conf.entrg.(pos.)
es;ERP_BESTQ;Categoría de stock en WMS
es;ERP_BETYP;Tipo de necesidad
es;ERP_BEZOB;Referencia obligatoria
es;ERP_BFART;Nivel de servicio
es;ERP_BKLAS;Clase de valoración
es;ERP_BLART;Tipo de documento
es;ERP_BLART_KK;Tipo de documento
es;ERP_BLCKD;Solicitud de pedido bloqueada
es;ERP_BL_DOC_TYPE;Tipo de documento presupuestario FM
es;ERP_BSAKZ;Indicador de control para tipo de pedido
es;ERP_BSARK;Clase de pedido
es;ERP_BSCHL;Clave de contabilización
es;ERP_BSEXT;Pedidos externos permitidos
es;ERP_BSINT;Pedidos internos permitidos
es;ERP_BSTAE;Clave de control de confirmación
es;ERP_BSTAT;Estado del documento
es;ERP_BSTYP;Tipo de documento de compras
es;ERP_BUKRS;Sociedad
es;ERP_BUSAB;Responsable
es;ERP_BU_BPKIND;Clase de intermediario financiero
es;ERP_BU_GROUP;Agrupación de intermediarios financieros
es;ERP_BU_TYPE;Tipo de intermediario financiero
es;ERP_BWART;Clase de movimiento IM
es;ERP_BWKEY;Área de valoración
es;ERP_BWLVS;Tipo de movimiento WM
es;ERP_BWTAR;Clase de valoración
es;ERP_BWVAR;Variante de valoración
es;ERP_CDTCODE;Transacción de modificación
es;ERP_CHANGE_TYPE;Tipo de modificación
es;ERP_CHARG;Número de lote
es;ERP_CMGST;Estado de crédito
es;ERP_CONTR_ART;Tipo de contrato ERP
es;ERP_COTYP;Tipo de receptor de receta de control
es;ERP_COUNTRY;País ERP
es;ERP_CO_CRSTAT;Estado de receta de control
es;ERP_CO_SELKZ;Ind.sel.para cálculo de coste de partidas abiertas
es;ERP_CTLPC;Categoría de riesgo
es;ERP_CYCLE_DATE_KK;Día de fin de período
es;ERP_CYCLE_DAY_KK;Ciclo de facturación
es;ERP_DELKZ;Elemento de planificación
es;ERP_DISLS;Tamaño de lote (planificación de materiales)
es;ERP_DISMM;Característica de planificación de necesidades
es;ERP_DISPO;Planificador de necesidades
es;ERP_DISVF;Método de planificación de necesidades
es;ERP_DOCCAT;Categoría de documento EWM
es;ERP_DOCTYPE_PDI;Tipos de documentos para entrega entrante EWM
es;ERP_DTART;Tipo de lista MRP
es;ERP_EBTYP;Categoría de confirmación
es;ERP_EFART;Tipo de entrada
es;ERP_EIGKZ;Indicador de propiedad
es;ERP_EKGRP;Grupo de compras
es;ERP_EKORG;Organización de compras
es;ERP_ENDAR;Fecha de fin original
es;ERP_EQART;Tipo de objeto
es;ERP_EQTYP;Categoría de equipo
es;ERP_EQUNR;Número de equipo
es;ERP_ERLOESE;Contabilizaciones de ingresos
es;ERP_ERLRE;Regla de conclusión
es;ERP_ESTAK;Estado de documento de compras
es;ERP_ESTKZ;Indicador de creación
es;ERP_ETDRK;Relevante para impresión
es;ERP_ETTYP;Tipo de reparto
es;ERP_E_KOFIZ;ID de determinación de cuenta para contratos IS-U
es;ERP_FAKSD;Cliente de bloqueo de facturación central
es;ERP_FAKSK;Cabecera de bloqueo de facturación
es;ERP_FAKSP;Posición de bloqueo de facturación
es;ERP_FAREG;Regla de facturación
es;ERP_FBGST;Estado general del cálculo
es;ERP_FDLEV;Nivel de planificación
es;ERP_FDNAM_SD;Nombres de campo SD
es;ERP_FEHGR;Esquema de datos incompletos
es;ERP_FEH_STA;Estado del cálculo de costes
es;ERP_FEVOR;Responsable del control de producción (ningún texto)
es;ERP_FFPRF;Perfil de procesador de partidas dinámicas
es;ERP_FIBL_DORIGIN;Origen de agrupación
es;ERP_FICA_INT_REASON;FI-CA: Tipo de disputa interna
es;ERP_FIELD_DESC;Descripción del campo de tabla
es;ERP_FIKRS;Entidad CP
es;ERP_FKART;Clase de facturación
es;ERP_FKART_T;Tipo de coste de envío
es;ERP_FKBER;Área funcional
es;ERP_FKIVP;Estado de posición de facturación IV
es;ERP_FKPTY;Costes de envío de tipo de posición
es;ERP_FKREL;Relevante para facturación
es;ERP_FKSAA;Posición de estado de facturación relativa a entrega
es;ERP_FKSTA;Estado de facturación (relativo a la entrega)
es;ERP_FKSTK;Estado de facturación
es;ERP_FKSTO;Documento de facturación cancelado
es;ERP_FKTYP;Categoría de facturación
es;ERP_FM_BTART;Tipo de importe (FM)
es;ERP_FM_WRTTP;Tipo de valor (FM)
es;ERP_FPART;Tipo de plan de facturación
es;ERP_FPTYP;Categoría de plan de facturación
es;ERP_FRGGR;Grupo de liberación
es;ERP_FRGKE;Indicador de liberación en documento de compras
es;ERP_FRGKZ;Indicador de liberación
es;ERP_FRGSX;Estrategia de liberación
es;ERP_FRKRL;Relevancia de costes de envío
es;ERP_FSSTA;Posición de estado de bloqueo de facturación
es;ERP_FSTAG;Grupo de estados de campo
es;ERP_GBSTA;Estado de procesamiento general (posición)
es;ERP_GBSTK;Estado de procesamiento general (cabecera)
es;ERP_GLVOR;Transacción empresarial
es;ERP_GPART;Intermediario financiero
es;ERP_GRDTX;Motivo de desviaciones
es;ERP_GRPID;Juego de datos batch input
es;ERP_GRUND;Motivo de la diferencia de inventario
es;ERP_GSBER;División
es;ERP_HERKUNFT;Origen de lote de inspección
es;ERP_HERKZ;Origen del aviso
es;ERP_HKONT;Cuenta de mayor
es;ERP_HKTID;ID de detalles de cuenta
es;ERP_HORIZ;Horizonte
es;ERP_HORIZ_QUALIFIER;Cualificadores de horizonte de apertura
es;ERP_HVORG;Operación principal
es;ERP_ILART;Tipo de actividad de mantenimiento
es;ERP_IM_PROFIL;Perfil de medida de inversión
es;ERP_INACT;Indicador: Estado inactivo
es;ERP_INCO1;Incoterms Parte 1
es;ERP_INGRP;Grupo de planificación
es;ERP_INSMK;Tipo de stock
es;ERP_INTAG;Algoritmo de interpretación
es;ERP_ISTAT_D;Estado de planificación
es;ERP_ITEM_CATEGORY;Categorías de posición EWM
es;ERP_IVTYPE;Categoría IV
es;ERP_IWERK_INGRP;Grupo de planificación + centros
es;ERP_KALKA;Clase de cálculo del coste
es;ERP_KALNR;Núm.est.cst.prod.
es;ERP_KALSM_SD;Esquemas de cálculo del coste en SD
es;ERP_KAPPL;Aplicación
es;ERP_KBLART;Tipo de documento: entrada de documento manual
es;ERP_KBLTYP;Tipo de documento presupuestario
es;ERP_KBNKZ;Indicador Kanban
es;ERP_KHERK;Origen de la condición
es;ERP_KKBER;Área de control de crédito
es;ERP_KLIMP;Efectuar verificación del límite de crédito
es;ERP_KLVAR;Variante de cálculo del coste
es;ERP_KMANU;Gestión de condiciones manuales
es;ERP_KMEIN;Unidad de condición en el documento
es;ERP_KNPRS;Clase de determinación de precio
es;ERP_KNTTP;Tipo de imputación
es;ERP_KOARS;Tipos de cuenta
es;ERP_KOART;Tipo de cuenta
es;ERP_KOFIZ_KK;ID de determinación de cuenta
es;ERP_KOKRS;Sociedad CO
es;ERP_KOSTA;Estado de picking / Estado de entrada en stock
es;ERP_KOSTK;Estado de picking
es;ERP_KOSTL;Centro de coste
es;ERP_KOWRR;Valores estadísticos
es;ERP_KSCHL;Tipo de condiciones
es;ERP_KSTAR;Clase de coste
es;ERP_KSTEU;Control de condición
es;ERP_KTGRD;Cliente de grupo de imputación
es;ERP_KTGRM;Material de grupo de imputación
es;ERP_KTOGR;Determinación de cuenta
es;ERP_KTOKD;Grupo de cuentas de cliente
es;ERP_KTOKK;Grupo de cuentas de proveedor
es;ERP_KTOKL;Clase de cuenta
es;ERP_KTOPL;Plan de cuentas
es;ERP_KUKLA;Clasificación de clientes
es;ERP_KUNNR;Cliente
es;ERP_KZVBR;Contabilización de consumo
es;ERP_LAUFI;ID de ejecución de pago
es;ERP_LAUFK;Indicador de tramo
es;ERP_LBWST;Estrategia de valoración
es;ERP_LDEST;SPOOL: Dispositivo de salida
es;ERP_LFART;Tipo de entrega
es;ERP_LFGSA;Estado de entrega
es;ERP_LGNUM;Número de almacén
es;ERP_LGORT;Almacén
es;ERP_LGTYP;Tipo de almacenamiento
es;ERP_LIEF;Procesamiento externo de operación
es;ERP_LIFNR;Proveedor
es;ERP_LIFSD;Cliente de bloqueo de entrega central
es;ERP_LIFSK;Cabecera de bloqueo de entrega
es;ERP_LIFSP;Posición de bloqueo de entrega
es;ERP_LISOF;Crear entrega inmediatamente
es;ERP_LLAND;País de destino
es;ERP_LOCKR;Motivo de bloqueo
es;ERP_LOEKZ;Indicador de eliminación en documento de compras
es;ERP_LOEKZ_ESSR;Indicador de eliminación en hoja de entrada
es;ERP_LOGSYSTEM;Sistema lógico
es;ERP_LOTYP;Categoría de objeto de bloqueo
es;ERP_LPRIO;Prioridad de entrega
es;ERP_LSSTA;Estado de bloqueo de entrega
es;ERP_LSSTK;Estado de bloqueo de entrega general
es;ERP_LVSTA;Estado de actividad WM
es;ERP_LVSTK;Estado WM
es;ERP_MAABC;Indicador ABC
es;ERP_MABER;Área de reclamación
es;ERP_MAFID;Clase de registro
es;ERP_MAGRV;Gr.mat.mat.embalaje
es;ERP_MAHNA;Procedimiento de reclamación
es;ERP_MAHNV;Procedimiento de reclamación
es;ERP_MANOUTSORT;Subcontratación manual en facturación
es;ERP_MANOUTS_IN;Motivo apartado manual en facturación
es;ERP_MANSP;Bloqueo de reclamación
es;ERP_MANST;Nivel de reclamación
es;ERP_MANUAL;Generado manualmente
es;ERP_MANUE;Mensajes procesado manualmente
es;ERP_MANUR;Indicador para tipo de confirmación
es;ERP_MATKL;Grupo de materiales
es;ERP_MATNR;Número de material
es;ERP_MEDKZ;Distribución de orden previsional
es;ERP_MEILR;Notificación de hitos
es;ERP_MEPROCSTATE;Estado de procesamiento de documento de compras
es;ERP_MITKZ;Indicador de reconciliación
es;ERP_MKSP;La versión de fabricación está bloqueada
es;ERP_MMSTA;Estado de material específico de centro
es;ERP_MODIFLAG;Modificable
es;ERP_MPTYP;Tipo de plan de mantenimiento
es;ERP_MRM_ZLSPR;Bloqueo de pago de logística
es;ERP_MSCHL;Clave de reclamación
es;ERP_MSGAR;Tipo de mensaje
es;ERP_MSTAE;Estado para todos los materiales
es;ERP_MSTYP_KK;Tipo de nivel de reclamación
es;ERP_MTART;Tipo de material
es;ERP_MTVFP;Grupo de verificaciones para verificación de disponibilidad
es;ERP_NABPF;No para liquidación
es;ERP_NACHA;Medio de envío de mensaje
es;ERP_NCOST;No calcular coste
es;ERP_NODIS;Registro de necesidades no relevante para MRP
es;ERP_NO_DISP_PLUS;Efectivo para planificación de material
es;ERP_OBART;Tipo de objeto
es;ERP_OBJTYPE;Tipo de objeto
es;ERP_OBLACT;Activar gestión del comprometido
es;ERP_OBLIGO;Activar gestión del comprometido
es;ERP_OTYPE;Tipo de objeto
es;ERP_PAART;Tipo de orden previsional
es;ERP_PARTNER;Interlocutor comercial ERP
es;ERP_PARVW;Función de interlocutor
es;ERP_PDSTA;Estado del POD a nivel de posición
es;ERP_PDSTK;Estado del acuse de recibo de entrega
es;ERP_PERBZ;Tipo de liquidación
es;ERP_PERIO;Próxima fecha de facturación
es;ERP_PERIV;Variante de ejercicio
es;ERP_PKSTA;Estado de embalaje de posición
es;ERP_PLANV;Clave ERP para utilización de hoja de ruta
es;ERP_PLAN_SORT;Campo de clasificación para planes de mantenimiento
es;ERP_PLKNZ;Indicador de planificación de orden de mantenimiento
es;ERP_PLNST;Estado de hoja de ruta
es;ERP_PLNTY;Tipo de hoja de ruta
es;ERP_PLSCN;Escenario de planificación
es;ERP_PMCS_IND;Indicador de mantenimiento / servicio al cliente
es;ERP_POKEN;Número de mensaje
es;ERP_PORTION;Porción
es;ERP_POSAR;Tipo de posición
es;ERP_POSTP;Categoría de posición (Lista de materiales)
es;ERP_PO_ART;Clase de pedido ERP
es;ERP_PO_LOEKZ;Indicador de eliminación en documento de compras
es;ERP_PO_PSTYP;Tipo de posición de pedido ERP
es;ERP_PPROF;Perfil de planificación
es;ERP_PRART;Tipo de proyecto
es;ERP_PRCTR;Centro de beneficio
es;ERP_PRDNR;Número de producto
es;ERP_PRFG;Verificar estado
es;ERP_PRINTLOCK;El documento está bloqueado para impresión
es;ERP_PRIOK;Prioridad
es;ERP_PROCESSING_TYPE;Tipo de procesamiento
es;ERP_PROCTY;Clase de proceso de almacén
es;ERP_PRODH_D;Jerarquía de productos
es;ERP_PROFL;Perfil de proyecto
es;ERP_PROID;Código de proceso
es;ERP_PR_ART;Tipo de solicitud de pedido ERP
es;ERP_PR_PSTYP;Tipo de posición de solicitud de pedido ERP
es;ERP_PR_STATU;Estado de proceso de solicitud de pedido
es;ERP_PSPID;Definición de proyecto
es;ERP_PSTYV;Categoría de posición
es;ERP_PS_POSID;Elemento PEP (externo)
es;ERP_PS_POSNR;Elemento PEP (interno)
es;ERP_PS_ZUORD;Asignación de red
es;ERP_QBEWERTUNG;Valoración de código
es;ERP_QMART;Tipo de notificación
es;ERP_QMTYP;Aviso de calidad
es;ERP_QM_PHASE;Fase de proceso de aviso
es;ERP_QPART;Tipo de inspección
es;ERP_QSPERRFKT;Función que se bloqueará
es;ERP_RBSTAT;Estado del documento de factura
es;ERP_REASON;Motivo para crear documento de impresión
es;ERP_RECIPE_PRO;Perfil de receta ERP
es;ERP_RECNNTPARTY;RE Aviso efectuado por
es;ERP_RECNNTREASON;RE Causa de rescisión
es;ERP_RECNNTREASONREJ;RE Motivo de rechazo
es;ERP_RECNTYPE;Tipo de contrato inmobiliario
es;ERP_REDUCTION_AMOUNT;Importe de reducción
es;ERP_REFERENCE;Asignado a documento
es;ERP_REFPLAN;Asignación a orden previsional
es;ERP_REFPREQ;Asignación a solicitud de pedido
es;ERP_REF_MNTPLAN;Indicador de creación PM
es;ERP_REPTP;Tipo de fabricación
es;ERP_REVNR;Revisión de mantenimiento
es;ERP_RE_CATEGORY;RE Categoría de contrato
es;ERP_RE_RELEVANTEVAL;RE Relevancia de valoración
es;ERP_RE_USERSUPPLIER;RE Usuario / Proveedor
es;ERP_RFBSK;Estado de contabilización
es;ERP_RFGSA;Estado general de referencia
es;ERP_RFSTA;Estado de referencia
es;ERP_RGEKZ;Indicador: Toma retroactiva para orden
es;ERP_RLDNR;Ledger en contabilidad principal
es;ERP_ROUTE;Ruta ERP
es;ERP_ROUTE_PRO;Perfil de ruta ERP
es;ERP_RUEK;Notificación
es;ERP_SATZA;Tipo de registro para confirmación
es;ERP_SCMGCASE_TYPE;Tipo de caso
es;ERP_SCOPE;Clase de objeto
es;ERP_SDABW;Indicador de aprovisionamiento especial
es;ERP_SD_AUART;Tipo de documento de ventas
es;ERP_SFCPF;Perfil de control de facturación (ningún texto)
es;ERP_SFEPR;Perfil de fabricación repetitiva
es;ERP_SHKZG;Indicador Debe/Haber
es;ERP_SHTYP;Tipo de expedición
es;ERP_SIMULATION;Indicador: simulación de facturación
es;ERP_SOBES;Indicador de aprovisionamiento especial
es;ERP_SOBKZ;Indicador de stock especial
es;ERP_SOBSL;Tipo de aprovisionamiento especial
es;ERP_SPART;División
es;ERP_SPERR;Indicador de bloqueo de inventario físico
es;ERP_SPGRU;Motivo de bloqueo
es;ERP_SPLEV;Nivel de bloqueo de pago
es;ERP_SPRAS;Idioma de mensaje
es;ERP_STABR;Transferencia de estado (posición de coste de envío)
es;ERP_STAGAREA;Zona de puesta a disposición
es;ERP_STAGAREAGR;Grupo de zonas de puesta a disposición
es;ERP_STATG;Grupo de estados
es;ERP_STATUS;Estado de objeto
es;ERP_STATUS_SYSTEM;Estado de sistema JEST
es;ERP_STATUS_VALUE;Valor de estado (EWM)
es;ERP_STATUS_VT_KK;Estado de contrato de proveedor
es;ERP_STAT_PARA;Estado de sistema de casos
es;ERP_STBER;Cálculo estadístico (posición de costes de envío)
es;ERP_STEUS;Clave de control ERP
es;ERP_STFRE;Estado de determinación de cuenta
es;ERP_STGRD;Motivo de anulación
es;ERP_STICH;Indicador de programación
es;ERP_STLAL_NOTXT;Alternativa de la lista de materiales (ningún texto) 
es;ERP_STLAN;Utilización de lista de materiales
es;ERP_STLST;Estado de lista de materiales
es;ERP_STRAT;Estrategia de mantenimiento
es;ERP_STRGR;Grupo de estrategias
es;ERP_STSMA;Perfil de estado
es;ERP_STTRG;Estado de transporte
es;ERP_STTXT;Estado de actualización
es;ERP_STUFE;Nivel (ID sem.sin texto)
es;ERP_TABNAME;Nombre de tabla
es;ERP_TABNAMVB;Nombre de tabla SD
es;ERP_TARIFTYP;Tipo de tarifa
es;ERP_TDARMOD;Impresión: Modo de archivo
es;ERP_TEST_OR_PROD;Ejecución de test o ejecución de actualización
es;ERP_TETXT;DESCRIPCIÓN DE FECHA
es;ERP_TPLNR;Ubicación técnica
es;ERP_TPLST;Punto de planificación de transporte
es;ERP_TRAGR;Grupo de transporte
es;ERP_TRIGSTAT;Estado de orden de facturación
es;ERP_TRMER;Error de programación
es;ERP_TRSPG;Motivo de bloqueo de envío
es;ERP_TRSTA;Estado de planificación de transporte
es;ERP_UPDTM;Actualizar material
es;ERP_UPTYP;Categoría de subposición
es;ERP_USTXT;IC de solicitud espontánea
es;ERP_UVALL;Generalmente incompleto
es;ERP_UVFAK;Incompleto para facturación
es;ERP_UVPAK;Incompleto para embalaje
es;ERP_UVPIK;Incompleto para picking/entrada en stock
es;ERP_UVPRS;Incompleto para determinación de precios
es;ERP_UVVLK;Incompleto para entrega
es;ERP_UVWAK;Incompleto para movimiento de mercancías
es;ERP_VALIDATION;Validación de facturación
es;ERP_VALIDAT_IN;Nombre de validación de facturación
es;ERP_VAUNA;Facturación retroactiva
es;ERP_VBTYP;Tipo de documento comercial
es;ERP_VBUND;Interlocutor comercial
es;ERP_VERANTX;Responsable del puesto de trabajo
es;ERP_VERID;Versión de fabricación (ningún texto)
es;ERP_VERNR;Responsable del proyecto
es;ERP_VERWE;Utilización de hoja de ruta
es;ERP_VGABE;Tipo de evento/transacción
es;ERP_VGART;Tipo de transacción
es;ERP_VGEXT;Transacción empresarial externa (NINGÚN TEXTO)
es;ERP_VGINT;Regla de contabilización
es;ERP_VGMAN;Transacción
es;ERP_VGTYP;Tipo de transacción
es;ERP_VKBUR;Oficina de ventas
es;ERP_VKGRP;Grupo de ventas
es;ERP_VKONT;Cuenta de contrato
es;ERP_VKORG;Organización de ventas ERP
es;ERP_VLFKZ;Tipo de centro
es;ERP_VMSTA;Estado de material SD
es;ERP_VPRSV;Indicador de control de precio
es;ERP_VRGNG;Transacción empresarial
es;ERP_VSART;Clase de expedición
es;ERP_VSBED;Condiciones de expedición
es;ERP_VSTEL;Puesto de expedición
es;ERP_VSZTP;Fecha y hora de envío
es;ERP_VTWEG;Canal de distribución
es;ERP_WARPL;Plan de mantenimiento
es;ERP_WBSTA;Estado GM
es;ERP_WBSTK;Estado GM global
es;ERP_WERK;Centro
es;ERP_WHNO;Número de almacén
es;ERP_WMAK;ID de tipo de material
es;ERP_XGWGK;Verificación de BPV: Importes o cantidad
es;ERP_XREVERSAL;Indicador de anulación
es;ERP_ZAHLKOND;Condición de pago
es;ERP_ZAHLS;Clave de bloqueo para el pago
es;ERP_ZBFIX;Condiciones de pago fijadas
es;ERP_ZEITPKT;Evento
es;ERP_ZLSCH;MÉTODO DE PAGO
es;ERP_ZLSPR;Clave de bloqueo de pago
es;ERP_ZTERM;Condiciones de pago
es;ERP_ZUAWA;Cta.clv.clas.a núm.asign.
es;ERP_ZWELS;Métodos de pago (ningún texto)
es;EWM_AAREA;ÁREA DE ACTIVIDAD
es;EWM_ACT_TYPE;Tipo de actividad
es;EWM_ADJUST_QTY;Ajuste de cantidad
es;EWM_CAT;Tipo de stock
es;EWM_DE_WCRTYPE;Categoría de regla de creación de orden de almacén
es;EWM_DE_WHOSTAT;Estado de orden de almacén
es;EWM_DOCTYPE;Tipo de documento
es;EWM_EXCEPT;Código de excepción
es;EWM_ITEMTYPE;Tipo de artículo para procesos de almacén
es;EWM_LGBER;Sección de almacén
es;EWM_LGNUM;NÚMERO DE ALMACÉN EWM
es;EWM_LGTYP;Tipo de almacenamiento
es;EWM_LPTYP;Tipo de ubicación
es;EWM_MATNR;Número de producto
es;EWM_PARTY_ROLE;Rol de interlocutor
es;EWM_PRCODE;Código de proceso
es;EWM_PROCTYPE;Tipo de proceso
es;EWM_QUEUE;Cola
es;EWM_ROUTE;Ruta
es;EWM_TOSTAT;Estado de tarea de almacén
es;EWM_TRART;Tipo de proceso de almacén
es;EWM_WAVECAT;Tipo de fase
es;EWM_WAVETYPE;Clase de fase
es;EWM_WCR;Regla de creación de órdenes de almacén
es;EWM_WTCODE;Función especial de TA
es;EW_STOCK_DOCCAT;Tipo: Stock SO o stock de proyecto
es;FSCM_CATEGORY;Categoría
es;FSCM_FIN_P2P_STATE;Estado de promesa de pago
es;FSCM_P2P_LEVEL;Nivel de promesa de pago
es;FSCM_REASON_CODE;Código de motivo
es;GRC_LOGSYS;Sistema lógico
es;ISU_ABLESART;Tipo de lectura planificado
es;ISU_ABLESARTST;Control MR
es;ISU_ABLSPERR;Motivo de bloqueo de lectura
es;ISU_ABLSTAT;Estado de lectura de contadores
es;ISU_ABRFREIG;Motivo de liberación de facturación
es;ISU_ABRSPERR;Motivo de bloqueo de facturación
es;ISU_AKLASSE;Clase de facturación
es;ISU_AKTIV;Activar lectura de contadores
es;ISU_GEMFAKT;Facturación conjunta
es;ISU_INVOICING_PARTY;Parte de facturación de suministros
es;ISU_ISTABLART;Tipo de lectura de contadores
es;ISU_PRUEFPKT;Validación independiente
es;ISU_VSTELLE;Punto de consumo
es;SCMO_APPLICATION;Aplicación SCMO
es;SCMO_APP_STATUS;Estado de aplicación
es;SRM_BBP_METYPE;Medio de transmisión
es;SRM_BE_DOC_TYPE;Tipo de documento de solicitud de pedido
es;SRM_BID_TYPE;Tipo de licitación
es;SRM_BID_VALIDATION;Validación de oferta
es;SRM_CATEGORY_ID;ID de categoría de SRM (no hay texto)
es;SRM_CHECK_IND;Indicador de comprobación en nivel de posición
es;SRM_INCOTERM;Clave de Incoterm
es;SRM_ITM_RELEASED;Estado de artículo de SRM
es;SRM_LOCATION;Ubicación en SAP SRM
es;SRM_LOGSYS;Sistema de origen
es;SRM_OBJECT_TYPE;Categoría de transacción
es;SRM_OBJ_TYPE;Tipo de objeto en sistema back end
es;SRM_ORG_UNIT;Unidades organizativas en SRM (HRP1000)
es;SRM_PROCESSING_TYPE;Tipo de procesamiento
es;SRM_PROCESS_BLOCKED;Transacción activa/inactiva
es;SRM_PRODUCT_TYPE;Tipo de producto
es;SRM_SUBTYPE;Especificación de un documento empresarial
es;SRM_SUBTYPE_I;Especificación de una posición de documento
es;SRM_SUPPLIER;Proveedor en SAP SRM
es;SRM_USE_CONDITIONS;Ind.: Determinar información de precio en oferta
es;SRM_VERSION_TYPE;Tipo de versión
es;TIME;Hora
es;TM_CONS_ALLOWED;Consolidación permitida
es;TM_CREATION_TYPE;Tipo de creación
es;TM_ENABLE_CHARGE_CAL;Habilitar cálculo de costes
es;TM_ENABLE_SETTLEMENT;Habilitar liquidación
es;TM_ERP_SHP_REL;Relevancia de creación de documento
es;TM_ITEM_CAT;Categoría de posición
es;TM_LOGSYS;Sistema lógico TM (sistema emisor)
es;TM_MOT;Modo de transporte TM
es;TM_MOT_CAT;Categoría de modo de transporte TM
es;TM_MOVEM_TYPE;Clase de movimiento TM
es;TM_ORG_UNIT;Unidades organizativas en TM (HRP1000)
es;TM_PLN_SCT_REL;Relevancia de subcontratación
es;TM_SET_BY_SERVICE;Origen de entrada
es;TM_SHIPPING_TYPE;Tipo de expedición TM
es;TM_SHPM_TRANSM;Estado Transmisión a ERP
es;TM_TOR_CAT;Categoría TOR TM
es;TM_TOR_TYPE;Tipo TOR TM
es;TM_TRAFFIC_DIRECT;Dirección del tráfico TM
es;TM_TRQ_CAT;Categoría TRQ TM
es;TM_TRQ_TYPE;Tipo TRQ TM
es;TZONE;Huso horario