id;serviceType;text;longText;swcvName;staticKpiRelevance
R3;SAP_BS;SAP ECC;SAP ERP Central Component;SAP_APPL;false
S4_OP;SAP_S4HANA_OP;SAP S/4HANA;SAP S/4HANA;S4CORE;false
S4_CE;SAP_S4HANA;SAP S/4HANA Cloud;SAP S/4HANA Cloud;SAPSCORE;false
ARIBA;ARIBA;SAP Ariba;SAP Ariba;AribaDummySWC;true
SRM;;SAP SRM;SAP Supplier Relationship Management;SRM_SERVER;false
CRM;;SAP CRM;SAP Customer Relationship Management;BBPCRM;false
TM;;SAP TM;SAP Transportation Management;SAPTM;false
EWM;;SAP EWM;SAP Extended Warehouse Management;SCMEWM;false