locale;kpiId;phaseId;title;subtitle
ja;CPACM00160;10;ソーシングおよび調達;契約ワークスペース
ja;CPAOP00160;10;ソーシングおよび調達;購買依頼
ja;CPAOP00160;20;ソーシングおよび調達;購買発注
ja;CPAOP00161;10;ソーシングおよび調達;購買発注
ja;CPAOP00161;20;サプライチェーン;在庫移動
ja;CPAOP00161;30;財務;サプライヤ請求書
ja;CPAOP00162;10;財務;サプライヤ請求書
ja;CPAOP00162;20;財務;請求書支払い
ja;CPAOP00163;10;ソーシングおよび調達;購買発注
ja;CPAOP00163;20;財務;サプライヤ請求書
ja;CPASC00160;10;ソーシングおよび調達;ソーシング依頼
ja;CPASC00160;20;ソーシングおよび調達;ソーシングプロジェクト
ja;CPASC00160;30;ソーシングおよび調達;ソーシングイベント
ja;CPASC00160;40;ソーシングおよび調達;ソーシングプロジェクト
ja;CPASC00161;10;ソーシングおよび調達;ソーシングプロジェクト
ja;CPASC00161;20;ソーシングおよび調達;ソーシングイベント
ja;CPASC00161;30;ソーシングおよび調達;ソーシングプロジェクト
ja;CPASC00163;10;ソーシングおよび調達;ソーシングイベント
ja;CPASC00163;20;ソーシングおよび調達;入札
ja;CPASC00163;30;ソーシングおよび調達;ソーシングイベント
ja;CPASC00164;10;ソーシングおよび調達;ソーシングイベント
ja;CPASC00164;20;ソーシングおよび調達;入札
ja;CPASC00164;30;ソーシングおよび調達;ソーシングイベント
ja;CPASC00165;10;ソーシングおよび調達;ソーシングイベント
ja;CPASC00165;20;ソーシングおよび調達;入札
ja;CPASC00165;30;ソーシングおよび調達;ソーシングイベント
ja;CPASM00160;10;ソーシングおよび調達;サプライヤ申請
ja;CPASM00160;20;ソーシングおよび調達;サプライヤ登録
ja;CPASM00161;10;ソーシングおよび調達;サプライヤ評価
ja;KBSRM00160;10;調達;ショッピングカート
ja;KBSRM00160;20;調達;購買伝票
ja;KBSRM00760;10;調達;入札案内
ja;KBSRM00760;20;調達;仕入先入札 (見積)
ja;KBSRM00761;10;調達;オークション
ja;KBSRM00761;20;調達;仕入先入札 (見積)
ja;KCSAL00660;10;販売;案件
ja;KCSAL00660;20;販売;ビジネスアクティビティ
ja;KCSAL00660;30;販売;タスク
ja;KCSAL00660;40;販売;案件
ja;KFFI000960;10;財務;会計伝票
ja;KFFI000960;20;財務;消込伝票
ja;KFFI000961;10;財務;会計伝票
ja;KFFI000961;20;財務;消込伝票
ja;KFFI001060;10;財務;会計伝票
ja;KFFI001060;20;財務;消込伝票
ja;KFFI001061;10;財務;会計伝票
ja;KFFI001061;20;財務;消込伝票
ja;KFFI001860;10;財務;資産マスタ
ja;KFFI001860;20;財務および調達;会計伝票
ja;KFFI001860;30;財務;決済伝票
ja;KFFI001860;40;財務;資産マスタ
ja;KFFI001861;10;財務;資産マスタ
ja;KFFI001861;20;財務および調達;会計伝票
ja;KFFI001861;30;財務;償却転記
ja;KFFI001861;40;財務;資産転記
ja;KFFI001861;50;財務;資産マスタ
ja;KFFI001960;10;財務;会計伝票
ja;KFFI001960;20;財務;消込伝票
ja;KFFI002260;10;財務;会計伝票
ja;KFFI002260;20;財務;消込伝票
ja;KFFI002360;10;財務;製品原価コレクタ
ja;KFFI002360;20;生産;計画手配確認
ja;KFFI002360;30;生産/財務;品目決済
ja;KFFI002660;10;販売;プロバイダ契約
ja;KFFI002660;20;販売;料金計算伝票
ja;KFFI002660;30;販売;請求伝票
ja;KIAUT00160;10;生産;実行計画数量
ja;KIAUT00160;20;サプライチェーン;倉庫在庫
ja;KIAUT00160;30;調達;購買発注/購買依頼/分納契約
ja;KIAUT00160;40;生産;実行計画数量
ja;KIISU00160;10;販売;基本契約
ja;KIISU00160;20;販売;検針指図
ja;KIISU00160;30;販売;料金計算伝票
ja;KIISU00160;40;販売;請求伝票
ja;KIISU00160;50;財務;契約会計伝票
ja;KIISU00161;10;販売;料金計算指図
ja;KIISU00161;20;販売;検針指図
ja;KIISU00161;30;販売;基本契約
ja;KIISU00161;40;販売;料金計算指図
ja;KIISU00162;10;販売;料金計算指図
ja;KIISU00162;20;販売;検針指図
ja;KIISU00162;30;販売;基本契約
ja;KIISU00162;40;販売;料金計算指図
ja;KIISU00260;10;販売;料金計算伝票
ja;KIISU00260;20;販売;請求伝票
ja;KIISU00261;10;販売;料金計算伝票
ja;KIISU00261;20;販売;請求伝票
ja;KIISU00360;10;販売;請求伝票
ja;KIISU00360;20;財務;会計伝票
ja;KIISU00361;10;販売;請求伝票
ja;KIISU00361;20;財務;会計伝票
ja;KIRET00460;10;ソーシングおよび調達;在庫転送オーダー
ja;KIRET00460;20;サプライチェーン;補充出荷
ja;KIRET00460;30;サプライチェーン;在庫移動
ja;KIRET00461;10;ソーシングおよび調達;在庫転送オーダー
ja;KIRET00461;20;サプライチェーン;補充出荷
ja;KIRET00461;30;サプライチェーン;在庫移動
ja;KIRET00462;10;ソーシングおよび調達;在庫転送オーダー
ja;KIRET00462;20;サプライチェーン;補充出荷
ja;KIRET00462;30;サプライチェーン;在庫移動
ja;KIRET00463;10;ソーシングおよび調達;在庫転送オーダー
ja;KIRET00463;20;サプライチェーン;補充出荷
ja;KIRET00463;30;サプライチェーン;在庫移動
ja;KIRET00464;10;ソーシングおよび調達;在庫転送オーダー
ja;KIRET00464;20;サプライチェーン;補充出荷
ja;KIRET00464;30;サプライチェーン;在庫移動
ja;KIRET00464;40;財務;会計伝票
ja;KIRET00465;10;ソーシングおよび調達;在庫転送オーダー
ja;KIRET00465;20;サプライチェーン;補充出荷
ja;KIRET00465;30;サプライチェーン;在庫移動
ja;KIRET00465;40;財務;会計伝票
ja;KIRET00466;10;ソーシングおよび調達;在庫転送オーダー
ja;KIRET00466;20;サプライチェーン;補充出荷
ja;KIRET00466;30;サプライチェーン;在庫移動
ja;KIRET00466;40;財務;会計伝票
ja;KIRET00467;10;ソーシングおよび調達;在庫転送オーダー
ja;KIRET00467;20;サプライチェーン;補充出荷
ja;KIRET00467;30;サプライチェーン;在庫移動
ja;KIRET00467;40;財務;会計伝票
ja;KIRET00560;10;ソーシングおよび調達;購買発注
ja;KIRET00560;20;サプライチェーン;在庫移動
ja;KIRET00560;30;財務;サプライヤ請求書
ja;KIRET00561;10;ソーシングおよび調達;購買発注
ja;KIRET00561;20;サプライチェーン;在庫移動
ja;KIRET00561;30;財務;サプライヤ請求書
ja;KIRET00562;10;ソーシングおよび調達;購買発注
ja;KIRET00562;20;サプライチェーン;在庫移動
ja;KIRET00562;30;財務;サプライヤ請求書
ja;KIRET00563;10;ソーシングおよび調達;購買発注
ja;KIRET00563;20;サプライチェーン;在庫移動
ja;KIRET00563;30;財務;サプライヤ請求書
ja;KPIM000160;10;サプライチェーン;在庫レベル
ja;KPIM000160;20;サプライチェーン;在庫移動
ja;KPIM000161;10;サプライチェーン;在庫レベル
ja;KPIM000161;20;サプライチェーン;在庫移動
ja;KPIM000162;10;サプライチェーン;在庫レベル
ja;KPIM000162;20;サプライチェーン;在庫移動
ja;KPIM000163;10;サプライチェーン;在庫レベル
ja;KPIM000163;20;サプライチェーン;在庫移動
ja;KPLE000360;10;サプライチェーン;出荷伝票
ja;KPLE000360;20;サプライチェーン;荷役単位
ja;KPLE000360;30;サプライチェーン;シップメント伝票
ja;KPLE000360;40;サプライチェーン;在庫移動
ja;KPLE000361;10;サプライチェーン;出荷伝票
ja;KPLE000361;20;サプライチェーン;転送指図
ja;KPLE000361;30;サプライチェーン;荷役単位
ja;KPLE000361;40;サプライチェーン;シップメント伝票
ja;KPLE000361;50;サプライチェーン;在庫移動
ja;KPLE000362;10;サプライチェーン;入荷伝票
ja;KPLE000362;20;サプライチェーン;シップメント伝票
ja;KPLE000362;30;サプライチェーン;荷役単位
ja;KPLE000362;40;サプライチェーン;転送指図
ja;KPLE000362;50;サプライチェーン;在庫移動
ja;KPMRP00260;10;サプライチェーン;MRP 実行
ja;KPMRP00260;15;販売;受注および出荷伝票
ja;KPMRP00260;20;サプライチェーン;計画手配
ja;KPMRP00260;30;生産;製造指図
ja;KPMRP00260;40;調達;購買伝票
ja;KPMRP00260;50;サプライチェーン;MRP 一覧
ja;KPMRP00260;60;生産;製造指図
ja;KPMRP00260;70;調達;購買伝票
ja;KPPP000160;10;生産;製造指図
ja;KPPP000160;20;生産;指図確認
ja;KPPP000160;30;生産;在庫移動
ja;KPPP000160;40;生産;製造指図
ja;KPPP000161;10;生産/財務;製造指図
ja;KPPP000161;20;生産;指図確認
ja;KPPP000161;30;生産;在庫移動
ja;KPPP000161;40;生産/財務;決済指図
ja;KPPP000162;10;生産;製造指図
ja;KPPP000162;20;サプライチェーン;倉庫在庫
ja;KPPP000162;30;調達;購買発注/購買依頼
ja;KPPP000162;40;生産;製造指図/計画手配
ja;KPPP000162;50;サプライチェーン;在庫移動
ja;KPPP000163;10;生産;製造指図
ja;KPPP000163;20;調達;購買依頼
ja;KPPP000163;30;調達;購買発注
ja;KPPP000163;40;サプライチェーン;在庫移動
ja;KPPP000164;10;生産;製造指図
ja;KPPP000164;20;生産;作業区
ja;KPPP000164;30;生産;外部工程
ja;KPPP000164;40;生産;管理キー
ja;KPPP000164;45;生産;製造指図
ja;KPPP000164;50;生産;確認
ja;KPPP000260;10;生産;プロセス指図
ja;KPPP000260;15;生産;制御レシピ
ja;KPPP000260;20;生産;指図確認
ja;KPPP000260;30;生産;在庫移動
ja;KPPP000260;40;生産;プロセス指図
ja;KPPP000261;10;生産;プロセス指図
ja;KPPP000261;20;生産;指図確認
ja;KPPP000261;30;生産;在庫移動
ja;KPPP000261;40;生産/財務;決済指図
ja;KPPP000262;10;生産;プロセス指図
ja;KPPP000262;20;サプライチェーン;倉庫在庫
ja;KPPP000262;30;調達;購買発注/購買依頼
ja;KPPP000262;40;生産;プロセス指図/計画手配
ja;KPPP000262;50;サプライチェーン;在庫移動
ja;KPPP000263;10;生産;プロセス指図
ja;KPPP000263;20;調達;購買依頼
ja;KPPP000263;30;調達;購買発注
ja;KPPP000263;40;サプライチェーン;在庫移動
ja;KPPP000264;10;生産;プロセス指図
ja;KPPP000264;20;生産;作業区
ja;KPPP000264;30;生産;外部工程
ja;KPPP000264;40;生産;管理キー
ja;KPPP000264;45;生産;プロセス指図
ja;KPPP000264;50;生産;確認
ja;KPPROJ0360;10;資産管理;WBS
ja;KPPROJ0360;20;資産管理/財務;決済 WBS
ja;KPPROJ0361;10;資産管理;WBS
ja;KPPROJ0361;20;資産管理/財務;決済 WBS
ja;KPPURCH260;10;調達;購買発注
ja;KPPURCH260;20;サプライチェーン;在庫移動
ja;KPPURCH260;30;財務;サプライヤ請求書
ja;KPPURCH260;40;財務;会計伝票
ja;KPPURCH261;10;ソーシングおよび調達;購買発注
ja;KPPURCH261;20;サプライチェーン;在庫移動
ja;KPPURCH261;30;財務;サプライヤ請求書
ja;KPPURCH263;10;ソーシングおよび調達;購買発注
ja;KPPURCH263;20;販売;受注
ja;KPPURCH263;30;サプライチェーン;出荷伝票
ja;KPPURCH263;40;サプライチェーン;在庫移動
ja;KPPURCH263;50;財務;サプライヤ請求書
ja;KPPURCH265;10;ソーシングおよび調達;購買発注
ja;KPPURCH265;20;財務;サプライヤ請求書
ja;KPPURCH265;30;財務;会計伝票
ja;KPPURCH266;10;ソーシングおよび調達;購買発注
ja;KPPURCH266;20;サプライチェーン;在庫移動
ja;KPPURCH266;30;財務;サプライヤ請求書
ja;KPPURCH267;10;ソーシングおよび調達;購買発注
ja;KPPURCH267;20;ソーシングおよび調達;サービス入力シート (SES)
ja;KPPURCH267;30;財務;サプライヤ請求書
ja;KPPURCH268;10;ソーシングおよび調達;購買発注
ja;KPPURCH268;20;サプライチェーン;在庫移動
ja;KPPURCH268;30;財務;サプライヤ請求書
ja;KPPURCH360;10;ソーシングおよび調達;購買依頼
ja;KPPURCH360;20;ソーシングおよび調達;購買発注
ja;KPPURCH362;10;ソーシングおよび調達;在庫転送依頼
ja;KPPURCH362;20;ソーシングおよび調達;在庫転送オーダー
ja;KPPURCH460;10;財務;サプライヤ請求書
ja;KPPURCH460;20;財務;会計伝票
ja;KPPURCH560;10;ソーシングおよび調達;在庫転送オーダー
ja;KPPURCH560;20;サプライチェーン;在庫移動
ja;KPPURCH561;10;ソーシングおよび調達;在庫転送オーダー
ja;KPPURCH561;20;サプライチェーン;補充出荷
ja;KPPURCH561;30;サプライチェーン;在庫移動
ja;KPPURCH562;10;ソーシングおよび調達;在庫転送オーダー
ja;KPPURCH562;20;サプライチェーン;補充出荷
ja;KPPURCH562;30;サプライチェーン;在庫移動
ja;KPPURCH562;40;財務;会計伝票
ja;KPPURCH660;10;ソーシングおよび調達;分納契約
ja;KPPURCH660;20;サプライチェーン;在庫移動
ja;KPPURCH661;10;ソーシングおよび調達;数量契約
ja;KPPURCH661;20;ソーシングおよび調達;購買発注
ja;KPPURCH662;10;ソーシングおよび調達;金額契約
ja;KPPURCH662;20;ソーシングおよび調達;購買発注
ja;KPSD000260;10;販売/財務;販売請求伝票
ja;KPSD000260;20;財務;会計伝票
ja;KPSD000360;10;販売;受注
ja;KPSD000360;20;サプライチェーン;出荷伝票
ja;KPSD000361;10;販売;受注
ja;KPSD000361;20;サプライチェーン;出荷伝票
ja;KPSD000361;30;サプライチェーン;在庫移動
ja;KPSD000361;40;販売/財務;顧客請求書
ja;KPSD000362;10;販売;受注
ja;KPSD000362;20;サプライチェーン;出荷伝票
ja;KPSD000362;30;サプライチェーン;在庫移動
ja;KPSD000362;40;販売/財務;顧客請求書
ja;KPSD000362;50;財務;会計伝票
ja;KPSD000363;10;販売;受注
ja;KPSD000363;20;調達;購買依頼
ja;KPSD000363;30;調達;購買発注
ja;KPSD000363;40;調達/財務;サプライヤ請求書
ja;KPSD000363;50;販売/財務;顧客請求書
ja;KPSD000364;10;販売;受注
ja;KPSD000364;20;調達;購買依頼
ja;KPSD000364;30;調達;購買発注
ja;KPSD000364;40;サプライチェーン;在庫移動
ja;KPSD000364;50;販売/財務;顧客請求書
ja;KPSD000365;10;販売;受注
ja;KPSD000365;20;生産;製造指図
ja;KPSD000365;30;生産;製造指図確認
ja;KPSD000365;40;サプライチェーン;在庫移動
ja;KPSD000365;50;販売/財務;顧客請求書
ja;KPSD000366;10;販売;受注
ja;KPSD000366;20;サプライチェーン;出荷伝票
ja;KPSD000366;30;サプライチェーン;在庫移動
ja;KPSD000366;40;販売/財務;顧客請求書
ja;KPSD000366;50;財務;会計伝票
ja;KPSD000366;60;販売/財務;会社間請求書
ja;KPSD000366;70;財務;会計伝票
ja;KPSD000367;10;販売;受注
ja;KPSD000367;20;販売/財務;顧客請求書
ja;KPSD000367;30;財務;会計伝票
ja;KPSD000368;10;販売;見積もり
ja;KPSD000368;20;販売;受注
ja;KPSD000369;10;販売;受注
ja;KPSD000369;20;サプライチェーン;倉庫在庫
ja;KPSD000369;30;調達/サプライチェーン;購買発注/購買依頼
ja;KPSD000369;40;生産;製造指図/計画手配
ja;KPSD000369;50;サプライチェーン;出荷伝票
ja;KPSD000380;10;販売;返品受注
ja;KPSD000380;20;サプライチェーン;返品入荷
ja;KPSD000380;30;サプライチェーン;在庫移動
ja;KPSD000380;40;販売;クレジットメモ
ja;KPSD000460;10;販売;デビットメモ依頼
ja;KPSD000460;20;販売/財務;デビットメモ
ja;KPSD000460;30;財務;会計伝票
ja;KPSD000462;10;販売;クレジットメモ依頼
ja;KPSD000462;20;販売/財務;クレジットメモ
ja;KPSD000462;30;財務;会計伝票
ja;KWMD000160;10;生産;品目マスタ
ja;KWMD000160;20;生産;部品表/配合表
ja;KWMD000160;30;生産;作業手順/製造バージョン
ja;KWMD000160;40;財務;標準原価見積もり
ja;KWMD000160;50;生産;製造指図
ja;KWMD000161;10;生産;品目マスタ
ja;KWMD000161;20;生産;部品表/配合表
ja;KWMD000161;30;生産;マスタレシピ/製造バージョン
ja;KWMD000161;40;財務;標準原価見積もり
ja;KWMD000161;50;生産;プロセス指図
ja;KWMD000260;10;販売;得意先マスタデータ
ja;KWMD000260;20;財務;得意先マスタデータ
ja;KWMD000260;30;販売;受注
ja;KWMD000260;40;販売/財務;顧客請求書
ja;KWMD000260;50;財務;会計伝票
ja;KWMD000360;10;調達;仕入先マスタデータ
ja;KWMD000360;20;財務;仕入先マスタデータ
ja;KWMD000360;30;調達;購買発注
ja;KWMD000360;40;財務;会計伝票
ja;KWPM000160;10;資産管理;保全通知
ja;KWPM000161;10;サービス;サービス通知
ja;KWPM000260;10;資産管理;プラント保全指図
ja;KWPM000260;20;資産管理;作業指図確認
ja;KWPM000260;30;資産管理;プラント保全指図
ja;KWPM000261;10;資産管理;プラント保全指図
ja;KWPM000261;20;資産管理;指図確認
ja;KWPM000261;30;資産管理;プラント保全指図
ja;KWPM000261;40;資産管理/財務;決済指図
ja;KWPM000262;10;サービス;得意先サービス指図
ja;KWPM000262;20;サービス;指図確認
ja;KWPM000262;30;サービス;得意先サービス指図
ja;KWPM000263;10;サービス;得意先サービス指図
ja;KWPM000263;20;サービス;指図確認
ja;KWPM000263;30;サービス;得意先サービス指図
ja;KWPM000263;40;サービス/財務;決済指図
ja;KWPM000264;10;資産管理;プラント保全指図
ja;KWPM000264;20;サプライチェーン;倉庫在庫
ja;KWPM000264;30;調達;購買発注/購買依頼
ja;KWPM000264;40;サプライチェーン;在庫移動
ja;KWPM000265;10;サービス;得意先サービス指図
ja;KWPM000265;20;サプライチェーン;倉庫在庫
ja;KWPM000265;30;調達;購買発注/購買依頼
ja;KWPM000265;40;サプライチェーン;在庫移動
ja;KWPM000462;10;サービス;保全計画
ja;KWPM000462;20;サービス;サービス指図
ja;KWPM000462;30;サービス;サービス契約
ja;KWQM000161;10;ソーシングおよび調達;品質検査ロット
ja;KWQM000161;20;ソーシングおよび調達;品質検査計画
ja;KWQM000161;30;ソーシングおよび調達;品質検査中在庫
ja;KWQM000161;40;ソーシングおよび調達;品質検査特性
ja;KWQM000161;50;ソーシングおよび調達;使用決定
ja;KWQM000162;10;生産;品質検査ロット
ja;KWQM000162;20;生産;品質検査計画
ja;KWQM000162;30;生産;品質検査中在庫
ja;KWQM000162;40;生産;品質検査特性
ja;KWQM000162;50;生産;使用決定
ja;KWQM000163;10;生産;品質検査ロット
ja;KWQM000163;20;生産;タスクリスト
ja;KWQM000163;30;生産;品質検査特性
ja;KWQM000163;40;生産;使用決定
ja;KXEWM00260;10;サプライチェーン;倉庫指図
ja;KXEWM00260;20;サプライチェーン;倉庫タスク
ja;KWSERV0160;10;サービス;サービス指図
ja;KWSERV0160;20;サービス;サービス確認
ja;KWSERV0160;30;サービス;サービス指図
ja;KXEWM00460;10;サプライチェーン;入荷伝票
ja;KXEWM00460;20;サプライチェーン;在庫移動
ja;KXEWM00460;30;サプライチェーン;在庫受入
ja;KXEWM00461;10;サプライチェーン;入荷伝票
ja;KXEWM00461;20;サプライチェーン;在庫移動
ja;KXEWM00461;30;サプライチェーン;在庫受入
ja;KXEWM00560;10;サプライチェーン;出荷オーダー
ja;KXEWM00560;20;サプライチェーン;ピッキング
ja;KXEWM00560;30;サプライチェーン;在庫移動
ja;KXEWM00560;40;サプライチェーン;出荷伝票
ja;KXEWM00860;10;サプライチェーン;入荷通知
ja;KXEWM00860;20;サプライチェーン;入荷伝票
ja;KXEWM00860;30;サプライチェーン;在庫移動
ja;KXEWM00860;40;サプライチェーン;在庫受入
ja;KXEWM00861;10;サプライチェーン;入荷通知
ja;KXEWM00861;20;サプライチェーン;入荷伝票
ja;KXEWM00861;30;サプライチェーン;在庫移動
ja;KXEWM00861;40;サプライチェーン;在庫受入
ja;KXEWM00862;10;サプライチェーン;出荷依頼
ja;KXEWM00862;20;サプライチェーン;出荷オーダー
ja;KXEWM00862;30;サプライチェーン;ピッキング
ja;KXEWM00862;40;サプライチェーン;在庫移動
ja;KXEWM00862;50;サプライチェーン;出荷伝票