locale;id;text
es;valueDriverAffected;Impulsor de valor afectado
es;rootCause;Causa raíz
es;lmsId;Sistema fuente
es;topX;Número de entradas en widget
es;lobId;Línea de negocio
es;businessProcessId;Proceso integral
es;recommendationCategoryId;Categoría de recomendación de innovación
es;kpiId;Indicador de rendimiento del proceso
es;timeAggregationType;Período para análisis
es;amountTimePeriod;Período
es;kpiKindId;Categorías de indicador de rendimiento
es;improvementOpportunityId;Oportunidad de mejora
es;contextInformationId;Bloqueador de flujo de proceso