ID;TITLE;LOB_ID;VALUEDRIVER_ID;LONGTEXTWHAT;TEXTPPIS;TEXTWHY;TEXTHOW
ANALYZE_IR_BEFORE_GR;Analyze invoice receipts created before goods receipts;;;;;;
ANALYZE_PO_ITEMS_WO_PR_REF;Analyze purchase order items without purchase requisition reference;;;;;;
ANALYZE_REJECT_REASON;Analyze rejection reasons and improve credit check performance;;;;;;
ANALYZE_USER_BEH;Analyze user behavior to identify improvement potential;;;;;;
ASSESS_COMPL_RATE_LEADTIME;Assess completion rates and lead times;;;;;;
ASSESS_DELAYS_CUST_INV;Assess delays in customer invoice creation;;;;;;
ASSESS_DELAYS_PURCH;Assess delays in purchasing;;;;;;
ASSESS_DEVIATION_PAYTERM_DS_INV;Assess deviations of payment terms in sales billing document and invoice;;;;;;
ASSESS_LT_SO_TO_INV;Assess lead time from sales order item creation to invoice creation;;;;;;
ASSESS_STOCKLEVEL_TIME;Assess stock levels across different time buckets;;;;;;
AVOID_COMPLIANCE_ISSUES;Avoid compliance issues;;;;;;
AVOID_EARLY_PAY;Avoid early payments;;;;;;
AVOID_IV_BYPASS;Avoid payment release that bypasses invoice verification;;;;;;
AVOID_LATE_PAY;Avoid late payments;;;;;;
AVOID_MAVERICK_BUY;Identify and avoid maverick buying;;;;;;
AVOID_MANUAL_CHANGES;Avoid manual changes;;;;;;
AVOID_PC_EXC_QUANT;Avoid purchasing contracts exceeding target quantity;;;;;;
AVOID_PC_EXC_VALUE;Avoid purchasing contracts exceeding target value;;;;;;
AVOID_PC_NOT_USED;Avoid purchasing contracts not being used properly;;;;;;
AVOID_REDUCE_STOCK;Avoid and reduce unnecessary sales order stock;;;;;;
AVOID_SCHED_AGR_EXC_QUANT;Avoid scheduling agreements exceeding target quantity;;;;;;
ENSURE_USE_QM_IN_MAUFACT;Ensure the correct use of SAP Quality Management within the manufacturing process;;;;;;
ENSURE_CONSIST_PROC_COMPL;Ensure consistent process completion;;;;;;
HARMONIZE_MASTER_DATA;Harmonize master data;;;;;;
IDENTIFY_AUTOM_OPP;Identify automation opportunities;;;;;;
IDENTIFY_BLOCKS_IN_FI;Identify payment block set in finance only;;;;;;
IDENTIFY_BOTTLENECKS;Identify bottlenecks with most improvement potential;;;;;;
IDENTIFY_CAT_ITEMS_REJECTED;Identify frequent catalog items being rejected;;;;;;
IDENTIFY_CAT_ITEMS_W_EXCEP;Identify frequent catalog invoice items with exceptions;;;;;;
IDENTIFY_DELAY_REASONS;Identify reasons for process delays;;;;;;
IDENTIFY_DEV_PAYTERM_PO_IV;Identify deviation of payment terms in purchase orders and invoices;;;;;;
IDENTIFY_GENERAL_IMP;Identify general improvement potential;;;;;;
IDENTIFY_MISSED_AUTOM_OPP_ERS;Identify missing automation opportunities with ERS;;;;;;
IDENTIFY_MAN_ACT_PO_ITEMS;Identify manual activities within purchase order items;;;;;;
IDENTIFY_NON_CAT_ITEMS_REQU;Identify frequent non-catalog item requisitions;;;;;;
IDENTIFY_NON_CAT_PO_ITEMS;Identify frequent non-catalog purchase order items;;;;;;
IDENTIFY_PAR_RCVD_PO_ITEMS;Identify partially received purchase order items;;;;;;
IMPROVE_ASSET_CAPITAL_PERF;Improve asset capitalization process performance;;;;;;
IMPROVE_COMPL_RATE;Improve completion rates;;;;;;
IMPROVE_COM_RATE_DSO;Improve completion rate and reduce days sales outstanding (DSO);;;;;;
IMPROVE_COMP_AVAIL;Improve component availability;;;;;;
IMPROVE_CONSIST_EVENT;Improve consistency in event content;;;;;;
IMPROVE_CONSIST_ACC_ASSIG;Improve consistency in account assignment object usage;;;;;;
IMPROVE_CUST_ORDER_FULF;Improve customer order fulfillment;;;;;;
IMPROVE_DEL_RATE;Improve delivery rate and reduce backlog;;;;;;
IMPROVE_DEL_SCHED;Improve delivery scheduling;;;;;;
IMPROVE_IH_ORDER_FULF;Improve in-house order fulfillment;;;;;;
IMPROVE_MAINT_EXEC_CONF;Improve maintenance execution confirmation;;;;;;
IMPROVE_MANUFACT_PERF;Improve discrete manufacturing process performance;;;;;;
IMPROVE_MD_QUAL;Improve master data quality;;;;;;
IMPROVE_OTIF_DEL_RATE;Improve on-time in-full delivery rate;;;;;;
IMPROVE_OTP_DPO;Improve on-time payment and days payable outstanding (DPO);;;;;;
IMPROVE_OTP_DSO;Improve on-time payment and reduce days sales outstanding (DSO);;;;;;
IMPROVE_PROC_MANUFACT_PERF;Improve process manufacturing process performance;;;;;;
IMPROVE_QUAL_MANUF_REL_TRANS_DATA;Improve input quality of manufacturing-related transactional data;;;;;;
IMPROVE_QUAL_PLAN_REL_TRANS_DATA;Improve input quality of planning-related transactional data;;;;;;
IMPROVE_QUAL_PURCH_REL_TRANS_DATA;Improve input quality of purchasing-related transactional data;;;;;;
IMPROVE_QUAL_SALES_REL_TRANS_DATA;Improve input quality of sales-related transactional data;;;;;;
IMPROVE_RUNTIME_MRP;Improve the runtime of material requirements planning runs;;;;;;
IMPROVE_SERV_EXEC_CONF;Improve service execution confirmation;;;;;;
IMPROVE_STOCK_AVAILABILITY;Improve stock availability;;;;;;
IMPROVE_SUPP_ORDER_FULLFM;Improve supplier order fulfillment;;;;;;
IMPROVE_USAGE_PLAN_RESULTS;Improve the usage of planning results for further processing;;;;;;
IMPROVE_USE_DISCOUNTS;Improve use of cash discounts;;;;;;
IMPROVE_WH_INV_CYCLE_COUNT;Improve warehouse inventory cycle count;;;;;;
IMPROVE_WH_IS_CYCLE_TM;Improve warehouse issuing cycle time;;;;;;
IMPROVE_WH_REC_CYCLE_TM;Improve warehouse receiving cycle time;;;;;;
IMPROVE_WBS_MD_QUAL;Improve WBS element master data quality;;;;;;
INCREASE_ACC_CASH_ALL;Increase accuracy in cash allocation;;;;;;
INCREASE_ACC_DEL_QUANT_SCHED;Increase accuracy of delivery quantities and scheduling;;;;;;
INCREASE_ACC_GI_PLAN_RED_LATE_SH;Increase accuracy of goods issue planning and reduce late shipments;;;;;;
INCREASE_ADH_EXP_DATES; Increase adherence to expected dates;;;;;;
INCREASE_ADH_MAINT_SCHED;Increase adherence to maintenance scheduling;;;;;;
INCREASE_ADH_SERV_SCHED;Increase adherence to service scheduling;;;;;;
INCREASE_ADHERENCE_SD_MANUF;Increase adherence to scheduled dates between sales and manufacturing;;;;;;
INCREASE_ADHERENCE_SD_PURCH;Increase adherence to scheduled dates between sales and purchasing;;;;;;
INCREASE_AUTOMATIC_STOCK_POST;Increase automatic stock posting;;;;;;
INCREASE_AUTOMATIC_USAGE_DECIS;Increase automatic usage decision;;;;;;
INCREASE_AUTOM_CUST_INV;Increase automation rate for customer invoices;;;;;;
INCREASE_AUTOM_OUTB_DEL_ITEM;Increase automation rate of outbound delivery item creation;;;;;;
INCREASE_AUTOM_RATE_INSPECTION_LOT;Increase automation rate of inspection lots;;;;;;
INCREASE_AUTOM_ROP;Increase automation rate of payment;;;;;;
INCREASE_AUTOM_SCHED_LINES;Increase automation possibilities for scheduling lines;;;;;;
INCREASE_AUTOM_SD_DOCS;Increase automation rate for sales billing documents;;;;;;
INCREASE_AUTOMATION;Increase automation rates;;;;;;
INCREASE_SCHEDULE_ADHERENCE;Increase adherence to schedule;;;;;;
INCREASE_DATE_ADHERENCE;Increase adherence to scheduled dates throughout the manufacturing process;;;;;;
INCREASE_MAINT_COMPL;Increase and improve maintenance completion;;;;;;
INCREASE_SCP_AUTOMATION;Increase degree of automation and adherence to supply chain planning results;;;;;;
INCREASE_SERV_COMPL;Increase and improve service completion;;;;;;
INCREASE_SUPP_PART_ANS_RATE;Increase supplier participation and answer rates;;;;;;
MONITOR_EVENT_BEH;Monitor event creation behavior;;;;;;
MONITOR_PROJ_EVENT_PEND;Monitor projects with events pending selection;;;;;;
MONITOR_SOURC_CO;Monitor sourcing compliance;;;;;;
REDUCE_BACKLOG;Reduce backlog;;;;;;
REDUCE_COMPLIANCE;Reduce the risk of compliance issues;;;;;;
REDUCE_DEL_CONV_PR_PO;Reduce delays in converting purchase requisitions into purchase orders;;;;;;
REDUCE_DEL_CONV_STPR_STO;Reduce delays in converting stock transport purchase requisitions into stock transport orders;;;;;;
REDUCE_EXCEP_PLAN_EXEC;Reduce the number of execeptions during planning execution;;;;;;
REDUCE_INCOMP_SOS;Reduce incomplete sales orders and assess sales order rejection rate;;;;;;
REDUCE_INV_NOT_TRASF;Reduce invoices not transferred to accounting;;;;;;
REDUCE_LATE_CUST_PAY;Reduce late customer payments;FINANCE;DSO;;;;
REDUCE_LATE_DEL;Reduce late deliveries;;;;;;
REDUCE_LATE_SUPP_PAY;Reduce late supplier payments;FINANCE;DPO;"This dashboard lets you analyze if you’re paying your suppliers too late and learn how to reduce these late payments. Late payments can occur when your master data is incomplete, such as bank data, missing payment methods, or missing address information, when the supplier is blocked for postings and payments or when there are errors during payment runs. A payment is considered late if the FI-AP item of the supplier invoice was cleared after the calculated net due date.";"This dashboard visualizes metrics that are based on data from the following process flows:

1. Supplier invoice issuing (with purchase order) to FI-AP clearing
2. Supplier invoice issuing (without purchase order) to FI-AP clearing";"From a working capital perspective, late payments might not necessarily be an issue since they increase DPO. However, paying late not only prevents you from making use of cash discounts, but it also risks damaging your supplier relationships or even paying penalty interest. To ensure that your customers receive their goods or services on time, it's essential for you to have good relationships with your suppliers and make sure that your suppliers deliver on time. It's therefore in your best interests to avoid paying your suppliers late.";"The correction recommendations for this improvement opportunity focus on entering missing master data, on checking whether postings and payment blocks can be removed, and on training users to set the correct parameters in the payment run."
REDUCE_MAN_ACT;Reduce manual activities;;;;;;
REDUCE_MAN_ACT_IMPR_USER_PROD;Reduce manual activities and improve user productivity;;;;;;
REDUCE_MAN_ADJ_MRP_RUN;Reduce manual adjustments to MRP run results;;;;;;
REDUCE_MAN_ADJ_APP_PR;Reduce manual adjustments in approved purchase requisitions;;;;;;
REDUCE_MAN_ADJ_APP_STR;Reduce manual adjustments in approved stock transport requisitions;;;;;;
REDUCE_NO_RETURNS_TO_SUPPL;Reduce number of returns to suppliers;;;;;;
REDUCE_NOT_USED_SCHED_AGR;Reduce valid scheduling agreements never or no longer used;;;;;;
REDUCE_OPEN_PAY_IMPR_DEL_SCH;Reduce open payments and improve delivery scheduling;;;;;;
REDUCE_OPEN_PURCH_COM_ITEMS;Reduce open and obsolete purchasing commitment items;;;;;;
REDUCE_OPEN_COM_ITEMS;Reduce open commitment items;;;;;;
REDUCE_PROBL_BL_MANUF;Reduce problems with backlogs in manufacturing;;;;;;
REDUCE_PROBL_BL_PURCH;Reduce problems with backlogs in purchasing;;;;;;
REDUCE_STOCKLEVEL_DELETED;Reduce stock levels for combinations to be deleted or destocked;;;;;;
REDUCE_STOCKLEVEL_MOVE;Reduce stock levels for combinations that have not recently moved;;;;;;
REDUCE_WH_MGMT_COST_INBOUND;Reduce warehouse management cost of inbound processes;;;;;;
REDUCE_WH_MGMT_COST_INTERNAL;Reduce warehouse management internal cost;;;;;;
REDUCE_WH_MGMT_COST_OUTBOUND;Reduce warehouse management cost in outbound processes;;;;;;
USE_AUTOMATION;Use automation opportunities;;;;;;
USE_DUNNING;Use dunning effectively;;;;;;