locale;enumName;id;text
fr;timeAggregationType;WEEK;Semaine
fr;timeAggregationType;MONTH;Mois
fr;topX;5;Les 5 meilleurs
fr;topX;10;Les 10 meilleurs
fr;topX;20;Les 20 meilleurs
fr;trendMeasureType;MV_DOCUMENT;Nombre de documents
fr;trendMeasureType;MV_MONVALUE;Valeur monétaire
fr;amountTimePeriod;8_WEEKS;8 semaines
fr;amountTimePeriod;12_WEEKS;12 semaines
fr;amountTimePeriod;24_WEEKS;24 semaines
fr;amountTimePeriod;36_WEEKS;36 semaines
fr;amountTimePeriod;48_WEEKS;48 semaines
fr;amountTimePeriod;3_MONTHS;3 mois
fr;amountTimePeriod;6_MONTHS;6 mois
fr;amountTimePeriod;18_MONTHS;18 mois
fr;amountTimePeriod;24_MONTHS;24 mois