locale;enumName;id;text
ko;timeAggregationType;WEEK;주
ko;timeAggregationType;MONTH;월
ko;topX;5;상위 5개
ko;topX;10;상위 10개
ko;topX;20;상위 20개
ko;trendMeasureType;MV_DOCUMENT;문서 수
ko;trendMeasureType;MV_MONVALUE;금전적 가치
ko;amountTimePeriod;8_WEEKS;8주
ko;amountTimePeriod;12_WEEKS;12주
ko;amountTimePeriod;24_WEEKS;24주
ko;amountTimePeriod;36_WEEKS;36주
ko;amountTimePeriod;48_WEEKS;48주
ko;amountTimePeriod;3_MONTHS;3개월
ko;amountTimePeriod;6_MONTHS;6개월
ko;amountTimePeriod;18_MONTHS;18개월
ko;amountTimePeriod;24_MONTHS;24개월