locale;id;text
zh_CN;ACC;账户
zh_CN;ACTIONS;操作
zh_CN;BATCHES;批次
zh_CN;CHN;变更
zh_CN;COMBN;组合
zh_CN;COND;条件
zh_CN;CUST;客户
zh_CN;DATES;日期
zh_CN;DAYS;天
zh_CN;DOC;凭证
zh_CN;DUMPS;转储
zh_CN;ENTRIES;条目
zh_CN;EXCEP;异常
zh_CN;FLD;字段
zh_CN;H;小时
zh_CN;ITEMS;项目
zh_CN;ITEMSSL;计划行项目
zh_CN;LEAVE_REQ;休假申请
zh_CN;MAT;物料
zh_CN;MESSAGES;消息
zh_CN;MIN;分钟
zh_CN;MS;毫秒
zh_CN;NUMB_RANGE;编号范围
zh_CN;OBJECTS;对象
zh_CN;PERCENT;百分比
zh_CN;QUANTS;数量
zh_CN;SEC;秒
zh_CN;TRP;差旅
zh_CN;TRP_REQ;差旅申请
zh_CN;USE;用途
zh_CN;VEN;供应商
zh_CN;VHCL;汽车