locale;id;text
de;ACC;Konten
de;ACTIONS;Aktionen
de;BATCHES;Chargen
de;CHN;Änderungen
de;COMBN;Kombinationen
de;COND;Konditionen
de;CUST;Debitoren
de;DATES;Termine
de;DAYS;Tage
de;DOC;Belege
de;DUMPS;Dumps
de;ENTRIES;Einträge
de;EXCEP;Ausnahmen
de;FLD;Felder
de;H;Stunden
de;ITEMS;Positionen
de;ITEMSSL;Einteilungspositionen
de;LEAVE_REQ;Abwesenheitsanträge
de;MAT;Materialien
de;MESSAGES;Meldungen
de;MIN;Minuten
de;MS;Millisekunden
de;NUMB_RANGE;Nummernkreise
de;OBJECTS;Objekte
de;PERCENT;Prozent
de;QUANTS;Mengen
de;SEC;Sekunden
de;TRP;Reisen
de;TRP_REQ;Reiseanträge
de;USE;Verwendungen
de;VEN;Lieferanten
de;VHCL;Fahrzeuge