locale;id;text
ja;CPACM00101;作成された契約ワークスペース
ja;CPACM00102;有効日付が過去の未公開契約ワークスペース
ja;CPACM00160;契約公開のための契約ワークスペース作成
ja;CPAOP00110;登録された購買依頼明細
ja;CPAOP00111;遅延している購買依頼明細
ja;CPAOP00112;発注ステータスのある購買依頼明細
ja;CPAOP00113;過去の所要日付の購買依頼明細
ja;CPAOP00114;登録済購買発注明細
ja;CPAOP00116;過去の所要日付の未処理購買発注明細
ja;CPAOP00117;送信済サプライヤ請求書明細
ja;CPAOP00118;例外が未処理のサプライヤ請求書明細
ja;CPAOP00119;関連する購買発注がない、例外ありのサプライヤ請求書明細
ja;CPAOP00160;購買依頼明細登録から購買発注明細登録まで
ja;CPAOP00161;購買発注明細登録から請求書受領登録まで
ja;CPAOP00162;サプライヤ請求書明細登録から請求書明細支払まで
ja;CPAOP00163;購買発注明細登録 (入庫なし) から請求書受領登録まで
ja;CPASC00101;作成済みの完全なソーシングプロジェクト
ja;CPASC00102;キャンセルされた完全なソーシングプロジェクト
ja;CPASC00103;選択保留中イベントのある完全なソーシングプロジェクト
ja;CPASC00104;進行中の情報提供依頼 (RFI) ソーシングイベント
ja;CPASC00105;キャンセルされた情報提供依頼 (RFI) ソーシングイベント
ja;CPASC00106;選択保留中ステータスの情報提供依頼 (RFI) ソーシングイベント
ja;CPASC00110;進行中の提案依頼 (RFP) ソーシングイベント
ja;CPASC00111;キャンセルされた提案依頼 (RFP) ソーシングイベント
ja;CPASC00112;選択保留中ステータスの提案依頼 (RFP) ソーシングイベント
ja;CPASC00116;進行中の調達オークションイベント
ja;CPASC00117;キャンセルされた調達オークションイベント
ja;CPASC00118;選択保留中ステータスの調達オークションイベント
ja;CPASC00160;ソーシング依頼登録からソーシングプロジェクト完了まで
ja;CPASC00161;ソーシングプロジェクトの登録から完了まで
ja;CPASC00163;情報提供依頼 (RFI) イベントの登録からイベント完了まで
ja;CPASC00164;提案依頼 (RFP) イベントの登録からイベント完了まで
ja;CPASC00165;調達オークションイベントの登録からイベント完了まで
ja;CPASM00101;作成済みサプライヤ申請
ja;CPASM00102;作成済みサプライヤ登録
ja;CPASM00103;1 カ月以上承認待ちのサプライヤ登録
ja;CPASM00104;作成済み旧サプライヤ評価プロジェクト項目
ja;CPASM00105;1 カ月以上承認待ちの旧サプライヤ評価プロジェクト項目
ja;CPASM00160;サプライヤ申請作成からサプライヤ登録承認まで
ja;CPASM00161;旧サプライヤ評価プロジェクト項目の作成から承認まで
ja;KBSRM00101;登録済ショッピングカート明細
ja;KBSRM00102;承認待ちショッピングカート明細
ja;KBSRM00103;後続伝票のないショッピングカート明細
ja;KBSRM00104;ショッピングカートでの変更
ja;KBSRM00160;ショッピングカート登録 (承認あり) からフォローアップ明細登録まで
ja;KBSRM00190;ショッピングカート明細の製品カテゴリ使用
ja;KBSRM00191;ショッピングカート明細の購買グループ使用 
ja;KBSRM00192;ショッピングカート明細でのサプライヤ使用 (購買組織共通)
ja;KBSRM00193;ショッピングカート明細でのサプライヤ使用 (購買組織別)
ja;KBSRM00194;SRM 伝票でのトランザクションタイプ用途
ja;KBSRM00201;SRM の登録済購買発注明細
ja;KBSRM00202;承認待ち購買発注明細
ja;KBSRM00203;ERP システムへの転送中の購買発注明細
ja;KBSRM00204;ERP システムへの転送エラーの購買発注明細
ja;KBSRM00205;購買発注の変更
ja;KBSRM00301;SRM で登録された確認明細
ja;KBSRM00302;承認待ちの確認明細
ja;KBSRM00303;現在転送中の確認明細
ja;KBSRM00304;送信エラーのある確認明細
ja;KBSRM00305;確認での変更
ja;KBSRM00401;SRM の登録済請求書明細
ja;KBSRM00402;承認待ち請求書明細
ja;KBSRM00403;現在転送中の請求書明細
ja;KBSRM00404;送信エラーのある請求書明細
ja;KBSRM00405;請求書での変更
ja;KBSRM00601;登録された購買契約明細
ja;KBSRM00602;購買基本契約の変更
ja;KBSRM00690;購買伝票での契約明細使用
ja;KBSRM00701;登録された入札案内明細
ja;KBSRM00702;入札案内での変更
ja;KBSRM00703;登録されたサプライヤ入札明細
ja;KBSRM00760;入札案内明細登録から初回入札受領
ja;KBSRM00761;オークションアイテム登録から初回入札受領
ja;KCSAL00190;CRM 伝票でのトランザクションタイプ用途
ja;KCSAL00201;作成済みビジネスアクティビティ
ja;KCSAL00202;"""未処理"" または ""処理中"" ステータスのビジネスアクティビティ"
ja;KCSAL00501;作成済みリード
ja;KCSAL00504;"""未処理"" または ""処理中"" ステータスのリード"
ja;KCSAL00601;作成済み案件
ja;KCSAL00604;"""未処理"" または ""処理中"" ステータスの案件"
ja;KCSAL00660;案件作成から案件完了
ja;KCSAL00901;作成済みビジネスアクティビティ
ja;KCSAL00902;ビジネスアクティビティの変更
ja;KCSAL00904;"""未処理"" または ""処理中"" ステータスのビジネスアクティビティ"
ja;KCSAL01001;作成済みタスク
ja;KCSAL01002;タスクの変更
ja;KCSAL01004;"""未処理"" または ""処理中"" ステータスのタスク"
ja;KFFI000104;財務伝票の変更
ja;KFFI000105;キャンセル済み財務明細
ja;KFFI000106;登録された財務伝票
ja;KFFI000190;財務伝票タイプの使用 (会社コード間)
ja;KFFI000191;財務伝票における会社コードの使用
ja;KFFI000193;会計年度および会社コード別の G/L 勘定の使用
ja;KFFI000202;期日超過および未消込債務明細
ja;KFFI000212;支払方法がない未消込明細
ja;KFFI000213;サプライヤが転記に対してブロックされている未消込明細
ja;KFFI000214;支払保留された未消込明細
ja;KFFI000215;サプライヤが支払保留されている未消込明細
ja;KFFI000216;サプライヤに銀行詳細がない未消込明細
ja;KFFI000217;サプライヤに住所情報がない未消込明細
ja;KFFI000302;期日超過および未消込債権明細
ja;KFFI000310;得意先に督促処理が割り当てられていない未消込明細
ja;KFFI000311;得意先が別の督促処理実行でブロックされている未消込明細
ja;KFFI000312;得意先の督促処理がブロックされている未消込明細
ja;KFFI000313;督促処理がブロックされた未消込明細
ja;KFFI000405;支払処理時のエラー
ja;KFFI000406;会社コード別の支払処理
ja;KFFI000409;支払処理なしの会社コード
ja;KFFI000501;転記未完了の電子銀行報告書
ja;KFFI000502;転記未完了の電子銀行報告書明細
ja;KFFI000504;日単位でインポートされた電子銀行報告書
ja;KFFI000705;総勘定元帳勘定の未消込明細 (集計)
ja;KFFI000706;入庫/請求仮勘定の未消込明細
ja;KFFI000790;消込規則がない明細消込管理勘定
ja;KFFI000940;自動化率: サプライヤ請求書消込
ja;KFFI000960;サプライヤ請求書発行 (購買発注なし) から FI-AP 消込まで
ja;KFFI000961;サプライヤ請求書発行から FI-AP 消込まで (セントラルファイナンス)
ja;KFFI001040;自動化率: 得意先請求書消込
ja;KFFI001060;得意先請求書発行 (売上なし) から FI-AR 消込まで
ja;KFFI001061;得意先請求書発行から FI-AR 消込まで (セントラルファイナンス)
ja;KFFI001201;スケジュールマネージャ: 実行時間およびステータス
ja;KFFI001303;過去の最終変更日のある未処理クレーム
ja;KFFI001402;支払約束日付が過去となっている、未処理の支払約束ケース
ja;KFFI001501;原価計算実行時のエラー
ja;KFFI001502;トランザクション CK11N での原価計算時のエラー
ja;KFFI001601;製造指図の WIP 計算時のエラー
ja;KFFI001602;製造指図の差異計算時のエラー
ja;KFFI001603;製造指図の実績決済時のエラー
ja;KFFI001605;保全/内部指図の実績決済時のエラー
ja;KFFI001609;WBS 要素/ネットワーク指図の実績決済時のエラー
ja;KFFI001701;確認による不適切な原価計算
ja;KFFI001801;減価償却実行時のエラー
ja;KFFI001802;無効化されていない建設仮勘定
ja;KFFI001803;転記なしの資産
ja;KFFI001804;不完全資産の不足項目
ja;KFFI001805;取得価額の定期記帳中のエラー
ja;KFFI001806;資産マスタ登録済
ja;KFFI001807;資産マスタデータの変更点
ja;KFFI001808;1 年後も有効な少額資産
ja;KFFI001860;資産マスタ登録 (建設仮勘定) から無効化まで
ja;KFFI001861;資産マスタ登録 (減価償却あり) から無効化まで
ja;KFFI001890;資産クラス使用 (会社コード間)
ja;KFFI001891;資産クラス使用 (会社コード別)
ja;KFFI001960;ユーティリティ請求書の登録から契約会計における消込まで (FI-CA)
ja;KFFI002003;発注に割り当てられた期日超過購買発注未確定債務明細
ja;KFFI002004;プロジェクトに割り当てられた期日超過購買発注未確定債務明細
ja;KFFI002005;売上に割り当てられた期日超過購買発注未確定債務明細
ja;KFFI002260;統合請求書の登録から契約会計における消込まで (FI-CA)
ja;KFFI002305;内部指図は登録されたが、未リリース
ja;KFFI002306;リリース済であるが技術的完了ではない内部指図
ja;KFFI002308;内部指図の変更
ja;KFFI002309;最近の決済がない製品原価コレクタ
ja;KFFI002360;製品原価コレクタ登録から初回決済まで
ja;KFFI002395;内部指図における指図タイプ使用
ja;KFFI002501;会社コード別の督促処理実行
ja;KFFI002601;統合請求の期日超過請求伝票
ja;KFFI002602;契約アカウントがロックされている期日超過統合請求
ja;KFFI002603;プロバイダ契約がロックされている期日超過統合請求
ja;KFFI002604;請求のためにロックされたプロバイダ契約
ja;KFFI002605;登録済の料金計算伝票明細
ja;KFFI002606;登録済の請求伝票明細
ja;KFFI002607;統合請求の期日を超過している販売請求伝票
ja;KFFI002660;プロバイダ契約登録から初回請求まで
ja;KFFI002801;登録済の不動産契約
ja;KFFI002802;不動産契約への変更
ja;KFFI002803;有効化されていない不動産契約
ja;KIAUT00101;指図終了日付が過去となっている確定計画手配 (PE)
ja;KIAUT00102;指図終了日付が過去となっている未確定計画手配 (PE)
ja;KIAUT00103;過去の MRP 一覧を含む計画手配 (PE)
ja;KIAUT00160;実行計画数量の基準開始日付 (構成品目別) から基準終了日付まで
ja;KIAUT00190;繰返生産における製造バージョンの使用
ja;KIAUT00301;繰返生産における未完了入出庫 (単一入力)
ja;KIAUT00302;繰返生産における未完了入出庫 (一括入力)
ja;KIISU00101;"ステータスが ""料金計算可能"" となっている、期日超過のユーティリティ料金計算指図"
ja;KIISU00102;"ステータスが ""料金計算対象外"" となっている、期日超過のユーティリティ料金計算指図"
ja;KIISU00103;検針伝票がない、期日超過のユーティリティ料金計算指図
ja;KIISU00104;論理装置がない、期日超過のユーティリティ料金計算指図
ja;KIISU00160;初回未消込明細消込のユーティリティ契約登録
ja;KIISU00161;ユーティリティ料金計算指図登録 (料金計算不可) から料金計算予定日まで
ja;KIISU00162;料金計算指図登録 (料金計算可能) から料金計算予定日まで
ja;KIISU00201;期日超過ユーティリティ請求依頼 (料金計算伝票)
ja;KIISU00203;リリースされていないユーティリティ請求依頼 (料金計算伝票)
ja;KIISU00204;ユーティリティ料金計算伝票取消
ja;KIISU00205;例外抽出とリリースが行われたユーティリティ料金計算伝票
ja;KIISU00260;ユーティリティ料金計算伝票登録から請求伝票登録まで
ja;KIISU00261;例外抽出されたユーティリティ料金計算伝票の登録から請求書印刷まで
ja;KIISU00302;印刷トリガの期日を超過したユーティリティ請求書
ja;KIISU00304;ユーティリティ請求伝票取消
ja;KIISU00305;例外抽出とリリースが行われたユーティリティ請求伝票
ja;KIISU00306;リリースの期日を超過した、ユーティリティ請求伝票
ja;KIISU00360;ユーティリティ請求伝票の登録から未消込明細の消込まで
ja;KIISU00361;例外抽出ユーティリティ請求伝票の登録から未消込明細の消込まで
ja;KIPSM00101;登録された予算執行伝票
ja;KIPSM00102;登録された予算執行伝票明細
ja;KIPSM00103;未消込かつ期日超過の予算執行伝票明細
ja;KIPSM00104;未消込の予算執行伝票明細
ja;KIPSM00105;予算執行伝票への変更
ja;KIPSM00106;ブロックされた予算執行伝票明細
ja;KIRET00460;物流センタから店舗への会社内補充
ja;KIRET00461;物流センタ間の会社内補充
ja;KIRET00462;店舗間の会社内補充
ja;KIRET00463;店舗から物流センタへの会社内補充
ja;KIRET00464;物流センタから店舗への会社間補充
ja;KIRET00465;物流センタ間の会社間補充
ja;KIRET00466;店舗間の会社間補充
ja;KIRET00467;店舗から物流センタへの会社間補充
ja;KIRET00560;物流センタへの調達 (勘定設定なし)
ja;KIRET00561;店舗への調達 (勘定設定なし)
ja;KIRET00562;物流センタへの調達 (勘定設定あり)
ja;KIRET00563;店舗への調達 (勘定設定あり)
ja;KIRET00601;店舗リスティングのないリリース済商品
ja;KIRET00602;物流センタリスティングのないリリース済商品
ja;KIRET00603;購買情報のない商品
ja;KITM000101;登録された輸送依頼
ja;KITM000201;登録された輸送指図
ja;KPCONF0110;製造指図確認時の未完了入出庫
ja;KPCONF0120;ネットワーク指図確認時の未完了入出庫
ja;KPCONF0130;PM/CS 指図確認時の未完了入出庫
ja;KPCONF0140;プロセス指図確認時の未完了入出庫
ja;KPCONF0401;製造指図確認
ja;KPCONF0402;プロセス指図確認
ja;KPCONF0403;プラント保全指図確認
ja;KPCONF0405;得意先サービス指図確認
ja;KPGR000101;転記済アウトバウンド在庫移動
ja;KPGR000102;転記済インバウンド在庫移動
ja;KPIM000101;利用可能在庫の在庫レベル
ja;KPIM000105;受注在庫の在庫レベル
ja;KPIM000106;預託品の在庫レベル
ja;KPIM000107;プロジェクト在庫の在庫レベル
ja;KPIM000108;利用可能在庫の在庫レベル (ロットレベル)
ja;KPIM000115;支給品在庫の在庫レベル
ja;KPIM000160;販売可能品目の在庫レベル (非ロット管理)
ja;KPIM000161;販売可能品目の在庫レベル (ロット管理)
ja;KPIM000162;原材料および半製品の在庫レベル (非ロット管理)
ja;KPIM000163;原材料および半製品の在庫レベル (ロット管理)
ja;KPLE000110;出庫転記が期日超過の出荷伝票
ja;KPLE000111;入庫転記が期日超過の入荷伝票
ja;KPLE000120;登録済入荷伝票
ja;KPLE000121;登録済出荷伝票
ja;KPLE000171;出力処理を伴う納入 (媒体別)
ja;KPLE000190;設定チェック: MM から LE への伝票フロー更新
ja;KPLE000204;処理が不完全な運賃明細
ja;KPLE000205;未完了のアウトバウンドシップメント
ja;KPLE000206;未完了の入荷
ja;KPLE000207;シップメントの変更
ja;KPLE000305;請求する出荷済および期日超過の出荷明細
ja;KPLE000307;出荷の変更
ja;KPLE000360;出荷明細登録から出庫転記まで
ja;KPLE000361;出荷明細登録から出庫転記まで (転送指図)
ja;KPLE000362;入荷明細登録から入庫転記まで
ja;KPMRP00108;指図終了日付が過去である計画手配 (LA/KD)
ja;KPMRP00109;販売に割り当てられた期日超過計画手配
ja;KPMRP00201;MRP エリア計画ファイル - 削除対象品目
ja;KPMRP00202;MRP エリア計画ファイル - 計画を許可しないステータス
ja;KPMRP00205;MRP 計画ファイル - 削除対象品目
ja;KPMRP00206;MRP 計画ファイル品目 - 計画が許可されないステータス
ja;KPMRP00260;MRP によって先週処理された品目
ja;KPPP000101;発行期日超過の製造指図
ja;KPPP000103;納入完了の期日を超過した製造指図
ja;KPPP000106;期日超過した基準終了日付があり、削除フラグのない製造指図
ja;KPPP000107;登録済製造指図
ja;KPPP000108;最初の確認なしで発行された製造指図
ja;KPPP000111;消費期日超過の製造指図構成品目
ja;KPPP000121;販売に割り当てられた期日超過製造指図
ja;KPPP000122;製造指図ごとのすべてのステータス変更
ja;KPPP000142;自動化率: 製造指図の技術的完了
ja;KPPP000242;自動化率: プロセス指図の技術的完了
ja;KPPP000160;製造指図登録から技術的完了まで
ja;KPPP000161;製造指図登録から最初の決済まで
ja;KPPP000162;製造指図の構成品目の登録から出庫転記まで
ja;KPPP000163;製造指図構成品目の登録から入庫まで (直接調達)
ja;KPPP000164;製造指図作業の登録から実行終了まで
ja;KPPP000190;製造指図における指図タイプの使用 (プラント共通)
ja;KPPP000192;ディスクリート製造における作業手順の使用 (品目/プラント別)
ja;KPPP000195;ディスクリート製造における製造バージョンの使用 (品目/プラント別)
ja;KPPP000201;発行期日超過のプロセス指図
ja;KPPP000203;納入完了の期日超過のプロセス指図
ja;KPPP000206;期日超過した基準終了日付があり、削除フラグのないプロセス指図
ja;KPPP000207;登録済プロセス指図
ja;KPPP000208;最初の確認なしで発行されたプロセス指図
ja;KPPP000211;消費期日超過のプロセス指図構成品目
ja;KPPP000222;販売に割り当てられた期日超過プロセス指図
ja;KPPP000223;プロセス指図ごとのすべてのステータス変更
ja;KPPP000260;プロセス指図登録から技術的完了まで
ja;KPPP000261;プロセス指図登録から最初の決済まで
ja;KPPP000262;プロセス指図の構成品目の登録から出庫転記まで
ja;KPPP000263;プロセス指図構成品目の登録から入庫まで (直接調達)
ja;KPPP000264;プロセス指図作業の登録から実行終了まで
ja;KPPP000290;プロセス指図における指図タイプの使用 (プラント共通)
ja;KPPP000292;プロセス生産におけるマスタレシピの使用 (品目/プラント別)
ja;KPPP000295;プロセス生産における製造バージョンの使用 (品目/プラント別)
ja;KPPP000409;MRP 一覧にエラーメッセージがある品目
ja;KPPP000410;取消対象 MRP 要素 (品目別)
ja;KPPP000411;再日程計画対象 MRP 要素 (品目別)
ja;KPPROJ0105;期日超過したスケジュール済基準終了日付があり、削除フラグのないネットワーク指図
ja;KPPROJ0190;ネットワーク指図における指図タイプの使用 (プラント共通)
ja;KPPROJ0205;WBS 要素完了のリリース済プロジェクト (レベル別)
ja;KPPROJ0302;リリース済であるが技術完了または処理済ではない WBS 要素
ja;KPPROJ0305;リリース済 WBS 要素別のすべてのステータス変更
ja;KPPROJ0360;WBS 要素登録 (設備投資プロファイルなし) から終了まで
ja;KPPROJ0361;WBS 要素登録 (設備投資プロファイルあり) から終了まで
ja;KPPURCH201;登録済購買発注明細
ja;KPPURCH203;未消込および期日超過の購買発注明細
ja;KPPURCH204;未完了購買発注におけるエラー
ja;KPPURCH207;最終請求書区分のない購買発注明細
ja;KPPURCH212;請求書の後に登録された購買発注明細
ja;KPPURCH221;購買発注の変更
ja;KPPURCH222;契約を参照せずに登録された購買発注明細
ja;KPPURCH223;確認がない期日超過購買発注明細
ja;KPPURCH225;期日超過入荷明細を含む未処理購買発注明細
ja;KPPURCH228;期日を超過している MRP 関連サプライヤ確認
ja;KPPURCH242;ユーザが登録した購買発注 (デフォルト値チェック用)
ja;KPPURCH260;入庫/請求仮勘定消込までの購買発注明細登録
ja;KPPURCH261;購買発注明細登録 (勘定設定なし) から請求書受領登録まで
ja;KPPURCH263;受注から請求書までのプロセスにリンクされた会社間購買発注明細
ja;KPPURCH265;購買発注明細登録 (入庫なし) から FI-AP 消込まで
ja;KPPURCH266;購買発注明細登録 (外注) から請求書受領登録まで
ja;KPPURCH267;購買発注明細の登録からサービス入力シートの請求まで
ja;KPPURCH268;購買発注明細登録 (勘定設定あり) から請求書受領登録まで
ja;KPPURCH273;出力処理がある購買発注 (媒体別)
ja;KPPURCH290;"設定チェック: 提案 ""納入完了"""
ja;KPPURCH297;購買伝票における価格決定表の使用 (購買組織共通)
ja;KPPURCH298;購買伝票タイプの使用 (会社コード間)
ja;KPPURCH301;登録された購買依頼明細
ja;KPPURCH303;未消込および期日超過の購買依頼明細
ja;KPPURCH309;購買依頼の変更
ja;KPPURCH360;購買依頼明細登録から購買発注明細登録まで
ja;KPPURCH362;在庫転送依頼明細登録から在庫転送オーダー明細登録まで
ja;KPPURCH404;登録されたサプライヤ請求書
ja;KPPURCH409;支払保留中のサプライヤ請求書明細 (期日超過 FI-AP 明細あり)
ja;KPPURCH411;期日超過 FI-AP 明細のあるサプライヤ請求書
ja;KPPURCH412;サプライヤ請求書の変更
ja;KPPURCH413;取消済みサプライヤ請求書
ja;KPPURCH460;サプライヤ請求書発行 (購買発注あり) から FI-AP 消込まで
ja;KPPURCH508;出荷期日実行における個別エラー (在庫転送オーダー)
ja;KPPURCH560;在庫転送オーダー明細登録 (出荷なし) から入庫まで
ja;KPPURCH561;在庫転送オーダー明細登録 (出荷あり) から入庫まで
ja;KPPURCH562;会社間在庫転送オーダー明細登録から FI-AR 明細消込まで
ja;KPPURCH609;期日超過の購買分納契約の納入日程行
ja;KPPURCH610;MRP 一覧がある期日超過購買分納契約
ja;KPPURCH660;分納契約明細登録から有効期間終了まで
ja;KPPURCH661;購買数量契約明細登録から有効期間終了まで
ja;KPPURCH662;購買金額契約明細登録から有効期間終了まで
ja;KPPURCH701;サービス入力シートのない未処理購買発注明細
ja;KPPURCH702;承認されていないサービス入力シート
ja;KPPURCH703;最終入力のないサービス入力シート
ja;KPPURCH704;サービス入力シートの変更
ja;KPSD000133;登録済販売伝票
ja;KPSD000171;出力処理がある販売伝票 (媒体別)
ja;KPSD000190;販売伝票タイプの使用 (販売エリア共通)
ja;KPSD000194;販売伝票における価格決定表の使用 (販売組織共通)
ja;KPSD000195;伝票カテゴリ別の受注理由の使用
ja;KPSD000201;会計管理に転記されていない販売請求書
ja;KPSD000207;印刷/送信メッセージのない販売請求伝票
ja;KPSD000208;未消込 FI-AR 明細を含む販売請求書
ja;KPSD000215;販売請求書の取消
ja;KPSD000216;支払期限実行中のエラーの識別
ja;KPSD000217;販売請求伝票の変更内容
ja;KPSD000218;登録された販売請求伝票
ja;KPSD000260;販売請求伝票登録から FI-AR 消込まで
ja;KPSD000271;出力処理がある請求伝票 (媒体別)
ja;KPSD000292;販売請求伝票における価格決定表の使用 (販売組織共通)
ja;KPSD000293;販売請求伝票における請求タイプの使用 (販売組織間)
ja;KPSD000303;期限超過の販売伝票納入日程行明細
ja;KPSD000304;指定納期が最初に確認されなかった納入日程行
ja;KPSD000306;不完全な販売伝票明細における不足項目
ja;KPSD000307;拒否された販売伝票明細
ja;KPSD000319;未請求および期日超過の請求計画日付
ja;KPSD000321;請求期日超過の販売伝票明細
ja;KPSD000322;未処理および再計画済の販売伝票納入日程行明細
ja;KPSD000323;販売伝票明細のマニュアル条件変更
ja;KPSD000324;販売伝票の変更
ja;KPSD000326;出荷期日実行時のエラーの識別 (販売)
ja;KPSD000327;販売伝票の削除済明細
ja;KPSD000360;受注明細登録から出荷明細登録まで
ja;KPSD000361;受注明細登録から販売請求書明細登録まで
ja;KPSD000362;受注明細登録から FI-AR 明細消込まで
ja;KPSD000363;仕入先直送受注明細から販売請求書明細登録まで
ja;KPSD000364;受注明細 (外部発注) から販売請求書明細まで
ja;KPSD000365;受注明細 (受注生産) から販売請求書明細まで
ja;KPSD000366;会社間受注明細登録から FI-AP 明細消込まで
ja;KPSD000367;受注明細登録 (受注関連請求) から FI-AR 明細消込まで
ja;KPSD000368;見積明細登録から受注明細登録まで
ja;KPSD000369;受注明細登録 (在庫からの販売) から出荷登録まで
ja;KPSD000380;返品注文明細登録から入庫転記まで
ja;KPSD000392;明細カテゴリ別の拒否理由の使用
ja;KPSD000460;デビットメモ依頼明細登録から FI-AR 明細消込まで
ja;KPSD000462;クレジットメモ依頼明細登録から FI-AR 明細消込まで
ja;KPWM000403;倉庫管理における滞留保管ロット
ja;KWMD000107;品目マスタデータへの変更
ja;KWMD000109;製造における品目マスタデータの使用 (プラント別)
ja;KWMD000110;調達における品目マスタデータの使用 (プラント別)
ja;KWMD000160;プラント別の品目マスタデータ登録から最初の製造指図納入まで
ja;KWMD000161;プラント別の品目マスタデータ登録から最初のプロセス指図納入まで
ja;KWMD000203;得意先マスタデータへの変更
ja;KWMD000204;販売請求伝票における得意先マスタデータの使用 (販売エリア間)
ja;KWMD000205;販売請求伝票での得意先マスタデータの使用 (販売エリア別)
ja;KWMD000206;FI-AP での得意先マスタデータの使用 (会社コード別)
ja;KWMD000207;FI-AR における得意先マスタデータの使用 (会社コード間)
ja;KWMD000260;得意先マスタデータの登録から初回の未消込明細消込まで
ja;KWMD000309;仕入先マスタデータへの変更
ja;KWMD000311;購買伝票における仕入先マスタデータの使用 (購買組織間)
ja;KWMD000312;購買伝票における仕入先マスタデータの使用 (購買組織別)
ja;KWMD000313;FI-AP での仕入先マスタデータの使用 (会社コード別)
ja;KWMD000314;FI-AP での仕入先マスタデータの使用 (会社コード間)
ja;KWMD000315;購買伝票における購買情報レコードの使用 (購買組織間)
ja;KWMD000360;仕入先マスタデータの登録から初回の未消込明細消込まで
ja;KWMD000501;FI-AP 請求書における支払条件の使用 (会社コード別)
ja;KWMD000502;FI-AP 請求書における支払条件の使用 (会社コード間)
ja;KWMD000503;FI-AR 請求書における支払条件の使用 (会社コード別)
ja;KWMD000504;FI-AR 請求書における支払条件の使用 (会社コード間)
ja;KWPM000115;登録済のプラント保全通知
ja;KWPM000116;登録済の得意先サービス通知
ja;KWPM000117;未処理および期日超過のプラント保全通知
ja;KWPM000118;未処理および期日超過の得意先サービス通知
ja;KWPM000119;保留中のプラント保全通知
ja;KWPM000120;保留中の得意先サービス通知
ja;KWPM000160;プラント保全通知から通知完了まで
ja;KWPM000161;得意先サービス通知登録から通知完了まで
ja;KWPM000203;登録済のプラント保全指図
ja;KWPM000204;登録済の得意先サービス指図
ja;KWPM000215;プラント保全指図別の全ステータス変更
ja;KWPM000216;得意先サービス指図別の全ステータス変更
ja;KWPM000217;発行に対して期日超過のプラント保全指図
ja;KWPM000218;発行に対して期日超過の得意先サービス指図
ja;KWPM000219;技術的完了のため発行され期日超過のプラント保全指図
ja;KWPM000220;技術的完了のため発行され期日超過の得意先サービス指図
ja;KWPM000221;未決済プラント保全指図
ja;KWPM000222;未決済得意先サービス指図
ja;KWPM000260;プラント保全指図登録から指図終了まで
ja;KWPM000261;プラント保全指図登録から指図決済まで
ja;KWPM000262;得意先サービス指図登録から指図終了まで
ja;KWPM000263;得意先サービス指図登録から指図決済まで
ja;KWPM000264;プラント保全指図の構成品目の登録から出庫転記まで
ja;KWPM000265;得意先サービス指図の構成品目の登録から出庫転記まで
ja;KWPM000290;PM/CS 指図における指図タイプの使用 (プラント共通)
ja;KWPM000462;保全計画項目の作成からサービス契約終了まで
ja;KWQM000101;未処理数量のある品質検査ロット
ja;KWQM000102;使用決定のない品質検査ロット
ja;KWQM000103;品質検査完了でない品質検査ロット
ja;KWQM000161;購買から使用決定までの入庫検査のロット登録
ja;KWQM000162;生産から使用決定までの入庫検査のロット登録
ja;KWQM000163;生産から使用決定までの工程内品質検査のロット登録
ja;KWSERV0101;サービスオーダー登録済
ja;KWSERV0102;サービス見積登録済
ja;KWSERV0103;サービス確認登録済
ja;KWSERV0104;サービス依頼登録済
ja;KWSERV0105;サービス契約登録済
ja;KWSERV0106;ソリューションオーダー登録済
ja;KWSERV0160;サービスオーダー登録からサービスオーダー完了まで
ja;KXEWM00101;リリース期日超過ウェーブ
ja;KXEWM00102;リリース済ウェーブ (不良あり)
ja;KXEWM00201;確認期日超過の倉庫指図
ja;KXEWM00202;確認済倉庫指図
ja;KXEWM00203;登録済倉庫指図
ja;KXEWM00260;倉庫指図登録から確認まで
ja;KXEWM00301;確認期日超過の倉庫タスク
ja;KXEWM00302;確認期日超過の補充タスク
ja;KXEWM00303;登録済倉庫タスク明細
ja;KXEWM00304;確認済倉庫タスク明細
ja;KXEWM00305;例外コードがある確認済倉庫タスク明細
ja;KXEWM00390;確認済倉庫タスクでの例外コード使用 (倉庫別)
ja;KXEWM00401;完了した在庫受入がない期日超過入荷明細
ja;KXEWM00402;完了した入庫がない期日超過入荷明細
ja;KXEWM00403;EWM で登録された入荷明細
ja;KXEWM00404;EWM における入荷明細の入庫転記
ja;KXEWM00460;入荷明細登録 (購買伝票用) から在庫受入完了まで
ja;KXEWM00461;入荷明細登録 (生産用) から在庫受入完了まで
ja;KXEWM00490;入荷明細でのプロセスコード使用
ja;KXEWM00501;ピッキング期日超過の出荷オーダー明細
ja;KXEWM00502;出庫転記期日超過の出荷オーダー明細
ja;KXEWM00503;登録済の出荷オーダー明細
ja;KXEWM00504;出荷オーダー明細の出庫転記
ja;KXEWM00560;出荷オーダー明細登録 (販売伝票用) から出荷登録まで
ja;KXEWM00590;出荷オーダー明細でのプロセスコード使用
ja;KXEWM00701;出庫転記が期日超過の出荷伝票明細
ja;KXEWM00702;EWM で登録された出荷伝票明細
ja;KXEWM00860;入荷明通知細登録 (購買伝票用) から在庫受入完了まで
ja;KXEWM00861;入荷通知明細登録 (生産用) から在庫受入完了まで
ja;KXEWM00862;出荷依頼明細登録 (販売伝票用) から出荷登録まで
ja;KXEWM00901;移動していない利用可能在庫
ja;KXEWM00902;移動していない保留在庫
ja;KXEWM00903;移動していない品質検査中在庫