kpi_id;solutionScenarioId;solutionProcessId;solutionProcessCountry;solutionProcessFlowId;solutionProcessFlowVersion;solutionProcessFlowDiagramId
KFFI000960;S4CLOUD;J60;US;SPF-1280;5.0;SPFD-2208
KFFI000960;S4ONPREM;J60;US;SPF-2720;2.0;SPFD-2208
KFFI001060;S4CLOUD;J59;US;SPF-344;5.0;SPFD-550
KFFI001060;S4ONPREM;J59;US;SPF-2719;2.0;SPFD-550
KFFI001860;S4CLOUD;BFH;US;SPF-127;2.0;SPFD-133
KFFI001860;S4ONPREM;BFH;US;SPF-2353;2.0;SPFD-133
KFFI001861;S4CLOUD;J62;US;SPF-1281;4.0;SPFD-1209
KFFI001861;S4ONPREM;J62;US;SPF-2721;2.0;SPFD-576
KFFI002360;S4CLOUD;3F0;US;SPF-496;6.0;SPFD-877
KIRET00460;S4CLOUD;5FV;US;SPF-1753;4.0;SPFD-3616
KIRET00460;S4CLOUD;5FX;US;SPF-1769;3.0;SPFD-5160
KIRET00464;S4CLOUD;5FV;US;SPF-1753;4.0;SPFD-3616
KIRET00464;S4CLOUD;5FX;US;SPF-1769;3.0;SPFD-5160
KIRET00560;S4CLOUD;5FM;US;SPF-1767;4.0;SPFD-3588
KIRET00560;S4CLOUD;5FU;US;SPF-1752;3.0;SPFD-8292
KIRET00562;S4CLOUD;5FM;US;SPF-1767;4.0;SPFD-3588
KIRET00562;S4CLOUD;5FU;US;SPF-1752;3.0;SPFD-8292
KPIM000160;S4CLOUD;BMC;US;SPF-333;4.0;SPFD-504
KPIM000160;S4ONPREM;BMC;US;SPF-2439;2.0;SPFD-504
KPIM000161;S4CLOUD;BMC;US;SPF-333;4.0;SPFD-504
KPIM000161;S4ONPREM;BMC;US;SPF-2439;2.0;SPFD-504
KPIM000162;S4CLOUD;BMC;US;SPF-333;4.0;SPFD-504
KPIM000162;S4ONPREM;BMC;US;SPF-2439;2.0;SPFD-504
KPIM000163;S4CLOUD;BMC;US;SPF-333;4.0;SPFD-504
KPIM000163;S4ONPREM;BMC;US;SPF-2439;2.0;SPFD-504
KPLE000260;S4CLOUD;6W2;US;SPF-3141;2.0;SPFD-8047
KPLE000260;S4CLOUD;6W3;US;SPF-3165;2.0;SPFD-8183
KPLE000260;S4CLOUD;6W4;US;SPF-3166;2.0;SPFD-8048
KPLE000360;S4CLOUD;BD9;US;SPF-309;5.0;SPFD-477
KPLE000360;S4CLOUD;BMK;US;SPF-314;5.0;SPFD-483
KPLE000360;S4ONPREM;BD9;US;SPF-2422;2.0;SPFD-477
KPLE000360;S4ONPREM;BMK;US;SPF-2556;2.0;SPFD-507
KPLE000361;S4CLOUD;3BS;US;SPF-487;6.0;SPFD-3831
KPLE000361;S4ONPREM;1G2;US;SPF-2597;1.0;SPFD-4676
KPLE000361;S4ONPREM;1V7;US;SPF-2599;1.0;SPFD-4678
KPLE000362;S4CLOUD;2TX;US;SPF-254;2.0;SPFD-414
KPLE000362;S4CLOUD;3BR;US;SPF-486;5.0;SPFD-867
KPLE000362;S4CLOUD;BMR;US;SPF-337;3.0;SPFD-509
KPLE000362;S4ONPREM;1FS;US;SPF-2592;1.0;SPFD-4671
KPLE000362;S4ONPREM;1V5;US;SPF-2598;1.0;SPFD-4677
KPLE000362;S4ONPREM;2TX;US;SPF-2528;2.0;SPFD-414
KPLE000362;S4ONPREM;BMR;US;SPF-2443;1.0;SPFD-509
KPMRP00260;S4CLOUD;J44;US;SPF-339;4.0;SPFD-513
KPMRP00260;S4ONPREM;J44;US;SPF-2445;1.0;SPFD-513
KPPP000160;S4CLOUD;1BM;US;SPF-149;4.0;SPFD-168
KPPP000160;S4CLOUD;BJ5;US;SPF-321;6.0;SPFD-4366
KPPP000160;S4CLOUD;BJE;US;SPF-131;4.0;SPFD-138
KPPP000160;S4ONPREM;1BM;US;SPF-2365;2.0;SPFD-168
KPPP000160;S4ONPREM;BJ5;US;SPF-2432;2.0;SPFD-4651
KPPP000160;S4ONPREM;BJE;US;SPF-2357;1.0;SPFD-4643
KPPP000161;S4CLOUD;3F0;US;SPF-496;6.0;SPFD-877
KPPP000161;S4CLOUD;BJ5;US;SPF-321;6.0;SPFD-4366
KPPP000161;S4ONPREM;BEI;US;SPF-2429;2.0;SPFD-489
KPPP000161;S4ONPREM;BJ5;US;SPF-2432;2.0;SPFD-4651
KPPP000162;S4CLOUD;BJ5;US;SPF-321;6.0;SPFD-4366
KPPP000162;S4ONPREM;BJ5;US;SPF-2432;2.0;SPFD-4651
KPPP000260;S4CLOUD;3OK;US;SPF-565;3.0;SPFD-955
KPPP000260;S4CLOUD;BJ8;US;SPF-322;3.0;SPFD-492
KPPP000260;S4ONPREM;3OK;US;SPF-2621;1.0;SPFD-4687
KPPP000260;S4ONPREM;BJ8;US;SPF-2551;1.0;SPFD-4668
KPPP000261;S4CLOUD;3F0;US;SPF-496;6.0;SPFD-877
KPPP000261;S4CLOUD;BJ8;US;SPF-322;3.0;SPFD-492
KPPP000261;S4ONPREM;BEI;US;SPF-2429;2.0;SPFD-489
KPPP000261;S4ONPREM;BJ8;US;SPF-2551;1.0;SPFD-4668
KPPP000262;S4CLOUD;BJ8;US;SPF-322;3.0;SPFD-492
KPPP000262;S4ONPREM;BJ8;US;SPF-2551;1.0;SPFD-4668
KPPROJ0360;S4CLOUD;1NT;US;SPF-372;2.0;SPFD-651
KPPROJ0361;S4CLOUD;1NT;US;SPF-372;2.0;SPFD-651
KPPROJ0361;S4CLOUD;BNA;US;SPF-137;2.0;SPFD-144
KPPURCH260;S4CLOUD;BNX;US;SPF-338;3.0;SPFD-512
KPPURCH260;S4CLOUD;J45;US;SPF-340;5.0;SPFD-517
KPPURCH260;S4ONPREM;BNX;US;SPF-2444;2.0;SPFD-512
KPPURCH260;S4ONPREM;J45;US;SPF-2557;2.0;SPFD-517
KPPURCH261;S4CLOUD;18J;US;SPF-146;5.0;SPFD-165
KPPURCH261;S4CLOUD;J45;US;SPF-340;5.0;SPFD-517
KPPURCH261;S4ONPREM;18J;US;SPF-2362;1.0;SPFD-165
KPPURCH261;S4ONPREM;J45;US;SPF-2557;2.0;SPFD-517
KPPURCH263;S4CLOUD;1P9;US;SPF-380;2.0;SPFD-661
KPPURCH263;S4CLOUD;5HP;US;SPF-662;2.0;SPFD-1091
KPPURCH263;S4ONPREM;5D2;US;SPF-2639;2.0;SPFD-1090
KPPURCH266;S4CLOUD;BMY;US;SPF-136;3.0;SPFD-143
KPPURCH266;S4ONPREM;BMY;US;SPF-2508;2.0;SPFD-143
KPPURCH267;S4CLOUD;6W4;US;SPF-3166;2.0;SPFD-8048
KPPURCH267;S4CLOUD;22Z;US;SPF-223;5.0;SPFD-342
KPPURCH267;S4ONPREM;22Z;US;SPF-2405;2.0;SPFD-342
KPPURCH267;S4CLOUD;3NI;US;SPF-293;4.0;SPFD-450
KPPURCH268;S4CLOUD;BNX;US;SPF-338;3.0;SPFD-512
KPPURCH268;S4ONPREM;BNX;US;SPF-2444;2.0;SPFD-512
KPPURCH360;S4CLOUD;18J;US;SPF-146;5.0;SPFD-165
KPPURCH360;S4CLOUD;J45;US;SPF-340;5.0;SPFD-517
KPPURCH360;S4ONPREM;18J;US;SPF-2362;1.0;SPFD-165
KPPURCH360;S4ONPREM;J45;US;SPF-2557;2.0;SPFD-517
KPPURCH362;S4CLOUD;BME;US;SPF-134;2.0;SPFD-141
KPPURCH460;S4CLOUD;J60;US;SPF-1280;5.0;SPFD-2208
KPPURCH460;S4ONPREM;J60;US;SPF-2720;2.0;SPFD-2208
KPPURCH560;S4CLOUD;BMH;US;SPF-135;3.0;SPFD-142
KPPURCH561;S4CLOUD;BME;US;SPF-134;2.0;SPFD-141
KPPURCH562;S4CLOUD;1P9;US;SPF-380;2.0;SPFD-661
KPPURCH562;S4CLOUD;5HP;US;SPF-662;2.0;SPFD-1091
KPPURCH660;S4CLOUD;BMR;US;SPF-337;3.0;SPFD-509
KPPURCH660;S4ONPREM;BMR;US;SPF-2443;1.0;SPFD-509
KPPURCH661;S4CLOUD;BMD;US;SPF-334;3.0;SPFD-506
KPPURCH661;S4ONPREM;BMD;US;SPF-2555;2.0;SPFD-506
KPSD000260;S4CLOUD;BD9;US;SPF-309;5.0;SPFD-477
KPSD000260;S4CLOUD;I9I;US;SPF-157;3.0;SPFD-187
KPSD000260;S4CLOUD;J59;US;SPF-344;5.0;SPFD-550
KPSD000260;S4ONPREM;BD9;US;SPF-2422;2.0;SPFD-477
KPSD000260;S4ONPREM;I9I;US;SPF-2372;2.0;SPFD-187
KPSD000260;S4ONPREM;J59;US;SPF-2719;2.0;SPFD-550
KPSD000360;S4CLOUD;5HL;US;SPF-616;6.0;SPFD-1046
KPSD000360;S4CLOUD;BD9;US;SPF-309;5.0;SPFD-477
KPSD000360;S4ONPREM;BD9;US;SPF-2422;2.0;SPFD-477
KPSD000361;S4CLOUD;5HL;US;SPF-616;6.0;SPFD-1046
KPSD000361;S4CLOUD;BD9;US;SPF-309;5.0;SPFD-477
KPSD000361;S4ONPREM;BD9;US;SPF-2422;2.0;SPFD-477
KPSD000362;S4CLOUD;5HL;US;SPF-616;6.0;SPFD-1046
KPSD000362;S4CLOUD;BD9;US;SPF-309;5.0;SPFD-477
KPSD000362;S4ONPREM;BD9;US;SPF-2422;2.0;SPFD-477
KPSD000363;S4CLOUD;BD3;US;SPF-307;5.0;SPFD-469
KPSD000363;S4CLOUD;BDK;US;SPF-314;5.0;SPFD-483
KPSD000363;S4ONPREM;BD3;US;SPF-2420;2.0;SPFD-469
KPSD000363;S4ONPREM;BDK;US;SPF-2549;1.0;SPFD-483
KPSD000364;S4CLOUD;BDN;US;SPF-315;4.0;SPFD-485
KPSD000364;S4ONPREM;BDN;US;SPF-2426;2.0;SPFD-485
KPSD000365;S4CLOUD;BJE;US;SPF-131;4.0;SPFD-138
KPSD000365;S4ONPREM;BJE;US;SPF-2357;1.0;SPFD-4643
KPSD000366;S4CLOUD;1HO;US;SPF-179;4.0;SPFD-222
KPSD000366;S4CLOUD;1MX;US;SPF-365;3.0;SPFD-644
KPSD000366;S4CLOUD;5D2;US;SPF-661;3.0;SPFD-1090
KPSD000366;S4ONPREM;5D2;US;SPF-2639;2.0;SPFD-1090
KPSD000367;S4CLOUD;2EQ;US;SPF-408;3.0;SPFD-734
KPSD000367;S4ONPREM;2EQ;US;SPF-2504;2.0;SPFD-734
KPSD000368;S4CLOUD;BDG;US;SPF-312;4.0;SPFD-481
KPSD000368;S4ONPREM;BDG;US;SPF-2547;2.0;SPFD-481
KPSD000369;S4CLOUD;5HL;US;SPF-616;6.0;SPFD-1046
KPSD000369;S4CLOUD;BD9;US;SPF-309;5.0;SPFD-477
KPSD000369;S4ONPREM;BD9;US;SPF-2422;2.0;SPFD-477
KPSD000380;S4CLOUD;61V;US;SPF-1531;3.0;SPFD-3750
KPSD000380;S4CLOUD;BDD;US;SPF-311;4.0;SPFD-480
KPSD000380;S4CLOUD;BKP;US;SPF-156;6.0;SPFD-185
KPSD000380;S4ONPREM;BDD;US;SPF-2546;2.0;SPFD-480
KPSD000380;S4ONPREM;BKP;US;SPF-2509;2.0;SPFD-185
KPSD000460;S4CLOUD;1F1;US;SPF-151;5.0;SPFD-170
KPSD000460;S4CLOUD;BDQ;US;SPF-316;5.0;SPFD-486
KPSD000460;S4ONPREM;1F1;US;SPF-2367;2.0;SPFD-170
KPSD000460;S4ONPREM;BDQ;US;SPF-2550;1.0;SPFD-486
KPSD000462;S4CLOUD;1EZ;US;SPF-150;5.0;SPFD-169
KPSD000462;S4CLOUD;BKL;US;SPF-330;5.0;SPFD-500
KPSD000462;S4ONPREM;1EZ;US;SPF-2366;1.0;SPFD-169
KPSD000462;S4ONPREM;BKL;US;SPF-2554;2.0;SPFD-500
KWPM000160;S4CLOUD;4HH;US;SPF-590;3.0;SPFD-8185
KWPM000160;S4CLOUD;4HI;US;SPF-591;2.0;SPFD-1009
KWPM000160;S4ONPREM;4HH;US;SPF-2626;2.0;SPFD-8411
KWPM000160;S4ONPREM;4HI;US;SPF-2627;2.0;SPFD-8414
KWPM000260;S4CLOUD;4HH;US;SPF-590;3.0;SPFD-8185
KWPM000260;S4CLOUD;4HI;US;SPF-591;2.0;SPFD-1009
KWPM000260;S4CLOUD;4VT;US;SPF-654;2.0;SPFD-1081
KWPM000260;S4CLOUD;4WM;US;SPF-655;2.0;SPFD-1083
KWPM000260;S4CLOUD;BF7;US;SPF-144;3.0;SPFD-163
KWPM000260;S4ONPREM;4HH;US;SPF-2626;2.0;SPFD-8411
KWPM000260;S4ONPREM;4HI;US;SPF-2627;2.0;SPFD-8414
KWPM000260;S4ONPREM;BF7;US;SPF-2360;2.0;SPFD-163
KWPM000261;S4CLOUD;4HH;US;SPF-590;3.0;SPFD-8185
KWPM000261;S4CLOUD;4HI;US;SPF-591;2.0;SPFD-1009
KWPM000261;S4CLOUD;4VT;US;SPF-654;2.0;SPFD-1081
KWPM000261;S4CLOUD;4WM;US;SPF-655;2.0;SPFD-1083
KWPM000261;S4CLOUD;BF7;US;SPF-144;3.0;SPFD-163
KWPM000261;S4ONPREM;4HH;US;SPF-2626;2.0;SPFD-8411
KWPM000261;S4ONPREM;4HI;US;SPF-2627;2.0;SPFD-8414
KWPM000261;S4ONPREM;BF7;US;SPF-2360;2.0;SPFD-163
KWPM000262;S4CLOUD;3D2;US;SPF-492;5.0;SPFD-874
KWPM000262;S4CLOUD;3XK;US;SPF-569;5.0;SPFD-3522
KWPM000262;S4CLOUD;4X5;US;SPF-603;2.0;SPFD-1028
KWPM000262;S4ONPREM;3XK;US;SPF-2756;2.0;SPFD-4713
KWPM000262;S4ONPREM;41Z;US;SPF-2758;2.0;SPFD-8426
KWPM000262;S4ONPREM;4X5;US;SPF-2777;2.0;SPFD-4726
KWPM000263;S4CLOUD;3D2;US;SPF-492;5.0;SPFD-874
KWPM000263;S4CLOUD;3XK;US;SPF-569;5.0;SPFD-3522
KWPM000263;S4CLOUD;4GA;US;SPF-586;5.0;SPFD-1002
KWPM000263;S4CLOUD;4X5;US;SPF-603;2.0;SPFD-1028
KWPM000263;S4ONPREM;3XK;US;SPF-2756;2.0;SPFD-4713
KWPM000263;S4ONPREM;41Z;US;SPF-2758;2.0;SPFD-8426
KWPM000263;S4ONPREM;4X5;US;SPF-2777;2.0;SPFD-4726
KWPM000264;S4CLOUD;4HH;US;SPF-590;3.0;SPFD-8185
KWPM000264;S4CLOUD;4HI;US;SPF-591;2.0;SPFD-1009
KWPM000264;S4CLOUD;4VT;US;SPF-654;2.0;SPFD-1081
KWPM000264;S4CLOUD;4WM;US;SPF-655;2.0;SPFD-1082
KWPM000264;S4ONPREM;4HH;US;SPF-2626;2.0;SPFD-8411
KWPM000264;S4ONPREM;4HI;US;SPF-2627;2.0;SPFD-8414
KWPM000265;S4CLOUD;3D2;US;SPF-492;5.0;SPFD-874
KWPM000265;S4CLOUD;3XK;US;SPF-569;5.0;SPFD-3522
KWPM000265;S4CLOUD;4X5;US;SPF-603;2.0;SPFD-1028
KWPM000265;S4ONPREM;3XK;US;SPF-2756;2.0;SPFD-4713
KWPM000265;S4ONPREM;4X5;US;SPF-2777;2.0;SPFD-4726
KWPM000265;S4ONPREM;41Z;US;SPF-2758;2.0;SPFD-8426
KWQM000161;S4CLOUD;1FM;US;SPF-172;3.0;SPFD-212
KWQM000161;S4ONPREM;1FM;US;SPF-2383;2.0;SPFD-212
KWQM000162;S4CLOUD;1E1;US;SPF-167;3.0;SPFD-203
KWQM000162;S4ONPREM;1E1;US;SPF-2378;2.0;SPFD-203
KWQM000163;S4CLOUD;1E1;US;SPF-167;3.0;SPFD-202
KWQM000163;S4ONPREM;1E1;US;SPF-2378;2.0;SPFD-202
KWSERV0160;S4CLOUD;3D2;US;SPF-492;5.0;SPFD-874
KWSERV0160;S4CLOUD;3XK;US;SPF-569;5.0;SPFD-3522
KWSERV0160;S4CLOUD;4X5;US;SPF-603;2.0;SPFD-1028
KWSERV0160;S4ONPREM;3XK;US;SPF-2756;2.0;SPFD-4713
KWSERV0160;S4ONPREM;41Z;US;SPF-2758;2.0;SPFD-8426
KWSERV0160;S4ONPREM;4X5;US;SPF-2777;2.0;SPFD-4726
KXEWM00460;S4CLOUD;3BR;US;SPF-486;5.0;SPFD-867
KXEWM00460;S4ONPREM;1FS;US;SPF-2592;1.0;SPFD-4671
KXEWM00461;S4CLOUD;3DV;US;SPF-494;3.0;SPFD-875
KXEWM00461;S4ONPREM;1VB;US;SPF-2601;1.0;SPFD-4680
KXEWM00560;S4CLOUD;3BS;US;SPF-487;6.0;SPFD-3831
KXEWM00560;S4ONPREM;1G2;US;SPF-2597;1.0;SPFD-4676
KXEWM00860;S4CLOUD;2VJ;US;SPF-455;2.0;SPFD-811
KXEWM00860;S4ONPREM;4RO;US;SPF-2771;1.0;SPFD-4721
KXEWM00861;S4CLOUD;2VM;US;SPF-458;2.0;SPFD-814
KXEWM00862;S4CLOUD;2VK;US;SPF-456;3.0;SPFD-812
KXEWM00862;S4ONPREM;4RP;US;SPF-2772;1.0;SPFD-4722