kpi_id;loB_id
CPACM00101;SOUR_PROC
CPACM00102;SOUR_PROC
CPACM00160;SOUR_PROC
CPAOP00110;SOUR_PROC
CPAOP00111;SOUR_PROC
CPAOP00112;SOUR_PROC
CPAOP00113;SOUR_PROC
CPAOP00114;SOUR_PROC
CPAOP00116;SOUR_PROC
CPAOP00117;FINANCE
CPAOP00117;SOUR_PROC
CPAOP00118;FINANCE
CPAOP00118;SOUR_PROC
CPAOP00119;FINANCE
CPAOP00119;SOUR_PROC
CPAOP00160;SOUR_PROC
CPAOP00161;SOUR_PROC
CPAOP00162;FINANCE
CPAOP00162;SOUR_PROC
CPAOP00163;FINANCE
CPAOP00163;SOUR_PROC
CPASC00101;SOUR_PROC
CPASC00102;SOUR_PROC
CPASC00103;SOUR_PROC
CPASC00104;SOUR_PROC
CPASC00105;SOUR_PROC
CPASC00106;SOUR_PROC
CPASC00110;SOUR_PROC
CPASC00111;SOUR_PROC
CPASC00112;SOUR_PROC
CPASC00116;SOUR_PROC
CPASC00117;SOUR_PROC
CPASC00118;SOUR_PROC
CPASC00160;SOUR_PROC
CPASC00161;SOUR_PROC
CPASC00163;SOUR_PROC
CPASC00164;SOUR_PROC
CPASC00165;SOUR_PROC
CPASM00101;SOUR_PROC
CPASM00102;SOUR_PROC
CPASM00103;SOUR_PROC
CPASM00104;SOUR_PROC
CPASM00105;SOUR_PROC
CPASM00160;SOUR_PROC
CPASM00161;SOUR_PROC
KBSRM00101;SOUR_PROC
KBSRM00102;SOUR_PROC
KBSRM00103;SOUR_PROC
KBSRM00104;SOUR_PROC
KBSRM00160;SOUR_PROC
KBSRM00190;SOUR_PROC
KBSRM00191;SOUR_PROC
KBSRM00192;SOUR_PROC
KBSRM00193;SOUR_PROC
KBSRM00194;SOUR_PROC
KBSRM00201;SOUR_PROC
KBSRM00202;SOUR_PROC
KBSRM00203;SOUR_PROC
KBSRM00204;SOUR_PROC
KBSRM00205;SOUR_PROC
KBSRM00301;SUP_CHAIN
KBSRM00302;SUP_CHAIN
KBSRM00303;SUP_CHAIN
KBSRM00304;SUP_CHAIN
KBSRM00305;SUP_CHAIN
KBSRM00401;FINANCE
KBSRM00402;FINANCE
KBSRM00403;FINANCE
KBSRM00404;FINANCE
KBSRM00405;FINANCE
KBSRM00601;SOUR_PROC
KBSRM00602;SOUR_PROC
KBSRM00690;SOUR_PROC
KBSRM00701;SOUR_PROC
KBSRM00702;SOUR_PROC
KBSRM00703;SOUR_PROC
KBSRM00760;SOUR_PROC
KBSRM00761;SOUR_PROC
KCSAL00190;MARKETING
KCSAL00190;SALES
KCSAL00201;SALES
KCSAL00202;SALES
KCSAL00501;MARKETING
KCSAL00501;SALES
KCSAL00502;MARKETING
KCSAL00502;SALES
KCSAL00503;MARKETING
KCSAL00503;SALES
KCSAL00504;MARKETING
KCSAL00504;SALES
KCSAL00560;MARKETING
KCSAL00560;SALES
KCSAL00601;SALES
KCSAL00602;SALES
KCSAL00603;SALES
KCSAL00604;SALES
KCSAL00660;SALES
KCSAL00701;SALES
KCSAL00702;SALES
KCSAL00705;SALES
KCSAL00707;SALES
KCSAL00760;SALES
KCSAL00901;SALES
KCSAL00901;SERVICE
KCSAL00902;SALES
KCSAL00902;SERVICE
KCSAL00903;SALES
KCSAL00903;SERVICE
KCSAL00904;SALES
KCSAL00904;SERVICE
KCSAL01001;SALES
KCSAL01001;SERVICE
KCSAL01002;SALES
KCSAL01002;SERVICE
KCSAL01003;SALES
KCSAL01003;SERVICE
KCSAL01004;SALES
KCSAL01004;SERVICE
KCSER00301;SERVICE
KCSER00302;SERVICE
KCSER00305;SERVICE
KCSER00307;SERVICE
KCSER00360;SERVICE
KCSER00401;SERVICE
KCSER00402;SERVICE
KCSER00403;SERVICE
KCSER00404;SERVICE
KFFI000104;FINANCE
KFFI000105;FINANCE
KFFI000106;FINANCE
KFFI000190;FINANCE
KFFI000191;FINANCE
KFFI000193;FINANCE
KFFI000202;FINANCE
KFFI000212;FINANCE
KFFI000213;FINANCE
KFFI000214;FINANCE
KFFI000215;FINANCE
KFFI000216;FINANCE
KFFI000217;FINANCE
KFFI000302;FINANCE
KFFI000302;SALES
KFFI000310;FINANCE
KFFI000310;SALES
KFFI000311;FINANCE
KFFI000311;SALES
KFFI000312;FINANCE
KFFI000312;SALES
KFFI000313;FINANCE
KFFI000313;SALES
KFFI000405;FINANCE
KFFI000406;FINANCE
KFFI000409;FINANCE
KFFI000501;FINANCE
KFFI000502;FINANCE
KFFI000504;FINANCE
KFFI000705;FINANCE
KFFI000706;FINANCE
KFFI000706;SOUR_PROC
KFFI000707;FINANCE
KFFI000708;FINANCE
KFFI000790;FINANCE
KFFI000940;FINANCE
KFFI000960;FINANCE
KFFI000960;SOUR_PROC
KFFI000961;FINANCE
KFFI000961;SOUR_PROC
KFFI001040;FINANCE
KFFI001060;FINANCE
KFFI001060;SALES
KFFI001061;FINANCE
KFFI001061;SALES
KFFI001201;FINANCE
KFFI001303;FINANCE
KFFI001402;FINANCE
KFFI001460;FINANCE
KFFI001501;FINANCE
KFFI001502;FINANCE
KFFI001601;FINANCE
KFFI001601;MANUF
KFFI001602;FINANCE
KFFI001603;FINANCE
KFFI001605;FINANCE
KFFI001609;FINANCE
KFFI001701;FINANCE
KFFI001801;AM
KFFI001801;FINANCE
KFFI001802;AM
KFFI001802;FINANCE
KFFI001803;AM
KFFI001803;FINANCE
KFFI001804;AM
KFFI001804;FINANCE
KFFI001805;AM
KFFI001805;FINANCE
KFFI001806;AM
KFFI001806;FINANCE
KFFI001807;AM
KFFI001807;FINANCE
KFFI001808;AM
KFFI001808;FINANCE
KFFI001860;AM
KFFI001860;FINANCE
KFFI001861;AM
KFFI001861;FINANCE
KFFI001890;AM
KFFI001890;FINANCE
KFFI001891;AM
KFFI001891;FINANCE
KFFI001960;FINANCE
KFFI002003;FINANCE
KFFI002003;SOUR_PROC
KFFI002004;FINANCE
KFFI002004;SOUR_PROC
KFFI002005;FINANCE
KFFI002005;SOUR_PROC
KFFI002260;FINANCE
KFFI002305;FINANCE
KFFI002306;FINANCE
KFFI002308;FINANCE
KFFI002309;FINANCE
KFFI002309;MANUF
KFFI002360;FINANCE
KFFI002360;MANUF
KFFI002395;FINANCE
KFFI002501;FINANCE
KFFI002601;FINANCE
KFFI002602;FINANCE
KFFI002603;FINANCE
KFFI002604;FINANCE
KFFI002605;FINANCE
KFFI002606;FINANCE
KFFI002607;FINANCE
KFFI002607;SALES
KFFI002660;FINANCE
KFFI002801;FINANCE
KFFI002802;FINANCE
KFFI002803;FINANCE
KIAUT00101;MANUF
KIAUT00101;SUP_CHAIN
KIAUT00102;MANUF
KIAUT00102;SUP_CHAIN
KIAUT00103;MANUF
KIAUT00103;SUP_CHAIN
KIAUT00160;MANUF
KIAUT00160;SUP_CHAIN
KIAUT00190;MANUF
KIAUT00190;SUP_CHAIN
KIAUT00301;MANUF
KIAUT00302;MANUF
KIISU00101;FINANCE
KIISU00101;SALES
KIISU00102;FINANCE
KIISU00102;SALES
KIISU00103;FINANCE
KIISU00103;SALES
KIISU00104;FINANCE
KIISU00104;SALES
KIISU00160;FINANCE
KIISU00160;SALES
KIISU00161;FINANCE
KIISU00161;SALES
KIISU00162;FINANCE
KIISU00162;SALES
KIISU00201;FINANCE
KIISU00201;SALES
KIISU00203;FINANCE
KIISU00203;SALES
KIISU00204;FINANCE
KIISU00204;SALES
KIISU00205;FINANCE
KIISU00205;SALES
KIISU00260;FINANCE
KIISU00260;SALES
KIISU00261;FINANCE
KIISU00261;SALES
KIISU00302;FINANCE
KIISU00302;SALES
KIISU00304;FINANCE
KIISU00304;SALES
KIISU00305;FINANCE
KIISU00305;SALES
KIISU00306;FINANCE
KIISU00306;SALES
KIISU00360;FINANCE
KIISU00360;SALES
KIISU00361;FINANCE
KIISU00361;SALES
KIPSM00101;FINANCE
KIPSM00102;FINANCE
KIPSM00103;FINANCE
KIPSM00104;FINANCE
KIPSM00105;FINANCE
KIPSM00106;FINANCE
KIRET00460;SOUR_PROC
KIRET00461;SOUR_PROC
KIRET00462;SOUR_PROC
KIRET00463;SOUR_PROC
KIRET00464;FINANCE
KIRET00464;SOUR_PROC
KIRET00465;FINANCE
KIRET00465;SOUR_PROC
KIRET00466;FINANCE
KIRET00466;SOUR_PROC
KIRET00467;FINANCE
KIRET00467;SOUR_PROC
KIRET00560;FINANCE
KIRET00560;SOUR_PROC
KIRET00561;FINANCE
KIRET00561;SOUR_PROC
KIRET00562;FINANCE
KIRET00562;SOUR_PROC
KIRET00563;FINANCE
KIRET00563;SOUR_PROC
KIRET00601;SOUR_PROC
KIRET00601;SUP_CHAIN
KIRET00602;SOUR_PROC
KIRET00602;SUP_CHAIN
KIRET00603;SOUR_PROC
KIRET00603;SUP_CHAIN
KITM000101;SUP_CHAIN
KITM000102;SUP_CHAIN
KITM000201;SUP_CHAIN
KITM000202;SUP_CHAIN
KITM000204;SUP_CHAIN
KITM000260;SUP_CHAIN
KITM000290;SUP_CHAIN
KITM000291;SUP_CHAIN
KITM000292;SUP_CHAIN
KITM000293;SUP_CHAIN
KITM000294;SUP_CHAIN
KITM000295;SUP_CHAIN
KITM000301;SUP_CHAIN
KITM000302;SUP_CHAIN
KITM000304;SUP_CHAIN
KITM000305;SUP_CHAIN
KPCONF0110;MANUF
KPCONF0120;AM
KPCONF0120;MANUF
KPCONF0120;RDE
KPCONF0120;SERVICE
KPCONF0130;AM
KPCONF0130;SERVICE
KPCONF0140;MANUF
KPCONF0401;MANUF
KPCONF0401;SUSTAIN
KPCONF0402;MANUF
KPCONF0402;SUSTAIN
KPCONF0403;AM
KPCONF0405;SERVICE
KPGR000101;SUP_CHAIN
KPGR000102;SUP_CHAIN
KPIM000101;SUP_CHAIN
KPIM000105;SUP_CHAIN
KPIM000106;SUP_CHAIN
KPIM000107;SUP_CHAIN
KPIM000108;SUP_CHAIN
KPIM000115;SUP_CHAIN
KPIM000160;SUP_CHAIN
KPIM000161;SUP_CHAIN
KPIM000162;SUP_CHAIN
KPIM000163;SUP_CHAIN
KPLE000110;SUP_CHAIN
KPLE000111;SUP_CHAIN
KPLE000120;SUP_CHAIN
KPLE000121;SUP_CHAIN
KPLE000171;SALES
KPLE000171;SUP_CHAIN
KPLE000171;SUSTAIN
KPLE000190;SUP_CHAIN
KPLE000204;SUP_CHAIN
KPLE000205;SUP_CHAIN
KPLE000206;SUP_CHAIN
KPLE000207;SUP_CHAIN
KPLE000260;SUP_CHAIN
KPLE000305;FINANCE
KPLE000305;SALES
KPLE000305;SOUR_PROC
KPLE000307;SALES
KPLE000307;SOUR_PROC
KPLE000307;SUP_CHAIN
KPLE000360;SALES
KPLE000360;SOUR_PROC
KPLE000360;SUP_CHAIN
KPLE000360;SUSTAIN
KPLE000361;SALES
KPLE000361;SOUR_PROC
KPLE000361;SUP_CHAIN
KPLE000361;SUSTAIN
KPLE000362;SOUR_PROC
KPLE000362;SUP_CHAIN
KPMRP00108;MANUF
KPMRP00108;SUP_CHAIN
KPMRP00109;MANUF
KPMRP00109;SALES
KPMRP00109;SUP_CHAIN
KPMRP00201;SUP_CHAIN
KPMRP00202;SUP_CHAIN
KPMRP00205;SUP_CHAIN
KPMRP00206;SUP_CHAIN
KPMRP00260;MANUF
KPMRP00260;SALES
KPMRP00260;SOUR_PROC
KPMRP00260;SUP_CHAIN
KPPP000101;MANUF
KPPP000103;MANUF
KPPP000106;MANUF
KPPP000107;MANUF
KPPP000108;MANUF
KPPP000111;MANUF
KPPP000121;MANUF
KPPP000121;SALES
KPPP000122;MANUF
KPPP000142;MANUF
KPPP000160;MANUF
KPPP000161;FINANCE
KPPP000161;MANUF
KPPP000162;MANUF
KPPP000162;SUP_CHAIN
KPPP000163;MANUF
KPPP000163;SOUR_PROC
KPPP000164;MANUF
KPPP000164;SOUR_PROC
KPPP000190;MANUF
KPPP000192;MANUF
KPPP000195;MANUF
KPPP000201;MANUF
KPPP000203;MANUF
KPPP000206;MANUF
KPPP000207;MANUF
KPPP000208;MANUF
KPPP000211;MANUF
KPPP000222;MANUF
KPPP000222;SALES
KPPP000223;MANUF
KPPP000242;MANUF
KPPP000260;MANUF
KPPP000261;FINANCE
KPPP000261;MANUF
KPPP000262;MANUF
KPPP000262;SUP_CHAIN
KPPP000263;MANUF
KPPP000263;SOUR_PROC
KPPP000264;MANUF
KPPP000264;SOUR_PROC
KPPP000290;MANUF
KPPP000292;MANUF
KPPP000295;MANUF
KPPP000409;SUP_CHAIN
KPPP000410;SUP_CHAIN
KPPP000411;SUP_CHAIN
KPPROJ0105;AM
KPPROJ0105;RDE
KPPROJ0190;AM
KPPROJ0190;RDE
KPPROJ0205;AM
KPPROJ0205;RDE
KPPROJ0302;AM
KPPROJ0302;RDE
KPPROJ0305;AM
KPPROJ0305;RDE
KPPROJ0360;AM
KPPROJ0360;FINANCE
KPPROJ0360;RDE
KPPROJ0361;AM
KPPROJ0361;FINANCE
KPPROJ0361;RDE
KPPURCH201;SOUR_PROC
KPPURCH203;SOUR_PROC
KPPURCH204;SOUR_PROC
KPPURCH207;SOUR_PROC
KPPURCH212;SOUR_PROC
KPPURCH221;SOUR_PROC
KPPURCH222;SOUR_PROC
KPPURCH223;SOUR_PROC
KPPURCH225;SOUR_PROC
KPPURCH228;SOUR_PROC
KPPURCH242;SOUR_PROC
KPPURCH260;FINANCE
KPPURCH260;SOUR_PROC
KPPURCH261;SOUR_PROC
KPPURCH263;SOUR_PROC
KPPURCH265;FINANCE
KPPURCH265;SOUR_PROC
KPPURCH266;MANUF
KPPURCH266;SOUR_PROC
KPPURCH267;SOUR_PROC
KPPURCH268;SOUR_PROC
KPPURCH273;SOUR_PROC
KPPURCH273;SUSTAIN
KPPURCH290;SOUR_PROC
KPPURCH297;SOUR_PROC
KPPURCH298;SOUR_PROC
KPPURCH301;SOUR_PROC
KPPURCH303;SOUR_PROC
KPPURCH309;SOUR_PROC
KPPURCH360;SOUR_PROC
KPPURCH360;SUP_CHAIN
KPPURCH362;SOUR_PROC
KPPURCH362;SUP_CHAIN
KPPURCH404;FINANCE
KPPURCH409;FINANCE
KPPURCH411;FINANCE
KPPURCH412;FINANCE
KPPURCH413;FINANCE
KPPURCH460;FINANCE
KPPURCH460;SOUR_PROC
KPPURCH508;SUP_CHAIN
KPPURCH560;SOUR_PROC
KPPURCH561;SOUR_PROC
KPPURCH562;FINANCE
KPPURCH562;SOUR_PROC
KPPURCH609;SOUR_PROC
KPPURCH609;SUP_CHAIN
KPPURCH610;SOUR_PROC
KPPURCH610;SUP_CHAIN
KPPURCH660;SOUR_PROC
KPPURCH661;SOUR_PROC
KPPURCH662;SOUR_PROC
KPPURCH701;SOUR_PROC
KPPURCH702;SOUR_PROC
KPPURCH703;SOUR_PROC
KPPURCH704;SOUR_PROC
KPSD000133;SALES
KPSD000133;SUSTAIN
KPSD000171;SALES
KPSD000171;SUSTAIN
KPSD000190;SALES
KPSD000194;SALES
KPSD000195;SALES
KPSD000201;FINANCE
KPSD000201;SALES
KPSD000207;FINANCE
KPSD000207;SALES
KPSD000208;SALES
KPSD000215;FINANCE
KPSD000215;SALES
KPSD000216;FINANCE
KPSD000216;SALES
KPSD000217;SALES
KPSD000218;SALES
KPSD000260;FINANCE
KPSD000260;SALES
KPSD000271;SALES
KPSD000271;SUSTAIN
KPSD000292;SALES
KPSD000293;SALES
KPSD000303;SALES
KPSD000304;SALES
KPSD000304;SUP_CHAIN
KPSD000306;SALES
KPSD000307;SALES
KPSD000319;SALES
KPSD000321;SALES
KPSD000322;SALES
KPSD000323;SALES
KPSD000324;SALES
KPSD000326;SALES
KPSD000327;SALES
KPSD000360;SALES
KPSD000361;SALES
KPSD000362;FINANCE
KPSD000362;SALES
KPSD000363;SALES
KPSD000364;SALES
KPSD000365;SALES
KPSD000366;FINANCE
KPSD000366;SALES
KPSD000367;FINANCE
KPSD000367;SALES
KPSD000368;SALES
KPSD000369;MANUF
KPSD000369;SALES
KPSD000369;SOUR_PROC
KPSD000369;SUP_CHAIN
KPSD000380;SALES
KPSD000380;SUP_CHAIN
KPSD000380;SUSTAIN
KPSD000392;SALES
KPSD000460;FINANCE
KPSD000460;SALES
KPSD000462;FINANCE
KPSD000462;SALES
KPWM000260;SUP_CHAIN
KPWM000261;SUP_CHAIN
KPWM000403;SUP_CHAIN
KPWM000560;SUP_CHAIN
KPWM000561;SUP_CHAIN
KWMD000107;FINANCE
KWMD000107;MANUF
KWMD000107;RDE
KWMD000107;SOUR_PROC
KWMD000107;SUP_CHAIN
KWMD000109;MANUF
KWMD000109;RDE
KWMD000109;SUP_CHAIN
KWMD000110;RDE
KWMD000110;SOUR_PROC
KWMD000110;SUP_CHAIN
KWMD000160;MANUF
KWMD000160;RDE
KWMD000160;SUP_CHAIN
KWMD000161;MANUF
KWMD000161;RDE
KWMD000161;SUP_CHAIN
KWMD000203;FINANCE
KWMD000203;SALES
KWMD000204;FINANCE
KWMD000204;SALES
KWMD000205;FINANCE
KWMD000205;SALES
KWMD000206;FINANCE
KWMD000206;SALES
KWMD000207;FINANCE
KWMD000207;SALES
KWMD000260;FINANCE
KWMD000260;SALES
KWMD000309;FINANCE
KWMD000309;SOUR_PROC
KWMD000311;FINANCE
KWMD000311;SOUR_PROC
KWMD000312;FINANCE
KWMD000312;SOUR_PROC
KWMD000313;FINANCE
KWMD000313;SOUR_PROC
KWMD000314;FINANCE
KWMD000314;SOUR_PROC
KWMD000315;SOUR_PROC
KWMD000360;FINANCE
KWMD000360;SOUR_PROC
KWMD000501;FINANCE
KWMD000501;SOUR_PROC
KWMD000502;FINANCE
KWMD000502;SOUR_PROC
KWMD000503;FINANCE
KWMD000503;SALES
KWMD000504;FINANCE
KWMD000504;SALES
KWPM000115;AM
KWPM000116;SERVICE
KWPM000117;AM
KWPM000118;SERVICE
KWPM000119;AM
KWPM000120;SERVICE
KWPM000160;AM
KWPM000161;SERVICE
KWPM000203;AM
KWPM000204;SERVICE
KWPM000215;AM
KWPM000216;SERVICE
KWPM000217;AM
KWPM000218;SERVICE
KWPM000219;AM
KWPM000220;SERVICE
KWPM000221;AM
KWPM000222;SERVICE
KWPM000260;AM
KWPM000260;SUSTAIN
KWPM000261;AM
KWPM000261;FINANCE
KWPM000262;SERVICE
KWPM000262;SUSTAIN
KWPM000263;FINANCE
KWPM000263;SERVICE
KWPM000264;AM
KWPM000264;SUP_CHAIN
KWPM000265;SERVICE
KWPM000265;SUP_CHAIN
KWPM000290;AM
KWPM000290;SERVICE
KWPM000462;SERVICE
KWQM000101;MANUF
KWQM000101;SOUR_PROC
KWQM000101;SUP_CHAIN
KWQM000102;AM
KWQM000102;MANUF
KWQM000102;SOUR_PROC
KWQM000102;SUP_CHAIN
KWQM000103;AM
KWQM000103;MANUF
KWQM000103;SOUR_PROC
KWQM000103;SUP_CHAIN
KWQM000161;MANUF
KWQM000161;SOUR_PROC
KWQM000161;SUP_CHAIN
KWQM000161;SUSTAIN
KWQM000162;MANUF
KWQM000162;SUP_CHAIN
KWQM000162;SUSTAIN
KWQM000163;MANUF
KWSERV0101;SERVICE
KWSERV0102;SALES
KWSERV0102;SERVICE
KWSERV0103;SERVICE
KWSERV0104;SERVICE
KWSERV0105;SALES
KWSERV0105;SERVICE
KWSERV0106;SERVICE
KWSERV0160;SERVICE
KXEWM00101;SUP_CHAIN
KXEWM00102;SUP_CHAIN
KXEWM00201;SUP_CHAIN
KXEWM00202;SUP_CHAIN
KXEWM00203;SUP_CHAIN
KXEWM00260;SUP_CHAIN
KXEWM00301;SUP_CHAIN
KXEWM00302;SUP_CHAIN
KXEWM00303;SUP_CHAIN
KXEWM00304;SUP_CHAIN
KXEWM00305;SUP_CHAIN
KXEWM00390;SUP_CHAIN
KXEWM00401;SUP_CHAIN
KXEWM00402;SUP_CHAIN
KXEWM00403;SUP_CHAIN
KXEWM00404;SUP_CHAIN
KXEWM00460;SUP_CHAIN
KXEWM00461;SUP_CHAIN
KXEWM00490;SUP_CHAIN
KXEWM00501;SUP_CHAIN
KXEWM00502;SUP_CHAIN
KXEWM00503;SUP_CHAIN
KXEWM00504;SUP_CHAIN
KXEWM00560;SUP_CHAIN
KXEWM00590;SUP_CHAIN
KXEWM00701;SUP_CHAIN
KXEWM00702;SUP_CHAIN
KXEWM00860;SUP_CHAIN
KXEWM00861;SUP_CHAIN
KXEWM00862;SUP_CHAIN
KXEWM00901;SUP_CHAIN
KXEWM00902;SUP_CHAIN
KXEWM00903;SUP_CHAIN