transaction_id;screenField
/FSPD/ITEM_MAINTAIN;/FSPD/STR_ACCT_IDENTIFICATION-ACNUM_EXT
/FSPD/ITEM_MAINTAIN;/FSPD/STR_ACCT_IDENTIFICATION-BANKKEY
/FSPD/ITEM_MAINTAIN;/FSPD/STR_ACCT_IDENTIFICATION-BANKLAND
/SAPAPO/MAT1;/SAPAPO/MATIO-MATNR
/SAPAPO/TL1;/SAPAPO/S_TRMODIO-LOCNOFR
/SAPAPO/TL1;/SAPAPO/S_TRMODIO-LOCNOTO
/SAPAPO/TL1;/SAPAPO/S_TRMODIO-MODEL
AS03;ANLA-ANLN1
AS03;ANLA-ANLN2
AS03;ANLA-BUKRS
BCA_BL_AL_DISP_ITEMS;ACCOUNT
BCA_BL_AL_DISP_ITEMS;BANKKEY
BCA_BL_AL_DISP_ITEMS;COUNTRY
C203;RC271-PLNNR
C203;RC27M-MATNR
C203;RC27M-WERKS
C223;MKAL-MATNR
C223;MKAL-PLNNR
C223;MKAL-WERKS
C223;RC27M-MATNR
C223;RC27M-WERKS
CA03;RC271-PLNNR
CA03;RC27M-MATNR
CA03;RC27M-WERKS
CAA3;FKKVKP-GPART
CAA3;FKKVKP-VKONT
CJ03;*PROJ-PSPID
CJ08;*PROJ-PSPID
CJ13;*PROJ-PSPID
CJ13;*PRPS-POSID
CJI5;CN_NETNR-LOW
CK13N;CKI64A-AMDAT
CK13N;CKI64A-KLVAR
CK13N;CKI64A-MATNR
CK13N;CKI64A-TVERS
CK13N;CKI64A-WERKS
CN23;CAUFVD-AUFNR
CN28;CORUF-AUFNR
CN28;CORUF-KAPAR
CN28;CORUF-RMZHL
CN28;CORUF-RUECK
CN28;CORUF-VORNR
CO03;CAUFVD-AUFNR
CO14;CORUF-AUFNR
CO14;CORUF-RUECK
COR3;CAUFVD-AUFNR
COR4;V_T399X_40-WERKS
CORT;CORUF-AUFNR
CORT;CORUF-RUECK
CR03;RC68A-ARBPL
CR03;RC68A-WERKS
CRC3;RC68A-WERKS
CRC3;RCRDE-RESOURCE
CS03;RC29N-MATNR
CS03;RC29N-STLAN
CS03;RC29N-WERKS
EA22;EA22_DTREE-BELNR
EA40;ERDK-OPBEL
EMMAC3;EMMAD_CASEHDR-CASENR
ES22;EVERD-VERTRAG
ES32;EANLD-ANLAGE
F111;F111V-LAUFD
FB03;RF05L-BELNR
FB03;RF05L-BUKRS
FB03;RF05L-GJAHR
FD03;RF02D-BUKRS
FD03;RF02D-KUNNR
FK03;RF02K-BUKRS
FK03;RF02K-LIFNR
FPE3;RFPE1-OPBEL
FP_VT3;DFKK_VT_H-VTKEY
FS03;GLACCOUNT_SCREEN_KEY-BUKRS
FS03;GLACCOUNT_SCREEN_KEY-SAKNR
IE03;RM63E-EQUNR
IL03;IFLO-TPLNR
IP03;RMIPM-WARPL
IQ03;RISA0-MATNR
IQ03;RISA0-SERNR
IW23;RIWO00-QMNUM
IW33;CAUFVD-AUFNR
IW43;CORUF-AUFNR
IW43;CORUF-RUECK
IW53;RIWO00-QMNUM
KA03;CSKBZ-KSTAR
KKF8;PKOSA-MATNR
KKF8;PKOSA-PROCNR
KKF8;PKOSA-WERKS
KO03;COAS-AUFNR
KOB2;AUFNR-LOW
LB03;LTBK-LGNUM
LB03;LTBK-TBNUM
LB03;LTBP-TBPOS
LS23;LQUA-LGNUM
LS23;LQUA-LQNUM
LT21;LTAK-LGNUM
LT21;LTAK-TANUM
LT21;RL03T-TAPOS
LU03;LUBU-LGNUM
LU03;LUBU-UBNUM
MB03;RM07M-MBLNR
MB03;RM07M-MJAHR
MB23;RM07M-RSNUM
MD04;RM61R-MATNR
MD04;RM61R-WERKS
MD05;RM61R-MATNR
MD05;RM61R-WERKS
MD13;RM61P-PLNUM
MD21;P_BERID
MD21;P_MATNR
MD21;P_WERKS
MD83;VBAK-VBELN
ME03;EORD-MATNR
ME03;EORD-WERKS
ME13;EINA-INFNR
ME13;EINA-LIFNR
ME13;EINA-MATNR
ME13;EINE-EKORG
ME13;EINE-WERKS
ME23N;RM06E-BSTNR
ME33K;RM06E-EVRTN
ME33L;RM06E-EVRTN
ME39;RM06E-EVRTN
ME43;RM06E-ANFNR
ME53N;EBAN-BANFN
MI03;RM07I-GJAHR
MI03;RM07I-IBLNR
MIGO;GODYNPRO-DOC_YEAR
MIGO;GODYNPRO-MAT_DOC
MIR4;RBKP-BELNR
MIR4;RBKP-GJAHR
ML82;P_BSTNR
ML82;S_BSTPO-LOW
ML82;S_LBLNI-LOW
MM43;RMMW1-MATNR
MMBE;MS_CHARG-LOW
MMBE;MS_LGORT-LOW
MMBE;MS_MATNR-LOW
MMBE;MS_WERKS-LOW
MSC3N;DFBATCH-CHARG
MSC3N;DFBATCH-LGORT
MSC3N;DFBATCH-MATNR
MSC3N;DFBATCH-WERKS
OIOA;V_T003O_I-AUART
OIOA;V_T350W-AUART
OIOD;V_T350W-AUART
OIOD;V_T350W-IWERK
OMFI;NONE
OMS4;NONE
PA10;RP50G-PERNR
PR05;PTP00-PERNR
QA03;QALS-PRUEFLOS
QM03;RIWO00-QMNUM
UKM_BP;BUS_JOEL_MAIN-CHANGE_NUMBER
VA03;VBAK-VBELN
VA13;VBAK-VBELN
VA23;VBAK-VBELN
VA33;VBAK-VBELN
VA43;VBAK-VBELN
VBO3;RV13A-KNUMA_BO
VD03;RF02D-KUNNR
VD03;RF02D-SPART
VD03;RF02D-VKORG
VD03;RF02D-VTWEG
VF03;VBRK-VBELN
VF23;VBRK-VBELN
VFR3;VBRK-VBELN
VI03;VFKK-FKNUM
VL03N;LIKP-VBELN
VL33N;LIKP-VBELN
VT03;VTTK-TKNUM
VT03N;VTTK-TKNUM
XK03;RF02K-BUKRS
XK03;RF02K-EKORG
XK03;RF02K-LIFNR