locale;id;text
en_US_sappsd;A2D_A2O;[[[Āċƣűįŗē ţŏ Ŏŋƃŏąŗƌ∙∙∙∙∙∙]]]
en_US_sappsd;A2D_MA;[[[Μąŋąğē Āşşēţş∙∙∙∙∙∙]]]
en_US_sappsd;A2D_O2M;[[[Ŏρēŗąţē ţŏ Μąįŋţąįŋ∙∙∙∙∙]]]
en_US_sappsd;FIN_I2C;[[[Ĭŋʋŏįċē ţŏ Ĉąşĥ∙∙∙∙]]]
en_US_sappsd;FIN_I2P;[[[Ĭŋʋŏįċē ţŏ Ƥąŷ∙∙∙∙∙]]]
en_US_sappsd;FIN_MRE;[[[Μąŋąğē Řēąĺ Ĕşţąţē∙∙∙∙∙∙]]]
en_US_sappsd;FIN_MT;[[[Μąŋąğē Ţŗēąşűŗŷ∙∙∙∙]]]
en_US_sappsd;FIN_P2OF;[[[Ƥĺąŋ ţŏ Ŏρţįɱįžē Ƒįŋąŋċįąĺş∙∙∙∙∙∙∙∙]]]
en_US_sappsd;FIN_R2R;[[[Řēċŏŗƌ ţŏ Řēρŏŗţ∙∙∙∙∙∙∙∙]]]
en_US_sappsd;GOV_MGRC;[[[Μąŋąğē Ģŏʋēŗŋąŋċē, Řįşķ, ąŋƌ Ĉŏɱρĺįąŋċē∙∙∙∙∙∙∙∙∙∙∙∙∙∙]]]
en_US_sappsd;GOV_MPO;[[[Μąŋąğē Ƥŏŗţƒŏĺįŏ ąŋƌ Ƥŗŏĵēċţş∙∙∙∙∙∙∙∙∙]]]
en_US_sappsd;GOV_MSO;[[[Μąŋąğē Ŝűşţąįŋąƃįĺįţŷ∙∙∙∙∙]]]
en_US_sappsd;I2M_D2R;[[[Ďēşįğŋ ţŏ Řēĺēąşē∙∙∙∙∙∙∙]]]
en_US_sappsd;I2M_MPS;[[[Μąŋąğē Ƥŗŏƌűċţş/Ŝēŗʋįċēş∙∙∙∙∙∙]]]
en_US_sappsd;L2C_M2L;[[[Μąŗķēţ ţŏ Ļēąƌ∙∙∙∙∙]]]
en_US_sappsd;L2C_MCC;[[[Μąŋąğē Ĉűşţŏɱēŗş ąŋƌ Ĉĥąŋŋēĺş∙∙∙∙∙∙∙∙∙]]]
en_US_sappsd;L2C_O2F;[[[Ŏŗƌēŗ ţŏ Ƒűĺƒįĺĺ∙∙∙∙∙∙∙∙]]]
en_US_sappsd;L2C_O2Q;[[[Ŏρρŏŗţűŋįţŷ ţŏ Ǭűŏţē∙∙∙∙]]]
en_US_sappsd;L2C_R2S;[[[Řēƣűēşţ ţŏ Ŝēŗʋįċē∙∙∙∙∙∙]]]
en_US_sappsd;P2F_DP2F;[[[Ďēĺįʋēŗ Ƥŗŏƌűċţ ţŏ Ƒűĺƒįĺĺ∙∙∙∙∙∙∙]]]
en_US_sappsd;P2F_DS2F;[[[Ďēĺįʋēŗ Ŝēŗʋįċē ţŏ Ƒűĺƒįĺĺ∙∙∙∙∙∙∙]]]
en_US_sappsd;P2F_M2I;[[[Μąķē ţŏ Ĭŋşρēċţ∙∙∙∙]]]
en_US_sappsd;P2F_MF;[[[Μąŋąğē Ƒűĺƒįĺĺɱēŋţ∙∙∙∙∙∙]]]
en_US_sappsd;P2F_P2OF;[[[Ƥĺąŋ ţŏ Ŏρţįɱįžē Ƒűĺƒįĺĺɱēŋţ∙∙∙∙∙∙∙∙]]]
en_US_sappsd;S2P_MSC;[[[Μąŋąğē Ŝűρρĺįēŗş ąŋƌ Ĉŏĺĺąƃŏŗąţįŏŋ∙∙∙∙∙∙∙∙∙∙∙]]]
en_US_sappsd;S2P_P2R;[[[Ƥŗŏċűŗē ţŏ Řēċēįρţ∙∙∙∙∙∙]]]
en_US_sappsd;S2P_S2C;[[[Ŝŏűŗċē ţŏ Ĉŏŋţŗąċţ∙∙∙∙∙∙]]]