locale;id;text
ja;ARB_BILLTO;SAP Ariba の請求先
ja;ARB_ERP_VENDOR;SAP Ariba の ERP ベンダ
ja;ARB_PGRP;SAP Ariba の発注グループ
ja;ARB_PGRP_NAME;SAP Ariba の発注グループ名
ja;ARB_SHIPTO;SAP Ariba の出荷先
ja;ARB_SM_SUPPLIER;SAP Ariba の SM サプライヤ
ja;ARB_SM_SUPPLIER_NAME;Ariba の SM サプライヤ名
ja;ARB_SUPPLIER;SAP Ariba のサプライヤ
ja;ARB_SUPPLIER_NAME;SAP Ariba のサプライヤ名
ja;BC_ARBGB;アプリケーションエリア
ja;BC_ARKTX;テキスト (短)
ja;BC_CHNGIND;変更タイプ
ja;BC_CLASS;ユーザマスタ内のユーザグループ
ja;BC_DELTA;デルタ (日)
ja;BC_FLAG;フラグ設定済/未設定
ja;BC_KDAUF;受注伝票番号
ja;BC_KDEIN;受注納入日程
ja;BC_KDPOS;受注ポジション
ja;BC_MESSAGE;T100 メッセージテキスト
ja;BC_MSGNR;メッセージ番号
ja;BC_NETVAL;正味額
ja;BC_NUMBER;番号
ja;BC_QUANTITY;数量
ja;BC_REPORT;レポート名
ja;BC_STATUS_ACTIVE;有効/無効
ja;BC_SYMSGID;メッセージクラス
ja;BC_TCODE;トランザクションコード
ja;BC_TCODE_NOTXT;トランザクションコード (テキストなしの SemID)
ja;BC_UNIT;単位
ja;BC_USER;ユーザ
ja;BC_USTYP;ユーザタイプ
ja;BC_VARIANT;レポートバリアント
ja;BC_WAERS;通貨
ja;BC_XFELD;チェックボックスはい/いいえ
ja;BW_DOCNO;伝票番号
ja;BW_POSNO;伝票内の明細番号
ja;CALDAY;日
ja;CALMONTH;月
ja;CALYEAR;年
ja;CRM_ACTIVITY_CAT;活動カテゴリ
ja;CRM_ACTIVITY_CLASS;活動クラス
ja;CRM_AUTOMATION;自動登録済
ja;CRM_CATEGORY;カテゴリ
ja;CRM_CHANGE_TYPE;変更タイプ
ja;CRM_CONTRACT_MESSAGE;契約決定
ja;CRM_CONTRACT_QUAN_VA;金額契約または数量契約
ja;CRM_COUNTRY;国
ja;CRM_DIRECTION;活動の方向
ja;CRM_DIS_CHANNEL;流通チャネル
ja;CRM_DIVISION;部門
ja;CRM_FIELD_DESC;テーブル項目テキスト
ja;CRM_FORECAST_REL;予測関連
ja;CRM_IMPORTANCE;案件/リード優先度
ja;CRM_INBOX_STATUS;エージェント受信ボックスアイテムのステータス
ja;CRM_INDUSTRY;産業コード
ja;CRM_INPUT_CHANNEL;入力チャネル
ja;CRM_ITEM_TYPE;CRM 明細タイプ
ja;CRM_LEAD_QUAL_LEVEL;リード選定レベル
ja;CRM_LEAD_TYPE;リードグループ
ja;CRM_OBJECTIVE;活動の目標
ja;CRM_OBJREF_PROFILE;プロファイル ID のオブジェクト関係
ja;CRM_OPPORT_TYPE;案件タイプ
ja;CRM_ORG_UNIT;CRM での組織単位 (HRP1000)
ja;CRM_PARTNER;CRM パートナ
ja;CRM_PHASE;営業フェーズ
ja;CRM_PRIORITY;優先度
ja;CRM_PROCESSING_TYPE;処理タイプ
ja;CRM_PROCESS_BLOCKED;有効区分
ja;CRM_PROCESS_TYPE;業務トランザクションタイプ
ja;CRM_SALESCYCLE;セールスサイクル
ja;CRM_SALES_ORG;CRM 販売組織
ja;CRM_SOURCE;案件/リードのソース
ja;CRM_STAT_BILLING;請求ステータス
ja;CRM_STAT_CANCELLED;取消ステータス
ja;CRM_STAT_ERROR;エラーステータス
ja;CRM_STAT_FINAL_CONF;最終サービス確認
ja;CRM_STAT_FOR_BILLING;累計請求のリリースステータス
ja;CRM_STAT_GOODS_ISSUE;出庫ステータス
ja;CRM_STAT_LIFECYCLE;ライフサイクルステータス
ja;CRM_STAT_OPEN;"ステータス ""未処理"""
ja;CRM_STAT_RELEASED;リリースステータス
ja;CRM_STAT_TRANSFER;転送ステータス
ja;CRM_TEMPLATE_TYPE;CRM テンプレートタイプ
ja;CRM_USER_STATUS;サイト ID
ja;EKF_BILL_PROCESS;請求プロセス
ja;EKF_BILL_REVREASON;請求伝票の取消理由
ja;EKF_BILL_TYPE;請求タイプ
ja;EKF_DOCTYPE;伝票タイプ
ja;EKF_HBKID;取引銀行
ja;EKF_HVORG;明細のメイン取引
ja;EKF_INVLOCK_KK;請求ロック
ja;EKF_INVTRIGLOCK;請求ロック
ja;EKF_INV_CATEGORY;請求カテゴリ
ja;EKF_INV_CRMODE;登録モード
ja;EKF_INV_ITEMTYPE;請求明細のタイプ
ja;EKF_INV_PROCESS;請求プロセス
ja;EKF_INV_TYPE;請求タイプ
ja;EKF_ITEMTYPE;請求明細のタイプ
ja;EKF_REVREASON;取消理由
ja;EKF_SEGMT;セグメントレポートのセグメント
ja;EKF_SIMULATED;請求依頼はシミュレート済
ja;EKF_SRCDOCCAT_KK;元伝票カテゴリ
ja;EKF_SRCDOCTYPE;元伝票のタイプ
ja;EKF_SRCITEMCAT;元明細カテゴリ
ja;EKF_SRCPROCESS_KK;請求伝票のソースプロセス
ja;EKF_TVORG;伝票明細のサブ取引
ja;EKF_UMSKZ;特殊仕訳コード
ja;EPR_MEINS;数量単位
ja;ERP_ABART;リリースタイプ
ja;ERP_ABFER;シップメント完了タイプ
ja;ERP_ABGRU;拒否理由
ja;ERP_ABGSL;結果分析キー
ja;ERP_ABLEINH;検針単位
ja;ERP_ABLEINHEIT;検針単位
ja;ERP_ABRVORG;料金計算処理区分
ja;ERP_ABSTA;拒否ステータス
ja;ERP_ABUEB;リリース発注登録プロファイル
ja;ERP_ABWST;処理制御
ja;ERP_ACTION_CODE;アクションコード
ja;ERP_AFAPL;償却表
ja;ERP_AFASL;償却キー
ja;ERP_AIMMO;フラグ: 不動産
ja;ERP_AKKNZ;PM 指図カテゴリ区分
ja;ERP_AKTNR;プロモーション
ja;ERP_ANDOR;OR または AND 連結用の区分
ja;ERP_ANEQS;完全フラグ資産
ja;ERP_ANLKL;資産クラス
ja;ERP_ANWND;銀行データ保管を使用するアプリケーション
ja;ERP_APLID;エラー管理
ja;ERP_APPLK;アプリケーションエリア
ja;ERP_APROF;決済プロファイル
ja;ERP_AP_VERWE;作業区カテゴリ
ja;ERP_ARGST;運賃の合計ステータス
ja;ERP_ARTPR;優先度タイプ
ja;ERP_ASTNR;指図ステータス
ja;ERP_ATTYP;品目カテゴリ
ja;ERP_AUART;PP 指図タイプ
ja;ERP_AUERU;最終確認提案
ja;ERP_AUFSD;受注をブロックした得意先
ja;ERP_AUFTYP;指図カテゴリ
ja;ERP_AUGRD;AUGRD_KK
ja;ERP_AUGRD_KK;消込理由 FI-CA
ja;ERP_AUGRU;受注理由
ja;ERP_AUGST_KK;消込ステータス
ja;ERP_AUREL;割当テーブル関連
ja;ERP_AUTET;自動 MRP における用途
ja;ERP_AUTOMATION;自動登録済
ja;ERP_AVORG;決済処理
ja;ERP_AWTYP;参照処理
ja;ERP_BANPR;購買依頼の処理ステータス
ja;ERP_BAT_OR_DIA;バッチまたはダイアログ
ja;ERP_BCREASON;取消理由
ja;ERP_BDART;所要量タイプ
ja;ERP_BEDAE;所要量タイプ計画独立所要量
ja;ERP_BEDAR;開始日付コピー元
ja;ERP_BELEGART;伝票タイプ
ja;ERP_BEL_ART;伝票タイプの請求の選択
ja;ERP_BERID;MRP エリア
ja;ERP_BESKZ;調達区分
ja;ERP_BESTA;出荷確認ステータス (明細)
ja;ERP_BESTQ;在庫カテゴリ
ja;ERP_BETYP;所要量タイプ
ja;ERP_BEZOB;参照必須
ja;ERP_BFART;サービスレベル
ja;ERP_BKLAS;評価クラス
ja;ERP_BLART;伝票タイプ
ja;ERP_BLART_KK;伝票タイプ
ja;ERP_BLCKD;購買依頼がブロック済
ja;ERP_BL_DOC_TYPE;FM 予算伝票タイプ
ja;ERP_BSAKZ;PO タイプの管理区分
ja;ERP_BSARK;購買発注タイプ
ja;ERP_BSCHL;転記キー
ja;ERP_BSEXT;外部購買発注可
ja;ERP_BSINT;内部購買発注可
ja;ERP_BSTAE;確認管理キー
ja;ERP_BSTAT;伝票ステータス
ja;ERP_BSTYP;購買伝票カテゴリ
ja;ERP_BUKRS;会社コード
ja;ERP_BUSAB;記帳担当者
ja;ERP_BU_BPKIND;ビジネスパートナタイプ
ja;ERP_BU_GROUP;ビジネスパートナグルーピング
ja;ERP_BU_TYPE;ビジネスパートナカテゴリ
ja;ERP_BWART;移動タイプ IM
ja;ERP_BWKEY;評価エリア
ja;ERP_BWLVS;移動タイプ WM
ja;ERP_BWTAR;評価タイプ
ja;ERP_BWVAR;評価バリアント
ja;ERP_CDTCODE;変更のトランザクション
ja;ERP_CHANGE_TYPE;変更タイプ
ja;ERP_CHARG;ロット番号
ja;ERP_CMGST;与信ステータス
ja;ERP_CONTR_ART;ERP 契約タイプ
ja;ERP_COTYP;制御レシピ宛先タイプ
ja;ERP_COUNTRY;ERP 国
ja;ERP_CO_CRSTAT;制御レシピステータス
ja;ERP_CO_SELKZ;原価計算明細の選択フラグ
ja;ERP_CTLPC;リスクカテゴリ
ja;ERP_CYCLE_DATE_KK;期間終了日
ja;ERP_CYCLE_DAY_KK;請求サイクル
ja;ERP_DELKZ;MRP 要素
ja;ERP_DISLS;ロットサイズ (品目計画)
ja;ERP_DISMM;MRP タイプ
ja;ERP_DISPO;MRP 管理者
ja;ERP_DISVF;MRP 方式
ja;ERP_DOCCAT;伝票カテゴリ EWM
ja;ERP_DOCTYPE_PDI;EWM 入荷の伝票タイプ
ja;ERP_DTART;MRP 一覧タイプ
ja;ERP_EBTYP;確認カテゴリ
ja;ERP_EFART;入力タイプ
ja;ERP_EIGKZ;資産フラグ
ja;ERP_EKGRP;購買グループ
ja;ERP_EKORG;購買組織
ja;ERP_ENDAR;終了日付コピー元
ja;ERP_EQART;対象タイプ
ja;ERP_EQTYP;設備カテゴリ
ja;ERP_EQUNR;設備番号
ja;ERP_ERLOESE;収益転記
ja;ERP_ERLRE;完了規則
ja;ERP_ESTAK;購買伝票ステータス
ja;ERP_ESTKZ;登録区分
ja;ERP_ETDRK;印刷関連
ja;ERP_ETTYP;納入日程カテゴリ
ja;ERP_E_KOFIZ;IS-U 契約の勘定設定 ID
ja;ERP_FAKSD;得意先の集中請求ブロック
ja;ERP_FAKSK;請求ブロックヘッダ
ja;ERP_FAKSP;請求ブロック明細
ja;ERP_FAREG;請求規則
ja;ERP_FBGST;計算の全ステータス
ja;ERP_FDLEV;計画レベル
ja;ERP_FDNAM_SD;項目名 SD
ja;ERP_FEHGR;不完全決定表
ja;ERP_FEH_STA;原価積上ステータス
ja;ERP_FEVOR;製造責任者
ja;ERP_FFPRF;動的明細プロセッサプロファイル
ja;ERP_FIBL_DORIGIN;グルーピング元
ja;ERP_FICA_INT_REASON;FI-CA: 内部クレームタイプ
ja;ERP_FIELD_DESC;テーブル項目テキスト
ja;ERP_FIKRS;財務管理領域
ja;ERP_FKART;請求タイプ
ja;ERP_FKART_T;運賃タイプ
ja;ERP_FKBER;機能領域
ja;ERP_FKIVP;IV 請求明細ステータス
ja;ERP_FKPTY;明細カテゴリ 運賃
ja;ERP_FKREL;請求関連
ja;ERP_FKSAA;受注関連の請求ステータス (明細)
ja;ERP_FKSTA;請求ステータス (出荷関連)
ja;ERP_FKSTK;請求ステータス
ja;ERP_FKSTO;取消済請求伝票
ja;ERP_FKTYP;請求カテゴリ
ja;ERP_FM_BTART;金額タイプ (FM)
ja;ERP_FM_WRTTP;値タイプ (FM)
ja;ERP_FPART;請求計画タイプ
ja;ERP_FPTYP;請求計画カテゴリ
ja;ERP_FRGGR;承認グループ
ja;ERP_FRGKE;購買伝票の承認区分
ja;ERP_FRGKZ;承認区分
ja;ERP_FRGSX;承認方針
ja;ERP_FRKRL;運賃関連
ja;ERP_FSSTA;請求ブロックステータス明細
ja;ERP_FSTAG;項目ステータスグループ
ja;ERP_GBSTA;全処理ステータス (明細)
ja;ERP_GBSTK;全処理ステータス (ヘッダ)
ja;ERP_GLVOR;業務トランザクション
ja;ERP_GPART;ビジネスパートナ
ja;ERP_GRDTX;差異理由
ja;ERP_GRPID;バッチインプットセッション
ja;ERP_GRUND;棚卸差異の理由
ja;ERP_GSBER;事業領域
ja;ERP_HERKUNFT;品質検査ロット源泉
ja;ERP_HERKZ;通知源
ja;ERP_HKONT;G/L 勘定
ja;ERP_HKTID;勘定詳細の ID
ja;ERP_HORIZ;期間
ja;ERP_HORIZ_QUALIFIER;開放期間の識別子
ja;ERP_HVORG;メイン取引
ja;ERP_ILART;保全活動タイプ
ja;ERP_IM_PROFIL;設備投資案件プロファイル
ja;ERP_INACT;区分: ステータス無効
ja;ERP_INCO1;インコタームズパート 1
ja;ERP_INGRP;計画グループ
ja;ERP_INSMK;在庫タイプ
ja;ERP_INTAG;解釈アルゴリズム
ja;ERP_ISTAT_D;計画ステータス
ja;ERP_ITEM_CATEGORY;EWM 明細カテゴリ
ja;ERP_IVTYPE;請求書照合カテゴリ
ja;ERP_IWERK_INGRP;プラント + 計画グループ
ja;ERP_KALKA;原価計算タイプ
ja;ERP_KALNR;原価積上見積番号
ja;ERP_KALSM_SD;SD の価格決定表
ja;ERP_KAPPL;アプリケーション
ja;ERP_KBLART;伝票タイプ: マニュアル伝票入力
ja;ERP_KBLTYP;予算執行伝票カテゴリ
ja;ERP_KBNKZ;かんばん区分
ja;ERP_KHERK;元条件
ja;ERP_KKBER;与信管理領域
ja;ERP_KLIMP;与信限度確認の実行
ja;ERP_KLVAR;原価計算バリアント
ja;ERP_KMANU;マニュアル条件の処理
ja;ERP_KMEIN;伝票内の条件単位
ja;ERP_KNPRS;価格設定タイプ
ja;ERP_KNTTP;勘定設定カテゴリ
ja;ERP_KOARS;勘定タイプ
ja;ERP_KOART;勘定タイプ
ja;ERP_KOFIZ_KK;勘定設定 ID
ja;ERP_KOKRS;管理領域
ja;ERP_KOSTA;ピッキングステータス/在庫受入ステータス
ja;ERP_KOSTK;ピッキングステータス
ja;ERP_KOSTL;原価センタ
ja;ERP_KOWRR;統計値
ja;ERP_KSCHL;条件タイプ
ja;ERP_KSTAR;原価要素
ja;ERP_KSTEU;条件管理
ja;ERP_KTGRD;勘定設定グループ得意先
ja;ERP_KTGRM;勘定割当グループ品目
ja;ERP_KTOGR;勘定設定
ja;ERP_KTOKD;得意先勘定グループ
ja;ERP_KTOKK;仕入先勘定グループ
ja;ERP_KTOKL;勘定クラス
ja;ERP_KTOPL;勘定コード表
ja;ERP_KUKLA;得意先分類
ja;ERP_KUNNR;得意先
ja;ERP_KZVBR;消費転記
ja;ERP_LAUFI;支払処理 ID
ja;ERP_LAUFK;区間区分
ja;ERP_LBWST;評価方針
ja;ERP_LDEST;スプール: 出力デバイス
ja;ERP_LFART;出荷タイプ
ja;ERP_LFGSA;出荷ステータス
ja;ERP_LGNUM;倉庫番号
ja;ERP_LGORT;保管場所
ja;ERP_LGTYP;保管域タイプ
ja;ERP_LIEF;外部工程作業
ja;ERP_LIFNR;サプライヤ
ja;ERP_LIFSD;得意先の共通出荷ブロック
ja;ERP_LIFSK;出荷ブロックヘッダ
ja;ERP_LIFSP;出荷ブロック明細
ja;ERP_LISOF;出荷の即時登録
ja;ERP_LLAND;仕向国
ja;ERP_LOCKR;ロック理由
ja;ERP_LOEKZ;購買伝票の削除フラグ
ja;ERP_LOEKZ_ESSR;入力シートの削除フラグ
ja;ERP_LOGSYSTEM;論理システム
ja;ERP_LOTYP;ロックオブジェクトカテゴリ
ja;ERP_LPRIO;出荷優先順位
ja;ERP_LSSTA;出荷ブロックステータス
ja;ERP_LSSTK;全出荷ブロックステータス
ja;ERP_LVSTA;倉庫管理活動ステータス
ja;ERP_LVSTK;WM ステータス
ja;ERP_MAABC;ABC 区分
ja;ERP_MABER;督促領域
ja;ERP_MAFID;レコードタイプ
ja;ERP_MAGRV;品目グループ梱包材
ja;ERP_MAHNA;督促処理
ja;ERP_MAHNV;督促処理
ja;ERP_MANOUTSORT;請求におけるマニュアル例外抽出
ja;ERP_MANOUTS_IN;請求でのマニュアル例外抽出理由
ja;ERP_MANSP;督促保留
ja;ERP_MANST;督促レベル
ja;ERP_MANUAL;マニュアルで生成済
ja;ERP_MANUE;マニュアル処理メッセージ
ja;ERP_MANUR;確認タイプの区分
ja;ERP_MATKL;品目グループ
ja;ERP_MATNR;品目コード
ja;ERP_MEDKZ;計画手配配賦済
ja;ERP_MEILR;マイルストーン確認
ja;ERP_MEPROCSTATE;購買伝票処理ステータス
ja;ERP_MITKZ;照合フラグ
ja;ERP_MKSP;本稼動バージョンロック
ja;ERP_MMSTA;プラント固有品目ステータス
ja;ERP_MODIFLAG;変更可能
ja;ERP_MPTYP;保全計画カテゴリ
ja;ERP_MRM_ZLSPR;ロジスティクス支払保留
ja;ERP_MSCHL;督促キー
ja;ERP_MSGAR;メッセージタイプ
ja;ERP_MSTAE;品目共通ステータス
ja;ERP_MSTYP_KK;督促レベルカテゴリ
ja;ERP_MTART;品目タイプ
ja;ERP_MTVFP;利用可能在庫確認の確認グループ
ja;ERP_NABPF;決済なし
ja;ERP_NACHA;メッセージ送信媒体
ja;ERP_NCOST;原価計算なし
ja;ERP_NODIS;MRP に関連がない所要量レコード
ja;ERP_NO_DISP_PLUS;品目計画に有効
ja;ERP_OBART;対象タイプ
ja;ERP_OBJTYPE;対象タイプ
ja;ERP_OBLACT;未確定債務管理有効
ja;ERP_OBLIGO;未確定債務管理有効
ja;ERP_OTYPE;対象タイプ
ja;ERP_PAART;指図タイプの計画手配
ja;ERP_PARTNER;ERP ビジネスパートナ
ja;ERP_PARVW;取引先機能
ja;ERP_PDSTA;POD ステータス (明細レベル)
ja;ERP_PDSTK;出荷証明ステータス
ja;ERP_PERBZ;決済タイプ
ja;ERP_PERIO;次回請求日
ja;ERP_PERIV;会計年度バリアント
ja;ERP_PKSTA;明細梱包ステータス
ja;ERP_PLANV;タスクリスト用途の ERP キー
ja;ERP_PLAN_SORT;保全計画のソート項目
ja;ERP_PLKNZ;PM 指図計画区分
ja;ERP_PLNST;タスクリストステータス
ja;ERP_PLNTY;タスクリストタイプ
ja;ERP_PLSCN;計画シナリオ
ja;ERP_PMCS_IND;PM/CS 区分
ja;ERP_POKEN;メッセージ番号
ja;ERP_PORTION;ポーション
ja;ERP_POSAR;明細タイプ
ja;ERP_POSTP;明細カテゴリ (部品表/配合表)
ja;ERP_PO_ART;ERP 購買発注タイプ
ja;ERP_PO_LOEKZ;購買における削除区分
ja;ERP_PO_PSTYP;ERP 購買発注ポジションタイプ
ja;ERP_PPROF;計画プロファイル
ja;ERP_PRART;プロジェクトタイプ
ja;ERP_PRCTR;利益センタ
ja;ERP_PRDNR;製品番号
ja;ERP_PRFG;チェックステータス
ja;ERP_PRINTLOCK;伝票は印刷のためブロック中
ja;ERP_PRIOK;優先度
ja;ERP_PROCESSING_TYPE;処理タイプ
ja;ERP_PROCTY;倉庫処理タイプ
ja;ERP_PRODH_D;製品階層
ja;ERP_PROFL;プロジェクトプロファイル
ja;ERP_PROID;プロセスコード
ja;ERP_PR_ART;ERP 購買依頼タイプ
ja;ERP_PR_PSTYP;ERP 購買依頼明細タイプ
ja;ERP_PR_STATU;購買依頼の処理ステータス
ja;ERP_PSPID;プロジェクト定義
ja;ERP_PSTYV;明細カテゴリ
ja;ERP_PS_POSID;WBS 要素 (外部)
ja;ERP_PS_POSNR;WBS 要素 (内部)
ja;ERP_PS_ZUORD;ネットワーク割当
ja;ERP_QBEWERTUNG;コード評価
ja;ERP_QMART;通知タイプ
ja;ERP_QMTYP;QM 通知カテゴリ
ja;ERP_QM_PHASE;通知処理フェーズ
ja;ERP_QPART;品質検査タイプ
ja;ERP_QSPERRFKT;ブロックされる機能
ja;ERP_RBSTAT;請求書伝票ステータス
ja;ERP_REASON;請求伝票登録の理由
ja;ERP_RECIPE_PRO;ERP レシピプロファイル
ja;ERP_RECNNTPARTY;RE 通知者
ja;ERP_RECNNTREASON;RE 通知理由
ja;ERP_RECNNTREASONREJ;RE 拒否理由
ja;ERP_RECNTYPE;不動産契約タイプ
ja;ERP_REDUCTION_AMOUNT;控除額
ja;ERP_REFERENCE;伝票に割当済
ja;ERP_REFPLAN;計画手配への割当
ja;ERP_REFPREQ;購買依頼への割当
ja;ERP_REF_MNTPLAN;登録区分 PM
ja;ERP_REPTP;生産タイプ
ja;ERP_REVNR;PM の改訂
ja;ERP_RE_CATEGORY;RE 契約カテゴリ
ja;ERP_RE_RELEVANTEVAL;RE 評価関連
ja;ERP_RE_USERSUPPLIER;RE ユーザ/サプライヤ
ja;ERP_RFBSK;転記ステータス
ja;ERP_RFGSA;参照の全ステータス
ja;ERP_RFSTA;参照ステータス
ja;ERP_RGEKZ;区分: 指図のバックフラシュ
ja;ERP_RLDNR;総勘定元帳の元帳
ja;ERP_ROUTE;ERP 輸送経路
ja;ERP_ROUTE_PRO;ERP 輸送経路プロファイル
ja;ERP_RUEK;完了確認
ja;ERP_SATZA;確認のレコードタイプ
ja;ERP_SCMGCASE_TYPE;ケースタイプ
ja;ERP_SCOPE;オブジェクトクラス
ja;ERP_SDABW;特殊処理区分
ja;ERP_SD_AUART;販売伝票タイプ
ja;ERP_SFCPF;製造計画プロファイル (テキストなし)
ja;ERP_SFEPR;繰返生産プロファイル
ja;ERP_SHKZG;借方/貸方フラグ
ja;ERP_SHTYP;シップメントタイプ
ja;ERP_SIMULATION;区分: 料金計算シミュレーション
ja;ERP_SOBES;特殊調達区分
ja;ERP_SOBKZ;特殊在庫区分
ja;ERP_SOBSL;特殊調達タイプ
ja;ERP_SPART;部門
ja;ERP_SPERR;実地棚卸保留区分
ja;ERP_SPGRU;ブロック理由
ja;ERP_SPLEV;支払ブロックのレベル
ja;ERP_SPRAS;メッセージ言語
ja;ERP_STABR;輸送ステータス (運賃明細)
ja;ERP_STAGAREA;供給領域
ja;ERP_STAGAREAGR;供給領域グループ
ja;ERP_STATG;ステータスグループ
ja;ERP_STATUS;オブジェクトステータス
ja;ERP_STATUS_SYSTEM;JEST システムステータス
ja;ERP_STATUS_VALUE;ステータス値 (EWM)
ja;ERP_STATUS_VT_KK;プロバイダ契約のステータス
ja;ERP_STAT_PARA;ケースのシステムステータス
ja;ERP_STBER;計算ステータス (運賃明細データ)
ja;ERP_STEUS;ERP 管理キー
ja;ERP_STFRE;勘定設定のステータス
ja;ERP_STGRD;取消理由
ja;ERP_STICH;日程計画区分
ja;ERP_STLAL_NOTXT;代替 BOM (テキストなし)
ja;ERP_STLAN;BOM 用途
ja;ERP_STLST;BOM ステータス
ja;ERP_STRAT;保全方針
ja;ERP_STRGR;計画方針グループ
ja;ERP_STSMA;ステータスプロファイル
ja;ERP_STTRG;輸送ステータス
ja;ERP_STTXT;更新ステータス
ja;ERP_STUFE;レベル (テキストなしの SemID)
ja;ERP_TABNAME;テーブル名
ja;ERP_TABNAMVB;テーブル名 SD
ja;ERP_TARIFTYP;料金カテゴリ
ja;ERP_TDARMOD;PRINT: アーカイブモード
ja;ERP_TEST_OR_PROD;テスト実行または本稼動実行
ja;ERP_TETXT;日付テキスト
ja;ERP_TPLNR;機能場所
ja;ERP_TPLST;輸送計画ポイント
ja;ERP_TRAGR;輸送グループ
ja;ERP_TRIGSTAT;料金計算指図のステータス
ja;ERP_TRMER;日程計画エラー
ja;ERP_TRSPG;シップメントブロック理由
ja;ERP_TRSTA;輸送計画ステータス
ja;ERP_UPDTM;品目更新
ja;ERP_UPTYP;補助明細区分
ja;ERP_USTXT;任意応募者グループ
ja;ERP_UVALL;不完全 (一般)
ja;ERP_UVFAK;請求情報の不完全性
ja;ERP_UVPAK;不完全梱包
ja;ERP_UVPIK;不完全 - ピッキング/受入
ja;ERP_UVPRS;価格設定未完了
ja;ERP_UVVLK;出荷情報の不完全性
ja;ERP_UVWAK;不完全 - 在庫移動
ja;ERP_VALIDATION;料金計算妥当性チェック
ja;ERP_VALIDAT_IN;請求妥当性チェック名
ja;ERP_VAUNA;遡及請求
ja;ERP_VBTYP;販売管理伝票カテゴリ
ja;ERP_VBUND;取引先
ja;ERP_VERANTX;作業区責任者
ja;ERP_VERID;製造バージョン (テキストなし)
ja;ERP_VERNR;プロジェクトの責任者
ja;ERP_VERWE;タスクリスト用途
ja;ERP_VGABE;トランザクション/イベントタイプ
ja;ERP_VGART;トランザクションタイプ
ja;ERP_VGEXT;外部取引 (テキストなし)
ja;ERP_VGINT;転記ルール
ja;ERP_VGMAN;トランザクション
ja;ERP_VGTYP;トランザクションタイプ
ja;ERP_VKBUR;営業所
ja;ERP_VKGRP;販売グループ
ja;ERP_VKONT;契約アカウント
ja;ERP_VKORG;ERP 販売組織
ja;ERP_VLFKZ;プラントカテゴリ
ja;ERP_VMSTA;SD 品目ステータス
ja;ERP_VPRSV;原価管理区分
ja;ERP_VRGNG;業務トランザクション
ja;ERP_VSART;出荷タイプ
ja;ERP_VSBED;出荷条件
ja;ERP_VSTEL;出荷ポイント
ja;ERP_VSZTP;ディスパッチ時刻
ja;ERP_VTWEG;流通チャネル
ja;ERP_WARPL;保全計画
ja;ERP_WBSTA;GM ステータス
ja;ERP_WBSTK;全体的な GM ステータス
ja;ERP_WERK;プラント
ja;ERP_WHNO;倉庫番号
ja;ERP_WMAK;品目タイプ ID
ja;ERP_XGWGK;少額資産チェック: 金額または数量
ja;ERP_XREVERSAL;反対仕訳フラグ
ja;ERP_ZAHLKOND;支払条件
ja;ERP_ZAHLS;支払保留キー
ja;ERP_ZBFIX;設定済支払条件
ja;ERP_ZEITPKT;イベント
ja;ERP_ZLSCH;支払方法
ja;ERP_ZLSPR;支払保留キー
ja;ERP_ZTERM;支払条件
ja;ERP_ZUAWA;割当番号によるソートキー
ja;ERP_ZWELS;支払方法 (テキストなし)
ja;EWM_AAREA;活動エリア
ja;EWM_ACT_TYPE;活動タイプ
ja;EWM_ADJUST_QTY;数量調整
ja;EWM_CAT;在庫タイプ
ja;EWM_DE_WCRTYPE;WHO 登録ルールのカテゴリ
ja;EWM_DE_WHOSTAT;倉庫指図ステータス
ja;EWM_DOCTYPE;伝票タイプ
ja;EWM_EXCEPT;例外コード
ja;EWM_ITEMTYPE;倉庫プロセスの明細タイプ
ja;EWM_LGBER;保管区画
ja;EWM_LGNUM;倉庫番号 EWM
ja;EWM_LGTYP;保管域タイプ
ja;EWM_LPTYP;棚番タイプ
ja;EWM_MATNR;製品番号
ja;EWM_PARTY_ROLE;取引先機能
ja;EWM_PRCODE;プロセスコード
ja;EWM_PROCTYPE;プロセスタイプ
ja;EWM_QUEUE;キュー
ja;EWM_ROUTE;輸送経路
ja;EWM_TOSTAT;倉庫タスクステータス
ja;EWM_TRART;倉庫処理カテゴリ
ja;EWM_WAVECAT;ウェーブカテゴリ
ja;EWM_WAVETYPE;ウェーブタイプ
ja;EWM_WCR;倉庫指図登録ルール
ja;EWM_WTCODE;WT の特殊機能
ja;EW_STOCK_DOCCAT;タイプ: 受注在庫またはプロジェクト在庫
ja;FSCM_CATEGORY;カテゴリ
ja;FSCM_FIN_P2P_STATE;支払約束の状態
ja;FSCM_P2P_LEVEL;支払約束のレベル
ja;FSCM_REASON_CODE;理由コード
ja;GRC_LOGSYS;論理システム
ja;ISU_ABLESART;予定検針カテゴリ
ja;ISU_ABLESARTST;検針制御
ja;ISU_ABLSPERR;検針保留の理由
ja;ISU_ABLSTAT;検針ステータス
ja;ISU_ABRFREIG;料金計算保留解除
ja;ISU_ABRSPERR;料金計算保留理由
ja;ISU_AKLASSE;料金計算クラス
ja;ISU_AKTIV;検針有効
ja;ISU_GEMFAKT;一括請求
ja;ISU_INVOICING_PARTY;ユーティリティ請求元
ja;ISU_ISTABLART;検針タイプ
ja;ISU_PRUEFPKT;個別妥当性チェック
ja;ISU_VSTELLE;需要場所
ja;SCMO_APPLICATION;SCMO アプリケーション
ja;SCMO_APP_STATUS;アプリケーションステータス
ja;SRM_BBP_METYPE;送信媒体
ja;SRM_BE_DOC_TYPE;購買依頼伝票タイプ
ja;SRM_BID_TYPE;RFx タイプ
ja;SRM_BID_VALIDATION;入札チェック
ja;SRM_CATEGORY_ID;SRM カテゴリ ID (テキストなし)
ja;SRM_CHECK_IND;明細レベルでのチェックフラグ
ja;SRM_INCOTERM;インコタームズキー
ja;SRM_ITM_RELEASED;SRM 明細ステータス
ja;SRM_LOCATION;SAP SRM での場所
ja;SRM_LOGSYS;マスタシステム
ja;SRM_OBJECT_TYPE;トランザクションカテゴリ
ja;SRM_OBJ_TYPE;バックエンドシステム内のオブジェクトタイプ
ja;SRM_ORG_UNIT;SRM での組織ユニット (HRP1000)
ja;SRM_PROCESSING_TYPE;処理タイプ
ja;SRM_PROCESS_BLOCKED;有効/無効トランザクション
ja;SRM_PRODUCT_TYPE;商品タイプ
ja;SRM_SUBTYPE;ビジネスドキュメントの詳細
ja;SRM_SUBTYPE_I;伝票明細の詳細
ja;SRM_SUPPLIER;SAP SRM のサプライヤ
ja;SRM_USE_CONDITIONS;区分: 入札の詳細価格情報
ja;SRM_VERSION_TYPE;バージョンタイプ
ja;TIME;時刻
ja;TM_CONS_ALLOWED;連結可能
ja;TM_CREATION_TYPE;登録タイプ
ja;TM_ENABLE_CHARGE_CAL;輸送費計算有効化
ja;TM_ENABLE_SETTLEMENT;決済有効化
ja;TM_ERP_SHP_REL;伝票登録関連
ja;TM_ITEM_CAT;明細カテゴリ
ja;TM_LOGSYS;TM 論理システム (送信側システム)
ja;TM_MOT;TM 輸送モード
ja;TM_MOT_CAT;TM 輸送モードカテゴリ
ja;TM_MOVEM_TYPE;TM 移動タイプ
ja;TM_ORG_UNIT;TM の組織ユニット (HRP1000)
ja;TM_PLN_SCT_REL;外注関連
ja;TM_SET_BY_SERVICE;入力元
ja;TM_SHIPPING_TYPE;TM 出荷タイプ
ja;TM_SHPM_TRANSM;ERP への送信ステータス
ja;TM_TOR_CAT;TM TOR カテゴリ
ja;TM_TOR_TYPE;TM TOR タイプ
ja;TM_TRAFFIC_DIRECT;TM 輸送方向
ja;TM_TRQ_CAT;TM TRQ カテゴリ
ja;TM_TRQ_TYPE;TM TRQ タイプ
ja;TZONE;タイムゾーン