locale;kpiId;phaseId;title;subtitle
pt_BR;CPACM00160;10;DETERMINAÇÃO DA FONTE DE SUPRIMENTO E SUPRIMENTO;Espaço de trabalho do contrato
pt_BR;CPAOP00160;10;DETERMINAÇÃO DA FONTE DE SUPRIMENTO E SUPRIMENTO;Requisição de compra
pt_BR;CPAOP00160;20;DETERMINAÇÃO DA FONTE DE SUPRIMENTO E SUPRIMENTO;Pedido de compra
pt_BR;CPAOP00161;10;DETERMINAÇÃO DA FONTE DE SUPRIMENTO E SUPRIMENTO;Pedido de compra
pt_BR;CPAOP00161;20;CADEIA DE SUPRIMENTOS;Movimento de mercadorias
pt_BR;CPAOP00161;30;FINANÇAS;Fatura de fornecedor
pt_BR;CPAOP00162;10;FINANÇAS;Fatura de fornecedor
pt_BR;CPAOP00162;20;FINANÇAS;Pagamento de fatura
pt_BR;CPAOP00163;10;DETERMINAÇÃO DA FONTE DE SUPRIMENTO E SUPRIMENTO;Pedido de compra
pt_BR;CPAOP00163;20;FINANÇAS;Fatura de fornecedor
pt_BR;CPASC00160;10;DETERMINAÇÃO DA FONTE DE SUPRIMENTO E SUPRIMENTO;Solicitação de sourcing
pt_BR;CPASC00160;20;DETERMINAÇÃO DA FONTE DE SUPRIMENTO E SUPRIMENTO;Projeto de sourcing
pt_BR;CPASC00160;30;DETERMINAÇÃO DA FONTE DE SUPRIMENTO E SUPRIMENTO;Evento de sourcing
pt_BR;CPASC00160;40;DETERMINAÇÃO DA FONTE DE SUPRIMENTO E SUPRIMENTO;Projeto de sourcing
pt_BR;CPASC00161;10;DETERMINAÇÃO DA FONTE DE SUPRIMENTO E SUPRIMENTO;Projeto de sourcing
pt_BR;CPASC00161;20;DETERMINAÇÃO DA FONTE DE SUPRIMENTO E SUPRIMENTO;Evento de sourcing
pt_BR;CPASC00161;30;DETERMINAÇÃO DA FONTE DE SUPRIMENTO E SUPRIMENTO;Projeto de sourcing
pt_BR;CPASC00163;10;DETERMINAÇÃO DA FONTE DE SUPRIMENTO E SUPRIMENTO;Evento de determinação da fonte de suprimentos
pt_BR;CPASC00163;20;DETERMINAÇÃO DA FONTE DE SUPRIMENTO E SUPRIMENTO;Cotação
pt_BR;CPASC00163;30;DETERMINAÇÃO DA FONTE DE SUPRIMENTO E SUPRIMENTO;Evento de determinação da fonte de suprimentos
pt_BR;CPASC00164;10;DETERMINAÇÃO DA FONTE DE SUPRIMENTO E SUPRIMENTO;Evento de determinação da fonte de suprimentos
pt_BR;CPASC00164;20;DETERMINAÇÃO DA FONTE DE SUPRIMENTO E SUPRIMENTO;Cotação
pt_BR;CPASC00164;30;DETERMINAÇÃO DA FONTE DE SUPRIMENTO E SUPRIMENTO;Evento de determinação da fonte de suprimentos
pt_BR;CPASC00165;10;DETERMINAÇÃO DA FONTE DE SUPRIMENTO E SUPRIMENTO;Evento de determinação da fonte de suprimentos
pt_BR;CPASC00165;20;DETERMINAÇÃO DA FONTE DE SUPRIMENTO E SUPRIMENTO;Cotação
pt_BR;CPASC00165;30;DETERMINAÇÃO DA FONTE DE SUPRIMENTO E SUPRIMENTO;Evento de determinação da fonte de suprimentos
pt_BR;CPASM00160;10;DETERMINAÇÃO DA FONTE DE SUPRIMENTO E SUPRIMENTO;Solicitação de fornecedor
pt_BR;CPASM00160;20;DETERMINAÇÃO DA FONTE DE SUPRIMENTO E SUPRIMENTO;Registro de fornecedor
pt_BR;CPASM00161;10;DETERMINAÇÃO DA FONTE DE SUPRIMENTO E SUPRIMENTO;Qualificação do fornecedor
pt_BR;KBSRM00160;10;SUPRIMENTOS;Carrinho de compras
pt_BR;KBSRM00160;20;SUPRIMENTOS;Documento de compras
pt_BR;KBSRM00760;10;SUPRIMENTOS;Solicitação de cotação
pt_BR;KBSRM00760;20;SUPRIMENTOS;Lance do fornecedor (cotações)
pt_BR;KBSRM00761;10;SUPRIMENTOS;Concorrência
pt_BR;KBSRM00761;20;SUPRIMENTOS;Lance do fornecedor (cotações)
pt_BR;KCSAL00660;10;VENDAS;Oportunidade
pt_BR;KCSAL00660;20;VENDAS;Atividade empresarial
pt_BR;KCSAL00660;30;VENDAS;Tarefa
pt_BR;KCSAL00660;40;VENDAS;Oportunidade
pt_BR;KFFI000960;10;FINANÇAS;Documento contábil
pt_BR;KFFI000960;20;FINANÇAS;Documento de compensação
pt_BR;KFFI000961;10;FINANÇAS;Documento contábil
pt_BR;KFFI000961;20;FINANÇAS;Documento de compensação
pt_BR;KFFI001060;10;FINANÇAS;Documento contábil
pt_BR;KFFI001060;20;FINANÇAS;Documento de compensação
pt_BR;KFFI001061;10;FINANÇAS;Documento contábil
pt_BR;KFFI001061;20;FINANÇAS;Documento de compensação
pt_BR;KFFI001860;10;FINANÇAS;Mestre de ativos
pt_BR;KFFI001860;20;FINANÇAS E SUPRIMENTOS;Documento contábil
pt_BR;KFFI001860;30;FINANÇAS;Documento de liquidação
pt_BR;KFFI001860;40;FINANÇAS;Mestre de ativos
pt_BR;KFFI001861;10;FINANÇAS;Mestre de ativos
pt_BR;KFFI001861;20;FINANÇAS E SUPRIMENTOS;Documento contábil
pt_BR;KFFI001861;30;FINANÇAS;Lançamento de depreciação
pt_BR;KFFI001861;40;FINANÇAS;Lançamento de ativo
pt_BR;KFFI001861;50;FINANÇAS;Mestre de ativos
pt_BR;KFFI001960;10;FINANÇAS;Documento contábil
pt_BR;KFFI001960;20;FINANÇAS;Documento de compensação
pt_BR;KFFI002260;10;FINANÇAS;Documento contábil
pt_BR;KFFI002260;20;FINANÇAS;Documento de compensação
pt_BR;KFFI002360;10;FINANÇAS;Coletor de custos do produto
pt_BR;KFFI002360;20;PRODUÇÃO;Confirmação da ordem planejada
pt_BR;KFFI002360;30;PRODUÇÃO / FINANÇAS;Liquidação de materiais
pt_BR;KFFI002660;10;VENDAS;Contrato de provedor
pt_BR;KFFI002660;20;VENDAS;Documento de cobrança
pt_BR;KFFI002660;30;VENDAS;Documento de faturamento
pt_BR;KIAUT00160;10;PRODUÇÃO;Executar quantidade programada
pt_BR;KIAUT00160;20;CADEIA DE SUPRIMENTOS;Estoque em depósito
pt_BR;KIAUT00160;30;SUPRIMENTOS;Pedido de compra / Requisição / Programa de remessas
pt_BR;KIAUT00160;40;PRODUÇÃO;Executar quantidade programada
pt_BR;KIISU00160;10;VENDAS;Contrato
pt_BR;KIISU00160;20;VENDAS;Ordem de leitura
pt_BR;KIISU00160;30;VENDAS;Documento de cobrança
pt_BR;KIISU00160;40;VENDAS;Imprimir documento
pt_BR;KIISU00160;50;FINANÇAS;Documento de conta corrente contratual
pt_BR;KIISU00161;10;VENDAS;Ordem de cálculo
pt_BR;KIISU00161;20;VENDAS;Ordem de leitura
pt_BR;KIISU00161;30;VENDAS;Contrato
pt_BR;KIISU00161;40;VENDAS;Ordem de cálculo
pt_BR;KIISU00162;10;VENDAS;Ordem de cálculo
pt_BR;KIISU00162;20;VENDAS;Ordem de leitura
pt_BR;KIISU00162;30;VENDAS;Contrato
pt_BR;KIISU00162;40;VENDAS;Ordem de cálculo
pt_BR;KIISU00260;10;VENDAS;Documento de cobrança
pt_BR;KIISU00260;20;VENDAS;Imprimir documento
pt_BR;KIISU00261;10;VENDAS;Documento de cobrança
pt_BR;KIISU00261;20;VENDAS;Imprimir documento
pt_BR;KIISU00360;10;VENDAS;Imprimir documento
pt_BR;KIISU00360;20;FINANÇAS;Documento contábil
pt_BR;KIISU00361;10;VENDAS;Imprimir documento
pt_BR;KIISU00361;20;FINANÇAS;Documento contábil
pt_BR;KIRET00460;10;DETERMINAÇÃO DA FONTE DE SUPRIMENTO E SUPRIMENTO;Pedido de transferência de estoque
pt_BR;KIRET00460;20;CADEIA DE SUPRIMENTOS;Fornecimento de reabastecimento
pt_BR;KIRET00460;30;CADEIA DE SUPRIMENTOS;Movimento de mercadorias
pt_BR;KIRET00461;10;DETERMINAÇÃO DA FONTE DE SUPRIMENTO E SUPRIMENTO;Pedido de transferência de estoque
pt_BR;KIRET00461;20;CADEIA DE SUPRIMENTOS;Fornecimento de reabastecimento
pt_BR;KIRET00461;30;CADEIA DE SUPRIMENTOS;Movimento de mercadorias
pt_BR;KIRET00462;10;DETERMINAÇÃO DA FONTE DE SUPRIMENTO E SUPRIMENTO;Pedido de transferência de estoque
pt_BR;KIRET00462;20;CADEIA DE SUPRIMENTOS;Fornecimento de reabastecimento
pt_BR;KIRET00462;30;CADEIA DE SUPRIMENTOS;Movimento de mercadorias
pt_BR;KIRET00463;10;DETERMINAÇÃO DA FONTE DE SUPRIMENTO E SUPRIMENTO;Pedido de transferência de estoque
pt_BR;KIRET00463;20;CADEIA DE SUPRIMENTOS;Fornecimento de reabastecimento
pt_BR;KIRET00463;30;CADEIA DE SUPRIMENTOS;Movimento de mercadorias
pt_BR;KIRET00464;10;DETERMINAÇÃO DA FONTE DE SUPRIMENTO E SUPRIMENTO;Pedido de transferência de estoque
pt_BR;KIRET00464;20;CADEIA DE SUPRIMENTOS;Fornecimento de reabastecimento
pt_BR;KIRET00464;30;CADEIA DE SUPRIMENTOS;Movimento de mercadorias
pt_BR;KIRET00464;40;FINANÇAS;Documento contábil
pt_BR;KIRET00465;10;DETERMINAÇÃO DA FONTE DE SUPRIMENTO E SUPRIMENTO;Pedido de transferência de estoque
pt_BR;KIRET00465;20;CADEIA DE SUPRIMENTOS;Fornecimento de reabastecimento
pt_BR;KIRET00465;30;CADEIA DE SUPRIMENTOS;Movimento de mercadorias
pt_BR;KIRET00465;40;FINANÇAS;Documento contábil
pt_BR;KIRET00466;10;DETERMINAÇÃO DA FONTE DE SUPRIMENTO E SUPRIMENTO;Pedido de transferência de estoque
pt_BR;KIRET00466;20;CADEIA DE SUPRIMENTOS;Fornecimento de reabastecimento
pt_BR;KIRET00466;30;CADEIA DE SUPRIMENTOS;Movimento de mercadorias
pt_BR;KIRET00466;40;FINANÇAS;Documento contábil
pt_BR;KIRET00467;10;DETERMINAÇÃO DA FONTE DE SUPRIMENTO E SUPRIMENTO;Pedido de transferência de estoque
pt_BR;KIRET00467;20;CADEIA DE SUPRIMENTOS;Fornecimento de reabastecimento
pt_BR;KIRET00467;30;CADEIA DE SUPRIMENTOS;Movimento de mercadorias
pt_BR;KIRET00467;40;FINANÇAS;Documento contábil
pt_BR;KIRET00560;10;DETERMINAÇÃO DA FONTE DE SUPRIMENTO E SUPRIMENTO;Pedido de compra
pt_BR;KIRET00560;20;CADEIA DE SUPRIMENTOS;Movimento de mercadorias
pt_BR;KIRET00560;30;FINANÇAS;Fatura de fornecedor
pt_BR;KIRET00561;10;DETERMINAÇÃO DA FONTE DE SUPRIMENTO E SUPRIMENTO;Pedido de compra
pt_BR;KIRET00561;20;CADEIA DE SUPRIMENTOS;Movimento de mercadorias
pt_BR;KIRET00561;30;FINANÇAS;Fatura de fornecedor
pt_BR;KIRET00562;10;DETERMINAÇÃO DA FONTE DE SUPRIMENTO E SUPRIMENTO;Pedido de compra
pt_BR;KIRET00562;20;CADEIA DE SUPRIMENTOS;Movimento de mercadorias
pt_BR;KIRET00562;30;FINANÇAS;Fatura de fornecedor
pt_BR;KIRET00563;10;DETERMINAÇÃO DA FONTE DE SUPRIMENTO E SUPRIMENTO;Pedido de compra
pt_BR;KIRET00563;20;CADEIA DE SUPRIMENTOS;Movimento de mercadorias
pt_BR;KIRET00563;30;FINANÇAS;Fatura de fornecedor
pt_BR;KPIM000160;10;CADEIA DE SUPRIMENTOS;Nível de estoque
pt_BR;KPIM000160;20;CADEIA DE SUPRIMENTOS;Movimento de mercadorias
pt_BR;KPIM000161;10;CADEIA DE SUPRIMENTOS;Nível de estoque
pt_BR;KPIM000161;20;CADEIA DE SUPRIMENTOS;Movimento de mercadorias
pt_BR;KPIM000162;10;CADEIA DE SUPRIMENTOS;Nível de estoque
pt_BR;KPIM000162;20;CADEIA DE SUPRIMENTOS;Movimento de mercadorias
pt_BR;KPIM000163;10;CADEIA DE SUPRIMENTOS;Nível de estoque
pt_BR;KPIM000163;20;CADEIA DE SUPRIMENTOS;Movimento de mercadorias
pt_BR;KPLE000360;10;CADEIA DE SUPRIMENTOS;Entrega
pt_BR;KPLE000360;20;CADEIA DE SUPRIMENTOS;Unidade comercial
pt_BR;KPLE000360;30;CADEIA DE SUPRIMENTOS;Documento de transporte
pt_BR;KPLE000360;40;CADEIA DE SUPRIMENTOS;Movimento de mercadorias
pt_BR;KPLE000361;10;CADEIA DE SUPRIMENTOS;Entrega
pt_BR;KPLE000361;20;CADEIA DE SUPRIMENTOS;Pedido de transferência
pt_BR;KPLE000361;30;CADEIA DE SUPRIMENTOS;Unidade comercial
pt_BR;KPLE000361;40;CADEIA DE SUPRIMENTOS;Documento de transporte
pt_BR;KPLE000361;50;CADEIA DE SUPRIMENTOS;Movimento de mercadorias
pt_BR;KPLE000362;10;CADEIA DE SUPRIMENTOS;Recebimento
pt_BR;KPLE000362;20;CADEIA DE SUPRIMENTOS;Documento de transporte
pt_BR;KPLE000362;30;CADEIA DE SUPRIMENTOS;Unidade comercial
pt_BR;KPLE000362;40;CADEIA DE SUPRIMENTOS;Pedido de transferência
pt_BR;KPLE000362;50;CADEIA DE SUPRIMENTOS;Movimento de mercadorias
pt_BR;KPMRP00260;10;CADEIA DE SUPRIMENTOS;Execuções MRP
pt_BR;KPMRP00260;15;VENDAS;Ordem do cliente e entrega
pt_BR;KPMRP00260;20;CADEIA DE SUPRIMENTOS;Ordem planejada
pt_BR;KPMRP00260;30;PRODUÇÃO;Ordem de produção
pt_BR;KPMRP00260;40;SUPRIMENTOS;Documento de compras
pt_BR;KPMRP00260;50;CADEIA DE SUPRIMENTOS;Lista MRP
pt_BR;KPMRP00260;60;PRODUÇÃO;Ordem de produção
pt_BR;KPMRP00260;70;SUPRIMENTOS;Documento de compras
pt_BR;KPPP000160;10;PRODUÇÃO;Ordem de produção
pt_BR;KPPP000160;20;PRODUÇÃO;Confirmação da ordem
pt_BR;KPPP000160;30;PRODUÇÃO;Movimento de mercadorias
pt_BR;KPPP000160;40;PRODUÇÃO;Ordem de produção
pt_BR;KPPP000161;10;PRODUÇÃO / FINANÇAS;Ordem de produção
pt_BR;KPPP000161;20;PRODUÇÃO;Confirmação da ordem
pt_BR;KPPP000161;30;PRODUÇÃO;Movimento de mercadorias
pt_BR;KPPP000161;40;PRODUÇÃO / FINANÇAS;Ordem de apropriação de custos
pt_BR;KPPP000162;10;PRODUÇÃO;Ordem de produção
pt_BR;KPPP000162;20;CADEIA DE SUPRIMENTOS;Estoque em depósito
pt_BR;KPPP000162;30;SUPRIMENTOS;Requisição / Pedido de compra
pt_BR;KPPP000162;40;PRODUÇÃO;Ordem de produção / Ordem planejada
pt_BR;KPPP000162;50;CADEIA DE SUPRIMENTOS;Movimento de mercadorias
pt_BR;KPPP000163;10;PRODUÇÃO;Ordem de produção
pt_BR;KPPP000163;20;SUPRIMENTOS;Requisição de compra
pt_BR;KPPP000163;30;SUPRIMENTOS;Pedido de compra
pt_BR;KPPP000163;40;CADEIA DE SUPRIMENTOS;Movimento de mercadorias
pt_BR;KPPP000164;10;PRODUÇÃO;Ordem de produção
pt_BR;KPPP000164;20;PRODUÇÃO;Centro de trabalho
pt_BR;KPPP000164;30;PRODUÇÃO;Processamento externo
pt_BR;KPPP000164;40;PRODUÇÃO;Chave de controle
pt_BR;KPPP000164;45;PRODUÇÃO;Ordem de produção
pt_BR;KPPP000164;50;PRODUÇÃO;Confirmações
pt_BR;KPPP000260;10;PRODUÇÃO;Ordem de processo
pt_BR;KPPP000260;15;PRODUÇÃO;Receita de controle
pt_BR;KPPP000260;20;PRODUÇÃO;Confirmação da ordem
pt_BR;KPPP000260;30;PRODUÇÃO;Movimento de mercadorias
pt_BR;KPPP000260;40;PRODUÇÃO;Ordem de processo
pt_BR;KPPP000261;10;PRODUÇÃO;Ordem de processo
pt_BR;KPPP000261;20;PRODUÇÃO;Confirmação da ordem
pt_BR;KPPP000261;30;PRODUÇÃO;Movimento de mercadorias
pt_BR;KPPP000261;40;PRODUÇÃO / FINANÇAS;Ordem de apropriação de custos
pt_BR;KPPP000262;10;PRODUÇÃO;Ordem de processo
pt_BR;KPPP000262;20;CADEIA DE SUPRIMENTOS;Estoque em depósito
pt_BR;KPPP000262;30;SUPRIMENTOS;Requisição / Pedido de compra
pt_BR;KPPP000262;40;PRODUÇÃO;Ordem de processo / Ordem planejada
pt_BR;KPPP000262;50;CADEIA DE SUPRIMENTOS;Movimento de mercadorias
pt_BR;KPPP000263;10;PRODUÇÃO;Ordem de processo
pt_BR;KPPP000263;20;SUPRIMENTOS;Requisição de compra
pt_BR;KPPP000263;30;SUPRIMENTOS;Pedido de compra
pt_BR;KPPP000263;40;CADEIA DE SUPRIMENTOS;Movimento de mercadorias
pt_BR;KPPP000264;10;PRODUÇÃO;Ordem de processo
pt_BR;KPPP000264;20;PRODUÇÃO;Centro de trabalho
pt_BR;KPPP000264;30;PRODUÇÃO;Processamento externo
pt_BR;KPPP000264;40;PRODUÇÃO;Chave de controle
pt_BR;KPPP000264;45;PRODUÇÃO;Ordem de processo
pt_BR;KPPP000264;50;PRODUÇÃO;Confirmações
pt_BR;KPPROJ0360;10;ADMINISTRAÇÃO DO IMOBILIZADO;Plano da estrutura do projeto
pt_BR;KPPROJ0360;20;GERENCIAMENTO DE ATIVOS / FINANÇAS;Plano da estrutura do projeto de liquidação
pt_BR;KPPROJ0361;10;ADMINISTRAÇÃO DO IMOBILIZADO;Plano da estrutura do projeto
pt_BR;KPPROJ0361;20;GERENCIAMENTO DE ATIVOS / FINANÇAS;Plano da estrutura do projeto de liquidação
pt_BR;KPPURCH260;10;SUPRIMENTOS;Pedido de compra
pt_BR;KPPURCH260;20;CADEIA DE SUPRIMENTOS;Movimento de mercadorias
pt_BR;KPPURCH260;30;FINANÇAS;Fatura de fornecedor
pt_BR;KPPURCH260;40;FINANÇAS;Documento de conta
pt_BR;KPPURCH261;10;DETERMINAÇÃO DA FONTE DE SUPRIMENTO E SUPRIMENTO;Pedido de compra
pt_BR;KPPURCH261;20;CADEIA DE SUPRIMENTOS;Movimento de mercadorias
pt_BR;KPPURCH261;30;FINANÇAS;Fatura de fornecedor
pt_BR;KPPURCH263;10;DETERMINAÇÃO DA FONTE DE SUPRIMENTO E SUPRIMENTO;Pedido de compra
pt_BR;KPPURCH263;20;VENDAS;Ordem do cliente
pt_BR;KPPURCH263;30;CADEIA DE SUPRIMENTOS;Entrega
pt_BR;KPPURCH263;40;CADEIA DE SUPRIMENTOS;Movimento de mercadorias
pt_BR;KPPURCH263;50;FINANÇAS;Fatura de fornecedor
pt_BR;KPPURCH265;10;DETERMINAÇÃO DA FONTE DE SUPRIMENTO E SUPRIMENTO;Pedido de compra
pt_BR;KPPURCH265;20;FINANÇAS;Fatura de fornecedor
pt_BR;KPPURCH265;30;FINANÇAS;Documento contábil
pt_BR;KPPURCH266;10;DETERMINAÇÃO DA FONTE DE SUPRIMENTO E SUPRIMENTO;Pedido de compra
pt_BR;KPPURCH266;20;CADEIA DE SUPRIMENTOS;Movimento de mercadorias
pt_BR;KPPURCH266;30;FINANÇAS;Fatura de fornecedor
pt_BR;KPPURCH267;10;DETERMINAÇÃO DA FONTE DE SUPRIMENTO E SUPRIMENTO;Pedido de compra
pt_BR;KPPURCH267;20;DETERMINAÇÃO DA FONTE DE SUPRIMENTO E SUPRIMENTO;Folha de registro de serviços (FRS)
pt_BR;KPPURCH267;30;FINANÇAS;Fatura de fornecedor
pt_BR;KPPURCH268;10;DETERMINAÇÃO DA FONTE DE SUPRIMENTO E SUPRIMENTO;Pedido de compra
pt_BR;KPPURCH268;20;CADEIA DE SUPRIMENTOS;Movimento de mercadorias
pt_BR;KPPURCH268;30;FINANÇAS;Fatura de fornecedor
pt_BR;KPPURCH360;10;DETERMINAÇÃO DA FONTE DE SUPRIMENTO E SUPRIMENTO;Requisição de compra
pt_BR;KPPURCH360;20;DETERMINAÇÃO DA FONTE DE SUPRIMENTO E SUPRIMENTO;Pedido de compra
pt_BR;KPPURCH362;10;DETERMINAÇÃO DA FONTE DE SUPRIMENTO E SUPRIMENTO;Requisição de transferência de estoque
pt_BR;KPPURCH362;20;DETERMINAÇÃO DA FONTE DE SUPRIMENTO E SUPRIMENTO;Pedido de transferência de estoque
pt_BR;KPPURCH460;10;FINANÇAS;Fatura de fornecedor
pt_BR;KPPURCH460;20;FINANÇAS;Documento contábil
pt_BR;KPPURCH560;10;DETERMINAÇÃO DA FONTE DE SUPRIMENTO E SUPRIMENTO;Pedido de transferência de estoque
pt_BR;KPPURCH560;20;CADEIA DE SUPRIMENTOS;Movimento de mercadorias
pt_BR;KPPURCH561;10;DETERMINAÇÃO DA FONTE DE SUPRIMENTO E SUPRIMENTO;Pedido de transferência de estoque
pt_BR;KPPURCH561;20;CADEIA DE SUPRIMENTOS;Fornecimento de reabastecimento
pt_BR;KPPURCH561;30;CADEIA DE SUPRIMENTOS;Movimento de mercadorias
pt_BR;KPPURCH562;10;DETERMINAÇÃO DA FONTE DE SUPRIMENTO E SUPRIMENTO;Pedido de transferência de estoque
pt_BR;KPPURCH562;20;CADEIA DE SUPRIMENTOS;Fornecimento de reabastecimento
pt_BR;KPPURCH562;30;CADEIA DE SUPRIMENTOS;Movimento de mercadorias
pt_BR;KPPURCH562;40;FINANÇAS;Documento contábil
pt_BR;KPPURCH660;10;DETERMINAÇÃO DA FONTE DE SUPRIMENTO E SUPRIMENTO;Programa de remessas
pt_BR;KPPURCH660;20;CADEIA DE SUPRIMENTOS;Movimento de mercadorias
pt_BR;KPPURCH661;10;DETERMINAÇÃO DA FONTE DE SUPRIMENTO E SUPRIMENTO;Contrato por quantidade
pt_BR;KPPURCH661;20;DETERMINAÇÃO DA FONTE DE SUPRIMENTO E SUPRIMENTO;Pedido de compra
pt_BR;KPPURCH662;10;DETERMINAÇÃO DA FONTE DE SUPRIMENTO E SUPRIMENTO;Contrato por valor
pt_BR;KPPURCH662;20;DETERMINAÇÃO DA FONTE DE SUPRIMENTO E SUPRIMENTO;Pedido de compra
pt_BR;KPSD000260;10;VENDAS / FINANÇAS;Documento de cobrança de vendas
pt_BR;KPSD000260;20;FINANÇAS;Documento contábil
pt_BR;KPSD000360;10;VENDAS;Ordem do cliente
pt_BR;KPSD000360;20;CADEIA DE SUPRIMENTOS;Entrega
pt_BR;KPSD000361;10;VENDAS;Ordem do cliente
pt_BR;KPSD000361;20;CADEIA DE SUPRIMENTOS;Entrega
pt_BR;KPSD000361;30;CADEIA DE SUPRIMENTOS;Movimento de mercadorias
pt_BR;KPSD000361;40;VENDAS / FINANÇAS;Fatura de cliente
pt_BR;KPSD000362;10;VENDAS;Ordem do cliente
pt_BR;KPSD000362;20;CADEIA DE SUPRIMENTOS;Entrega
pt_BR;KPSD000362;30;CADEIA DE SUPRIMENTOS;Movimento de mercadorias
pt_BR;KPSD000362;40;VENDAS / FINANÇAS;Fatura de cliente
pt_BR;KPSD000362;50;FINANÇAS;Documento contábil
pt_BR;KPSD000363;10;VENDAS;Ordem do cliente
pt_BR;KPSD000363;20;SUPRIMENTOS;Requisição de compra
pt_BR;KPSD000363;30;SUPRIMENTOS;Pedido de compra
pt_BR;KPSD000363;40;SUPRIMENTOS / FINANÇAS;Fatura de fornecedor
pt_BR;KPSD000363;50;VENDAS / FINANÇAS;Fatura de cliente
pt_BR;KPSD000364;10;VENDAS;Ordem do cliente
pt_BR;KPSD000364;20;SUPRIMENTOS;Requisição de compra
pt_BR;KPSD000364;30;SUPRIMENTOS;Pedido de compra
pt_BR;KPSD000364;40;CADEIA DE SUPRIMENTOS;Movimento de mercadorias
pt_BR;KPSD000364;50;VENDAS / FINANÇAS;Fatura de cliente
pt_BR;KPSD000365;10;VENDAS;Ordem do cliente
pt_BR;KPSD000365;20;PRODUÇÃO;Ordem de produção
pt_BR;KPSD000365;30;PRODUÇÃO;Confirmação da ordem de produção
pt_BR;KPSD000365;40;CADEIA DE SUPRIMENTOS;Movimento de mercadorias
pt_BR;KPSD000365;50;VENDAS / FINANÇAS;Fatura de cliente
pt_BR;KPSD000366;10;VENDAS;Ordem do cliente
pt_BR;KPSD000366;20;CADEIA DE SUPRIMENTOS;Entrega
pt_BR;KPSD000366;30;CADEIA DE SUPRIMENTOS;Movimento de mercadorias
pt_BR;KPSD000366;40;VENDAS / FINANÇAS;Fatura de cliente
pt_BR;KPSD000366;50;FINANÇAS;Documento contábil
pt_BR;KPSD000366;60;VENDAS / FINANÇAS;Fatura interempresarial
pt_BR;KPSD000366;70;FINANÇAS;Documento contábil
pt_BR;KPSD000367;10;VENDAS;Ordem do cliente
pt_BR;KPSD000367;20;VENDAS / FINANÇAS;Fatura de cliente
pt_BR;KPSD000367;30;FINANÇAS;Documento contábil
pt_BR;KPSD000368;10;VENDAS;Cotação
pt_BR;KPSD000368;20;VENDAS;Ordem do cliente
pt_BR;KPSD000369;10;VENDAS;Ordem do cliente
pt_BR;KPSD000369;20;CADEIA DE SUPRIMENTOS;Estoque em depósito
pt_BR;KPSD000369;30;SUPRIMENTOS / CADEIA DE SUPRIMENTOS;Requisição / Pedido de compra
pt_BR;KPSD000369;40;PRODUÇÃO;Ordem de produção / Ordem planejada
pt_BR;KPSD000369;50;CADEIA DE SUPRIMENTOS;Entrega
pt_BR;KPSD000380;10;VENDAS;Ordem de devolução
pt_BR;KPSD000380;20;CADEIA DE SUPRIMENTOS;Remessa de devoluções
pt_BR;KPSD000380;30;CADEIA DE SUPRIMENTOS;Movimento de mercadorias
pt_BR;KPSD000380;40;VENDAS;Nota de crédito
pt_BR;KPSD000460;10;VENDAS;Solicitação de nota de débito
pt_BR;KPSD000460;20;VENDAS / FINANÇAS;Nota de débito
pt_BR;KPSD000460;30;FINANÇAS;Documento contábil
pt_BR;KPSD000462;10;VENDAS;Solicitação de nota de crédito
pt_BR;KPSD000462;20;VENDAS / FINANÇAS;Nota de crédito
pt_BR;KPSD000462;30;FINANÇAS;Documento contábil
pt_BR;KWMD000160;10;PRODUÇÃO;Mestre de materiais
pt_BR;KWMD000160;20;PRODUÇÃO;Lista técnica
pt_BR;KWMD000160;30;PRODUÇÃO;Roteamento / Versão de produção
pt_BR;KWMD000160;40;FINANÇAS;Cálculo de custos padrão
pt_BR;KWMD000160;50;PRODUÇÃO;Ordem de produção
pt_BR;KWMD000161;10;PRODUÇÃO;Mestre de materiais
pt_BR;KWMD000161;20;PRODUÇÃO;Lista técnica
pt_BR;KWMD000161;30;PRODUÇÃO;Receita mestre / Versão de produção
pt_BR;KWMD000161;40;FINANÇAS;Cálculo de custos padrão
pt_BR;KWMD000161;50;PRODUÇÃO;Ordem de processo
pt_BR;KWMD000260;10;VENDAS;Dados mestre de cliente
pt_BR;KWMD000260;20;FINANÇAS;Dados mestre de cliente
pt_BR;KWMD000260;30;VENDAS;Ordem do cliente
pt_BR;KWMD000260;40;VENDAS / FINANÇAS;Fatura de cliente
pt_BR;KWMD000260;50;FINANÇAS;Documento contábil
pt_BR;KWMD000360;10;SUPRIMENTOS;Dados mestre de fornecedor
pt_BR;KWMD000360;20;FINANÇAS;Dados mestre de fornecedor
pt_BR;KWMD000360;30;SUPRIMENTOS;Pedido de compra
pt_BR;KWMD000360;40;FINANÇAS;Documento contábil
pt_BR;KWPM000160;10;ADMINISTRAÇÃO DO IMOBILIZADO;Nota PM
pt_BR;KWPM000161;10;SERVIÇO;Notificação de serviço
pt_BR;KWPM000260;10;ADMINISTRAÇÃO DO IMOBILIZADO;Ordem de manutenção
pt_BR;KWPM000260;20;ADMINISTRAÇÃO DO IMOBILIZADO;Confirmação de ordem de trabalho
pt_BR;KWPM000260;30;ADMINISTRAÇÃO DO IMOBILIZADO;Ordem de manutenção
pt_BR;KWPM000261;10;ADMINISTRAÇÃO DO IMOBILIZADO;Ordem de manutenção
pt_BR;KWPM000261;20;ADMINISTRAÇÃO DO IMOBILIZADO;Confirmação da ordem
pt_BR;KWPM000261;30;ADMINISTRAÇÃO DO IMOBILIZADO;Ordem de manutenção
pt_BR;KWPM000261;40;GERENCIAMENTO DE ATIVOS / FINANÇAS;Ordem de apropriação de custos
pt_BR;KWPM000262;10;SERVIÇO;Serviços de ordem do cliente
pt_BR;KWPM000262;20;SERVIÇO;Confirmação da ordem
pt_BR;KWPM000262;30;SERVIÇO;Serviços de ordem do cliente
pt_BR;KWPM000263;10;SERVIÇO;Serviços de ordem do cliente
pt_BR;KWPM000263;20;SERVIÇO;Confirmação da ordem
pt_BR;KWPM000263;30;SERVIÇO;Serviços de ordem do cliente
pt_BR;KWPM000263;40;SERVIÇO / FINANÇAS;Ordem de apropriação de custos
pt_BR;KWPM000264;10;ADMINISTRAÇÃO DO IMOBILIZADO;Ordem de manutenção
pt_BR;KWPM000264;20;CADEIA DE SUPRIMENTOS;Estoque em depósito
pt_BR;KWPM000264;30;SUPRIMENTOS;Requisição / Pedido de compra
pt_BR;KWPM000264;40;CADEIA DE SUPRIMENTOS;Movimento de mercadorias
pt_BR;KWPM000265;10;SERVIÇO;Serviços de ordem do cliente
pt_BR;KWPM000265;20;CADEIA DE SUPRIMENTOS;Estoque em depósito
pt_BR;KWPM000265;30;SUPRIMENTOS;Requisição / Pedido de compra
pt_BR;KWPM000265;40;CADEIA DE SUPRIMENTOS;Movimento de mercadorias
pt_BR;KWPM000462;10;SERVIÇO;Plano de manutenção
pt_BR;KWPM000462;20;SERVIÇO;Ordem de serviço
pt_BR;KWPM000462;30;SERVIÇO;Contrato de serviço
pt_BR;KWQM000161;10;DETERMINAÇÃO DA FONTE DE SUPRIMENTO E SUPRIMENTO;Lote de controle
pt_BR;KWQM000161;20;DETERMINAÇÃO DA FONTE DE SUPRIMENTO E SUPRIMENTO;Plano de controle
pt_BR;KWQM000161;30;DETERMINAÇÃO DA FONTE DE SUPRIMENTO E SUPRIMENTO;Estoque de inspeção
pt_BR;KWQM000161;40;DETERMINAÇÃO DA FONTE DE SUPRIMENTO E SUPRIMENTO;Características de controle
pt_BR;KWQM000161;50;DETERMINAÇÃO DA FONTE DE SUPRIMENTO E SUPRIMENTO;Decisão de utilização
pt_BR;KWQM000162;10;PRODUÇÃO;Lote de controle
pt_BR;KWQM000162;20;PRODUÇÃO;Plano de controle
pt_BR;KWQM000162;30;PRODUÇÃO;Estoque de inspeção
pt_BR;KWQM000162;40;PRODUÇÃO;Características de controle
pt_BR;KWQM000162;50;PRODUÇÃO;Decisão de utilização
pt_BR;KWQM000163;10;PRODUÇÃO;Lote de controle
pt_BR;KWQM000163;20;PRODUÇÃO;Lista de tarefas
pt_BR;KWQM000163;30;PRODUÇÃO;Características de controle
pt_BR;KWQM000163;40;PRODUÇÃO;Decisão de utilização
pt_BR;KXEWM00260;10;CADEIA DE SUPRIMENTOS;Ordem de depósito
pt_BR;KXEWM00260;20;CADEIA DE SUPRIMENTOS;Tarefa de depósito
pt_BR;KWSERV0160;10;SERVIÇO;Ordem de Serviço
pt_BR;KWSERV0160;20;SERVIÇO;Confirmação do serviço
pt_BR;KWSERV0160;30;SERVIÇO;Ordem de Serviço
pt_BR;KXEWM00460;10;CADEIA DE SUPRIMENTOS;Recebimento
pt_BR;KXEWM00460;20;CADEIA DE SUPRIMENTOS;Movimento de mercadorias
pt_BR;KXEWM00460;30;CADEIA DE SUPRIMENTOS;Entrada em depósito
pt_BR;KXEWM00461;10;CADEIA DE SUPRIMENTOS;Recebimento
pt_BR;KXEWM00461;20;CADEIA DE SUPRIMENTOS;Movimento de mercadorias
pt_BR;KXEWM00461;30;CADEIA DE SUPRIMENTOS;Entrada em depósito
pt_BR;KXEWM00560;10;CADEIA DE SUPRIMENTOS;Ordem de entrega
pt_BR;KXEWM00560;20;CADEIA DE SUPRIMENTOS;Separação
pt_BR;KXEWM00560;30;CADEIA DE SUPRIMENTOS;Movimento de mercadorias
pt_BR;KXEWM00560;40;CADEIA DE SUPRIMENTOS;Entrega
pt_BR;KXEWM00860;10;CADEIA DE SUPRIMENTOS;Notificação de recebimento
pt_BR;KXEWM00860;20;CADEIA DE SUPRIMENTOS;Recebimento
pt_BR;KXEWM00860;30;CADEIA DE SUPRIMENTOS;Movimento de mercadorias
pt_BR;KXEWM00860;40;CADEIA DE SUPRIMENTOS;Entrada em depósito
pt_BR;KXEWM00861;10;CADEIA DE SUPRIMENTOS;Notificação de recebimento
pt_BR;KXEWM00861;20;CADEIA DE SUPRIMENTOS;Recebimento
pt_BR;KXEWM00861;30;CADEIA DE SUPRIMENTOS;Movimento de mercadorias
pt_BR;KXEWM00861;40;CADEIA DE SUPRIMENTOS;Entrada em depósito
pt_BR;KXEWM00862;10;CADEIA DE SUPRIMENTOS;Solicitação de entrega
pt_BR;KXEWM00862;20;CADEIA DE SUPRIMENTOS;Ordem de entrega
pt_BR;KXEWM00862;30;CADEIA DE SUPRIMENTOS;Separação
pt_BR;KXEWM00862;40;CADEIA DE SUPRIMENTOS;Movimento de mercadorias
pt_BR;KXEWM00862;50;CADEIA DE SUPRIMENTOS;Entrega