locale;id;title;longTextWhat;textPpis;textWhy;textHow
ja;ANALYZE_IR_BEFORE_GR;入庫前に作成された請求書受領の分析;;;;
ja;ANALYZE_PO_ITEMS_WO_PR_REF;購買依頼参照なしの購買発注明細の分析;;;;
ja;ANALYZE_REJECT_REASON;拒否理由の分析および与信限度確認の向上;;;;
ja;ANALYZE_USER_BEH;ユーザ行動の分析による改善余地の特定;;;;
ja;ASSESS_COMPL_RATE_LEADTIME;完了率およびリードタイムの評価;;;;
ja;ASSESS_DELAYS_CUST_INV;顧客請求書作成の遅延の評価;;;;
ja;ASSESS_DELAYS_PURCH;購買の遅延の評価;;;;
ja;ASSESS_DEVIATION_PAYTERM_DS_INV;販売請求伝票および請求書の支払い条件の差異の評価;;;;
ja;ASSESS_LT_SO_TO_INV;受注明細作成から請求書作成までのリードタイムの評価;;;;
ja;ASSESS_STOCKLEVEL_TIME;さまざまなタイムバケットにおける在庫レベルの評価;;;;
ja;AVOID_COMPLIANCE_ISSUES;コンプライアンスの問題の回避;;;;
ja;AVOID_EARLY_PAY;早期支払いの回避;;;;
ja;AVOID_IV_BYPASS;請求書照合をバイパスする支払いリリースの回避;;;;
ja;AVOID_LATE_PAY;遅延支払いの回避;;;;
ja;AVOID_MAVERICK_BUY;購買規則順守状況の特定および回避;;;;
ja;AVOID_MANUAL_CHANGES;マニュアル変更の回避;;;;
ja;AVOID_PC_EXC_QUANT;目標数量を超える購買契約の回避;;;;
ja;AVOID_PC_EXC_VALUE;目標値を超える購買契約の回避;;;;
ja;AVOID_PC_NOT_USED;正しく使用されていない購買契約の回避;;;;
ja;AVOID_REDUCE_STOCK;不要な受注在庫の回避および削減;;;;
ja;AVOID_SCHED_AGR_EXC_QUANT;目標数量を超える分納契約の回避;;;;
ja;ENSURE_USE_QM_IN_MAUFACT;製造プロセス内で SAP 品質管理が正しく使用されていることの確認;;;;
ja;ENSURE_CONSIST_PROC_COMPL;一貫性のあるプロセス完了の確認;;;;
ja;HARMONIZE_MASTER_DATA;マスタデータの調和;;;;
ja;IDENTIFY_AUTOM_OPP;自動化機会の特定;;;;
ja;IDENTIFY_BLOCKS_IN_FI;財務でのみ設定されている支払い保留の特定;;;;
ja;IDENTIFY_BOTTLENECKS;改善余地が最も高いボトルネックの特定;;;;
ja;IDENTIFY_CAT_ITEMS_REJECTED;拒否される頻度の高いカタログ明細の特定;;;;
ja;IDENTIFY_CAT_ITEMS_W_EXCEP;頻度の高い例外ありのカタログ請求書明細の特定;;;;
ja;IDENTIFY_DELAY_REASONS;プロセス遅延理由の特定;;;;
ja;IDENTIFY_DEV_PAYTERM_PO_IV;購買発注および請求書の支払い条件の差異の特定;;;;
ja;IDENTIFY_GENERAL_IMP;全般的な改善余地の特定;;;;
ja;IDENTIFY_MISSED_AUTOM_OPP_ERS;ERS による不明な自動化機会の特定;;;;
ja;IDENTIFY_MAN_ACT_PO_ITEMS;購買発注明細内のマニュアルアクティビティの特定;;;;
ja;IDENTIFY_NON_CAT_ITEMS_REQU;頻度の高い非カタログ明細依頼の特定;;;;
ja;IDENTIFY_NON_CAT_PO_ITEMS;頻度の高い非カタログ購買発注明細の特定;;;;
ja;IDENTIFY_PAR_RCVD_PO_ITEMS;一部受領済み購買発注明細の特定;;;;
ja;IMPROVE_ASSET_CAPITAL_PERF;資本化プロセスパフォーマンスの向上;;;;
ja;IMPROVE_COMPL_RATE;完了率の向上;;;;
ja;IMPROVE_COM_RATE_DSO;完了率の向上および売上債権回転日数 (DSO) の削減;;;;
ja;IMPROVE_COMP_AVAIL;構成品目の利用可能在庫の向上;;;;
ja;IMPROVE_CONSIST_EVENT;イベントコンテンツでの一貫性の向上;;;;
ja;IMPROVE_CONSIST_ACC_ASSIG;勘定割り当てオブジェクトの使用における一貫性の向上;;;;
ja;IMPROVE_CUST_ORDER_FULF;受注フルフィルメントの向上;;;;
ja;IMPROVE_DEL_RATE;納入率の向上およびバックログの削減;;;;
ja;IMPROVE_DEL_SCHED;納入日程計画の向上;;;;
ja;IMPROVE_IH_ORDER_FULF;社内受注フルフィルメントの向上;;;;
ja;IMPROVE_MAINT_EXEC_CONF;保全実行確認の向上;;;;
ja;IMPROVE_MANUFACT_PERF;ディスクリート製造プロセスパフォーマンスの向上;;;;
ja;IMPROVE_MD_QUAL;マスタデータ品質の向上;;;;
ja;IMPROVE_OTIF_DEL_RATE;指定納期完全納入率の向上;;;;
ja;IMPROVE_OTP_DPO;遅延なしの支払いおよび仕入債務回転日数 (DPO) の向上;;;;
ja;IMPROVE_OTP_DSO;遅延なしの支払いの向上および仕入債務回転日数 (DPO) の削減;;;;
ja;IMPROVE_PROC_MANUFACT_PERF;プロセス生産のプロセスパフォーマンスの向上;;;;
ja;IMPROVE_QUAL_MANUF_REL_TRANS_DATA;製造関連トランザクションデータの入力品質の向上;;;;
ja;IMPROVE_QUAL_PLAN_REL_TRANS_DATA;計画関連トランザクションデータの入力品質の向上;;;;
ja;IMPROVE_QUAL_PURCH_REL_TRANS_DATA;購買関連トランザクションデータの入力品質の向上;;;;
ja;IMPROVE_QUAL_SALES_REL_TRANS_DATA;販売関連トランザクションデータの入力品質の向上;;;;
ja;IMPROVE_RUNTIME_MRP;資材所要量計画実行の実行時間の向上;;;;
ja;IMPROVE_SERV_EXEC_CONF;サービス実行確認の向上;;;;
ja;IMPROVE_STOCK_AVAILABILITY;利用可能在庫の向上;;;;
ja;IMPROVE_SUPP_ORDER_FULLFM;サプライヤオーダーフルフィルメントの向上;;;;
ja;IMPROVE_USAGE_PLAN_RESULTS;後続処理のための計画結果の使用の向上;;;;
ja;IMPROVE_USE_DISCOUNTS;現金割引の使用の向上;;;;
ja;IMPROVE_WH_INV_CYCLE_COUNT;倉庫在庫循環棚卸の向上;;;;
ja;IMPROVE_WH_IS_CYCLE_TM;出庫サイクルタイムの向上;;;;
ja;IMPROVE_WH_REC_CYCLE_TM;倉庫受け入れサイクルタイムの向上;;;;
ja;IMPROVE_WBS_MD_QUAL;WBS 要素マスタデータ品質の向上;;;;
ja;INCREASE_ACC_CASH_ALL;現金割り当てにおける精度の向上;;;;
ja;INCREASE_ACC_DEL_QUANT_SCHED;納入数量および日程計画の精度の向上;;;;
ja;INCREASE_ACC_GI_PLAN_RED_LATE_SH;出庫計画の精度の向上および出荷遅延の削減;;;;
ja;INCREASE_ADH_EXP_DATES;予定日順守の向上;;;;
ja;INCREASE_ADH_MAINT_SCHED;保全日程計画順守の向上;;;;
ja;INCREASE_ADH_SERV_SCHED;サービス日程計画順守の向上;;;;
ja;INCREASE_ADHERENCE_SD_MANUF;販売と製造の間の計画日への順守の向上;;;;
ja;INCREASE_ADHERENCE_SD_PURCH;販売と購買の間の計画日への順守の向上;;;;
ja;INCREASE_AUTOMATIC_STOCK_POST;自動在庫転記の向上;;;;
ja;INCREASE_AUTOMATIC_USAGE_DECIS;自動使用決定の向上;;;;
ja;INCREASE_AUTOM_CUST_INV;顧客請求書の自動化率の向上;;;;
ja;INCREASE_AUTOM_OUTB_DEL_ITEM;出荷伝票明細作成の自動化率の向上;;;;
ja;INCREASE_AUTOM_RATE_INSPECTION_LOT;品質検査ロットの自動化率の向上;;;;
ja;INCREASE_AUTOM_ROP;支払いの自動化率の向上;;;;
ja;INCREASE_AUTOM_SCHED_LINES;納入日程行の自動化可能性の向上;;;;
ja;INCREASE_AUTOM_SD_DOCS;販売請求伝票の自動化率の向上;;;;
ja;INCREASE_AUTOMATION;自動化率の向上;;;;
ja;INCREASE_SCHEDULE_ADHERENCE;日程計画順守の向上;;;;
ja;INCREASE_DATE_ADHERENCE;製造プロセス全体の計画日への順守の向上;;;;
ja;INCREASE_MAINT_COMPL;保全完了の増加および向上;;;;
ja;INCREASE_SCP_AUTOMATION;自動化の程度およびサプライチェーン計画結果への順守の向上;;;;
ja;INCREASE_SERV_COMPL;サービス完了の増加および向上;;;;
ja;INCREASE_SUPP_PART_ANS_RATE;サプライヤの参加と回答レートの向上;;;;
ja;MONITOR_EVENT_BEH;イベント作成動作の監視;;;;
ja;MONITOR_PROJ_EVENT_PEND;選択待ちイベントのあるプロジェクトの監視;;;;
ja;MONITOR_SOURC_CO;供給元決定コンプライアンスの監視;;;;
ja;REDUCE_BACKLOG;バックログの削減;;;;
ja;REDUCE_COMPLIANCE;コンプライアンスの問題の削減;;;;
ja;REDUCE_DEL_CONV_PR_PO;購買依頼から購買発注への変換における遅延の低減;;;;
ja;REDUCE_DEL_CONV_STPR_STO;在庫転送購買依頼から在庫転送オーダーへの変換における遅延の低減;;;;
ja;REDUCE_EXCEP_PLAN_EXEC;計画実行中の例外数の削減;;;;
ja;REDUCE_INCOMP_SOS;不完全受注の削減および受注拒否率の評価;;;;
ja;REDUCE_INV_NOT_TRASF;会計管理に転送されていない請求書の削減;;;;
ja;REDUCE_LATE_CUST_PAY;遅延顧客支払いの削減;;;;
ja;REDUCE_LATE_DEL;納入遅延の削減;;;;
ja;REDUCE_LATE_SUPP_PAY;遅延サプライヤ支払いの削減;This dashboard lets you analyze if you’re paying your suppliers too late and learn how to reduce these late payments. Late payments can occur when your master data is incomplete, such as bank data, missing payment methods, or missing address information, when the supplier is blocked for postings and payments or when there are errors during payment runs. A payment is considered late if the FI-AP item of the supplier invoice was cleared after the calculated net due date.;"This dashboard visualizes metrics that are based on data from the following process flows:
1. Supplier invoice issuing (with purchase order) to FI-AP clearing
2. Supplier invoice issuing (without purchase order) to FI-AP clearing";From a working capital perspective, late payments might not necessarily be an issue since they increase DPO. However, paying late not only prevents you from making use of cash discounts, but it also risks damaging your supplier relationships or even paying penalty interest. To ensure that your customers receive their goods or services on time, it's essential for you to have good relationships with your suppliers and make sure that your suppliers deliver on time. It's therefore in your best interests to avoid paying your suppliers late.;The correction recommendations for this improvement opportunity focus on entering missing master data, on checking whether postings and payment blocks can be removed, and on training users to set the correct parameters in the payment run.
ja;REDUCE_MAN_ACT;マニュアルアクティビティの削減;;;;
ja;REDUCE_MAN_ACT_IMPR_USER_PROD;マニュアルアクティビティの削減とユーザの生産性の向上;;;;
ja;REDUCE_MAN_ADJ_MRP_RUN;MRP 実行結果へのマニュアル調整の削減;;;;
ja;REDUCE_MAN_ADJ_APP_PR;承認済み購買依頼でのマニュアル調整の削減;;;;
ja;REDUCE_MAN_ADJ_APP_STR;承認済み在庫転送依頼におけるマニュアル調整の削減;;;;
ja;REDUCE_NO_RETURNS_TO_SUPPL;サプライヤ返品数の削減;;;;
ja;REDUCE_NOT_USED_SCHED_AGR;使用されたことのない、または使用されなくなった有効な分納契約の削減;;;;
ja;REDUCE_OPEN_PAY_IMPR_DEL_SCH;未払いの削減および納入日程計画の向上;;;;
ja;REDUCE_OPEN_PURCH_COM_ITEMS;未処理および無効な購買未確定債務明細の削減;;;;
ja;REDUCE_OPEN_COM_ITEMS;未処理未確定債務明細の削減;;;;
ja;REDUCE_PROBL_BL_MANUF;製造におけるバックログの問題の削減;;;;
ja;REDUCE_PROBL_BL_PURCH;購買におけるバックログの問題の削減;;;;
ja;REDUCE_STOCKLEVEL_DELETED;削除対象または在庫打ち切り対象の組み合わせの在庫レベルの削減;;;;
ja;REDUCE_STOCKLEVEL_MOVE;最近移動されていない組み合わせの在庫レベルの削減;;;;
ja;REDUCE_WH_MGMT_COST_INBOUND;入荷処理の倉庫管理コストの削減;;;;
ja;REDUCE_WH_MGMT_COST_INTERNAL;倉庫管理内部コストの削減;;;;
ja;REDUCE_WH_MGMT_COST_OUTBOUND;出荷処理の倉庫管理コストの削減;;;;
ja;USE_AUTOMATION;自動化機会の使用;;;;
ja;USE_DUNNING;督促の効果的な使用;;;;