locale;id;text
en_US_sappsd;ARB_BILLTO;[[[Ɓįĺĺ-ţŏ Ƥąŗţŷ įŋ ŜĀƤ Āŗįƃą∙∙∙∙∙∙∙]]]
en_US_sappsd;ARB_ERP_VENDOR;[[[ĔŘƤ Ʋēŋƌŏŗ įŋ ŜĀƤ Āŗįƃą∙∙∙∙∙∙]]]
en_US_sappsd;ARB_PGRP;[[[Ƥűŗċĥąşįŋğ Ģŗŏűρ įŋ ŜĀƤ Āŗįƃą∙∙∙∙∙∙∙∙∙]]]
en_US_sappsd;ARB_PGRP_NAME;[[[Ƥűŗċĥ. Ģŗρ Ńąɱē įŋ ŜĀƤ Āŗįƃą∙∙∙∙∙∙∙∙]]]
en_US_sappsd;ARB_SHIPTO;[[[Ŝĥįρ-ţŏ Ƥąŗţŷ įŋ ŜĀƤ Āŗįƃą∙∙∙∙∙∙∙]]]
en_US_sappsd;ARB_SM_SUPPLIER;[[[ŜΜ Ŝűρρĺįēŗ įŋ ŜĀƤ Āŗįƃą∙∙∙∙∙∙]]]
en_US_sappsd;ARB_SM_SUPPLIER_NAME;[[[ŜΜ Ŝűρρĺįēŗ Ńąɱē įŋ Āŗįƃą∙∙∙∙∙∙∙]]]
en_US_sappsd;ARB_SUPPLIER;[[[Ŝűρρĺįēŗ įŋ ŜĀƤ Āŗįƃą∙∙∙∙∙]]]
en_US_sappsd;ARB_SUPPLIER_NAME;[[[Ŝűρρĺįēŗ Ńąɱē įŋ ŜĀƤ Āŗįƃą∙∙∙∙∙∙∙]]]
en_US_sappsd;BC_ARBGB;[[[Āρρĺįċąţįŏŋ Āŗēą∙∙∙∙∙∙∙∙]]]
en_US_sappsd;BC_ARKTX;[[[Ŝĥŏŗţ ţēχţ∙∙∙∙]]]
en_US_sappsd;BC_CHNGIND;[[[Ĉĥąŋğē Ţŷρē∙∙∙∙∙∙∙∙]]]
en_US_sappsd;BC_CLASS;[[[Ůşēŗ ğŗŏűρ įŋ űşēŗ ɱąşţēŗ∙∙∙∙∙∙∙]]]
en_US_sappsd;BC_DELTA;[[[Ďēĺţą įŋ Ďąŷş∙∙∙∙∙∙]]]
en_US_sappsd;BC_FLAG;[[[Ƒĺąğ şēţ/ŋŏţ şēţ∙∙∙∙∙∙∙∙]]]
en_US_sappsd;BC_KDAUF;[[[Ŝąĺēş Ŏŗƌēŗ Ńűɱƃēŗ∙∙∙∙∙∙]]]
en_US_sappsd;BC_KDEIN;[[[Ŝąĺēş Ŏŗƌ. Ŝċĥēƌűĺē∙∙∙∙∙]]]
en_US_sappsd;BC_KDPOS;[[[Ŝąĺēş Ŏŗƌ. Ƥŏş.∙∙∙∙]]]
en_US_sappsd;BC_MESSAGE;[[[Ţ100 Μēşşąğē Ţēχţ∙∙∙∙∙∙∙]]]
en_US_sappsd;BC_MSGNR;[[[Μēşşąğē ŋűɱƃēŗ∙∙∙∙∙]]]
en_US_sappsd;BC_NETVAL;[[[Ńēţ ʋąĺűē∙∙∙∙∙]]]
en_US_sappsd;BC_NUMBER;[[[Ńűɱƃēŗ∙∙∙∙∙∙∙∙]]]
en_US_sappsd;BC_QUANTITY;[[[Ǭűąŋţįţŷ∙∙∙∙∙∙]]]
en_US_sappsd;BC_REPORT;[[[Řēρŏŗţ ŋąɱē∙∙∙∙∙∙∙∙]]]
en_US_sappsd;BC_STATUS_ACTIVE;[[[Āċţįʋē/Ĭŋąċţįʋē∙∙∙∙]]]
en_US_sappsd;BC_SYMSGID;[[[Μēşşąğē ċĺąşş∙∙∙∙∙∙]]]
en_US_sappsd;BC_TCODE;[[[Ţŗąŋşąċţįŏŋ ċŏƌē∙∙∙∙∙∙∙∙]]]
en_US_sappsd;BC_TCODE_NOTXT;[[[ŢĈŏƌē (ŜēɱĬĎ ŵįţĥŏűţ Ţēχţ)∙∙∙∙∙∙∙]]]
en_US_sappsd;BC_UNIT;[[[Ůŋįţ]]]
en_US_sappsd;BC_USER;[[[Ůşēŗ]]]
en_US_sappsd;BC_USTYP;[[[Ůşēŗ Ţŷρē∙∙∙∙∙]]]
en_US_sappsd;BC_VARIANT;[[[Řēρŏŗţ Ʋąŗįąŋţ∙∙∙∙∙]]]
en_US_sappsd;BC_WAERS;[[[Ĉűŗŗēŋċŷ∙∙∙∙∙∙]]]
en_US_sappsd;BC_XFELD;[[[Ĉĥēċķƃŏχ ŶĔŜ/ŃŎ∙∙∙∙]]]
en_US_sappsd;BW_DOCNO;[[[Ďŏċűɱēŋţ ŋűɱƃēŗ∙∙∙∙]]]
en_US_sappsd;BW_POSNO;[[[Ĭţēɱ ŋűɱƃēŗ įŋ ƌŏċ.∙∙∙∙∙]]]
en_US_sappsd;CALDAY;[[[Ďąţē]]]
en_US_sappsd;CALMONTH;[[[Μŏŋţĥ∙∙∙∙∙∙∙∙∙]]]
en_US_sappsd;CALYEAR;[[[Ŷēąŗ]]]
en_US_sappsd;CRM_ACTIVITY_CAT;[[[Āċţįʋįţŷ Ĉąţēğŏŗŷ∙∙∙∙∙∙∙]]]
en_US_sappsd;CRM_ACTIVITY_CLASS;[[[Āċţįʋįţŷ Ĉĺąşş∙∙∙∙∙]]]
en_US_sappsd;CRM_AUTOMATION;[[[Ĉŗēąţēƌ ąűţŏɱąţįċąĺĺŷ∙∙∙∙∙]]]
en_US_sappsd;CRM_CATEGORY;[[[Ĉąţēğŏŗŷ∙∙∙∙∙∙]]]
en_US_sappsd;CRM_CHANGE_TYPE;[[[Ţŷρē ŏƒ Ĉĥąŋğē∙∙∙∙∙]]]
en_US_sappsd;CRM_CONTRACT_MESSAGE;[[[Ĉŏŋţŗąċţ Ďēţēŗɱįŋąţįŏŋ∙∙∙∙∙]]]
en_US_sappsd;CRM_CONTRACT_QUAN_VA;[[[Ʋąĺűē ŏŗ Ǭűąŋţįţŷ Ĉŏŋţŗąċţ∙∙∙∙∙∙∙]]]
en_US_sappsd;CRM_COUNTRY;[[[Ĉŏűŋţŗŷ∙∙∙∙∙∙∙]]]
en_US_sappsd;CRM_DIRECTION;[[[Ďįŗēċţįŏŋ ŏƒ ąŋ Āċţįʋįţŷ∙∙∙∙∙∙]]]
en_US_sappsd;CRM_DIS_CHANNEL;[[[Ďįşţŗįƃűţįŏŋ ċĥąŋŋēĺ∙∙∙∙]]]
en_US_sappsd;CRM_DIVISION;[[[Ďįʋįşįŏŋ∙∙∙∙∙∙]]]
en_US_sappsd;CRM_FIELD_DESC;[[[Ţąƃĺē ƒįēĺƌ ƌēşċŗįρţįŏŋ∙∙∙∙∙∙]]]
en_US_sappsd;CRM_FORECAST_REL;[[[Ƒŏŗēċąşţ Řēĺēʋąŋċē∙∙∙∙∙∙]]]
en_US_sappsd;CRM_IMPORTANCE;[[[Ŏρρŏŗţűŋįţŷ/Ļēąƌ Ƥŗįŏŗįţŷ∙∙∙∙∙∙∙]]]
en_US_sappsd;CRM_INBOX_STATUS;[[[Ŝţąţűş ŏƒ Āğēŋţ Ĭŋƃŏχ Ĭţēɱ∙∙∙∙∙∙∙]]]
en_US_sappsd;CRM_INDUSTRY;[[[Ĭŋƌűşţŗŷ Ŝēċţŏŗ∙∙∙∙]]]
en_US_sappsd;CRM_INPUT_CHANNEL;[[[Ĭŋρűţ ċĥąŋŋēĺ∙∙∙∙∙∙]]]
en_US_sappsd;CRM_ITEM_TYPE;[[[ĈŘΜ Ĭţēɱ Ţŷρē∙∙∙∙∙∙]]]
en_US_sappsd;CRM_LEAD_QUAL_LEVEL;[[[Ļēąƌ Ǭűąĺįƒįċąţįŏŋ Ļēʋēĺ∙∙∙∙∙∙]]]
en_US_sappsd;CRM_LEAD_TYPE;[[[Ļēąƌ Ģŗŏűρ∙∙∙∙]]]
en_US_sappsd;CRM_OBJECTIVE;[[[Ģŏąĺ ŏƒ ąŋ Āċţįʋįţŷ∙∙∙∙∙]]]
en_US_sappsd;CRM_OBJREF_PROFILE;[[[Ƥŗŏƒįĺē ĬĎ Ŏƃĵ.Řēĺąţįŏŋşĥįρ∙∙∙∙∙∙∙∙]]]
en_US_sappsd;CRM_OPPORT_TYPE;[[[Ŏρρŏŗţűŋįţŷ Ţŷρē∙∙∙∙∙∙∙∙]]]
en_US_sappsd;CRM_ORG_UNIT;[[[Ŏŗğ. Ůŋįţş įŋ ĈŘΜ (ĤŘƤ1000)∙∙∙∙∙∙∙∙]]]
en_US_sappsd;CRM_PARTNER;[[[ĈŘΜ Ƥąŗţŋēŗ∙∙∙∙∙∙∙∙]]]
en_US_sappsd;CRM_PHASE;[[[Ŝąĺēş Ŝţąğē∙∙∙∙∙∙∙∙]]]
en_US_sappsd;CRM_PRIORITY;[[[Ƥŗįŏŗįţŷ∙∙∙∙∙∙]]]
en_US_sappsd;CRM_PROCESSING_TYPE;[[[Ƥŗŏċēşşįŋğ Ţŷρē∙∙∙∙]]]
en_US_sappsd;CRM_PROCESS_BLOCKED;[[[Āċţįʋē Ĭŋƌįċąţŏŗ∙∙∙∙∙∙∙∙]]]
en_US_sappsd;CRM_PROCESS_TYPE;[[[Ɓűş. ţŗąŋşąċţįŏŋ ţŷρē∙∙∙∙∙]]]
en_US_sappsd;CRM_SALESCYCLE;[[[Ŝąĺēş Ĉŷċĺē∙∙∙∙∙∙∙∙]]]
en_US_sappsd;CRM_SALES_ORG;[[[ĈŘΜ şąĺēş ŏŗğąŋįžąţįŏŋ∙∙∙∙∙]]]
en_US_sappsd;CRM_SOURCE;[[[Ŏŗįğįŋ ŏƒ Ŏρρŏŗţűŋįţŷ/Ļēąƌ∙∙∙∙∙∙∙]]]
en_US_sappsd;CRM_STAT_BILLING;[[[Ɓįĺĺįŋğ Ŝţąţűş∙∙∙∙∙]]]
en_US_sappsd;CRM_STAT_CANCELLED;[[[Ĉąŋċēĺĺąţįŏŋ Ŝţąţűş∙∙∙∙∙]]]
en_US_sappsd;CRM_STAT_ERROR;[[[Ĕŗŗŏŗ Ŝţąţűş∙∙∙∙∙∙∙]]]
en_US_sappsd;CRM_STAT_FINAL_CONF;[[[Ƒįŋąĺ Ŝēŗʋįċē Ĉŏŋƒįŗɱąţįŏŋ∙∙∙∙∙∙∙]]]
en_US_sappsd;CRM_STAT_FOR_BILLING;[[[Řēĺ. Ŝţąţűş ƒŏŗ Ĉűɱűĺąţēƌ Ɓįĺĺ∙∙∙∙∙∙∙∙∙]]]
en_US_sappsd;CRM_STAT_GOODS_ISSUE;[[[Ģŏŏƌş Ĭşşűē Ŝţąţűş∙∙∙∙∙∙]]]
en_US_sappsd;CRM_STAT_LIFECYCLE;[[[Ļįƒē Ĉŷċĺē Ŝţąţűş∙∙∙∙∙∙∙]]]
en_US_sappsd;CRM_STAT_OPEN;"[[[Ŝţąţűş ""Ŏρēŋ""∙∙∙∙∙∙]]]"
en_US_sappsd;CRM_STAT_RELEASED;[[[Řēĺēąşē Ŝţąţűş∙∙∙∙∙]]]
en_US_sappsd;CRM_STAT_TRANSFER;[[[Ţŗąŋşƒēŗ Ŝţąţűş∙∙∙∙]]]
en_US_sappsd;CRM_TEMPLATE_TYPE;[[[ĈŘΜ Ţēɱρĺąţē Ţŷρē∙∙∙∙∙∙∙]]]
en_US_sappsd;CRM_USER_STATUS;[[[Ŝįţē ĬĎ∙∙∙∙∙∙∙]]]
en_US_sappsd;EKF_BILL_PROCESS;[[[Ɓįĺĺįŋğ Ƥŗŏċēşş∙∙∙∙]]]
en_US_sappsd;EKF_BILL_REVREASON;[[[Řēʋ. Řēąşŏŋ ƒŏŗ Ɓįĺĺįŋğ Ďŏċ.∙∙∙∙∙∙∙∙]]]
en_US_sappsd;EKF_BILL_TYPE;[[[Ɓįĺĺįŋğ Ţŷρē∙∙∙∙∙∙∙]]]
en_US_sappsd;EKF_DOCTYPE;[[[Ďŏċűɱēŋţ Ţŷρē∙∙∙∙∙∙]]]
en_US_sappsd;EKF_HBKID;[[[Ĥŏűşē ƃąŋķ∙∙∙∙]]]
en_US_sappsd;EKF_HVORG;[[[Μąįŋ Ţŗąŋşąċţįŏŋ ƒŏŗ Ļįŋē Ĭţēɱ∙∙∙∙∙∙∙∙∙]]]
en_US_sappsd;EKF_INVLOCK_KK;[[[Ĭŋʋŏįċįŋğ Ļŏċķ∙∙∙∙∙]]]
en_US_sappsd;EKF_INVTRIGLOCK;[[[Ĭŋʋŏįċįŋğ Ļŏċķ∙∙∙∙∙]]]
en_US_sappsd;EKF_INV_CATEGORY;[[[Ĭŋʋŏįċįŋğ Ĉąţēğŏŗŷ∙∙∙∙∙∙]]]
en_US_sappsd;EKF_INV_CRMODE;[[[Ĉŗēąţįŏŋ Μŏƌē∙∙∙∙∙∙]]]
en_US_sappsd;EKF_INV_ITEMTYPE;[[[Ţŷρē ŏƒ Ĭŋʋŏįċįŋğ Ĭţēɱ∙∙∙∙∙]]]
en_US_sappsd;EKF_INV_PROCESS;[[[Ĭŋʋŏįċįŋğ Ƥŗŏċēşş∙∙∙∙∙∙∙]]]
en_US_sappsd;EKF_INV_TYPE;[[[Ĭŋʋŏįċįŋğ Ţŷρē∙∙∙∙∙]]]
en_US_sappsd;EKF_ITEMTYPE;[[[Ţŷρē ŏƒ Ɓįĺĺįŋğ Ĭţēɱ∙∙∙∙]]]
en_US_sappsd;EKF_REVREASON;[[[Řēʋēŗşąĺ Řēąşŏŋ∙∙∙∙]]]
en_US_sappsd;EKF_SEGMT;[[[Ŝēğɱ. ƒŏŗ Ŝēğɱēŋţąĺ Řēρŏŗţįŋğ∙∙∙∙∙∙∙∙∙]]]
en_US_sappsd;EKF_SIMULATED;[[[Ĭŋʋŏįċįŋğ Řēƣűēşţ Ĭş Ŝįɱűĺąţēƌ∙∙∙∙∙∙∙∙∙]]]
en_US_sappsd;EKF_SRCDOCCAT_KK;[[[Ŝŏűŗċē Ďŏċ.Ĉąţ.∙∙∙∙]]]
en_US_sappsd;EKF_SRCDOCTYPE;[[[Ţŷρē ŏƒ Ŝŏűŗċē Ďŏċűɱēŋţ∙∙∙∙∙∙]]]
en_US_sappsd;EKF_SRCITEMCAT;[[[Ŝŏűŗċē Ĭţēɱ Ĉąţēğŏŗŷ∙∙∙∙]]]
en_US_sappsd;EKF_SRCPROCESS_KK;[[[Ŏŗįğįŋ Ƥŗŏċēşş ŏƒ Ɓįĺĺįŋğ Ďŏċ.∙∙∙∙∙∙∙∙∙]]]
en_US_sappsd;EKF_TVORG;[[[Ŝűƃţŗąŋşąċţįŏŋ ƒŏŗ Ďŏċ. Ĭţēɱ∙∙∙∙∙∙∙∙]]]
en_US_sappsd;EKF_UMSKZ;[[[Ŝρēċįąĺ Ģ/Ļ įŋƌįċąţŏŗ∙∙∙∙∙]]]
en_US_sappsd;EPR_MEINS;[[[Ůŋįţ ŏƒ Μēąşűŗēɱēŋţ∙∙∙∙∙]]]
en_US_sappsd;ERP_ABART;[[[Řēĺēąşē ţŷρē∙∙∙∙∙∙∙]]]
en_US_sappsd;ERP_ABFER;[[[Ŝĥįρɱēŋţ ċŏɱρĺēţįŏŋ ţŷρē∙∙∙∙∙∙]]]
en_US_sappsd;ERP_ABGRU;[[[Řēąşŏŋ ƒŏŗ ŗēĵēċţįŏŋ∙∙∙∙]]]
en_US_sappsd;ERP_ABGSL;[[[Řēşűĺţş Āŋąĺŷşįş Ķēŷ∙∙∙∙]]]
en_US_sappsd;ERP_ABLEINH;[[[Μēţēŗ ŗēąƌįŋğ űŋįţ∙∙∙∙∙∙]]]
en_US_sappsd;ERP_ABLEINHEIT;[[[Μēţēŗ ŗēąƌįŋğ űŋįţ∙∙∙∙∙∙]]]
en_US_sappsd;ERP_ABRVORG;[[[Ɓįĺĺįŋğ ţŗąŋşąċţįŏŋ∙∙∙∙∙]]]
en_US_sappsd;ERP_ABSTA;[[[Řēĵēċţįŏŋ şţąţűş∙∙∙∙∙∙∙∙]]]
en_US_sappsd;ERP_ABUEB;[[[Řēĺēąşē Ĉŗēąţįŏŋ Ƥŗŏƒįĺē∙∙∙∙∙∙]]]
en_US_sappsd;ERP_ABWST;[[[Ƥŗŏċēşşįŋğ ċŏŋţŗŏĺ∙∙∙∙∙∙]]]
en_US_sappsd;ERP_ACTION_CODE;[[[Āċţįŏŋ Ĉŏƌē∙∙∙∙∙∙∙∙]]]
en_US_sappsd;ERP_AFAPL;[[[Ĉĥąŗţ ŏƒ Ďēρŗēċįąţįŏŋ∙∙∙∙∙]]]
en_US_sappsd;ERP_AFASL;[[[Ďēρŗēċįąţįŏŋ Ķēŷ∙∙∙∙∙∙∙∙]]]
en_US_sappsd;ERP_AIMMO;[[[Ĭŋƌįċąţŏŗ: Řēąĺ Ĕşţąţē∙∙∙∙∙]]]
en_US_sappsd;ERP_AKKNZ;[[[ƤΜ Ŏŗƌēŗ Ĉąţēğŏŗŷ Ĭŋƌįċąţŏŗ∙∙∙∙∙∙∙∙]]]
en_US_sappsd;ERP_AKTNR;[[[Ƥŗŏɱŏţįŏŋ∙∙∙∙∙]]]
en_US_sappsd;ERP_ANDOR;[[[Ĭŋƌįċąţŏŗ ƒŏŗ ŎŘ ŏŗ ĀŃĎ ĺįŋķ∙∙∙∙∙∙∙∙]]]
en_US_sappsd;ERP_ANEQS;[[[Ĉŏɱρĺēţēŋēşş įŋƌįċąţŏŗ ąşşēţ∙∙∙∙∙∙∙∙]]]
en_US_sappsd;ERP_ANLKL;[[[Āşşēţ Ĉĺąşş∙∙∙∙∙∙∙∙]]]
en_US_sappsd;ERP_ANWND;[[[Āρρĺ. űşįŋğ ƃąŋķ ƌąţą şţŏŗąğē∙∙∙∙∙∙∙∙∙]]]
en_US_sappsd;ERP_APLID;[[[Ĕŗŗŏŗ Μąŋąğēɱēŋţ∙∙∙∙∙∙∙∙]]]
en_US_sappsd;ERP_APPLK;[[[Āρρĺįċąţįŏŋ ąŗēą∙∙∙∙∙∙∙∙]]]
en_US_sappsd;ERP_APROF;[[[Ŝēţţĺēɱēŋţ ρŗŏƒįĺē∙∙∙∙∙∙]]]
en_US_sappsd;ERP_AP_VERWE;[[[ŵŏŗķ ċēŋţēŗ ċąţēğŏŗŷ∙∙∙∙]]]
en_US_sappsd;ERP_ARGST;[[[Ţŏţąĺ şţąţűş ŏƒ şĥįρɱēŋţ ċŏşţş∙∙∙∙∙∙∙∙∙]]]
en_US_sappsd;ERP_ARTPR;[[[Ƥŗįŏŗįţŷ Ţŷρē∙∙∙∙∙∙]]]
en_US_sappsd;ERP_ASTNR;[[[Ŏŗƌēŗ şţąţűş∙∙∙∙∙∙∙]]]
en_US_sappsd;ERP_ATTYP;[[[Μąţēŗįąĺ Ĉąţēğŏŗŷ∙∙∙∙∙∙∙]]]
en_US_sappsd;ERP_AUART;[[[ƤƤ ŏŗƌēŗ ţŷρē∙∙∙∙∙∙]]]
en_US_sappsd;ERP_AUERU;[[[Ƥŗŏρŏşē ƒįŋąĺ ċŏŋƒ.∙∙∙∙∙]]]
en_US_sappsd;ERP_AUFSD;[[[Ĉűşţŏɱēŗ Ɓĺŏċķēƌ ƒŏŗ Ŏŗƌēŗş∙∙∙∙∙∙∙∙]]]
en_US_sappsd;ERP_AUFTYP;[[[Ŏŗƌēŗ ċąţēğŏŗŷ∙∙∙∙∙]]]
en_US_sappsd;ERP_AUGRD;[[[ĀŮĢŘĎ_ĶĶ∙∙∙∙∙∙]]]
en_US_sappsd;ERP_AUGRD_KK;[[[Ĉĺēąŗįŋğ Řēąşŏŋ ƑĬ-ĈĀ∙∙∙∙∙]]]
en_US_sappsd;ERP_AUGRU;[[[Ŏŗƌēŗ ŗēąşŏŋ∙∙∙∙∙∙∙]]]
en_US_sappsd;ERP_AUGST_KK;[[[Ĉĺēąŗįŋğ şţąţűş∙∙∙∙]]]
en_US_sappsd;ERP_AUREL;[[[Řēĺēʋąŋţ ţŏ ąĺĺŏċąţįŏŋ ţąƃĺē∙∙∙∙∙∙∙∙]]]
en_US_sappsd;ERP_AUTET;[[[Ůşąğē įŋ ąűţŏɱąţįċ ΜŘƤ∙∙∙∙∙]]]
en_US_sappsd;ERP_AUTOMATION;[[[Ĉŗēąţēƌ ąűţŏɱąţįċąĺĺŷ∙∙∙∙∙]]]
en_US_sappsd;ERP_AVORG;[[[Ŝēţţĺēɱēŋţ ţŗąŋşąċţįŏŋ∙∙∙∙∙]]]
en_US_sappsd;ERP_AWTYP;[[[Řēƒēŗēŋċē ρŗŏċēƌűŗē∙∙∙∙∙]]]
en_US_sappsd;ERP_BANPR;[[[ƤŘēƣ. ρŗŏċēşşįŋğ şţąţē∙∙∙∙∙]]]
en_US_sappsd;ERP_BAT_OR_DIA;[[[Ɓąţċĥ ŏŗ Ďįąĺŏğ∙∙∙∙]]]
en_US_sappsd;ERP_BCREASON;[[[Řēąşŏŋ ƒŏŗ Řēʋēŗşąĺ∙∙∙∙∙]]]
en_US_sappsd;ERP_BDART;[[[Řēƣűįŗēɱēŋţ ţŷρē∙∙∙∙∙∙∙∙]]]
en_US_sappsd;ERP_BEDAE;[[[Řēƣ. ţŷρē Ƥĺąŋŋēƌ Ĭŋƌēρ. Řēƣş∙∙∙∙∙∙∙∙∙]]]
en_US_sappsd;ERP_BEDAR;[[[Ŏŗįğįŋ ŏƒ Ŝţąŗţ Ďąţē∙∙∙∙]]]
en_US_sappsd;ERP_BELEGART;[[[Ďŏċűɱēŋţ ţŷρē∙∙∙∙∙∙]]]
en_US_sappsd;ERP_BEL_ART;[[[Ďŏċ. Ţŷρē Ŝēĺēċţįŏŋ ƒ. Ĭŋʋ.∙∙∙∙∙∙∙∙]]]
en_US_sappsd;ERP_BERID;[[[ΜŘƤ ąŗēą∙∙∙∙∙∙]]]
en_US_sappsd;ERP_BESKZ;[[[Ƥŗŏċűŗēɱēŋţ įŋƌįċąţŏŗ∙∙∙∙∙]]]
en_US_sappsd;ERP_BESTA;[[[Ďēĺ. Ĉŏŋƒ. Ŝţąţűş (Ĭţēɱ)∙∙∙∙∙∙]]]
en_US_sappsd;ERP_BESTQ;[[[Ŝţŏċķ Ĉąţēğŏŗŷ įŋ ŴΜŜ∙∙∙∙∙]]]
en_US_sappsd;ERP_BETYP;[[[Řēƣűįŗēɱēŋţ ţŷρē∙∙∙∙∙∙∙∙]]]
en_US_sappsd;ERP_BEZOB;[[[Řēƒēŗēŋċē ɱąŋƌąţŏŗŷ∙∙∙∙∙]]]
en_US_sappsd;ERP_BFART;[[[Ŝēŗʋįċē Ļēʋēĺ∙∙∙∙∙∙]]]
en_US_sappsd;ERP_BKLAS;[[[Ʋąĺűąţįŏŋ ċĺąşş∙∙∙∙]]]
en_US_sappsd;ERP_BLART;[[[Ďŏċűɱēŋţ ţŷρē∙∙∙∙∙∙]]]
en_US_sappsd;ERP_BLART_KK;[[[Ďŏċűɱēŋţ Ţŷρē∙∙∙∙∙∙]]]
en_US_sappsd;ERP_BLCKD;[[[Ƥűŗċĥąşē Řēƣűįşįţįŏŋ Ɓĺŏċķēƌ∙∙∙∙∙∙∙∙]]]
en_US_sappsd;ERP_BL_DOC_TYPE;[[[ƑΜ Ɓűƌğēţąŗŷ ƌŏċ.ţŷρ∙∙∙∙]]]
en_US_sappsd;ERP_BSAKZ;[[[Ĉŏŋţŗŏĺ įŋƌįċąţŏŗ ƒŏŗ ƤŎ ţŷρē∙∙∙∙∙∙∙∙∙]]]
en_US_sappsd;ERP_BSARK;[[[Ƥűŗċĥąşē ŏŗƌēŗ ţŷρē∙∙∙∙∙]]]
en_US_sappsd;ERP_BSCHL;[[[Ƥŏşţįŋğ ķēŷ∙∙∙∙∙∙∙∙]]]
en_US_sappsd;ERP_BSEXT;[[[Ĕχţēŗŋąĺ Ƥűŗċĥ. Ŏŗƌēŗş ąĺĺŏŵēƌ∙∙∙∙∙∙∙∙∙]]]
en_US_sappsd;ERP_BSINT;[[[Ĭŋţēŗŋąĺ Ƥűŗċĥ. Ŏŗƌēŗş ąĺĺŏŵēƌ∙∙∙∙∙∙∙∙∙]]]
en_US_sappsd;ERP_BSTAE;[[[Ĉŏŋƒįŗɱąţįŏŋ Ĉŏŋţŗŏĺ Ķēŷ∙∙∙∙∙∙]]]
en_US_sappsd;ERP_BSTAT;[[[Ďŏċűɱēŋţ şţąţűş∙∙∙∙]]]
en_US_sappsd;ERP_BSTYP;[[[Ƥűŗċĥ. ƌŏċ. ċąţēğŏŗŷ∙∙∙∙]]]
en_US_sappsd;ERP_BUKRS;[[[Ĉŏɱρąŋŷ Ĉŏƌē∙∙∙∙∙∙∙]]]
en_US_sappsd;ERP_BUSAB;[[[Āċċŏűŋţįŋğ ċĺēŗķ∙∙∙∙∙∙∙∙]]]
en_US_sappsd;ERP_BU_BPKIND;[[[Ɓűşįŋēşş Ƥąŗţŋēŗ Ţŷρē∙∙∙∙∙]]]
en_US_sappsd;ERP_BU_GROUP;[[[Ɓűşįŋēşş Ƥąŗţŋēŗ Ģŗŏűρįŋğ∙∙∙∙∙∙∙]]]
en_US_sappsd;ERP_BU_TYPE;[[[Ɓűşįŋēşş ρąŗţŋēŗ ċąţēğŏŗŷ∙∙∙∙∙∙∙]]]
en_US_sappsd;ERP_BWART;[[[Μŏʋēɱēŋţ ţŷρē ĬΜ∙∙∙∙∙∙∙∙]]]
en_US_sappsd;ERP_BWKEY;[[[Ʋąĺűąţįŏŋ ąŗēą∙∙∙∙∙]]]
en_US_sappsd;ERP_BWLVS;[[[Μŏʋēɱēŋţ ţŷρē ŴΜ∙∙∙∙∙∙∙∙]]]
en_US_sappsd;ERP_BWTAR;[[[Ʋąĺűąţįŏŋ ţŷρē∙∙∙∙∙]]]
en_US_sappsd;ERP_BWVAR;[[[Ʋąĺűąţįŏŋ ʋąŗįąŋţ∙∙∙∙∙∙∙]]]
en_US_sappsd;ERP_CDTCODE;[[[Ţŗąŋşąċţįŏŋ ŏƒ ċĥąŋğē∙∙∙∙∙]]]
en_US_sappsd;ERP_CHANGE_TYPE;[[[Ţŷρē ŏƒ Ĉĥąŋğē∙∙∙∙∙]]]
en_US_sappsd;ERP_CHARG;[[[Ɓąţċĥ ŋűɱƃēŗ∙∙∙∙∙∙∙]]]
en_US_sappsd;ERP_CMGST;[[[Ĉŗēƌįţ şţąţűş∙∙∙∙∙∙]]]
en_US_sappsd;ERP_CONTR_ART;[[[ĔŘƤ ċŏŋţŗąċţ ţŷρē∙∙∙∙∙∙∙]]]
en_US_sappsd;ERP_COTYP;[[[Ţŷρē ŏƒ Ĉŏŋţŗŏĺ Řēċįρē Ďēşţ.∙∙∙∙∙∙∙∙]]]
en_US_sappsd;ERP_COUNTRY;[[[ĔŘƤ ċŏűŋţŗŷ∙∙∙∙∙∙∙∙]]]
en_US_sappsd;ERP_CO_CRSTAT;[[[Ĉŏŋţŗŏĺ ŗēċįρē şţąţűş∙∙∙∙∙]]]
en_US_sappsd;ERP_CO_SELKZ;[[[Ŝēĺ.Ĭŋƌ. ƒ. ċŏşţįŋğ ĺįŋē įţēɱş∙∙∙∙∙∙∙∙∙]]]
en_US_sappsd;ERP_CTLPC;[[[Řįşķ ċąţēğŏŗŷ∙∙∙∙∙∙]]]
en_US_sappsd;ERP_CYCLE_DATE_KK;[[[Ďąŷ ŏƒ Ƥēŗįŏƌ Ĕŋƌ∙∙∙∙∙∙∙]]]
en_US_sappsd;ERP_CYCLE_DAY_KK;[[[Ɓįĺĺįŋğ Ĉŷċĺē∙∙∙∙∙∙]]]
en_US_sappsd;ERP_DELKZ;[[[ΜŘƤ ēĺēɱēŋţ∙∙∙∙∙∙∙∙]]]
en_US_sappsd;ERP_DISLS;[[[Ļŏţ şįžē (ɱąţēŗįąĺş ρĺąŋŋįŋğ)∙∙∙∙∙∙∙∙∙]]]
en_US_sappsd;ERP_DISMM;[[[ΜŘƤ ţŷρē∙∙∙∙∙∙]]]
en_US_sappsd;ERP_DISPO;[[[ΜŘƤ ċŏŋţŗŏĺĺēŗ∙∙∙∙∙]]]
en_US_sappsd;ERP_DISVF;[[[ΜŘƤ ρŗŏċēƌűŗē∙∙∙∙∙∙]]]
en_US_sappsd;ERP_DOCCAT;[[[Ďŏċűɱēŋţ Ĉąţēğŏŗŷ ĔŴΜ∙∙∙∙∙]]]
en_US_sappsd;ERP_DOCTYPE_PDI;[[[Ďŏċ. Ţŷρēş ƒŏŗ ĔŴΜ Ĭŋƃ. Ďēĺ.∙∙∙∙∙∙∙∙]]]
en_US_sappsd;ERP_DTART;[[[ΜŘƤ ĺįşţ ţŷρē∙∙∙∙∙∙]]]
en_US_sappsd;ERP_EBTYP;[[[Ĉŏŋƒįŗɱąţįŏŋ Ĉąţēğŏŗŷ∙∙∙∙∙]]]
en_US_sappsd;ERP_EFART;[[[Ĭŋρűţ ţŷρē∙∙∙∙]]]
en_US_sappsd;ERP_EIGKZ;[[[Ƥŗŏρēŗţŷ įŋƌįċąţŏŗ∙∙∙∙∙∙]]]
en_US_sappsd;ERP_EKGRP;[[[Ƥűŗċĥąşįŋğ ğŗŏűρ∙∙∙∙∙∙∙∙]]]
en_US_sappsd;ERP_EKORG;[[[Ƥűŗċĥąşįŋğ ŏŗğŋįžąţįŏŋ∙∙∙∙∙]]]
en_US_sappsd;ERP_ENDAR;[[[Ŏŗįğįŋ Ĕŋƌ Ďąţē∙∙∙∙]]]
en_US_sappsd;ERP_EQART;[[[Ŏƃĵēċţ Ţŷρē∙∙∙∙∙∙∙∙]]]
en_US_sappsd;ERP_EQTYP;[[[Ĕƣűįρɱēŋţ Ĉąţēğŏŗŷ∙∙∙∙∙∙]]]
en_US_sappsd;ERP_EQUNR;[[[Ĕƣűįρɱēŋţ Ńűɱƃēŗ∙∙∙∙∙∙∙∙]]]
en_US_sappsd;ERP_ERLOESE;[[[Řēʋēŋűē ρŏşţįŋğş∙∙∙∙∙∙∙∙]]]
en_US_sappsd;ERP_ERLRE;[[[Ĉŏɱρĺēţįŏŋ ŗűĺē∙∙∙∙]]]
en_US_sappsd;ERP_ESTAK;[[[Ŝţąţűş ŏƒ ρűŗċĥąşįŋğ ƌŏċűɱēŋţ∙∙∙∙∙∙∙∙∙]]]
en_US_sappsd;ERP_ESTKZ;[[[Ĉŗēąţįŏŋ įŋƌįċąţŏŗ∙∙∙∙∙∙]]]
en_US_sappsd;ERP_ETDRK;[[[Ƥŗįŋţ-ŗēĺēʋąŋţ∙∙∙∙∙]]]
en_US_sappsd;ERP_ETTYP;[[[Ŝċĥēƌűĺē ĺįŋē ċąţēğŏŗŷ∙∙∙∙∙]]]
en_US_sappsd;ERP_E_KOFIZ;[[[Āċċ.Ďēţ. ĬĎ ƒŏŗ ĬŜ-Ů ċŏŋţŗąċţş∙∙∙∙∙∙∙∙∙]]]
en_US_sappsd;ERP_FAKSD;[[[Ĉēŋţŗąĺ ƃįĺĺ. ƃĺŏċķ ċűşţŏɱēŗ∙∙∙∙∙∙∙∙]]]
en_US_sappsd;ERP_FAKSK;[[[Ɓįĺĺįŋğ ƃĺŏċķ ĥēąƌēŗ∙∙∙∙]]]
en_US_sappsd;ERP_FAKSP;[[[Ɓįĺĺįŋğ ƃĺŏċķ įţēɱ∙∙∙∙∙∙]]]
en_US_sappsd;ERP_FAREG;[[[Ɓįĺĺįŋğ ŗűĺē∙∙∙∙∙∙∙]]]
en_US_sappsd;ERP_FBGST;[[[Ŏʋēŗąĺĺ şţąţűş ŏƒ ċąĺċűĺąţįŏŋ∙∙∙∙∙∙∙∙∙]]]
en_US_sappsd;ERP_FDLEV;[[[Ƥĺąŋŋįŋğ Ļēʋēĺ∙∙∙∙∙]]]
en_US_sappsd;ERP_FDNAM_SD;[[[Ƒįēĺƌ ŋąɱēş ŜĎ∙∙∙∙∙]]]
en_US_sappsd;ERP_FEHGR;[[[Ĭŋċŏɱρĺēţįŏŋ ρŗŏċēƌűŗē∙∙∙∙∙]]]
en_US_sappsd;ERP_FEH_STA;[[[Ĉŏşţįŋğ şţąţűş∙∙∙∙∙]]]
en_US_sappsd;ERP_FEVOR;[[[Ƥŗŏƌűċţįŏŋ Ŝċĥēƌűĺēŗ (Ńŏ Ţēχţ)∙∙∙∙∙∙∙∙∙]]]
en_US_sappsd;ERP_FFPRF;[[[Ďŷŋąɱįċ Ĭţēɱ Ƥŗŏċēşşŏŗ Ƥŗŏƒįĺē∙∙∙∙∙∙∙∙∙]]]
en_US_sappsd;ERP_FIBL_DORIGIN;[[[Ģŗŏűρįŋğ ŏŗįğįŋ∙∙∙∙]]]
en_US_sappsd;ERP_FICA_INT_REASON;[[[ƑĬ-ĈĀ: Ĭŋţēŗŋąĺ Ďįşρűţē Ţŷρē∙∙∙∙∙∙∙∙]]]
en_US_sappsd;ERP_FIELD_DESC;[[[Ţąƃĺē ƒįēĺƌ ƌēşċŗįρţįŏŋ∙∙∙∙∙∙]]]
en_US_sappsd;ERP_FIKRS;[[[Ƒįŋąŋċįąĺ Μąŋąğēɱēŋţ Āŗēą∙∙∙∙∙∙∙]]]
en_US_sappsd;ERP_FKART;[[[Ɓįĺĺįŋğ ţŷρē∙∙∙∙∙∙∙]]]
en_US_sappsd;ERP_FKART_T;[[[Ŝĥįρɱēŋţ ċŏşţ ţŷρē∙∙∙∙∙∙]]]
en_US_sappsd;ERP_FKBER;[[[Ƒűŋċţįŏŋąĺ Āŗēą∙∙∙∙]]]
en_US_sappsd;ERP_FKIVP;[[[ĬƲ Ɓįĺĺįŋğ Ĭţēɱ Ŝţąţűş∙∙∙∙∙]]]
en_US_sappsd;ERP_FKPTY;[[[Ĭţēɱ ċąţēğŏŗŷ şĥįρɱēŋţ ċŏşţş∙∙∙∙∙∙∙∙]]]
en_US_sappsd;ERP_FKREL;[[[Řēĺēʋąŋţ ƒŏŗ ƃįĺĺįŋğ∙∙∙∙]]]
en_US_sappsd;ERP_FKSAA;[[[Ɓįĺĺ. şţąţűş įţēɱ ŏŗƌēŗ ŗēĺ.∙∙∙∙∙∙∙∙]]]
en_US_sappsd;ERP_FKSTA;[[[Ɓįĺĺįŋğ şţąţűş (ƌēĺ.)∙∙∙∙∙]]]
en_US_sappsd;ERP_FKSTK;[[[Ɓįĺĺįŋğ şţąţűş∙∙∙∙∙]]]
en_US_sappsd;ERP_FKSTO;[[[Ɓįĺĺįŋğ ƌŏċ. ċąŋċēĺĺēƌ∙∙∙∙∙]]]
en_US_sappsd;ERP_FKTYP;[[[Ɓįĺĺįŋğ ċąţēğŏŗŷ∙∙∙∙∙∙∙∙]]]
en_US_sappsd;ERP_FM_BTART;[[[Āɱŏűŋţ Ţŷρē (ƑΜ)∙∙∙∙∙∙∙∙]]]
en_US_sappsd;ERP_FM_WRTTP;[[[Ʋąĺűē Ţŷρē (ƑΜ)∙∙∙∙]]]
en_US_sappsd;ERP_FPART;[[[Ɓįĺĺįŋğ Ƥĺąŋ Ţŷρē∙∙∙∙∙∙∙]]]
en_US_sappsd;ERP_FPTYP;[[[Ɓįĺĺįŋğ Ƥĺąŋ Ĉąţēğŏŗŷ∙∙∙∙∙]]]
en_US_sappsd;ERP_FRGGR;[[[Řēĺēąşē ğŗŏűρ∙∙∙∙∙∙]]]
en_US_sappsd;ERP_FRGKE;[[[Řēĺēąşē Ĭŋƌ. įŋ Ƥűŗċĥ. Ďŏċ.∙∙∙∙∙∙∙∙]]]
en_US_sappsd;ERP_FRGKZ;[[[Řēĺēąşē įŋƌįċąţŏŗ∙∙∙∙∙∙∙]]]
en_US_sappsd;ERP_FRGSX;[[[Řēĺēąşē şţŗąţēğŷ∙∙∙∙∙∙∙∙]]]
en_US_sappsd;ERP_FRKRL;[[[Ŝĥįρɱēŋţ ċŏşţş ŗēĺēʋąŋċē∙∙∙∙∙∙]]]
en_US_sappsd;ERP_FSSTA;[[[Ɓįĺĺįŋğ ƃĺŏċķ şţąţűş įţēɱ∙∙∙∙∙∙∙]]]
en_US_sappsd;ERP_FSTAG;[[[Ƒįēĺƌ şţąţűş ğŗŏűρ∙∙∙∙∙∙]]]
en_US_sappsd;ERP_GBSTA;[[[Ŏʋēŗąĺĺ Ƥŗŏċ. Ŝţąţűş (Ĭţēɱ)∙∙∙∙∙∙∙∙]]]
en_US_sappsd;ERP_GBSTK;[[[Ŏʋēŗąĺĺ Ƥŗŏċ. Ŝţąţűş (Ĥēąƌēŗ)∙∙∙∙∙∙∙∙∙]]]
en_US_sappsd;ERP_GLVOR;[[[Ɓűşįŋēşş Ţŗąŋşąċţįŏŋ∙∙∙∙]]]
en_US_sappsd;ERP_GPART;[[[Ɓűşįŋēşş Ƥąŗţŋēŗ∙∙∙∙∙∙∙∙]]]
en_US_sappsd;ERP_GRDTX;[[[Řēąşŏŋ ƒŏŗ ʋąŗįąŋċēş∙∙∙∙]]]
en_US_sappsd;ERP_GRPID;[[[Ɓąţċĥ Ĭŋρűţ Ŝēşşįŏŋ∙∙∙∙∙]]]
en_US_sappsd;ERP_GRUND;[[[Řēąşŏŋ ƒŏŗ įŋʋēŋţŏŗŷ ƌįƒƒ.∙∙∙∙∙∙∙]]]
en_US_sappsd;ERP_GSBER;[[[Ɓűşįŋēşş ąŗēą∙∙∙∙∙∙]]]
en_US_sappsd;ERP_HERKUNFT;[[[Ĭŋşρ. ĺŏţ ŏŗįğįŋ∙∙∙∙∙∙∙∙]]]
en_US_sappsd;ERP_HERKZ;[[[Ŏŗįğįŋ ŏƒ Ńŏţįƒįċąţįŏŋ∙∙∙∙∙]]]
en_US_sappsd;ERP_HKONT;[[[Ģ/Ļ ąċċŏűŋţ∙∙∙∙∙∙∙∙]]]
en_US_sappsd;ERP_HKTID;[[[ĬĎ ƒŏŗ ąċċŏűŋţ ƌēţąįĺş∙∙∙∙∙]]]
en_US_sappsd;ERP_HORIZ;[[[Ĥŏŗįžŏŋ∙∙∙∙∙∙∙]]]
en_US_sappsd;ERP_HORIZ_QUALIFIER;[[[Ǭűąĺįƒįēŗş ŏƒ Ĉąĺĺ Ĥŏŗžįŏŋ∙∙∙∙∙∙∙]]]
en_US_sappsd;ERP_HVORG;[[[Μąįŋ Ţŗąŋşąċţįŏŋ∙∙∙∙∙∙∙∙]]]
en_US_sappsd;ERP_ILART;[[[Μąįŋţēŋąŋċē ąċţįʋįţŷ ţŷρē∙∙∙∙∙∙∙]]]
en_US_sappsd;ERP_IM_PROFIL;[[[Ĭŋʋēşţɱēŋţ ɱēąşűŗē ρŗŏƒįĺē∙∙∙∙∙∙∙]]]
en_US_sappsd;ERP_INACT;[[[Ĭŋƌįċąţŏŗ: Ŝţąţűş Ĭş Ĭŋąċţįʋē∙∙∙∙∙∙∙∙∙]]]
en_US_sappsd;ERP_INCO1;[[[Ĭŋċŏţēŗɱş ρąŗţ 1∙∙∙∙∙∙∙∙]]]
en_US_sappsd;ERP_INGRP;[[[Ƥĺąŋŋēŗ Ģŗŏűρ∙∙∙∙∙∙]]]
en_US_sappsd;ERP_INSMK;[[[Ŝţŏċķ Ţŷρē∙∙∙∙]]]
en_US_sappsd;ERP_INTAG;[[[Ĭŋţēŗρŗēţ. ąĺğŏŗįţĥɱ∙∙∙∙]]]
en_US_sappsd;ERP_ISTAT_D;[[[Ƥĺąŋŋįŋğ Ŝţąţűş∙∙∙∙]]]
en_US_sappsd;ERP_ITEM_CATEGORY;[[[ĔŴΜ Ĭţēɱ Ĉąţēğŏŗįēş∙∙∙∙∙]]]
en_US_sappsd;ERP_IVTYPE;[[[ĬƲ Ĉąţēğŏŗŷ∙∙∙∙∙∙∙∙]]]
en_US_sappsd;ERP_IWERK_INGRP;[[[Ƥĺąŋţ+Ƥĺąŋŋēŗ Ģŗŏűρ∙∙∙∙∙]]]
en_US_sappsd;ERP_KALKA;[[[Ĉŏşţįŋğ Ţŷρē∙∙∙∙∙∙∙]]]
en_US_sappsd;ERP_KALNR;[[[ƤŗŏƌĈŏşţĔşţ.Ńŏ.∙∙∙∙]]]
en_US_sappsd;ERP_KALSM_SD;[[[Ƥŗįċįŋğ Ƥŗŏċēƌűŗēŋ įŋ ŜĎ∙∙∙∙∙∙]]]
en_US_sappsd;ERP_KAPPL;[[[Āρρĺįċąţįŏŋ∙∙∙∙∙∙∙∙]]]
en_US_sappsd;ERP_KBLART;[[[Ďŏċ. Ţŷρē: Μąŋűąĺ Ďŏċ. Ĕŋţŗŷ∙∙∙∙∙∙∙∙]]]
en_US_sappsd;ERP_KBLTYP;[[[Ĕąŗɱąŗķēƌ Ƒűŋƌş Ďŏċ. Ĉąţēğŏŗŷ∙∙∙∙∙∙∙∙∙]]]
en_US_sappsd;ERP_KBNKZ;[[[Ķąŋƃąŋ Ĭŋƌįċąţŏŗ∙∙∙∙∙∙∙∙]]]
en_US_sappsd;ERP_KHERK;[[[Ŏŗįğįŋ ŏƒ ċŏŋƌįţįŏŋ∙∙∙∙∙]]]
en_US_sappsd;ERP_KKBER;[[[Ĉŗēƌįţ ċŏŋţŗŏĺ ąŗēą∙∙∙∙∙]]]
en_US_sappsd;ERP_KLIMP;[[[Ĉąŗŗŷ ŏűţ ċŗēƌįţ ĺįɱįţ ċĥēċķ∙∙∙∙∙∙∙∙]]]
en_US_sappsd;ERP_KLVAR;[[[Ĉŏşţįŋğ ʋąŗįąŋţ∙∙∙∙]]]
en_US_sappsd;ERP_KMANU;[[[Ďēąĺįŋğ ŵįţĥ ɱąŋűąĺ ċŏŋƌįţįŏŋş∙∙∙∙∙∙∙∙∙]]]
en_US_sappsd;ERP_KMEIN;[[[Ĉŏŋƌįţįŏŋ űŋįţ įŋ ţĥē ƌŏċűɱēŋţ∙∙∙∙∙∙∙∙∙]]]
en_US_sappsd;ERP_KNPRS;[[[Ƥŗįċįŋğ ţŷρē∙∙∙∙∙∙∙]]]
en_US_sappsd;ERP_KNTTP;[[[Āċċŏűŋţ ąşşįğŋɱ. ċąţ.∙∙∙∙∙]]]
en_US_sappsd;ERP_KOARS;[[[Āċċŏűŋţ ţŷρēş∙∙∙∙∙∙]]]
en_US_sappsd;ERP_KOART;[[[Āċċŏűŋţ Ţŷρē∙∙∙∙∙∙∙]]]
en_US_sappsd;ERP_KOFIZ_KK;[[[Āċċŏűŋţ Ďēţēŗɱįŋąţįŏŋ ĬĎ∙∙∙∙∙∙]]]
en_US_sappsd;ERP_KOKRS;[[[Ĉŏŋţŗŏĺĺįŋğ ąŗēą∙∙∙∙∙∙∙∙]]]
en_US_sappsd;ERP_KOSTA;[[[Ƥįċķįŋğ şţąţűş/Ƥűţąŵąŷ şţąţűş∙∙∙∙∙∙∙∙∙]]]
en_US_sappsd;ERP_KOSTK;[[[Ƥįċķįŋğ şţąţűş∙∙∙∙∙]]]
en_US_sappsd;ERP_KOSTL;[[[Ĉŏşţ ċēŋţēŗ∙∙∙∙∙∙∙∙]]]
en_US_sappsd;ERP_KOWRR;[[[Ŝţąţįşţįċąĺ ʋąĺűēş∙∙∙∙∙∙]]]
en_US_sappsd;ERP_KSCHL;[[[Ĉŏŋƌįţįŏŋş Ţŷρē∙∙∙∙]]]
en_US_sappsd;ERP_KSTAR;[[[Ĉŏşţ Ĕĺēɱēŋţ∙∙∙∙∙∙∙]]]
en_US_sappsd;ERP_KSTEU;[[[Ĉŏŋƌįţįŏŋ ċŏŋţŗŏĺ∙∙∙∙∙∙∙]]]
en_US_sappsd;ERP_KTGRD;[[[Āċċţ Āşşɱţ Ģŗρ Ĉűşţ.∙∙∙∙]]]
en_US_sappsd;ERP_KTGRM;[[[Āċċţ Āşşɱţ Ģŗρ Μąţ.∙∙∙∙∙]]]
en_US_sappsd;ERP_KTOGR;[[[Āċċŏűŋţ Ďēţēŗɱįŋąţįŏŋ∙∙∙∙∙]]]
en_US_sappsd;ERP_KTOKD;[[[Ĉűşţ Āċċŏűŋţ Ģŗŏűρ∙∙∙∙∙∙]]]
en_US_sappsd;ERP_KTOKK;[[[Ʋēŋƌŏŗ ąċċŏűŋţ ğŗŏűρ∙∙∙∙]]]
en_US_sappsd;ERP_KTOKL;[[[Āċċŏűŋţ ċĺąşş∙∙∙∙∙∙]]]
en_US_sappsd;ERP_KTOPL;[[[Ĉĥąŗţ ŏƒ ąċċŏűŋţş∙∙∙∙∙∙∙]]]
en_US_sappsd;ERP_KUKLA;[[[Ĉűşţŏɱēŗ ċĺąşşįƒįċąţįŏŋ∙∙∙∙∙∙]]]
en_US_sappsd;ERP_KUNNR;[[[Ĉűşţŏɱēŗ∙∙∙∙∙∙]]]
en_US_sappsd;ERP_KZVBR;[[[Ĉŏŋşűɱρţįŏŋ ρŏşţįŋğ∙∙∙∙∙]]]
en_US_sappsd;ERP_LAUFI;[[[Ƥąŷɱēŋţ ŗűŋ ĬĎ∙∙∙∙∙]]]
en_US_sappsd;ERP_LAUFK;[[[Ļēğ įŋƌįċąţŏŗ∙∙∙∙∙∙]]]
en_US_sappsd;ERP_LBWST;[[[Ʋąĺűąţįŏŋ Ŝţŗąţēğŷ∙∙∙∙∙∙]]]
en_US_sappsd;ERP_LDEST;[[[Ŝρŏŏĺ: Ŏűţρűţ ƌēʋįċē∙∙∙∙]]]
en_US_sappsd;ERP_LFART;[[[Ďēĺįʋēŗŷ ţŷρē∙∙∙∙∙∙]]]
en_US_sappsd;ERP_LFGSA;[[[Ďēĺįʋēŗŷ şţąţűş∙∙∙∙]]]
en_US_sappsd;ERP_LGNUM;[[[Ŵąŗēĥŏűşē ŋűɱƃēŗ∙∙∙∙∙∙∙∙]]]
en_US_sappsd;ERP_LGORT;[[[Ŝţŏŗąğē ĺŏċąţįŏŋ∙∙∙∙∙∙∙∙]]]
en_US_sappsd;ERP_LGTYP;[[[Ŝţŏŗąğē ţŷρē∙∙∙∙∙∙∙]]]
en_US_sappsd;ERP_LIEF;[[[Ŏρēŗąţįŏŋ Ĕχţēŗŋąĺ Ƥŗŏċēşşįŋğ∙∙∙∙∙∙∙∙∙]]]
en_US_sappsd;ERP_LIFNR;[[[Ŝűρρĺįēŗ∙∙∙∙∙∙]]]
en_US_sappsd;ERP_LIFSD;[[[Ĉēŋţŗąĺ ƌēĺ. ƃĺŏċķ ċűşţŏɱēŗ∙∙∙∙∙∙∙∙]]]
en_US_sappsd;ERP_LIFSK;[[[Ďēĺįʋēŗŷ ƃĺŏċķ ĥēąƌēŗ∙∙∙∙∙]]]
en_US_sappsd;ERP_LIFSP;[[[Ďēĺįʋēŗŷ ƃĺŏċķ įţēɱ∙∙∙∙∙]]]
en_US_sappsd;ERP_LISOF;[[[Ĉŗēąţē ƌēĺįʋēŗŷ įɱɱēƌįąţēĺŷ∙∙∙∙∙∙∙∙]]]
en_US_sappsd;ERP_LLAND;[[[Ďēşţįŋąţįŏŋ ċŏűŋţŗŷ∙∙∙∙∙]]]
en_US_sappsd;ERP_LOCKR;[[[Ļŏċķ Řēąşŏŋ∙∙∙∙∙∙∙∙]]]
en_US_sappsd;ERP_LOEKZ;[[[Ďēĺēţįŏŋ Ĭŋƌ. įŋ Ƥűŗċĥ. Ďŏċ.∙∙∙∙∙∙∙∙]]]
en_US_sappsd;ERP_LOEKZ_ESSR;[[[Ďēĺēţįŏŋ įŋƌ. įŋ ēŋţŗŷ şĥēēţ∙∙∙∙∙∙∙∙]]]
en_US_sappsd;ERP_LOGSYSTEM;[[[Ļŏğįċąĺ şŷşţēɱ∙∙∙∙∙]]]
en_US_sappsd;ERP_LOTYP;[[[Ļŏċķ Ŏƃĵēċţ Ĉąţēğŏŗŷ∙∙∙∙]]]
en_US_sappsd;ERP_LPRIO;[[[Ďēĺįʋēŗŷ Ƥŗįŏŗįţŷ∙∙∙∙∙∙∙]]]
en_US_sappsd;ERP_LSSTA;[[[Ďēĺ. ƃĺŏċķ şţąţűş∙∙∙∙∙∙∙]]]
en_US_sappsd;ERP_LSSTK;[[[Ŏʋēŗąĺĺ ƌēĺ. ƃĺŏċķ şţąţűş∙∙∙∙∙∙∙]]]
en_US_sappsd;ERP_LVSTA;[[[ŴΜ ąċţįʋįţŷ şţąţűş∙∙∙∙∙∙]]]
en_US_sappsd;ERP_LVSTK;[[[ŴΜ şţąţűş∙∙∙∙∙]]]
en_US_sappsd;ERP_MAABC;[[[ĀƁĈ Ĭŋƌįċąţŏŗ∙∙∙∙∙∙]]]
en_US_sappsd;ERP_MABER;[[[Ďűŋŋįŋğ Āŗēą∙∙∙∙∙∙∙]]]
en_US_sappsd;ERP_MAFID;[[[Řēċŏŗƌ ţŷρē∙∙∙∙∙∙∙∙]]]
en_US_sappsd;ERP_MAGRV;[[[Μąţĺ Ģŗρ Ƥąċķ.Μąţĺş∙∙∙∙∙]]]
en_US_sappsd;ERP_MAHNA;[[[Ďűŋŋįŋğ Ƥŗŏċēƌűŗē∙∙∙∙∙∙∙]]]
en_US_sappsd;ERP_MAHNV;[[[Ďűŋŋįŋğ Ƥŗŏċēƌűŗē∙∙∙∙∙∙∙]]]
en_US_sappsd;ERP_MANOUTSORT;[[[Μąŋűąĺ ŎŜ įŋ Ɓįĺĺįŋğ∙∙∙∙]]]
en_US_sappsd;ERP_MANOUTS_IN;[[[Řşŋ. ɱŋĺ. Ŏűţşŗţğ. įŋ Ĭŋʋċğ.∙∙∙∙∙∙∙∙]]]
en_US_sappsd;ERP_MANSP;[[[Ďűŋŋįŋğ ƃĺŏċķ∙∙∙∙∙∙]]]
en_US_sappsd;ERP_MANST;[[[Ďűŋŋįŋğ ĺēʋēĺ∙∙∙∙∙∙]]]
en_US_sappsd;ERP_MANUAL;[[[Ģēŋēŗąţēƌ Μąŋűąĺĺŷ∙∙∙∙∙∙]]]
en_US_sappsd;ERP_MANUE;[[[Μēşşąğē ρŗŏċēşşēƌ ɱąŋűąĺĺŷ∙∙∙∙∙∙∙]]]
en_US_sappsd;ERP_MANUR;[[[Ĭŋƌ. ƒŏŗ Ţŷρē ŏƒ Ĉŏŋƒįŗɱąţįŏŋ∙∙∙∙∙∙∙∙∙]]]
en_US_sappsd;ERP_MATKL;[[[Μąţēŗįąĺ ğŗŏűρ∙∙∙∙∙]]]
en_US_sappsd;ERP_MATNR;[[[Μąţēŗįąĺ ŋűɱƃēŗ∙∙∙∙]]]
en_US_sappsd;ERP_MEDKZ;[[[Ƥĺŋŋƌ Ŏŗƌēŗ Ďįşţŗįƃ.∙∙∙∙]]]
en_US_sappsd;ERP_MEILR;[[[Μįĺēşţŏŋē ċŏŋƒ.∙∙∙∙]]]
en_US_sappsd;ERP_MEPROCSTATE;[[[Ƥűŗċĥ. ƌŏċ. ρŗŏċēşşįŋğ şţąţűş∙∙∙∙∙∙∙∙∙]]]
en_US_sappsd;ERP_MITKZ;[[[Řēċŏŋċįĺįąţįŏŋ įŋƌįċąţŏŗ∙∙∙∙∙∙]]]
en_US_sappsd;ERP_MKSP;[[[Ƥŗŏƌűċţįŏŋ ʋēŗşįŏŋ įş ĺŏċķēƌ∙∙∙∙∙∙∙∙]]]
en_US_sappsd;ERP_MMSTA;[[[Ƥĺąŋţ-şρēċ. ɱąţ. şţąţűş∙∙∙∙∙∙]]]
en_US_sappsd;ERP_MODIFLAG;[[[Ĉĥąŋğēąƃĺē∙∙∙∙]]]
en_US_sappsd;ERP_MPTYP;[[[Μąįŋţēŋąŋċē ρĺąŋ ċąţēğŏŗŷ∙∙∙∙∙∙∙]]]
en_US_sappsd;ERP_MRM_ZLSPR;[[[Ļŏğįşţįċş ρąŷɱēŋţ ƃĺŏċķ∙∙∙∙∙∙]]]
en_US_sappsd;ERP_MSCHL;[[[Ďűŋŋįŋğ ķēŷ∙∙∙∙∙∙∙∙]]]
en_US_sappsd;ERP_MSGAR;[[[Μēşşąğē ţŷρē∙∙∙∙∙∙∙]]]
en_US_sappsd;ERP_MSTAE;[[[Ĉŗŏşş ɱąţ. şţąţűş∙∙∙∙∙∙∙]]]
en_US_sappsd;ERP_MSTYP_KK;[[[Ďűŋŋįŋğ Ļēʋēĺ Ĉąţēğŏŗŷ∙∙∙∙∙]]]
en_US_sappsd;ERP_MTART;[[[Μąţēŗįąĺ ţŷρē∙∙∙∙∙∙]]]
en_US_sappsd;ERP_MTVFP;[[[Ĉĥēċķįŋğ Ģŗŏűρ ƒ. Āʋąįĺ. Ĉĥēċķ∙∙∙∙∙∙∙∙∙]]]
en_US_sappsd;ERP_NABPF;[[[Ńŏţ ƒŏŗ şēţţĺēɱēŋţ∙∙∙∙∙∙]]]
en_US_sappsd;ERP_NACHA;[[[Μşğ. ţŗąŋşɱįşşįŏŋ ɱēƌįűɱ∙∙∙∙∙∙]]]
en_US_sappsd;ERP_NCOST;[[[Ďŏ Ńŏţ Ĉŏşţ∙∙∙∙∙∙∙∙]]]
en_US_sappsd;ERP_NODIS;[[[Řēƣ.ŗēċŏŗƌ ŋŏţ ŗēĺēʋąŋţ ţŏ ΜŘƤ∙∙∙∙∙∙∙∙∙]]]
en_US_sappsd;ERP_NO_DISP_PLUS;[[[Ĕƒƒēċţįʋē ƒŏŗ ɱąţ. ρĺ.∙∙∙∙∙]]]
en_US_sappsd;ERP_OBART;[[[Ŏƃĵēċţ ţŷρē∙∙∙∙∙∙∙∙]]]
en_US_sappsd;ERP_OBJTYPE;[[[Ŏƃĵēċţ ţŷρē∙∙∙∙∙∙∙∙]]]
en_US_sappsd;ERP_OBLACT;[[[Ĉŏɱɱįţɱēŋţş Μąŋąğēɱēŋţ Āċţįʋē∙∙∙∙∙∙∙∙∙]]]
en_US_sappsd;ERP_OBLIGO;[[[Ĉŏɱɱįţɱēŋţş Μąŋąğēɱēŋţ Āċţįʋē∙∙∙∙∙∙∙∙∙]]]
en_US_sappsd;ERP_OTYPE;[[[Ŏƃĵēċţ Ţŷρē∙∙∙∙∙∙∙∙]]]
en_US_sappsd;ERP_PAART;[[[Ŏŗƌēŗ ţŷρē ρĺąŋŋēƌ ŏŗƌēŗ∙∙∙∙∙∙]]]
en_US_sappsd;ERP_PARTNER;[[[ĔŘƤ Ɓűşįŋēşş Ƥąŗţŋēŗ∙∙∙∙]]]
en_US_sappsd;ERP_PARVW;[[[Ƥąŗţŋēŗ Ƒűŋċţįŏŋ∙∙∙∙∙∙∙∙]]]
en_US_sappsd;ERP_PDSTA;[[[ƤŎĎ şţąţűş ŏŋ įţēɱ ĺēʋēĺ∙∙∙∙∙∙]]]
en_US_sappsd;ERP_PDSTK;[[[Ƥŗŏŏƒ ŏƒ ƌēĺįʋēŗŷ şţąţűş∙∙∙∙∙∙]]]
en_US_sappsd;ERP_PERBZ;[[[Ŝēţţĺēɱēŋţ ţŷρē∙∙∙∙]]]
en_US_sappsd;ERP_PERIO;[[[Ńēχţ Ɓįĺĺįŋğ Ďąţē∙∙∙∙∙∙∙]]]
en_US_sappsd;ERP_PERIV;[[[Ƒįşċąĺ Ŷēąŗ Ʋąŗįąŋţ∙∙∙∙∙]]]
en_US_sappsd;ERP_PKSTA;[[[Ƥąċķįŋğ şţąţűş ŏƒ įţēɱ∙∙∙∙∙]]]
en_US_sappsd;ERP_PLANV;[[[ĔŘƤ Ķēŷ ƒŏŗ ţąşķ ĺįşţ űşąğē∙∙∙∙∙∙∙∙]]]
en_US_sappsd;ERP_PLAN_SORT;[[[Ŝŏŗţ ƒįēĺƌ ƒŏŗ ɱąįŋţ. ρĺąŋş∙∙∙∙∙∙∙∙]]]
en_US_sappsd;ERP_PLKNZ;[[[ƤΜ ŏŗƌēŗ ρĺąŋŋįŋğ įŋƌįċąţŏŗ∙∙∙∙∙∙∙∙]]]
en_US_sappsd;ERP_PLNST;[[[Ţąşķ ĺįşţ şţąţűş∙∙∙∙∙∙∙∙]]]
en_US_sappsd;ERP_PLNTY;[[[Ţąşķ Ļįşţ Ţŷρē∙∙∙∙∙]]]
en_US_sappsd;ERP_PLSCN;[[[Ƥĺąŋŋįŋğ şċēŋąŗįŏ∙∙∙∙∙∙∙]]]
en_US_sappsd;ERP_PMCS_IND;[[[ƤΜ / ĈŜ įŋƌįċąţŏŗ∙∙∙∙∙∙∙]]]
en_US_sappsd;ERP_POKEN;[[[Μēşşąğē ŋűɱƃēŗ∙∙∙∙∙]]]
en_US_sappsd;ERP_PORTION;[[[Ƥŏŗţįŏŋ∙∙∙∙∙∙∙]]]
en_US_sappsd;ERP_POSAR;[[[Ĭţēɱ Ţŷρē∙∙∙∙∙]]]
en_US_sappsd;ERP_POSTP;[[[Ĭţēɱ Ĉąţ. (Ɓįĺĺ ŏƒ Μąţēŗįąĺ)∙∙∙∙∙∙∙∙]]]
en_US_sappsd;ERP_PO_ART;[[[ĔŘƤ ρűŗċĥąşē ŏŗƌēŗ ţŷρē∙∙∙∙∙∙]]]
en_US_sappsd;ERP_PO_LOEKZ;[[[Ďēĺ. Ĭŋƌ. įŋ Ƥűŗċĥąşįŋğ∙∙∙∙∙∙]]]
en_US_sappsd;ERP_PO_PSTYP;[[[ĔŘƤ ρűŗċĥąşē ŏŗƌēŗ ρŏş.ţŷρē∙∙∙∙∙∙∙∙]]]
en_US_sappsd;ERP_PPROF;[[[Ƥĺąŋŋįŋğ ρŗŏƒįĺē∙∙∙∙∙∙∙∙]]]
en_US_sappsd;ERP_PRART;[[[Ƥŗŏĵēċţ ţŷρē∙∙∙∙∙∙∙]]]
en_US_sappsd;ERP_PRCTR;[[[Ƥŗŏƒįţ Ĉēŋţēŗ∙∙∙∙∙∙]]]
en_US_sappsd;ERP_PRDNR;[[[Ƥŗŏƌűċţ Ńűɱƃēŗ∙∙∙∙∙]]]
en_US_sappsd;ERP_PRFG;[[[Ĉĥēċķ şţąţűş∙∙∙∙∙∙∙]]]
en_US_sappsd;ERP_PRINTLOCK;[[[Ďŏċ. įş Ɓĺŏċķēƌ ƒŏŗ Ƥŗįŋţįŋğ∙∙∙∙∙∙∙∙]]]
en_US_sappsd;ERP_PRIOK;[[[Ƥŗįŏŗįţŷ∙∙∙∙∙∙]]]
en_US_sappsd;ERP_PROCESSING_TYPE;[[[Ƥŗŏċēşşįŋğ Ţŷρē∙∙∙∙]]]
en_US_sappsd;ERP_PROCTY;[[[Ŵąŗēĥŏűşē Ƥŗŏċēşş Ţŷρē∙∙∙∙∙]]]
en_US_sappsd;ERP_PRODH_D;[[[Ƥŗŏƌűċţ ĥįēŗąŗċĥŷ∙∙∙∙∙∙∙]]]
en_US_sappsd;ERP_PROFL;[[[Ƥŗŏĵēċţ Ƥŗŏƒįĺē∙∙∙∙]]]
en_US_sappsd;ERP_PROID;[[[Ƥŗŏċēşş Ĉŏƌē∙∙∙∙∙∙∙]]]
en_US_sappsd;ERP_PR_ART;[[[ĔŘƤ ρűŗċĥąşē ŗēƣűįşįţįŏŋ ţŷρē∙∙∙∙∙∙∙∙∙]]]
en_US_sappsd;ERP_PR_PSTYP;[[[ĔŘƤ_ρűŗċĥąşē ŗēƣ. įţēɱ ţŷρē∙∙∙∙∙∙∙∙]]]
en_US_sappsd;ERP_PR_STATU;[[[Ƥŗŏċ. şţąţűş ŏƒ ρűŗċĥ. ŗēƣ.∙∙∙∙∙∙∙∙]]]
en_US_sappsd;ERP_PSPID;[[[Ƥŗŏĵēċţ Ďēƒįŋįţįŏŋ∙∙∙∙∙∙]]]
en_US_sappsd;ERP_PSTYV;[[[Ĭţēɱ ċąţēğŏŗŷ∙∙∙∙∙∙]]]
en_US_sappsd;ERP_PS_POSID;[[[ŴƁŜ ēĺēɱēŋţ (Ĕχţēŗŋąĺ)∙∙∙∙∙]]]
en_US_sappsd;ERP_PS_POSNR;[[[ŴƁŜ ēĺēɱēŋţ (Ĭŋţēŗŋąĺ)∙∙∙∙∙]]]
en_US_sappsd;ERP_PS_ZUORD;[[[Ńēţŵŏŗķ ąşşįğŋɱēŋţ∙∙∙∙∙∙]]]
en_US_sappsd;ERP_QBEWERTUNG;[[[Ĉŏƌē Ʋąĺűąţįŏŋ∙∙∙∙∙]]]
en_US_sappsd;ERP_QMART;[[[Ńŏţįƒįċąţįŏŋ ţŷρē∙∙∙∙∙∙∙]]]
en_US_sappsd;ERP_QMTYP;[[[ǬΜ Ńŏţįƒ.ċąţ∙∙∙∙∙∙∙]]]
en_US_sappsd;ERP_QM_PHASE;[[[Ńŏţįƒįċąţįŏŋ Ƥŗŏċēşşįŋğ Ƥĥąşē∙∙∙∙∙∙∙∙∙]]]
en_US_sappsd;ERP_QPART;[[[Ĭŋşρēċţįŏŋ Ţŷρē∙∙∙∙]]]
en_US_sappsd;ERP_QSPERRFKT;[[[Ƒűŋċţįŏŋ Ţĥąţ Ŵįĺĺ Ɓē Ɓĺŏċķēƌ∙∙∙∙∙∙∙∙∙]]]
en_US_sappsd;ERP_RBSTAT;[[[Ĭŋʋŏįċē ƌŏċűɱēŋţ şţąţűş∙∙∙∙∙∙]]]
en_US_sappsd;ERP_REASON;[[[Řēąşŏŋ ƒ. ċŗēąţįŋğ ρŗįŋţ ƌŏċű.∙∙∙∙∙∙∙∙∙]]]
en_US_sappsd;ERP_RECIPE_PRO;[[[ĔŘƤ Řēċįρē ρŗŏƒįĺē∙∙∙∙∙∙]]]
en_US_sappsd;ERP_RECNNTPARTY;[[[ŘĔ Ńŏţįċē ğįʋēŋ ƃŷ∙∙∙∙∙∙]]]
en_US_sappsd;ERP_RECNNTREASON;[[[ŘĔ Řēąşŏŋ ƒŏŗ Ńŏţįċē∙∙∙∙]]]
en_US_sappsd;ERP_RECNNTREASONREJ;[[[ŘĔ Řēąşŏŋ ƒŏŗ Řēĵēċţįŏŋ∙∙∙∙∙∙]]]
en_US_sappsd;ERP_RECNTYPE;[[[Řēąĺ Ĕşţąţē Ĉŏŋţŗąċţ ţŷρē∙∙∙∙∙∙∙]]]
en_US_sappsd;ERP_REDUCTION_AMOUNT;[[[Řēƌűċţįŏŋ Āɱŏűŋţ∙∙∙∙∙∙∙∙]]]
en_US_sappsd;ERP_REFERENCE;[[[Āşşįğŋēƌ ţŏ ƌŏċűɱēŋţ∙∙∙∙]]]
en_US_sappsd;ERP_REFPLAN;[[[Āşşįğŋɱēŋţ ţŏ ρĺąŋŋēƌ ŏŗƌēŗ∙∙∙∙∙∙∙∙]]]
en_US_sappsd;ERP_REFPREQ;[[[Āşşįğŋɱēŋţ ţŏ ρűŗċĥ. ŗēƣ.∙∙∙∙∙∙∙]]]
en_US_sappsd;ERP_REF_MNTPLAN;[[[Ĉŗēąţįŏŋ įŋƌįċąţŏŗ ƤΜ∙∙∙∙∙]]]
en_US_sappsd;ERP_REPTP;[[[Ƥŗŏƌűċţįŏŋ Ţŷρē∙∙∙∙]]]
en_US_sappsd;ERP_REVNR;[[[Řēʋįşįŏŋ ƒŏŗ ƤΜ∙∙∙∙]]]
en_US_sappsd;ERP_RE_CATEGORY;[[[ŘĔ Ĉŏŋţŗąċţ ċąţēğŏŗŷ∙∙∙∙]]]
en_US_sappsd;ERP_RE_RELEVANTEVAL;[[[ŘĔ Ʋąĺűąţįŏŋ ŗēĺēʋąŋċē∙∙∙∙∙]]]
en_US_sappsd;ERP_RE_USERSUPPLIER;[[[ŘĔ Ůşēŗ / Ŝűρρĺįēŗ∙∙∙∙∙∙]]]
en_US_sappsd;ERP_RFBSK;[[[Ƥŏşţįŋğ şţąţűş∙∙∙∙∙]]]
en_US_sappsd;ERP_RFGSA;[[[Ŏʋēŗąĺĺ şţąţűş ŏƒ ŗēƒēŗēŋċē∙∙∙∙∙∙∙∙]]]
en_US_sappsd;ERP_RFSTA;[[[Řēƒēŗēŋċē şţąţűş∙∙∙∙∙∙∙∙]]]
en_US_sappsd;ERP_RGEKZ;[[[Ĭŋƌ.: Ɓąċķƒĺűşĥįŋğ ƒŏŗ ŏŗƌēŗ∙∙∙∙∙∙∙∙]]]
en_US_sappsd;ERP_RLDNR;[[[Ļēƌğēŗ įŋ ĢĻ Āċċŏűŋţįŋğ∙∙∙∙∙∙]]]
en_US_sappsd;ERP_ROUTE;[[[ĔŘƤ Řŏűţē∙∙∙∙∙]]]
en_US_sappsd;ERP_ROUTE_PRO;[[[ĔŘƤ Řŏűţē ρŗŏƒįĺē∙∙∙∙∙∙∙]]]
en_US_sappsd;ERP_RUEK;[[[Ĉŏɱρĺēţįŏŋ ċŏŋƒįŗɱąţįŏŋ∙∙∙∙∙∙]]]
en_US_sappsd;ERP_SATZA;[[[Řēċŏŗƌ ţŷρē ƒŏŗ ċŏŋƒįŗɱąţįŏŋ∙∙∙∙∙∙∙∙]]]
en_US_sappsd;ERP_SCMGCASE_TYPE;[[[Ĉąşē Ţŷρē∙∙∙∙∙]]]
en_US_sappsd;ERP_SCOPE;[[[Ŏƃĵēċţ Ĉĺąşş∙∙∙∙∙∙∙]]]
en_US_sappsd;ERP_SDABW;[[[Ŝρēċįąĺ ρŗŏċēşşįŋğ įŋƌįċąţŏŗ∙∙∙∙∙∙∙∙]]]
en_US_sappsd;ERP_SD_AUART;[[[Ŝąĺēş ƌŏċ. ţŷρē∙∙∙∙]]]
en_US_sappsd;ERP_SFCPF;[[[Ƥŗŏƌ.Ŝċĥēƌ.Ƥŗŏƒįĺē (Ńŏ Ţēχţ)∙∙∙∙∙∙∙∙]]]
en_US_sappsd;ERP_SFEPR;[[[Řēρēţįţįʋē Μąŋűƒ. Ƥŗŏƒįĺē∙∙∙∙∙∙∙]]]
en_US_sappsd;ERP_SHKZG;[[[Ďēƃįţ/ċŗēƌįţ įŋƌįċąţŏŗ∙∙∙∙∙]]]
en_US_sappsd;ERP_SHTYP;[[[Ŝĥįρɱēŋţ ţŷρē∙∙∙∙∙∙]]]
en_US_sappsd;ERP_SIMULATION;[[[Ĭŋƌįċąţŏŗ: ƃįĺĺįŋğ şįɱűĺąţįŏŋ∙∙∙∙∙∙∙∙∙]]]
en_US_sappsd;ERP_SOBES;[[[Ŝρēċįąĺ ρŗŏċűŗēɱēŋţ įŋƌįċąţŏŗ∙∙∙∙∙∙∙∙∙]]]
en_US_sappsd;ERP_SOBKZ;[[[Ŝρēċįąĺ şţŏċķ įŋƌįċąţŏŗ∙∙∙∙∙∙]]]
en_US_sappsd;ERP_SOBSL;[[[Ŝρēċįąĺ ρŗŏċűŗēɱēŋţ ţŷρē∙∙∙∙∙∙]]]
en_US_sappsd;ERP_SPART;[[[Ďįʋįşįŏŋ∙∙∙∙∙∙]]]
en_US_sappsd;ERP_SPERR;[[[Ƥĥŷş. įŋʋ. ƃĺŏċķįŋğ įŋƌįċąţŏŗ∙∙∙∙∙∙∙∙∙]]]
en_US_sappsd;ERP_SPGRU;[[[Ɓĺŏċķįŋğ ŗēąşŏŋ∙∙∙∙]]]
en_US_sappsd;ERP_SPLEV;[[[Ļēʋēĺ ŏƒ Ƥąŷɱēŋţ Ɓĺŏċķ∙∙∙∙∙]]]
en_US_sappsd;ERP_SPRAS;[[[Μēşşąğē ĺąŋğűąğē∙∙∙∙∙∙∙∙]]]
en_US_sappsd;ERP_STABR;[[[Ŝţąţ.ţŗąŋşƒēŗ(şĥįρɱ.ċŏşţ įţēɱ)∙∙∙∙∙∙∙∙∙]]]
en_US_sappsd;ERP_STAGAREA;[[[Ŝţąğįŋğ Āŗēą∙∙∙∙∙∙∙]]]
en_US_sappsd;ERP_STAGAREAGR;[[[Ŝţąğįŋğ Āŗēą Ģŗŏűρ∙∙∙∙∙∙]]]
en_US_sappsd;ERP_STATG;[[[Ŝţąţűş Ģŗŏűρ∙∙∙∙∙∙∙]]]
en_US_sappsd;ERP_STATUS;[[[Ŏƃĵēċţ Ŝţąţűş∙∙∙∙∙∙]]]
en_US_sappsd;ERP_STATUS_SYSTEM;[[[ĴĔŜŢ Ŝŷşţēɱ Ŝţąţűş∙∙∙∙∙∙]]]
en_US_sappsd;ERP_STATUS_VALUE;[[[Ŝţąţűş Ʋąĺűē (ĔŴΜ)∙∙∙∙∙∙]]]
en_US_sappsd;ERP_STATUS_VT_KK;[[[Ŝţąţűş ŏƒ Ƥŗŏʋįƌēŗ Ĉŏŋţŗąċţ∙∙∙∙∙∙∙∙]]]
en_US_sappsd;ERP_STAT_PARA;[[[Ŝŷşţēɱ Ŝţąţűş ŏƒ Ĉąşēş∙∙∙∙∙]]]
en_US_sappsd;ERP_STBER;[[[Ŝţąţ.ċąĺċ.(şĥįρɱ.ċŏşţş įţēɱ)∙∙∙∙∙∙∙∙]]]
en_US_sappsd;ERP_STEUS;[[[ĔŘƤ Ĉŏŋţŗŏĺ ķēŷ∙∙∙∙]]]
en_US_sappsd;ERP_STFRE;[[[Ŝţąţűş ąċċŏűŋţ ƌēţēŗɱįŋąţįŏŋ∙∙∙∙∙∙∙∙]]]
en_US_sappsd;ERP_STGRD;[[[Řēąşŏŋ ƒŏŗ ŗēʋēŗşąĺ∙∙∙∙∙]]]
en_US_sappsd;ERP_STICH;[[[Ŝċĥēƌűĺįŋğ įŋƌįċąţŏŗ∙∙∙∙]]]
en_US_sappsd;ERP_STLAL_NOTXT;[[[Āĺţēŗŋąţįʋē ƁŎΜ (Ńŏ Ţēχţ)∙∙∙∙∙∙∙]]]
en_US_sappsd;ERP_STLAN;[[[ƁŎΜ űşąğē∙∙∙∙∙]]]
en_US_sappsd;ERP_STLST;[[[ƁŎΜ Ŝţąţűş∙∙∙∙]]]
en_US_sappsd;ERP_STRAT;[[[Μąįŋţēŋąŋċē şţŗąţēğŷ∙∙∙∙]]]
en_US_sappsd;ERP_STRGR;[[[Ƥĺąŋŋįŋğ şţŗąţēğŷ ğŗŏűρ∙∙∙∙∙∙]]]
en_US_sappsd;ERP_STSMA;[[[Ŝţąţűş Ƥŗŏƒįĺē∙∙∙∙∙]]]
en_US_sappsd;ERP_STTRG;[[[Ţŗąŋşρ. şţąţűş∙∙∙∙∙]]]
en_US_sappsd;ERP_STTXT;[[[Μąįŋţēŋąŋċē şţąţűş∙∙∙∙∙∙]]]
en_US_sappsd;ERP_STUFE;[[[Ļēʋēĺ (ŜēɱĬĎ ŵįţĥŏűţ Ţēχţ)∙∙∙∙∙∙∙]]]
en_US_sappsd;ERP_TABNAME;[[[Ţąƃĺē ŋąɱē∙∙∙∙]]]
en_US_sappsd;ERP_TABNAMVB;[[[Ţąƃĺē ŋąɱē ŜĎ∙∙∙∙∙∙]]]
en_US_sappsd;ERP_TARIFTYP;[[[Řąţē ċąţēğŏŗŷ∙∙∙∙∙∙]]]
en_US_sappsd;ERP_TDARMOD;[[[Ƥŗįŋţ: Āŗċĥįʋįŋğ ɱŏƌē∙∙∙∙∙]]]
en_US_sappsd;ERP_TEST_OR_PROD;[[[Ţēşţ ŗűŋ ŏŗ ρŗŏƌűċţįʋē ŗűŋ∙∙∙∙∙∙∙]]]
en_US_sappsd;ERP_TETXT;[[[ĎĀŢĔ ĎĔŜĈŘĬƤŢĬŎŃ∙∙∙∙∙∙∙∙]]]
en_US_sappsd;ERP_TPLNR;[[[Ƒűŋċţįŏŋąĺ ĺŏċąţįŏŋ∙∙∙∙∙]]]
en_US_sappsd;ERP_TPLST;[[[Ţŗąŋşρ. ρĺąŋ. ρŏįŋţ∙∙∙∙∙]]]
en_US_sappsd;ERP_TRAGR;[[[Ţŗąŋşρŏŗţąţįŏŋ Ģŗŏűρ∙∙∙∙]]]
en_US_sappsd;ERP_TRIGSTAT;[[[Ŝţąţűş ŏƒ Ɓįĺĺįŋğ Ŏŗƌēŗ∙∙∙∙∙∙]]]
en_US_sappsd;ERP_TRMER;[[[Ŝċĥēƌűĺįŋğ Ĕŗŗŏŗ∙∙∙∙∙∙∙∙]]]
en_US_sappsd;ERP_TRSPG;[[[Ŝĥįρɱēŋţ Ɓĺŏċķįŋğ Řēąşŏŋ∙∙∙∙∙∙]]]
en_US_sappsd;ERP_TRSTA;[[[Ţŗąŋşρŏŗţąţįŏŋ ρĺąŋŋįŋğ şţąţűş∙∙∙∙∙∙∙∙∙]]]
en_US_sappsd;ERP_UPDTM;[[[Ůρƌąţē Μąţēŗįąĺ∙∙∙∙]]]
en_US_sappsd;ERP_UPTYP;[[[Ŝűƃįţēɱ Ĉąţēğŏŗŷ∙∙∙∙∙∙∙∙]]]
en_US_sappsd;ERP_USTXT;[[[Ůŋşŏĺ. ąρρ. ĢƤ∙∙∙∙∙]]]
en_US_sappsd;ERP_UVALL;[[[Ģēŋēŗąĺĺŷ įŋċŏɱρĺēţē∙∙∙∙]]]
en_US_sappsd;ERP_UVFAK;[[[Ĭŋċŏɱρĺēţē ƒŏŗ ƃįĺĺįŋğ∙∙∙∙∙]]]
en_US_sappsd;ERP_UVPAK;[[[Ĭŋċŏɱρĺēţē ƒŏŗ ρąċķįŋğ∙∙∙∙∙]]]
en_US_sappsd;ERP_UVPIK;[[[Ĭŋċŏɱρĺēţē ƒŏŗ ρįċķįŋğ/ρűţąŵąŷ∙∙∙∙∙∙∙∙∙]]]
en_US_sappsd;ERP_UVPRS;[[[Ĭŋċŏɱρĺēţē ƒŏŗ ρŗįċįŋğ∙∙∙∙∙]]]
en_US_sappsd;ERP_UVVLK;[[[Ĭŋċŏɱρĺēţē ƒŏŗ ƌēĺįʋēŗŷ∙∙∙∙∙∙]]]
en_US_sappsd;ERP_UVWAK;[[[Ĭŋċŏɱρĺēţē ƒŏŗ ğŏŏƌş ɱŏʋēɱēŋţ∙∙∙∙∙∙∙∙∙]]]
en_US_sappsd;ERP_VALIDATION;[[[Ɓįĺĺįŋğ Ʋąĺįƌąţįŏŋ∙∙∙∙∙∙]]]
en_US_sappsd;ERP_VALIDAT_IN;[[[Ńąɱē ŏƒ Ĭŋʋŏįċįŋğ Ʋąĺįƌąţįŏŋ∙∙∙∙∙∙∙∙]]]
en_US_sappsd;ERP_VAUNA;[[[Řēţŗŏąċţįʋē Ɓįĺĺįŋğ∙∙∙∙∙]]]
en_US_sappsd;ERP_VBTYP;[[[ŜĎ ƌŏċűɱēŋţ ċąţēğŏŗŷ∙∙∙∙]]]
en_US_sappsd;ERP_VBUND;[[[Ţŗąƌįŋğ Ƥąŗţŋēŗ∙∙∙∙]]]
en_US_sappsd;ERP_VERANTX;[[[Ƥēŗşŏŋ ŗēşρ. ƒŏŗ ŵŏŗķ ċēŋţēŗ∙∙∙∙∙∙∙∙]]]
en_US_sappsd;ERP_VERID;[[[Ƥŗŏƌűċţįŏŋ Ʋēŗşįŏŋ (Ńŏ ţēχţ)∙∙∙∙∙∙∙∙]]]
en_US_sappsd;ERP_VERNR;[[[Ƥēŗşŏŋ Řēşρŏŋşįƃĺē ƒŏŗ Ƥŗŏĵēċţ∙∙∙∙∙∙∙∙∙]]]
en_US_sappsd;ERP_VERWE;[[[Ţąşķ ĺįşţ űşąğē∙∙∙∙]]]
en_US_sappsd;ERP_VGABE;[[[Ţŗąŋşąċţįŏŋ/ēʋēŋţ ţŷρē∙∙∙∙∙]]]
en_US_sappsd;ERP_VGART;[[[Ţŗąŋşąċţįŏŋ ţŷρē∙∙∙∙∙∙∙∙]]]
en_US_sappsd;ERP_VGEXT;[[[Ĕχţ. ƃűş.ţŗąŋşąċţįŏŋ (ŃŎ ŢĔΧŢ)∙∙∙∙∙∙∙∙∙]]]
en_US_sappsd;ERP_VGINT;[[[Ƥŏşţįŋğ ŗűĺē∙∙∙∙∙∙∙]]]
en_US_sappsd;ERP_VGMAN;[[[Ţŗąŋşąċţįŏŋ∙∙∙∙∙∙∙∙]]]
en_US_sappsd;ERP_VGTYP;[[[Ţŗąŋşąċţįŏŋ ţŷρē∙∙∙∙∙∙∙∙]]]
en_US_sappsd;ERP_VKBUR;[[[Ŝąĺēş ŏƒƒįċē∙∙∙∙∙∙∙]]]
en_US_sappsd;ERP_VKGRP;[[[Ŝąĺēş ğŗŏűρ∙∙∙∙∙∙∙∙]]]
en_US_sappsd;ERP_VKONT;[[[Ĉŏŋţŗąċţ Āċċŏűŋţ∙∙∙∙∙∙∙∙]]]
en_US_sappsd;ERP_VKORG;[[[ĔŘƤ Ŝąĺēş Ŏŗğąŋįžąţįŏŋ∙∙∙∙∙]]]
en_US_sappsd;ERP_VLFKZ;[[[Ƥĺąŋţ ċąţēğŏŗŷ∙∙∙∙∙]]]
en_US_sappsd;ERP_VMSTA;[[[ŜĎ ɱąţēŗįąĺ şţąţűş∙∙∙∙∙∙]]]
en_US_sappsd;ERP_VPRSV;[[[Ƥŗįċē ċŏŋţŗŏĺ įŋƌįċąţŏŗ∙∙∙∙∙∙]]]
en_US_sappsd;ERP_VRGNG;[[[Ɓűşįŋēşş Ţŗąŋşąċţįŏŋ∙∙∙∙]]]
en_US_sappsd;ERP_VSART;[[[Ŝĥįρρįŋğ ţŷρē∙∙∙∙∙∙]]]
en_US_sappsd;ERP_VSBED;[[[Ŝĥįρρįŋğ Ĉŏŋƌįţįŏŋş∙∙∙∙∙]]]
en_US_sappsd;ERP_VSTEL;[[[Ŝĥįρρįŋğ ρŏįŋţ∙∙∙∙∙]]]
en_US_sappsd;ERP_VSZTP;[[[Ďįşρąţċĥ ţįɱē∙∙∙∙∙∙]]]
en_US_sappsd;ERP_VTWEG;[[[Ďįşţŗįƃűţįŏŋ ċĥąŋŋēĺ∙∙∙∙]]]
en_US_sappsd;ERP_WARPL;[[[Μąįŋţēŋąŋċē ρĺąŋ∙∙∙∙∙∙∙∙]]]
en_US_sappsd;ERP_WBSTA;[[[ĢΜ şţąţűş∙∙∙∙∙]]]
en_US_sappsd;ERP_WBSTK;[[[Ŏʋēŗąĺĺ ĢΜ şţąţűş∙∙∙∙∙∙∙]]]
en_US_sappsd;ERP_WERK;[[[Ƥĺąŋţ∙∙∙∙∙∙∙∙∙]]]
en_US_sappsd;ERP_WHNO;[[[Ŵąŗēĥŏűşē Ńűɱƃēŗ∙∙∙∙∙∙∙∙]]]
en_US_sappsd;ERP_WMAK;[[[Μąţēŗįąĺ Ţŷρē ĬĎ∙∙∙∙∙∙∙∙]]]
en_US_sappsd;ERP_XGWGK;[[[ĻƲĀ ċĥēċķ:Āɱŏűŋţş ŏŗ ƣűąŋţįţŷ∙∙∙∙∙∙∙∙∙]]]
en_US_sappsd;ERP_XREVERSAL;[[[Řēʋēŗşąĺ Ĭŋƌįċąţŏŗ∙∙∙∙∙∙]]]
en_US_sappsd;ERP_ZAHLKOND;[[[Ƥąŷɱēŋţ Ĉŏŋƌįţįŏŋ∙∙∙∙∙∙∙]]]
en_US_sappsd;ERP_ZAHLS;[[[Ɓĺŏċķ ķēŷ ƒŏŗ ρąŷɱēŋţ∙∙∙∙∙]]]
en_US_sappsd;ERP_ZBFIX;[[[Ƥąŷɱēŋţ ţēŗɱş şēţ∙∙∙∙∙∙∙]]]
en_US_sappsd;ERP_ZEITPKT;[[[Ĕʋēŋţ∙∙∙∙∙∙∙∙∙]]]
en_US_sappsd;ERP_ZLSCH;[[[ƤĀŶΜĔŃŢ ΜĔŢĤŎĎ∙∙∙∙∙]]]
en_US_sappsd;ERP_ZLSPR;[[[Ƥąŷɱēŋţ ƃĺŏċķ ķēŷ∙∙∙∙∙∙∙]]]
en_US_sappsd;ERP_ZTERM;[[[Ƥąŷɱēŋţ ţēŗɱş∙∙∙∙∙∙]]]
en_US_sappsd;ERP_ZUAWA;[[[Ŝŗţğ.Ķēŷ ąċċ. ţŏ Āşşğɱţ.Ńɱƃŗş.∙∙∙∙∙∙∙∙∙]]]
en_US_sappsd;ERP_ZWELS;[[[Ƥąŷɱēŋţ Μēţĥŏƌş (ŋŏ ţēχţ)∙∙∙∙∙∙∙]]]
en_US_sappsd;EWM_AAREA;[[[ĀĈŢĬƲĬŢŶ ĀŘĔĀ∙∙∙∙∙∙]]]
en_US_sappsd;EWM_ACT_TYPE;[[[Āċţįʋįţŷ Ţŷρē∙∙∙∙∙∙]]]
en_US_sappsd;EWM_ADJUST_QTY;[[[Ǭűąŋţįţŷ Āƌĵűşţɱēŋţ∙∙∙∙∙]]]
en_US_sappsd;EWM_CAT;[[[Ŝţŏċķ Ţŷρē∙∙∙∙]]]
en_US_sappsd;EWM_DE_WCRTYPE;[[[Ĉąţ. ŏƒ ŴĤŎ Ĉŗēąţįŏŋ Řűĺē∙∙∙∙∙∙∙]]]
en_US_sappsd;EWM_DE_WHOSTAT;[[[Ŵąŗēĥŏűşē Ŏŗƌēŗ Ŝţąţűş∙∙∙∙∙]]]
en_US_sappsd;EWM_DOCTYPE;[[[Ďŏċűɱēŋţ ţŷρē∙∙∙∙∙∙]]]
en_US_sappsd;EWM_EXCEPT;[[[Ĕχċēρţįŏŋ Ĉŏƌē∙∙∙∙∙]]]
en_US_sappsd;EWM_ITEMTYPE;[[[Ĭţēɱ Ţŷρē ƒŏŗ Ŵĥ. Ƥŗŏċēşşēş∙∙∙∙∙∙∙∙]]]
en_US_sappsd;EWM_LGBER;[[[Ŝţŏŗąğē Ŝēċţįŏŋ∙∙∙∙]]]
en_US_sappsd;EWM_LGNUM;[[[ŴĀŘĔĤŎŮŜĔ ŃŎ. ĔŴΜ∙∙∙∙∙∙∙]]]
en_US_sappsd;EWM_LGTYP;[[[Ŝţŏŗąğē Ţŷρē∙∙∙∙∙∙∙]]]
en_US_sappsd;EWM_LPTYP;[[[Ŝţŏŗąğē Ɓįŋ Ţŷρē∙∙∙∙∙∙∙∙]]]
en_US_sappsd;EWM_MATNR;[[[Ƥŗŏƌűċţ Ńűɱƃēŗ∙∙∙∙∙]]]
en_US_sappsd;EWM_PARTY_ROLE;[[[Ƥąŗţŋēŗ Řŏĺē∙∙∙∙∙∙∙]]]
en_US_sappsd;EWM_PRCODE;[[[Ƥŗŏċēşş Ĉŏƌē∙∙∙∙∙∙∙]]]
en_US_sappsd;EWM_PROCTYPE;[[[Ƥŗŏċēşş Ţŷρē∙∙∙∙∙∙∙]]]
en_US_sappsd;EWM_QUEUE;[[[Ǭűēűē∙∙∙∙∙∙∙∙∙]]]
en_US_sappsd;EWM_ROUTE;[[[Řŏűţē∙∙∙∙∙∙∙∙∙]]]
en_US_sappsd;EWM_TOSTAT;[[[Ŵąŗēĥŏűşē Ţąşķ Ŝţąţűş∙∙∙∙∙]]]
en_US_sappsd;EWM_TRART;[[[Ŵąŗēĥŏűşē Ƥŗŏċēşş Ĉąţēğŏŗŷ∙∙∙∙∙∙∙]]]
en_US_sappsd;EWM_WAVECAT;[[[Ŵąʋē Ĉąţēğŏŗŷ∙∙∙∙∙∙]]]
en_US_sappsd;EWM_WAVETYPE;[[[Ŵąʋē Ţŷρē∙∙∙∙∙]]]
en_US_sappsd;EWM_WCR;[[[Ŵąŗēĥŏűşē Ŏŗƌēŗ Ĉŗēąţįŏŋ Řűĺē∙∙∙∙∙∙∙∙∙]]]
en_US_sappsd;EWM_WTCODE;[[[Ŝρēċįąĺ Ƒűŋċţįŏŋ ƒŏŗ ŴŢ∙∙∙∙∙∙]]]
en_US_sappsd;EW_STOCK_DOCCAT;[[[Ţŷρē: ŜŎ Ŝţŏċķ ŏŗ Ƥŗŏĵ. Ŝţŏċķ∙∙∙∙∙∙∙∙∙]]]
en_US_sappsd;FSCM_CATEGORY;[[[Ĉąţēğŏŗŷ∙∙∙∙∙∙]]]
en_US_sappsd;FSCM_FIN_P2P_STATE;[[[Ŝţąţē ŏƒ Ƥŗŏɱįşē ţŏ Ƥąŷ∙∙∙∙∙∙]]]
en_US_sappsd;FSCM_P2P_LEVEL;[[[Ļēʋēĺ ŏƒ Ƥŗŏɱįşē ţŏ Ƥąŷ∙∙∙∙∙∙]]]
en_US_sappsd;FSCM_REASON_CODE;[[[Řēąşŏŋ Ĉŏƌē∙∙∙∙∙∙∙∙]]]
en_US_sappsd;GRC_LOGSYS;[[[Ļŏğįċąĺ Ŝŷşţēɱ∙∙∙∙∙]]]
en_US_sappsd;ISU_ABLESART;[[[Ŝċĥēƌűĺēƌ ɱēţēŗ ŗēąƌįŋğ ċąţ.∙∙∙∙∙∙∙∙]]]
en_US_sappsd;ISU_ABLESARTST;[[[ΜŘ ċŏŋţŗŏĺ∙∙∙∙]]]
en_US_sappsd;ISU_ABLSPERR;[[[Řşŋ.ƒŏŗ ƃĺŏċķįŋğ ɱēţēŗ ŗēąƌįŋğ∙∙∙∙∙∙∙∙∙]]]
en_US_sappsd;ISU_ABLSTAT;[[[Μēţēŗ Řēąƌįŋğ Ŝţąţűş∙∙∙∙]]]
en_US_sappsd;ISU_ABRFREIG;[[[Řēąşŏŋ ƒŏŗ ŗēĺēąşįŋğ ƃįĺĺįŋğ∙∙∙∙∙∙∙∙]]]
en_US_sappsd;ISU_ABRSPERR;[[[Řēąşŏŋ ƒŏŗ ƃĺŏċķįŋğ ƃįĺĺįŋğ∙∙∙∙∙∙∙∙]]]
en_US_sappsd;ISU_AKLASSE;[[[Ɓįĺĺįŋğ ċĺąşş∙∙∙∙∙∙]]]
en_US_sappsd;ISU_AKTIV;[[[Μēţēŗ ŗēąƌįŋğ ąċţįʋē∙∙∙∙]]]
en_US_sappsd;ISU_GEMFAKT;[[[Ĵŏįŋţ Ĭŋʋŏįċįŋğ∙∙∙∙]]]
en_US_sappsd;ISU_INVOICING_PARTY;[[[Ůţįĺįţįēş Ĭŋʋŏįċįŋğ Ƥąŗţŷ∙∙∙∙∙∙∙]]]
en_US_sappsd;ISU_ISTABLART;[[[Μēţēŗ ŗēąƌįŋğ ţŷρē∙∙∙∙∙∙]]]
en_US_sappsd;ISU_PRUEFPKT;[[[Ĭŋƌēρēŋƌēŋţ ʋąĺįƌąţįŏŋ∙∙∙∙∙]]]
en_US_sappsd;ISU_VSTELLE;[[[Ƥŗēɱįşē∙∙∙∙∙∙∙]]]
en_US_sappsd;SCMO_APPLICATION;[[[ŜĈΜŎ Āρρĺįċąţįŏŋ∙∙∙∙∙∙∙∙]]]
en_US_sappsd;SCMO_APP_STATUS;[[[Āρρĺįċąţįŏŋşţąţűş∙∙∙∙∙∙∙]]]
en_US_sappsd;SRM_BBP_METYPE;[[[Ţŗąŋşɱįşşįŏŋ Μēƌįűɱ∙∙∙∙∙]]]
en_US_sappsd;SRM_BE_DOC_TYPE;[[[Ƥűŗċĥąşē Řēƣűįşįţįŏŋ Ďŏċ. Ţŷρē∙∙∙∙∙∙∙∙∙]]]
en_US_sappsd;SRM_BID_TYPE;[[[Ţŷρē ŏƒ ŘƑχ∙∙∙∙∙∙∙∙]]]
en_US_sappsd;SRM_BID_VALIDATION;[[[Ɓįƌ Ʋąĺįƌąţįŏŋ∙∙∙∙∙]]]
en_US_sappsd;SRM_CATEGORY_ID;[[[ŜŘΜ Ĉąţēğŏŗŷ ĬĎ (Ńŏ Ţēχţ)∙∙∙∙∙∙∙]]]
en_US_sappsd;SRM_CHECK_IND;[[[Ĉĥēċķ Ĭŋƌįċąţŏŗ ąţ Ĭţēɱ Ļēʋēĺ∙∙∙∙∙∙∙∙∙]]]
en_US_sappsd;SRM_INCOTERM;[[[Ĭŋċŏţēŗɱ Ķēŷ∙∙∙∙∙∙∙]]]
en_US_sappsd;SRM_ITM_RELEASED;[[[ŜŘΜ Ĭţēɱ Ŝţąţűş∙∙∙∙]]]
en_US_sappsd;SRM_LOCATION;[[[Ļŏċąţįŏŋ įŋ ŜĀƤ ŜŘΜ∙∙∙∙∙]]]
en_US_sappsd;SRM_LOGSYS;[[[Ŏŗįğįŋąĺ Ŝŷşţēɱ∙∙∙∙]]]
en_US_sappsd;SRM_OBJECT_TYPE;[[[Ţŗąŋşąċţįŏŋ ċąţēğŏŗŷ∙∙∙∙]]]
en_US_sappsd;SRM_OBJ_TYPE;[[[Ŏƃĵēċţ Ţŷρē įŋ Ɓąċķ-Ĕŋƌ Ŝŷşţēɱ∙∙∙∙∙∙∙∙∙]]]
en_US_sappsd;SRM_ORG_UNIT;[[[Ŏŗğ. Ůŋįţş įŋ ŜŘΜ (ĤŘƤ1000)∙∙∙∙∙∙∙∙]]]
en_US_sappsd;SRM_PROCESSING_TYPE;[[[Ƥŗŏċēşşįŋğ Ţŷρē∙∙∙∙]]]
en_US_sappsd;SRM_PROCESS_BLOCKED;[[[Āċţįʋē/Ĭŋąċţįʋē Ţŗąŋşąċţįŏŋ∙∙∙∙∙∙∙∙]]]
en_US_sappsd;SRM_PRODUCT_TYPE;[[[Ƥŗŏƌűċţ Ţŷρē∙∙∙∙∙∙∙]]]
en_US_sappsd;SRM_SUBTYPE;[[[Ŝρēċįƒįċąţįŏŋ ŏƒ ą Ɓűş. Ďŏċ.∙∙∙∙∙∙∙∙]]]
en_US_sappsd;SRM_SUBTYPE_I;[[[Ŝρēċįƒįċąţįŏŋ ŏƒ ą Ďŏċ. Ĭţēɱ∙∙∙∙∙∙∙∙]]]
en_US_sappsd;SRM_SUPPLIER;[[[Ŝűρρĺįēŗ įŋ ŜĀƤ ŜŘΜ∙∙∙∙∙]]]
en_US_sappsd;SRM_USE_CONDITIONS;[[[Ĭŋƌ.: Ďēţ. Ƥŗįċē Ĭŋƒŏ įŋ Ɓįƌ∙∙∙∙∙∙∙∙]]]
en_US_sappsd;SRM_VERSION_TYPE;[[[Ʋēŗşįŏŋ Ţŷρē∙∙∙∙∙∙∙]]]
en_US_sappsd;TIME;[[[Ţįɱē]]]
en_US_sappsd;TM_CONS_ALLOWED;[[[Ĉŏŋşŏĺįƌąţįŏŋ Āĺĺŏŵēƌ∙∙∙∙∙]]]
en_US_sappsd;TM_CREATION_TYPE;[[[Ĉŗēąţįŏŋ Ţŷρē∙∙∙∙∙∙]]]
en_US_sappsd;TM_ENABLE_CHARGE_CAL;[[[Ĕŋąƃĺē Ĉĥąŗğē Ĉąĺċűĺąţįŏŋ∙∙∙∙∙∙∙]]]
en_US_sappsd;TM_ENABLE_SETTLEMENT;[[[Ĕŋąƃĺē Ŝēţţĺēɱēŋţ∙∙∙∙∙∙∙]]]
en_US_sappsd;TM_ERP_SHP_REL;[[[Ďŏċűɱēŋţ Ĉŗēąţįŏŋ Řēĺēʋąŋċē∙∙∙∙∙∙∙∙]]]
en_US_sappsd;TM_ITEM_CAT;[[[Ĭţēɱ Ĉąţēğŏŗŷ∙∙∙∙∙∙]]]
en_US_sappsd;TM_LOGSYS;[[[ŢΜ Ļŏğįċąĺ Ŝŷşţēɱ (Ŝēŋƌ. Ŝŷşţ)∙∙∙∙∙∙∙∙∙]]]
en_US_sappsd;TM_MOT;[[[ŢΜ Ţŗąŋşρŏŗţąţįŏŋ Μŏƌē∙∙∙∙∙]]]
en_US_sappsd;TM_MOT_CAT;[[[ŢΜ Ţŗąŋşρŏŗţąţįŏŋ ΜŏƌēĈąţēğŏŗŷ∙∙∙∙∙∙∙∙∙]]]
en_US_sappsd;TM_MOVEM_TYPE;[[[ŢΜ Μŏʋēɱēŋţ Ţŷρē∙∙∙∙∙∙∙∙]]]
en_US_sappsd;TM_ORG_UNIT;[[[Ŏŗğ. Ůŋįţş įŋ ŢΜ (ĤŘƤ1000)∙∙∙∙∙∙∙]]]
en_US_sappsd;TM_PLN_SCT_REL;[[[Ŝűƃċŏŋţŗąċţįŋğ Řēĺēʋąŋċē∙∙∙∙∙∙]]]
en_US_sappsd;TM_SET_BY_SERVICE;[[[Ŏŗįğįŋ ŏƒ Ĕŋţŗŷ∙∙∙∙]]]
en_US_sappsd;TM_SHIPPING_TYPE;[[[ŢΜ Ŝĥįρρįŋğ Ţŷρē∙∙∙∙∙∙∙∙]]]
en_US_sappsd;TM_SHPM_TRANSM;[[[Ţŗąŋşɱįşşįŏŋ-ţŏ-ĔŘƤ Ŝţąţűş∙∙∙∙∙∙∙]]]
en_US_sappsd;TM_TOR_CAT;[[[ŢΜ ŢŎŘ Ĉąţēğŏŗŷ∙∙∙∙]]]
en_US_sappsd;TM_TOR_TYPE;[[[ŢΜ ŢŎŘ Ţŷρē∙∙∙∙∙∙∙∙]]]
en_US_sappsd;TM_TRAFFIC_DIRECT;[[[ŢΜ Ţŗąƒƒįċ Ďįŗēċţįŏŋ∙∙∙∙]]]
en_US_sappsd;TM_TRQ_CAT;[[[ŢΜ ŢŘǬ Ĉąţēğŏŗŷ∙∙∙∙]]]
en_US_sappsd;TM_TRQ_TYPE;[[[ŢΜ ŢŘǬ Ţŷρē∙∙∙∙∙∙∙∙]]]
en_US_sappsd;TZONE;[[[Ţįɱē Żŏŋē∙∙∙∙∙]]]