locale;solutionProcessFlowDiagramId;solutionProcessFlowDiagramName
ja;SPFD-133;BFH - 建設仮勘定
ja;SPFD-138;BJE - 受注生産 - 製品の販売および最終組立
ja;SPFD-141;BME - 出荷伝票を使用した在庫転送
ja;SPFD-142;BMH - 出荷伝票を使用しない在庫転送
ja;SPFD-143;BMY - 外注
ja;SPFD-144;BNA - 期末処理 - プロジェクト
ja;SPFD-163;BF7 - 期末処理 - 保全指図
ja;SPFD-165;18J - 購買依頼処理
ja;SPFD-168;1BM - 受注生産 - 半製品の計画および組立
ja;SPFD-169;1EZ - クレジットメモ処理
ja;SPFD-170;1F1 - デビットメモ処理
ja;SPFD-185;BKP - 01 - 返品管理
ja;SPFD-187;I9I - 販売数量契約での前受/前払金
ja;SPFD-202;1E1 - 製造プロセス内
ja;SPFD-203;1E1 - 生産からの入庫
ja;SPFD-212;1FM - 通常の品質検査プロセス
ja;SPFD-222;1HO - 会社間受注処理 - 国内
ja;SPFD-414;2TX - 入荷伝票を使用する直接調達
ja;SPFD-469;BD3 - 01 - 仕入先直送を利用した受注処理 - 出荷通知あり
ja;SPFD-477;BD9 - 01 - 在庫販売
ja;SPFD-480;BDD - 簡易返品
ja;SPFD-481;BDG - 販売見積
ja;SPFD-483;BDK - 01 - 仕入先直送を使用した販売処理 (出荷通知なし)
ja;SPFD-485;BDN - 受注固有調達による非在庫品目の販売
ja;SPFD-486;BDQ - デビットメモによる請求書修正プロセス
ja;SPFD-489;BEI - 期末処理 - プラント
ja;SPFD-492;BJ8 - 見込生産 – プロセス指図に基づくプロセス生産
ja;SPFD-500;BKL - クレジットメモによる請求書修正プロセス
ja;SPFD-504;BMC - 02 - コア在庫管理
ja;SPFD-506;BMD - 購買契約
ja;SPFD-507;BMK - サプライヤへの返品
ja;SPFD-509;BMR - 01 - 標準調達のリリース伝票ありの分納契約
ja;SPFD-511;BMR - 03 - EDI 統合ありの分納契約
ja;SPFD-512;BNX - 消耗品目購買
ja;SPFD-513;J44 - 資材所要量計画の主要シナリオ
ja;SPFD-517;J45 - 直接材調達
ja;SPFD-550;J59 - 01 - 主要
ja;SPFD-576;J62 - 05 - 固定資産管理 - 月次処理
ja;SPFD-644;1MX - 会社間受注処理 - 国際
ja;SPFD-651;1NT - プロジェクト管理 - 財務
ja;SPFD-661;1P9 - 会社間在庫転送 - 国内
ja;SPFD-734;2EQ - サービス販売
ja;SPFD-811;2VJ - SAP EWM 統合 - サプライヤからの入荷処理
ja;SPFD-812;2VK - SAP EWM 統合 - 得意先への出荷処理
ja;SPFD-814;2VM - SAP EWM 統合 - 出荷基準生産統合
ja;SPFD-867;3BR - 倉庫入荷処理
ja;SPFD-874;3D2 - 01 - 固定価格サービス
ja;SPFD-875;3DV - 倉庫生産統合
ja;SPFD-877;3F0 - イベントベース製造原価転記
ja;SPFD-955;3OK - 受注生産 - プロセス生産
ja;SPFD-1002;4GA - サービス見積
ja;SPFD-1009;4HI - 事前対応型保全
ja;SPFD-1028;4X5 - 繰返サービス
ja;SPFD-1046;5HL - 在庫販売 - 消費財
ja;SPFD-1081;4VT - 改良保全
ja;SPFD-1082;4WM - 自主保全
ja;SPFD-1083;4WM - 共通保全
ja;SPFD-1090;5D2 - 拡張会社間受注
ja;SPFD-1091;5HP - 拡張会社間在庫転送
ja;SPFD-1209;J62 - 05 - 固定資産管理 - 月次処理
ja;SPFD-2208;J60 - 01 - 主要
ja;SPFD-3522;3XK - 社内修理
ja;SPFD-3588;5FM - 小売の調達
ja;SPFD-3616;5FV - 物流センタの出荷ロジスティクス
ja;SPFD-3750;61V - 返品管理 - 消費財
ja;SPFD-3831;3BS - 倉庫出荷処理
ja;SPFD-4366;BJ5 - 一括指図の見込生産 - ディスクリート製造
ja;SPFD-4643;BJE - 受注生産 - 製品の販売および最終組立 (OP)
ja;SPFD-4651;BJ5 - 見込生産 – ディスクリート製造 (OP)
ja;SPFD-4668;BJ8 - 見込生産 – プロセス指図に基づくプロセス生産 (OP)
ja;SPFD-4671;1FS - サプライヤからの基本倉庫入荷処理
ja;SPFD-4676;1G2 - 得意先への基本倉庫出荷処理
ja;SPFD-4677;1V5 - ロット管理によるサプライヤからの倉庫入荷処理
ja;SPFD-4678;1V7 - アウトバウンド処理のロット管理
ja;SPFD-4680;1VB - 生産統合 - 倉庫における構成品目消費および入庫
ja;SPFD-4687;3OK - 受注生産 - プロセス生産
ja;SPFD-4713;3XK - 社内修理
ja;SPFD-4721;4RO - 分散拡張倉庫管理 - 受信処理
ja;SPFD-4722;4RP - 分散拡張倉庫管理 - 送信処理
ja;SPFD-4726;4X5 - 繰返サービス
ja;SPFD-5160;5FX - 物流センタからの店舗発注
ja;SPFD-8185;4HH - 事後保全
ja;SPFD-8292;5FU - 物流センタの入荷ロジスティクス
ja;SPFD-8411;4HH - 事後保全
ja;SPFD-8414;4HI - 事前対応型保全
ja;SPFD-8426;41Z - サービスオーダー管理