locale;solutionProcessId;solutionProcessName
es;18J;Solicitudes de pedido
es;1BM;Fabricación sobre pedido - Planificación y montaje de productos semielaborados
es;1E1;Gestión de calidad en la fabricación discreta
es;1EZ;Tratamiento de abonos
es;1F1;Tratamiento de notas de cargo
es;1FM;Gestión de calidad en Aprovisionamiento
es;1FS;Procesamiento básico de entrada en almacén desde proveedor
es;1G2;Procesamiento básico de salida de almacén para el cliente 
es;1HO;Procesamiento de pedidos de cliente multisociedad - Nacional
es;1MX;Procesamiento de pedidos de cliente multisociedad - Internacional
es;1NT;Control de proyectos - Finanzas
es;1P9;Traslado de stock entre sociedades
es;1V5;Procesamiento de entrada en almacén del proveedor con gestión de lotes
es;1V7;Procesamiento de salida de almacén para cliente con gestión de lotes
es;1VB;Integración de producción - Consumo de componentes y entrada en almacén
es;2EQ;Venta de servicios
es;2TX;Aprovisionamiento directo con entrega entrante
es;2VJ;Integración SAP EWM - Procesamiento de entrada de proveedor
es;2VK;Integración SAP EWM - Procesamiento de salida a cliente
es;2VM;Integración SAP EWM - Integración de producción basada en entrega
es;3BR;Procesamiento de entrada en almacén
es;3BS;Procesamiento de salida de almacén
es;3D2;Gestión y supervisión de órdenes de servicio
es;3DV;Integración de la producción de almacén
es;3F0;Contabilización de costes de fabricación basada en eventos
es;3OK;Fabricación sobre pedido - Fabricación por procesos
es;3XK;Reparación interna
es;4GA;Oferta de servicio
es;4HH;Mantenimiento reactivo
es;4HI;Mantenimiento proactivo
es;4RO;EWM descentralizado - Procesamiento de entrada
es;4RP;EWM descentralizado - Procesamiento de salida
es;4VT;Mantenimiento de mejora
es;4WM;Mantenimiento operativo y de gastos generales
es;41Z;Gestión de órdenes de servicio
es;4X5;Servicios recurrentes
es;5D2;Ventas internas avanzadas
es;5FM;Aprovisionamiento para el comercio minorista
es;5FU;Logística de entrada para centros de distribución
es;5FV;Logística de salida para centros de distribución
es;5FX;Pedido de tienda desde el centro de distribución
es;5HL;Venta contra almacén (Bienes de consumo)
es;5HP;Traslado de stock entre empresas avanzado
es;61V;Gestión de devoluciones de cliente - Productos de consumo
es;BD3;Procesamiento de ventas mediante terceros con aviso de entrega
es;BD9;Venta contra almacén
es;BDD;Devoluciones de cliente simplificadas
es;BDG;Oferta de ventas
es;BDK;Procesamiento de ventas mediante terceros sin aviso de entrega
es;BDN;Ventas de posiciones no de almacén con aprovisionamiento específico de orden
es;BDQ;Proceso de corrección de facturas con nota de cargo
es;BEI;Cierre del período - Centro
es;BF7;Cierre del período - Órdenes de mantenimiento
es;BFH;Activo fijo en curso
es;BJ5;Fabricación contra stock - Fabricación discreta
es;BJ8;Fabricación contra stock - Fabricación por procesos basada en orden de proceso
es;BJE;Fabricación sobre pedido - Venta de productos terminados y montaje final
es;BKL;Proceso de corrección de facturas con abono
es;BKP;Devoluciones de cliente
es;BMC;Gestión de inventario básica
es;BMD;Contrato de compra
es;BME;Traslado de stock con entrega
es;BMH;Traslado de stock sin entrega
es;BMK;Devolución a proveedor
es;BMR;Planes de entregas en Aprovisionamiento
es;BMY;Subcontratación
es;BNA;Cierre del período - Proyectos
es;BNX;Compra de material de consumo
es;I9I;Contratos de ventas
es;J44;Planificación de necesidades de material
es;J45;Aprovisionamiento de materiales directos
es;J59;Deudores
es;J60;Acreedores
es;J62;Contabilidad de activos fijos