locale;id;title;longTextWhat;textPpis;textWhy;textHow
zh_CN;ANALYZE_IR_BEFORE_GR;分析收货之前创建的发票收据;;;;
zh_CN;ANALYZE_PO_ITEMS_WO_PR_REF;分析无采购申请参考的采购订单项目;;;;
zh_CN;ANALYZE_REJECT_REASON;分析拒绝原因并改进信用检查性能;;;;
zh_CN;ANALYZE_USER_BEH;分析用户行为以确定改进潜力;;;;
zh_CN;ASSESS_COMPL_RATE_LEADTIME;评估完成率和提前期;;;;
zh_CN;ASSESS_DELAYS_CUST_INV;评估客户发票创建中的延迟;;;;
zh_CN;ASSESS_DELAYS_PURCH;评估采购中的天数;;;;
zh_CN;ASSESS_DEVIATION_PAYTERM_DS_INV;评估销售开票凭证和发票中的付款条件偏差;;;;
zh_CN;ASSESS_LT_SO_TO_INV;评估从销售订单项目创建到发票创建的提前期;;;;
zh_CN;ASSESS_STOCKLEVEL_TIME;评估不同时间段内的库存水平;;;;
zh_CN;AVOID_COMPLIANCE_ISSUES;避免合规性问题;;;;
zh_CN;AVOID_EARLY_PAY;避免提前付款;;;;
zh_CN;AVOID_IV_BYPASS;避免绕过发票校验的付款审批;;;;
zh_CN;AVOID_LATE_PAY;避免延迟付款;;;;
zh_CN;AVOID_MAVERICK_BUY;确定并避免独立采购;;;;
zh_CN;AVOID_MANUAL_CHANGES;避免手动更改;;;;
zh_CN;AVOID_PC_EXC_QUANT;避免采购合同超出目标数量;;;;
zh_CN;AVOID_PC_EXC_VALUE;避免采购合同超出目标价值;;;;
zh_CN;AVOID_PC_NOT_USED;避免采购合同使用不当;;;;
zh_CN;AVOID_REDUCE_STOCK;避免和减少不必要的销售订单库存;;;;
zh_CN;AVOID_SCHED_AGR_EXC_QUANT;避免计划协议超出目标数量;;;;
zh_CN;ENSURE_USE_QM_IN_MAUFACT;确保在制造流程中正确使用 SAP 质量管理;;;;
zh_CN;ENSURE_CONSIST_PROC_COMPL;确保一致流程完成;;;;
zh_CN;HARMONIZE_MASTER_DATA;协调主数据;;;;
zh_CN;IDENTIFY_AUTOM_OPP;确定自动化机会;;;;
zh_CN;IDENTIFY_BLOCKS_IN_FI;仅识别财务中设置的付款冻结;;;;
zh_CN;IDENTIFY_BOTTLENECKS;识别最具改进潜力的瓶颈;;;;
zh_CN;IDENTIFY_CAT_ITEMS_REJECTED;识别经常遭到拒绝的目录项目;;;;
zh_CN;IDENTIFY_CAT_ITEMS_W_EXCEP;识别有异常的常见目录发票项目;;;;
zh_CN;IDENTIFY_DELAY_REASONS;识别流程延迟的原因;;;;
zh_CN;IDENTIFY_DEV_PAYTERM_PO_IV;识别采购订单和发票中付款条件的偏差;;;;
zh_CN;IDENTIFY_GENERAL_IMP;识别常规改进潜力;;;;
zh_CN;IDENTIFY_MISSED_AUTOM_OPP_ERS;通过 ERS 识别缺少的自动化机会;;;;
zh_CN;IDENTIFY_MAN_ACT_PO_ITEMS;识别采购订单项目内的手动活动;;;;
zh_CN;IDENTIFY_NON_CAT_ITEMS_REQU;识别常见的非目录项目申请;;;;
zh_CN;IDENTIFY_NON_CAT_PO_ITEMS;识别常见的非目录采购订单项目;;;;
zh_CN;IDENTIFY_PAR_RCVD_PO_ITEMS;识别部分接收的采购订单项目;;;;
zh_CN;IMPROVE_ASSET_CAPITAL_PERF;改进资产资本化流程绩效;;;;
zh_CN;IMPROVE_COMPL_RATE;改进完成率;;;;
zh_CN;IMPROVE_COM_RATE_DSO;改进完成率并减少应收账款周转天数 (DSO);;;;
zh_CN;IMPROVE_COMP_AVAIL;改进组件可用性;;;;
zh_CN;IMPROVE_CONSIST_EVENT;改进事件内容中的一致性;;;;
zh_CN;IMPROVE_CONSIST_ACC_ASSIG;改进科目分配对象使用的一致性;;;;
zh_CN;IMPROVE_CUST_ORDER_FULF;改进客户订单履行;;;;
zh_CN;IMPROVE_DEL_RATE;改进交货率并减少未交付订单;;;;
zh_CN;IMPROVE_DEL_SCHED;改进交货计划;;;;
zh_CN;IMPROVE_IH_ORDER_FULF;改进内部订单履行;;;;
zh_CN;IMPROVE_MAINT_EXEC_CONF;改进维护执行确认;;;;
zh_CN;IMPROVE_MANUFACT_PERF;改进离散制造流程性能;;;;
zh_CN;IMPROVE_MD_QUAL;改进主数据质量;;;;
zh_CN;IMPROVE_OTIF_DEL_RATE;改进准时完全交货率;;;;
zh_CN;IMPROVE_OTP_DPO;改进准时付款和应收账款周转天数 (DPO);;;;
zh_CN;IMPROVE_OTP_DSO;改进准时付款并减少应收账款周转天数 (DSO);;;;
zh_CN;IMPROVE_PROC_MANUFACT_PERF;改进流程制造流程性能;;;;
zh_CN;IMPROVE_QUAL_MANUF_REL_TRANS_DATA;改进制造相关事务数据的输入质量;;;;
zh_CN;IMPROVE_QUAL_PLAN_REL_TRANS_DATA;改进计划相关事务数据的输入质量;;;;
zh_CN;IMPROVE_QUAL_PURCH_REL_TRANS_DATA;改进采购相关事务数据的输入质量;;;;
zh_CN;IMPROVE_QUAL_SALES_REL_TRANS_DATA;改进销售相关事务数据的输入质量;;;;
zh_CN;IMPROVE_RUNTIME_MRP;改进物料需求计划运行的运行时;;;;
zh_CN;IMPROVE_SERV_EXEC_CONF;改进服务执行确认;;;;
zh_CN;IMPROVE_STOCK_AVAILABILITY;改进库存可用性;;;;
zh_CN;IMPROVE_SUPP_ORDER_FULLFM;改进供应商订单履行;;;;
zh_CN;IMPROVE_USAGE_PLAN_RESULTS;改进计划结果的使用以进行进一步处理;;;;
zh_CN;IMPROVE_USE_DISCOUNTS;改善现金折扣的使用;;;;
zh_CN;IMPROVE_WH_INV_CYCLE_COUNT;改进仓库库存周期盘点;;;;
zh_CN;IMPROVE_WH_IS_CYCLE_TM;改进仓库发货周期时间;;;;
zh_CN;IMPROVE_WH_REC_CYCLE_TM;改进仓库接收周期时间;;;;
zh_CN;IMPROVE_WBS_MD_QUAL;改进 WBS 要素主数据质量;;;;
zh_CN;INCREASE_ACC_CASH_ALL;提高现金分配的准确性;;;;
zh_CN;INCREASE_ACC_DEL_QUANT_SCHED;提高交货数量和计划的准确性;;;;
zh_CN;INCREASE_ACC_GI_PLAN_RED_LATE_SH;提高发货计划的准确性并减少延迟发货;;;;
zh_CN;INCREASE_ADH_EXP_DATES;提高对预期日期的遵守;;;;
zh_CN;INCREASE_ADH_MAINT_SCHED;提高对维护计划的遵守;;;;
zh_CN;INCREASE_ADH_SERV_SCHED;提高对服务计划的遵守;;;;
zh_CN;INCREASE_ADHERENCE_SD_MANUF;提高对销售和制造之间计划日期的遵守;;;;
zh_CN;INCREASE_ADHERENCE_SD_PURCH;提高对销售和采购之间计划日期的遵守;;;;
zh_CN;INCREASE_AUTOMATIC_STOCK_POST;增加自动库存过账;;;;
zh_CN;INCREASE_AUTOMATIC_USAGE_DECIS;增加自动使用决策;;;;
zh_CN;INCREASE_AUTOM_CUST_INV;提高客户发票的自动化率;;;;
zh_CN;INCREASE_AUTOM_OUTB_DEL_ITEM;提高出库交货项目创建的自动化率;;;;
zh_CN;INCREASE_AUTOM_RATE_INSPECTION_LOT;提高检验批的自动化率;;;;
zh_CN;INCREASE_AUTOM_ROP;提高付款的自动化率;;;;
zh_CN;INCREASE_AUTOM_SCHED_LINES;提高计划行的自动化可能性;;;;
zh_CN;INCREASE_AUTOM_SD_DOCS;提高销售开票凭证的自动化率;;;;
zh_CN;INCREASE_AUTOMATION;提高自动化率;;;;
zh_CN;INCREASE_SCHEDULE_ADHERENCE;提高对计划的遵守;;;;
zh_CN;INCREASE_DATE_ADHERENCE;提高整个制造流程中对计划日期的遵守;;;;
zh_CN;INCREASE_MAINT_COMPL;提高并改进维护完成;;;;
zh_CN;INCREASE_SCP_AUTOMATION;提高自动化程度和对供应链计划结果的遵守;;;;
zh_CN;INCREASE_SERV_COMPL;提高并改进服务完成;;;;
zh_CN;INCREASE_SUPP_PART_ANS_RATE;提高供应商参与度和回答率;;;;
zh_CN;MONITOR_EVENT_BEH;监控事件创建行为;;;;
zh_CN;MONITOR_PROJ_EVENT_PEND;监控事件待选择的项目;;;;
zh_CN;MONITOR_SOURC_CO;监控货源确定合规性;;;;
zh_CN;REDUCE_BACKLOG;减少未交付订单;;;;
zh_CN;REDUCE_COMPLIANCE;降低合规问题的风险;;;;
zh_CN;REDUCE_DEL_CONV_PR_PO;降低将采购申请转换为采购订单的延迟;;;;
zh_CN;REDUCE_DEL_CONV_STPR_STO;降低将库存转储采购申请转换为库存转储单的延迟;;;;
zh_CN;REDUCE_EXCEP_PLAN_EXEC;减少计划执行期间的异常数量;;;;
zh_CN;REDUCE_INCOMP_SOS;减少未完成销售订单并评估销售订单拒绝率;;;;
zh_CN;REDUCE_INV_NOT_TRASF;减少未传输到会计的发票;;;;
zh_CN;REDUCE_LATE_CUST_PAY;减少延迟客户付款;;;;
zh_CN;REDUCE_LATE_DEL;减少延迟交货;;;;
zh_CN;REDUCE_LATE_SUPP_PAY;减少延迟供应商付款;This dashboard lets you analyze if you’re paying your suppliers too late and learn how to reduce these late payments. Late payments can occur when your master data is incomplete, such as bank data, missing payment methods, or missing address information, when the supplier is blocked for postings and payments or when there are errors during payment runs. A payment is considered late if the FI-AP item of the supplier invoice was cleared after the calculated net due date.;"This dashboard visualizes metrics that are based on data from the following process flows:
1. Supplier invoice issuing (with purchase order) to FI-AP clearing
2. Supplier invoice issuing (without purchase order) to FI-AP clearing";From a working capital perspective, late payments might not necessarily be an issue since they increase DPO. However, paying late not only prevents you from making use of cash discounts, but it also risks damaging your supplier relationships or even paying penalty interest. To ensure that your customers receive their goods or services on time, it's essential for you to have good relationships with your suppliers and make sure that your suppliers deliver on time. It's therefore in your best interests to avoid paying your suppliers late.;The correction recommendations for this improvement opportunity focus on entering missing master data, on checking whether postings and payment blocks can be removed, and on training users to set the correct parameters in the payment run.
zh_CN;REDUCE_MAN_ACT;减少手动活动;;;;
zh_CN;REDUCE_MAN_ACT_IMPR_USER_PROD;减少手动活动并改进用户生产力;;;;
zh_CN;REDUCE_MAN_ADJ_MRP_RUN;减少对 MRP 运行结果的手动调整;;;;
zh_CN;REDUCE_MAN_ADJ_APP_PR;减少已批准采购申请中的手动调整;;;;
zh_CN;REDUCE_MAN_ADJ_APP_STR;减少已批准库存转储申请中的手动调整;;;;
zh_CN;REDUCE_NO_RETURNS_TO_SUPPL;减少供应商退货数量;;;;
zh_CN;REDUCE_NOT_USED_SCHED_AGR;减少从未或不再使用的有效计划协议;;;;
zh_CN;REDUCE_OPEN_PAY_IMPR_DEL_SCH;减少未清付款并改进交货计划;;;;
zh_CN;REDUCE_OPEN_PURCH_COM_ITEMS;减少未清和过时的采购承诺项目;;;;
zh_CN;REDUCE_OPEN_COM_ITEMS;减少未清提交项目;;;;
zh_CN;REDUCE_PROBL_BL_MANUF;减少制造中含未交付订单的问题;;;;
zh_CN;REDUCE_PROBL_BL_PURCH;减少采购中含未交付订单的问题;;;;
zh_CN;REDUCE_STOCKLEVEL_DELETED;降低待删除或取消库存组合的库存水平;;;;
zh_CN;REDUCE_STOCKLEVEL_MOVE;减少最近未移动的组合的库存水平;;;;
zh_CN;REDUCE_WH_MGMT_COST_INBOUND;降低内向流程的仓库管理成本;;;;
zh_CN;REDUCE_WH_MGMT_COST_INTERNAL;降低仓库管理内部成本;;;;
zh_CN;REDUCE_WH_MGMT_COST_OUTBOUND;降低外向流程的仓库管理成本;;;;
zh_CN;USE_AUTOMATION;使用自动化机会;;;;
zh_CN;USE_DUNNING;有效使用催款;;;;