locale;kpiId;phaseId;stepId;title;subtitle
ko;CPACM00160;10;step_10_10;계약 작업 공간이 생성됨;
ko;CPACM00160;10;step_10_20;계약 작업 공간이 게시되고 유효함;
ko;CPAOP00160;10;step_10_10;구매 요청 항목이 생성됨;
ko;CPAOP00160;20;step_20_10;구매 오더 항목이 생성됨;
ko;CPAOP00161;10;step_10_10;구매 오더 항목이 생성됨;
ko;CPAOP00161;20;step_20_10;입고가 생성됨;
ko;CPAOP00161;30;step_30_10;송장 항목이 생성됨;
ko;CPAOP00162;10;step_10_10;송장 항목이 제출됨;
ko;CPAOP00162;10;step_10_20;송장 항목이 조정됨;
ko;CPAOP00162;20;step_20_10;송장 항목이 지불됨;
ko;CPAOP00163;10;step_10_10;구매 오더 항목이 생성됨;
ko;CPAOP00163;20;step_20_10;송장 항목이 생성됨;
ko;CPAOP00163;20;step_20_30;송장 항목이 지급됨;
ko;CPASC00160;10;step_10_10;소싱 요청이 생성됨;
ko;CPASC00160;20;step_20_10;전체 소싱 프로젝트가 생성됨;
ko;CPASC00160;30;step_30_10;첫 번째 소싱 이벤트가 생성됨;
ko;CPASC00160;30;step_30_20;마지막 소싱 이벤트가 종료됨;
ko;CPASC00160;40;step_40_10;전체 소싱 프로젝트 완료;
ko;CPASC00161;10;step_10_10;전체 소싱 프로젝트가 생성됨;
ko;CPASC00161;20;step_20_10;첫 번째 소싱 이벤트가 생성됨;
ko;CPASC00161;20;step_20_20;마지막 소싱 이벤트가 생성됨;
ko;CPASC00161;30;step_30_10;전체 소싱 프로젝트 완료;
ko;CPASC00163;10;step_10_10;소싱 이벤트가 생성됨;
ko;CPASC00163;20;step_20_10;입찰이 시작됨;
ko;CPASC00163;20;step_20_20;입찰이 종료됨;
ko;CPASC00163;30;step_30_10;소싱 이벤트가 종료됨;
ko;CPASC00164;10;step_10_10;소싱 이벤트가 생성됨;
ko;CPASC00164;20;step_20_10;입찰이 시작됨;
ko;CPASC00164;20;step_20_20;입찰이 종료됨;
ko;CPASC00164;30;step_30_10;소싱 이벤트가 종료됨;
ko;CPASC00165;10;step_10_10;소싱 이벤트가 생성됨;
ko;CPASC00165;20;step_20_10;입찰이 시작됨;
ko;CPASC00165;20;step_20_20;입찰이 종료됨;
ko;CPASC00165;30;step_30_10;소싱 이벤트가 종료됨;
ko;CPASM00160;10;step_10_10;생성된 공급업체 요청;
ko;CPASM00160;10;step_10_20;승인된 공급업체 요청;
ko;CPASM00160;20;step_20_10;시작된 공급업체 등록;
ko;CPASM00160;20;step_20_20;제출된 공급업체 등록 설문;
ko;CPASM00160;20;step_20_30;승인된 공급업체 등록;
ko;CPASM00161;10;step_10_10;생성된 레거시 공급업체 심사 프로젝트 항목;
ko;CPASM00161;10;step_10_20;제출된 레거시 공급업체 심사 프로젝트 항목 설문;
ko;CPASM00161;10;step_10_30;승인된 레거시 공급업체 심사 프로젝트 항목;
ko;KBSRM00160;10;step_10_10;장바구니 항목이 생성됨;
ko;KBSRM00160;10;step_10_20;장바구니 항목이 완료됨;
ko;KBSRM00160;10;step_10_30;장바구니 항목이 승인됨;
ko;KBSRM00160;20;step_20_10;계획된 배송일 및 후속 문서가 있는 장바구니 항목이 생성됨;
ko;KBSRM00760;10;step_10_10;입찰 초대 항목이 생성됨;
ko;KBSRM00760;10;step_10_20;입찰 초대 항목 완료 및 승인 대기 중;
ko;KBSRM00760;10;step_10_30;입찰 초대 항목이 게시됨;
ko;KBSRM00760;20;step_20_10;첫 번째 입찰이 제출됨;
ko;KBSRM00760;20;step_20_20;입찰 초대의 제출 기한이 지남;
ko;KBSRM00760;20;step_20_30;첫 번째 입찰이 승인됨;
ko;KBSRM00761;10;step_10_10;경매 항목이 생성됨;
ko;KBSRM00761;10;step_10_20;경매 항목이 완료되고 준비됨;
ko;KBSRM00761;10;step_10_30;경매 항목이 활성화됨;
ko;KBSRM00761;20;step_20_10;첫 번째 입찰이 제출됨;
ko;KBSRM00761;20;step_20_20;경매 항목이 종료됨;
ko;KBSRM00761;20;step_20_30;첫 번째 입찰이 승인됨;
ko;KCSAL00660;10;step_10_10;기회 생성됨;
ko;KCSAL00660;10;step_10_20;"기회가 '진행 중'으로 설정됨";
ko;KCSAL00660;40;step_40_10;기회 완료됨;
ko;KFFI000960;10;step_10_10;공급업체 송장이 발행됨;
ko;KFFI000960;10;step_10_20;공급업체 송장이 생성 및 전기됨;
ko;KFFI000960;10;step_10_30;FI-AP 항목이 지급에 대해 릴리스됨;
ko;KFFI000960;20;step_20_10;FI-AP 반제 문서가 생성됨;
ko;KFFI000960;20;step_20_20;FI-AP 항목이 반제됨;
ko;KFFI000961;10;step_10_10;공급업체 송장이 발행됨;
ko;KFFI000961;10;step_10_20;공급업체 송장이 생성 및 전기됨;
ko;KFFI000961;10;step_10_30;FI-AP 항목이 지급에 대해 릴리스됨;
ko;KFFI000961;20;step_20_10;FI-AP 반제 문서가 생성됨;
ko;KFFI000961;20;step_20_20;FI-AP 항목이 반제됨;
ko;KFFI001060;10;step_10_10;고객 송장이 발행됨;
ko;KFFI001060;20;step_20_10;FI-AR 항목이 반제됨;
ko;KFFI001061;10;step_10_10;고객 송장이 발행됨;
ko;KFFI001061;20;step_20_10;FI-AR 항목이 반제됨;
ko;KFFI001860;10;step_10_10;자산 마스터가 생성됨;
ko;KFFI001860;20;step_20_10;첫 번째 취득 전기가 생성됨;
ko;KFFI001860;30;step_30_10;최종 자산 또는 비자산 수취인에 대한 최초 정산;
ko;KFFI001860;40;step_40_10;자산 마스터가 비활성화됨;
ko;KFFI001861;10;step_10_10;생성된 자산 마스터;
ko;KFFI001861;20;step_20_10;첫 번째 취득 전기가 생성됨;
ko;KFFI001861;30;step_30_10;감가상각 계산이 시작됨;
ko;KFFI001861;50;step_50_10;자산 마스터가 비활성화됨;
ko;KFFI001960;10;step_10_10;공익사업 송장이 생성됨;
ko;KFFI001960;20;step_20_10;FI-CA 항목이 반제됨;
ko;KFFI002260;10;step_10_10;통합 송장이 생성됨;
ko;KFFI002260;20;step_20_10;FI-CA 항목이 반제됨;
ko;KFFI002360;10;step_10_10;제품 원가 취합처가 생성됨;
ko;KFFI002360;20;step_20_10;제품 원가 취합처가 처음에 최초 확정됨;
ko;KFFI002360;30;step_30_10;제품 원가 취합처가 먼저 정산됨;
ko;KFFI002660;10;step_10_10;프로바이더 계약이 생성됨;
ko;KFFI002660;10;step_10_20;계약이 시작됨;
ko;KFFI002660;20;step_20_10;첫 번째 청구 문서가 생성됨;
ko;KFFI002660;30;step_30_10;첫 번째 송장 문서가 생성됨;
ko;KIAUT00160;10;step_10_10;실행 일정 수량 구성요소의 기본 시작일;
ko;KIAUT00160;10;step_10_20;실행 일정 수량 구성요소의 요청일;
ko;KIAUT00160;40;step_40_10;오더 기본 종료일이 미래인 실행 일정 수량 구성요소;
ko;KIISU00160;10;step_10_10;계약이 생성됨;
ko;KIISU00160;30;step_30_10;계약과 관련된 첫 번째 청구 문서가 생성됨;
ko;KIISU00160;40;step_40_10;계약과 관련된 첫 번째 인쇄 문서가 생성됨;
ko;KIISU00160;50;step_50_10;계약과 관련된 첫 번째 계약 회계 전표가 생성됨;
ko;KIISU00160;50;step_50_20;계약과 관련된 첫 번째 계약 회계 항목이 반제됨;
ko;KIISU00260;10;step_10_10;청구 문서가 생성됨;
ko;KIISU00260;20;step_20_10;인쇄 문서가 생성 및 전기됨;
ko;KIISU00261;10;step_10_10;아웃소트된 청구 문서가 생성됨;
ko;KIISU00261;10;step_10_20;아웃소트된 청구 문서가 릴리스됨;
ko;KIISU00261;20;step_20_10;인쇄 문서가 생성 및 전기됨;
ko;KIISU00261;20;step_20_20;인쇄 문서가 인쇄됨;
ko;KIISU00161;10;step_10_10;청구 오더가 생성됨;
ko;KIISU00161;40;step_40_10;예정 청구일이 미래인 청구 오더;
ko;KIISU00162;10;step_10_10;청구 오더가 생성됨;
ko;KIISU00162;20;step_20_10;청구 오더에 대한 검침 결과가 저장됨;
ko;KIISU00162;40;step_40_10;예정 청구일이 미래인 청구 오더;
ko;KIISU00360;10;step_10_10;인쇄 문서가 생성됨;
ko;KIISU00360;20;step_20_10;회계에서 미결 항목이 생성됨;
ko;KIISU00360;20;step_20_20;회계에서 미결 항목이 반제됨;
ko;KIISU00361;10;step_10_10;아웃소트된 인쇄 문서가 생성됨;
ko;KIISU00361;10;step_10_20;아웃소트된 인쇄 문서가 릴리스됨;
ko;KIISU00361;20;step_20_10;회계에서 미결 항목이 생성됨;
ko;KIISU00361;20;step_20_20;회계에서 미결 항목이 반제됨;
ko;KIRET00460;10;step_10_10;재고 운송 오더 항목이 생성됨;
ko;KIRET00460;20;step_20_10;재고 운송 오더 항목이 납품됨;
ko;KIRET00460;20;step_20_20;재고 운송 오더 항목이 출고됨;
ko;KIRET00460;30;step_30_10;재고 운송 오더 항목이 수령됨;
ko;KIRET00461;10;step_10_10;재고 운송 오더 항목이 생성됨;
ko;KIRET00461;20;step_20_10;재고 운송 오더 항목이 납품됨;
ko;KIRET00461;20;step_20_20;재고 운송 오더 항목이 출고됨;
ko;KIRET00461;30;step_30_10;재고 운송 오더 항목이 수령됨;
ko;KIRET00462;10;step_10_10;재고 운송 오더 항목이 생성됨;
ko;KIRET00462;20;step_20_10;재고 운송 오더 항목이 납품됨;
ko;KIRET00462;20;step_20_20;재고 운송 오더 항목이 출고됨;
ko;KIRET00462;30;step_30_10;재고 운송 오더 항목이 수령됨;
ko;KIRET00463;10;step_10_10;재고 운송 오더 항목이 생성됨;
ko;KIRET00463;20;step_20_10;재고 운송 오더 항목이 납품됨;
ko;KIRET00463;20;step_20_20;재고 운송 오더 항목이 출고됨;
ko;KIRET00463;30;step_30_10;재고 운송 오더 항목이 수령됨;
ko;KIRET00464;10;step_10_10;재고 운송 오더 항목이 생성됨;
ko;KIRET00464;20;step_20_10;재고 운송 오더 항목이 납품됨;
ko;KIRET00464;20;step_20_20;재고 운송 오더 항목이 출고됨;
ko;KIRET00464;30;step_30_10;재고 운송 오더 항목이 수령됨;
ko;KIRET00464;40;step_40_10;FI-AR 항목이 생성됨;
ko;KIRET00464;40;step_40_20;FI-AP 항목이 생성됨;
ko;KIRET00464;40;step_40_30;FI-AP 항목이 반제됨;
ko;KIRET00464;40;step_40_40;FI-AR 항목이 반제됨;
ko;KIRET00465;10;step_10_10;재고 운송 오더 항목이 생성됨;
ko;KIRET00465;20;step_20_10;재고 운송 오더 항목이 납품됨;
ko;KIRET00465;20;step_20_20;재고 운송 오더 항목이 출고됨;
ko;KIRET00465;30;step_30_10;재고 운송 오더 항목이 수령됨;
ko;KIRET00465;40;step_40_10;FI-AR 항목이 생성됨;
ko;KIRET00465;40;step_40_20;FI-AP 항목이 생성됨;
ko;KIRET00465;40;step_40_30;FI-AP 항목이 반제됨;
ko;KIRET00465;40;step_40_40;FI-AR 항목이 반제됨;
ko;KIRET00466;10;step_10_10;재고 운송 오더 항목이 생성됨;
ko;KIRET00466;20;step_20_10;재고 운송 오더 항목이 납품됨;
ko;KIRET00466;20;step_20_20;재고 운송 오더 항목이 출고됨;
ko;KIRET00466;30;step_30_10;재고 운송 오더 항목이 수령됨;
ko;KIRET00466;40;step_40_10;FI-AR 항목이 생성됨;
ko;KIRET00466;40;step_40_20;FI-AP 항목이 생성됨;
ko;KIRET00466;40;step_40_30;FI-AP 항목이 반제됨;
ko;KIRET00466;40;step_40_40;FI-AR 항목이 반제됨;
ko;KIRET00467;10;step_10_10;재고 운송 오더 항목이 생성됨;
ko;KIRET00467;20;step_20_10;재고 운송 오더 항목이 납품됨;
ko;KIRET00467;20;step_20_20;재고 운송 오더 항목이 출고됨;
ko;KIRET00467;30;step_30_10;재고 운송 오더 항목이 수령됨;
ko;KIRET00467;40;step_40_10;FI-AR 항목이 생성됨;
ko;KIRET00467;40;step_40_20;FI-AP 항목이 생성됨;
ko;KIRET00467;40;step_40_30;FI-AP 항목이 반제됨;
ko;KIRET00467;40;step_40_40;FI-AR 항목이 반제됨;
ko;KIRET00560;10;step_10_10;구매 오더 항목이 생성됨;
ko;KIRET00560;20;step_20_10;입고가 생성됨;
ko;KIRET00560;30;step_30_10;생성된 공급업체 송장;
ko;KIRET00561;10;step_10_10;구매 오더 항목이 생성됨;
ko;KIRET00561;20;step_20_10;입고가 생성됨;
ko;KIRET00561;30;step_30_10;생성된 공급업체 송장;
ko;KIRET00562;10;step_10_10;구매 오더 항목이 생성됨;
ko;KIRET00562;20;step_20_10;입고가 생성됨;
ko;KIRET00562;30;step_30_10;생성된 공급업체 송장;
ko;KIRET00563;10;step_10_10;구매 오더 항목이 생성됨;
ko;KIRET00563;20;step_20_10;입고가 생성됨;
ko;KIRET00563;30;step_30_10;공급업체 송장이 생성됨;
ko;KPIM000160;10;step_10_10;자재/공장/저장소 위치와 재고의 조합;
ko;KPIM000160;20;step_20_10;마지막 상품이 포함된 조합이 이동한 지 1년 이상 지남;
ko;KPIM000160;20;step_20_20;마지막 상품이 포함된 조합이 이동한 지 7-12개 기간이 지남;
ko;KPIM000160;20;step_20_30;마지막 상품이 포함된 조합이 이동한 지 4-6개 기간이 지남;
ko;KPIM000160;20;step_20_40;마지막 상품이 포함된 조합이 이동한 지 2-3개 기간이 지남;
ko;KPIM000160;20;step_20_50;마지막 상품이 포함된 조합이 이전 기간에 이동됨;
ko;KPIM000160;20;step_20_60;마지막 상품이 포함된 조합이 이번 기간에 이동됨;
ko;KPIM000161;10;step_10_10;자재/공장/저장소 위치/배치와 재고의 조합;
ko;KPIM000161;20;step_20_10;마지막 상품이 포함된 조합이 이동한 지 1년 이상 지남;
ko;KPIM000161;20;step_20_20;마지막 상품이 포함된 조합이 이동한 지 7-12개 기간이 지남;
ko;KPIM000161;20;step_20_30;마지막 상품이 포함된 조합이 이동한 지 4-6개 기간이 지남;
ko;KPIM000161;20;step_20_40;마지막 상품이 포함된 조합이 이동한 지 2-3개 기간이 지남;
ko;KPIM000161;20;step_20_50;마지막 상품이 포함된 조합이 이전 기간에 이동됨;
ko;KPIM000161;20;step_20_60;마지막 상품이 포함된 조합이 이번 기간에 이동됨;
ko;KPIM000162;10;step_10_10;자재/공장/저장소 위치와 재고의 조합;
ko;KPIM000162;20;step_20_10;마지막 상품이 포함된 조합이 이동한 지 1년 이상 지남;
ko;KPIM000162;20;step_20_20;마지막 상품이 포함된 조합이 이동한 지 7-12개 기간이 지남;
ko;KPIM000162;20;step_20_30;마지막 상품이 포함된 조합이 이동한 지 4-6개 기간이 지남;
ko;KPIM000162;20;step_20_40;마지막 상품이 포함된 조합이 이동한 지 2-3개 기간이 지남;
ko;KPIM000162;20;step_20_50;마지막 상품이 포함된 조합이 이전 기간에 이동됨;
ko;KPIM000162;20;step_20_60;마지막 상품이 포함된 조합이 이번 기간에 이동됨;
ko;KPIM000163;10;step_10_10;자재/공장/저장소 위치/배치와 재고의 조합;
ko;KPIM000163;20;step_20_10;마지막 상품이 포함된 조합이 이동한 지 1년 이상 지남;
ko;KPIM000163;20;step_20_20;마지막 상품이 포함된 조합이 이동한 지 7-12개 기간이 지남;
ko;KPIM000163;20;step_20_30;마지막 상품이 포함된 조합이 이동한 지 4-6개 기간이 지남;
ko;KPIM000163;20;step_20_40;마지막 상품이 포함된 조합이 이동한 지 2-3개 기간이 지남;
ko;KPIM000163;20;step_20_50;마지막 상품이 포함된 조합이 이전 기간에 이동됨;
ko;KPIM000163;20;step_20_60;마지막 상품이 포함된 조합이 이번 기간에 이동됨;
ko;KPLE000360;10;step_10_10;납품 항목이 생성됨;
ko;KPLE000360;10;step_10_20;납품 항목이 피킹됨;
ko;KPLE000360;40;step_40_10;출고가 있는 납품 항목이 전기됨;
ko;KPLE000361;10;step_10_10;납품 항목이 생성됨;
ko;KPLE000361;20;step_20_10;이전 오더 항목이 있는 납품 항목이 생성되었으나 확인되지 않음;
ko;KPLE000361;50;step_50_10;출고가 있는 납품 항목이 전기됨;
ko;KPLE000362;10;step_10_10;납품 항목이 생성됨;
ko;KPLE000362;50;step_50_10;입고가 있는 납품 항목이 전기됨;
ko;KPMRP00260;10;step_10_10;자재/공장 조합이 MRP에 의해 지난 주에 처리됨;
ko;KPMRP00260;15;step_15_10;기한 초과된 판매 백로그가 없는 자재/공장 조합;
ko;KPMRP00260;20;step_20_10;기한 초과된 계획 오더 백로그가 없는 자재/공장 조합;
ko;KPMRP00260;30;step_30_10;기한 초과된 제조 백로그가 없는 자재/공장 조합;
ko;KPMRP00260;40;step_40_10;기한 초과된 구매 백로그가 없는 자재/공장 조합;
ko;KPMRP00260;50;step_50_10;MRP 예외가 없는 자재/공장 조합;
ko;KPMRP00260;60;step_60_10;지난주 제조 오더에 사용된 자재/공장 조합;
ko;KPMRP00260;70;step_70_10;지난주 구매 오더 항목에 사용된 자재/공장 조합;
ko;KPPP000160;10;step_10_10;생성된 생산 오더;
ko;KPPP000160;10;step_10_20;릴리스된 생산 오더;
ko;KPPP000160;20;step_20_10;초기에 확인된 생산 오더;
ko;KPPP000160;30;step_30_10;납품된 생산 오더;
ko;KPPP000160;40;step_40_10;기술적으로 완료된 납품된 생산 오더;
ko;KPPP000161;10;step_10_10;생성된 생산 오더;
ko;KPPP000161;10;step_10_20;릴리스된 생산 오더;
ko;KPPP000161;20;step_20_10;초기에 확인된 생산 오더;
ko;KPPP000161;30;step_30_10;납품된 생산 오더;
ko;KPPP000161;40;step_40_10;납품된 생산 오더가 먼저 정산됨;
ko;KPPP000162;10;step_10_10;생성된 생산 오더 구성요소;
ko;KPPP000162;10;step_10_20;구성요소에 대해 생산 오더가 릴리스됨;
ko;KPPP000162;50;step_50_10;구성요소에 대해 첫 번째 출고가 전기됨;
ko;KPPP000163;10;step_10_10;생성된 생산 오더 구성요소;
ko;KPPP000163;20;step_20_10;구매 요청 항목이 생성됨;
ko;KPPP000163;30;step_30_10;구매 오더 항목이 생성됨;
ko;KPPP000163;40;step_40_10;구매 오더 항목에 대한 입고가 전기됨;
ko;KPPP000164;10;step_10_10;생산 오더 작업이 생성됨;
ko;KPPP000164;45;step_45_10;생산 오더가 릴리즈된 작업;
ko;KPPP000164;50;step_50_10;작업 실행 시작일이 확인됨;
ko;KPPP000164;50;step_50_20;작업 실행 종료일이 최종 확인됨;
ko;KPPP000260;10;step_10_10;생성된 프로세스 오더;
ko;KPPP000260;10;step_10_20;프로세스 오더가 릴리스됨;
ko;KPPP000260;20;step_20_10;초기에 확인된 프로세스 오더;
ko;KPPP000260;30;step_30_10;프로세스 오더가 납품됨;
ko;KPPP000260;40;step_40_10;기술적으로 완료된 납품된 프로세스 오더;
ko;KPPP000261;10;step_10_10;생성된 프로세스 오더;
ko;KPPP000261;10;step_10_20;프로세스 오더가 릴리스됨;
ko;KPPP000261;20;step_20_10;초기에 확인된 프로세스 오더;
ko;KPPP000261;30;step_30_10;프로세스 오더가 납품됨;
ko;KPPP000261;40;step_40_10;납품된 프로세스 오더가 먼저 정산됨;
ko;KPPP000262;10;step_10_10;프로세스 오더 구성요소가 생성됨;
ko;KPPP000262;10;step_10_20;구성요소에 대해 프로세스 오더가 릴리스됨;
ko;KPPP000262;50;step_50_10;구성요소에 대해 첫 번째 출고가 전기됨;
ko;KPPP000263;10;step_10_10;프로세스 오더 구성요소가 생성됨;
ko;KPPP000263;20;step_20_10;구매 요청 항목이 생성됨;
ko;KPPP000263;30;step_30_10;구매 오더 항목이 생성됨;
ko;KPPP000263;40;step_40_10;구매 오더 항목에 대한 입고가 전기됨;
ko;KPPP000264;10;step_10_10;프로세스 오더 작업이 생성됨;
ko;KPPP000264;45;step_45_10;프로세스 오더가 릴리스된 작업;
ko;KPPP000264;50;step_50_10;작업 실행 시작일이 확인됨;
ko;KPPP000264;50;step_50_20;작업 실행 종료일이 최종 확인됨;
ko;KPPROJ0360;10;step_10_10;WBS 요소가 생성됨;
ko;KPPROJ0360;10;step_10_20;WBS 요소가 릴리스됨;
ko;KPPROJ0360;20;step_20_10;WBS 요소가 먼저 정산됨;
ko;KPPROJ0360;20;step_20_20;WBS 요소가 마감됨;
ko;KPPROJ0361;10;step_10_10;WBS 요소가 생성됨;
ko;KPPROJ0361;10;step_10_20;WBS 요소가 릴리스됨;
ko;KPPROJ0361;20;step_20_10;WBS 요소가 먼저 정산됨;
ko;KPPROJ0361;20;step_20_20;WBS 요소가 마감됨;
ko;KPPURCH260;10;step_10_10;구매 오더 항목이 생성됨;
ko;KPPURCH260;20;step_20_10;입고가 생성됨;
ko;KPPURCH260;30;step_30_10;공급업체 송장이 생성됨;
ko;KPPURCH260;40;step_40_10;FI-AP 항목이 반제됨;
ko;KPPURCH261;10;step_10_10;구매 오더 항목이 생성됨;
ko;KPPURCH261;20;step_20_10;입고가 생성됨;
ko;KPPURCH261;30;step_30_10;공급업체 송장이 생성됨;
ko;KPPURCH263;10;step_10_10;구매 오더 항목이 생성됨;
ko;KPPURCH263;20;step_20_10;판매 오더 항목이 생성됨;
ko;KPPURCH263;30;step_30_10;납품 항목이 생성됨;
ko;KPPURCH263;40;step_40_10;입고가 전기됨;
ko;KPPURCH263;40;step_40_20;입고가 생성됨;
ko;KPPURCH263;50;step_50_10;공급업체 송장이 생성됨;
ko;KPPURCH265;10;step_10_10;구매 오더 항목이 생성됨;
ko;KPPURCH265;20;step_20_10;공급업체 송장이 생성됨;
ko;KPPURCH265;30;step_30_10;FI-AP 항목이 생성됨;
ko;KPPURCH265;30;step_30_20;FI-AP 반제 문서가 생성됨;
ko;KPPURCH266;10;step_10_10;구매 오더 항목이 생성됨;
ko;KPPURCH266;20;step_20_10;입고가 생성됨;
ko;KPPURCH266;30;step_30_10;공급업체 송장이 생성됨;
ko;KPPURCH267;10;step_10_10;구매 오더 품목이 생성됨;
ko;KPPURCH267;20;step_20_10;구매 오더 품목에 대한 첫 번째 서비스 입력 시트가 생성됨;
ko;KPPURCH267;20;step_20_20;구매 오더 품목에 대한 첫 번째 서비스 입력 시트가 수락됨;
ko;KPPURCH267;30;step_30_10;서비스 입력 시트에 대한 첫 번째 송장이 생성됨;
ko;KPPURCH268;10;step_10_10;구매 오더 항목이 생성됨;
ko;KPPURCH268;20;step_20_10;입고가 생성됨;
ko;KPPURCH268;30;step_30_10;공급업체 송장이 생성됨;
ko;KPPURCH360;10;step_10_10;구매 요청 항목이 생성됨;
ko;KPPURCH360;20;step_20_10;구매 오더 항목이 생성됨;
ko;KPPURCH362;10;step_10_10;재고 운송 요청 항목이 생성됨;
ko;KPPURCH362;20;step_20_10;재고 운송 오더 항목이 생성됨;
ko;KPPURCH460;10;step_10_10;공급업체 송장이 발행됨;
ko;KPPURCH460;10;step_10_20;공급업체 송장이 생성 및 전기됨;
ko;KPPURCH460;20;step_20_10;FI-AP 항목이 지급에 대해 릴리스됨;
ko;KPPURCH460;20;step_20_20;FI-AP 반제 문서가 생성됨;
ko;KPPURCH460;20;step_20_30;FI-AP 항목이 반제됨;
ko;KPPURCH560;10;step_10_10;재고 운송 오더 항목이 생성됨;
ko;KPPURCH560;20;step_20_10;재고 운송 오더 항목이 출고됨;
ko;KPPURCH560;20;step_20_20;재고 운송 오더 항목이 수령됨;
ko;KPPURCH561;10;step_10_10;재고 운송 오더 항목이 생성됨;
ko;KPPURCH561;20;step_20_10;재고 운송 오더 항목이 납품됨;
ko;KPPURCH561;20;step_20_20;재고 운송 오더 항목이 출고됨;
ko;KPPURCH561;30;step_30_10;재고 운송 오더 항목이 수령됨;
ko;KPPURCH562;10;step_10_10;재고 운송 오더 항목이 생성됨;
ko;KPPURCH562;20;step_20_10;재고 운송 오더 항목이 납품됨;
ko;KPPURCH562;20;step_20_20;재고 운송 오더 항목이 출고됨;
ko;KPPURCH562;30;step_30_10;재고 운송 오더 항목이 수령됨;
ko;KPPURCH562;40;step_40_03;FI-AR 항목이 생성됨;
ko;KPPURCH562;40;step_40_07;FI-AP 항목이 생성됨;
ko;KPPURCH562;40;step_40_10;FI-AP 항목이 반제됨;
ko;KPPURCH562;40;step_40_20;FI-AR 항목이 반제됨;
ko;KPPURCH660;10;step_10_10;일정 계약 항목이 생성됨;
ko;KPPURCH660;10;step_10_20;일정 계약의 유효 기간 시작;
ko;KPPURCH660;20;step_20_10;과거 일정 계약의 유효 기간 종료;
ko;KPPURCH661;10;step_10_10;수량 계약 항목이 생성됨;
ko;KPPURCH661;10;step_10_20;수량 계약의 유효 기간 시작;
ko;KPPURCH661;20;step_20_10;계약 항목에 대해 첫 번째 릴리즈 오더가 생성됨;
ko;KPPURCH661;20;step_20_20;과거 수량 계약의 유효 기간 종료;
ko;KPPURCH662;10;step_10_10;금액 계약 항목이 생성됨;
ko;KPPURCH662;10;step_10_20;금액 계약의 유효 기간 시작;
ko;KPPURCH662;20;step_20_10;계약 항목에 대해 첫 번째 릴리즈 오더가 생성됨;
ko;KPPURCH662;20;step_20_20;과거 금액 계약의 유효 기간 종료;
ko;KPSD000260;10;step_10_10;판매 대금 청구 문서가 생성됨;
ko;KPSD000260;20;step_20_10;FI-AR 항목이 생성됨;
ko;KPSD000260;20;step_20_20;FI-AR 항목이 반제됨;
ko;KPSD000360;10;step_10_10;판매 오더 항목이 생성됨;
ko;KPSD000360;20;step_20_10;납품 항목이 생성됨;
ko;KPSD000361;10;step_10_10;판매 오더 항목이 생성됨;
ko;KPSD000361;20;step_20_10;납품 항목이 생성됨;
ko;KPSD000361;30;step_30_10;출고가 전기됨;
ko;KPSD000361;40;step_40_10;고객 송장 항목이 생성됨;
ko;KPSD000362;10;step_10_10;판매 오더 항목이 생성됨;
ko;KPSD000362;20;step_20_10;납품 항목이 생성됨;
ko;KPSD000362;30;step_30_10;출고가 전기됨;
ko;KPSD000362;40;step_40_10;고객 송장 항목이 생성됨;
ko;KPSD000362;50;step_50_10;FI-AR 항목이 생성됨;
ko;KPSD000362;50;step_50_20;FI-AR 항목이 반제됨;
ko;KPSD000363;10;step_10_10;판매 오더 항목이 생성됨;
ko;KPSD000363;20;step_20_10;구매 요청 항목이 생성됨;
ko;KPSD000363;30;step_30_10;구매 오더 항목이 생성됨;
ko;KPSD000363;40;step_40_10;공급업체 송장이 생성됨;
ko;KPSD000363;50;step_50_10;고객 송장 항목이 생성됨;
ko;KPSD000364;10;step_10_10;판매 오더 항목이 생성됨;
ko;KPSD000364;20;step_20_10;구매 요청 항목이 생성됨;
ko;KPSD000364;30;step_30_10;구매 오더 항목이 생성됨;
ko;KPSD000364;40;step_40_10;입고가 전기됨;
ko;KPSD000364;40;step_40_20;출고가 전기됨;
ko;KPSD000364;50;step_50_10;고객 송장 항목이 생성됨;
ko;KPSD000365;10;step_10_10;판매 오더 항목이 생성됨;
ko;KPSD000365;20;step_20_10;제조 오더가 생성됨;
ko;KPSD000365;20;step_20_20;제조 오더가 릴리스됨;
ko;KPSD000365;30;step_30_10;초기에 확인된 제조 오더;
ko;KPSD000365;40;step_40_10;제조 오더가 납품됨;
ko;KPSD000365;40;step_40_20;출고가 있는 판매 오더 항목이 전기됨;
ko;KPSD000365;50;step_50_10;고객 송장 항목이 생성됨;
ko;KPSD000366;10;step_10_10;판매 오더 항목이 생성됨;
ko;KPSD000366;20;step_20_10;납품 항목이 생성됨;
ko;KPSD000366;30;step_30_10;출고가 전기됨;
ko;KPSD000366;40;step_40_10;고객 송장 항목이 생성됨;
ko;KPSD000366;50;step_50_10;고객 FI-AR 항목이 생성됨;
ko;KPSD000366;60;step_60_10;회사 간 문서가 생성됨;
ko;KPSD000366;70;step_70_10;회사 간 FI-AR 항목이 생성됨;
ko;KPSD000366;70;step_70_20;회사 간 FI-AP 항목이 생성됨;
ko;KPSD000367;10;step_10_10;판매 오더 항목이 생성됨;
ko;KPSD000367;20;step_20_10;고객 송장이 생성됨;
ko;KPSD000367;30;step_30_10;FI-AR 항목이 생성됨;
ko;KPSD000367;30;step_30_20;FI-AR 항목이 반제됨;
ko;KPSD000368;10;step_10_10;견적 항목이 생성됨;
ko;KPSD000368;20;step_20_10;견적 항목을 참조하여 첫 번째 판매 오더 항목이 생성됨;
ko;KPSD000368;20;step_20_20;견적 항목이 완전히 처리됨;
ko;KPSD000369;10;step_10_10;판매 오더 항목이 생성됨;
ko;KPSD000369;50;step_50_10;납품 항목이 생성됨;
ko;KPSD000380;10;step_10_10;반품 오더 항목이 생성됨;
ko;KPSD000380;20;step_20_10;반품 납품 항목이 생성됨;
ko;KPSD000380;30;step_30_10;입고가 전기됨;
ko;KPSD000380;40;step_40_10;대변 메모 항목이 생성됨;
ko;KPSD000460;10;step_10_10;차변 메모 요청 항목이 생성됨;
ko;KPSD000460;20;step_20_10;차변 메모 항목이 생성됨;
ko;KPSD000460;30;step_30_10;FI-AR 항목이 생성됨;
ko;KPSD000460;30;step_30_20;FI-AR 항목이 반제됨;
ko;KPSD000462;10;step_10_10;대변 메모 요청 항목이 생성됨;
ko;KPSD000462;20;step_20_10;대변 메모 항목이 생성됨;
ko;KPSD000462;30;step_30_10;FI-AR 항목이 생성됨;
ko;KPSD000462;30;step_30_20;FI-AR 항목이 반제됨;
ko;KWMD000160;10;step_10_10;자재 마스터에 작업 일정 뷰가 생성됨;
ko;KWMD000160;20;step_20_10;BOM이 생성됨;
ko;KWMD000160;30;step_30_10;라우팅이 생성됨;
ko;KWMD000160;40;step_40_10;오류 없이 원가 추정이 생성됨;
ko;KWMD000160;40;step_40_20;원가 추정이 릴리스됨;
ko;KWMD000160;50;step_50_10;첫 번째 생산 오더가 생성됨;
ko;KWMD000160;50;step_50_20;첫 번째 생산 오더가 납품됨;
ko;KWMD000161;10;step_10_10;자재 마스터에 작업 일정 뷰가 생성됨;
ko;KWMD000161;20;step_20_10;BOM이 생성됨;
ko;KWMD000161;30;step_30_10;마스터 레서피가 생성됨;
ko;KWMD000161;40;step_40_10;오류 없이 원가 추정이 생성됨;
ko;KWMD000161;40;step_40_20;원가 추정이 릴리스됨;
ko;KWMD000161;50;step_50_10;첫 번째 프로세스 오더가 생성됨;
ko;KWMD000161;50;step_50_20;첫 번째 프로세스 오더가 납품됨;
ko;KWMD000260;10;step_10_10;판매 영역에 대해 고객 마스터 데이터가 생성됨;
ko;KWMD000260;30;step_30_10;고객에 대해 첫 번째 판매 오더가 생성됨;
ko;KWMD000260;40;step_40_10;판매 오더에 대한 첫 번째 송장이 생성됨;
ko;KWMD000260;50;step_50_10;판매 오더에 대한 첫 번째 송장이 반제됨;
ko;KWMD000360;10;step_10_10;구매 조직을 위한 공급업체 마스터 데이터가 생성됨;
ko;KWMD000360;30;step_30_10;공급업체에 대한 첫 번째 구매 오더가 생성됨;
ko;KWMD000360;40;step_40_10;구매 오더에 대한 첫 번째 송장이 생성됨;
ko;KWMD000360;40;step_40_20;구매 오더에 대한 첫 번째 송장이 반제됨;
ko;KWPM000160;10;step_10_10;유지보수 통지가 생성됨;
ko;KWPM000160;10;step_10_20;유지보수 통지 처리가 시작됨;
ko;KWPM000160;10;step_10_30;처리된 유지보수 통지가 완료됨;
ko;KWPM000161;10;step_10_10;서비스 통지가 생성됨;
ko;KWPM000161;10;step_10_20;서비스 통지 처리가 시작됨;
ko;KWPM000161;10;step_10_30;처리된 서비스 통지가 완료됨;
ko;KWPM000260;10;step_10_10;유지보수 오더가 생성됨;
ko;KWPM000260;10;step_10_20;유지보수 오더가 릴리스됨;
ko;KWPM000260;20;step_20_10;초기에 확인된 유지보수 오더;
ko;KWPM000260;20;step_20_20;최종 확인된 유지보수 오더;
ko;KWPM000260;30;step_30_10;유지보수 오더가 확인되고 기술적으로 완료됨;
ko;KWPM000260;30;step_30_20;유지보수 오더가 확인되고 마감됨;
ko;KWPM000261;10;step_10_10;유지보수 오더가 생성됨;
ko;KWPM000261;10;step_10_20;유지보수 오더가 릴리스됨;
ko;KWPM000261;20;step_20_10;초기에 확인된 유지보수 오더;
ko;KWPM000261;30;step_30_10;유지보수 오더가 기술적으로 완료됨;
ko;KWPM000261;40;step_40_10;유지보수 오더가 먼저 정산됨;
ko;KWPM000262;10;step_10_10;서비스 오더가 생성됨;
ko;KWPM000262;10;step_10_20;서비스 오더가 릴리스됨;
ko;KWPM000262;20;step_20_10;초기에 확인된 서비스 오더;
ko;KWPM000262;20;step_20_20;최종 확인된 서비스 오더;
ko;KWPM000262;30;step_30_10;서비스 오더가 확인되고 기술적으로 완료됨;
ko;KWPM000262;30;step_30_20;서비스 오더가 확인되고 마감됨;
ko;KWPM000263;10;step_10_10;서비스 오더가 생성됨;
ko;KWPM000263;10;step_10_20;서비스 오더가 릴리스됨;
ko;KWPM000263;20;step_20_10;초기에 확인된 서비스 오더;
ko;KWPM000263;30;step_30_10;서비스 오더가 기술적으로 완료됨;
ko;KWPM000263;40;step_40_10;서비스 오더가 먼저 정산됨;
ko;KWPM000264;10;step_10_10;유지보수 오더 구성요소가 생성됨;
ko;KWPM000264;10;step_10_20;구성요소에 대해 유지보수 오더가 릴리스됨;
ko;KWPM000264;40;step_40_10;구성요소에 대해 첫 번째 출고가 전기됨;
ko;KWPM000265;10;step_10_10;서비스 오더 구성요소가 생성됨;
ko;KWPM000265;10;step_10_20;구성요소에 대해 서비스 오더가 릴리스됨;
ko;KWPM000265;40;step_40_10;구성요소에 대해 첫 번째 출고가 전기됨;
ko;KWPM000462;10;step_10_10;생성된 유지보수 항목;
ko;KWPM000462;20;step_20_10;유지보수 항목에 대해 생성된 첫 번째 서비스 오더;
ko;KWPM000462;20;step_20_20;유지보수 항목에 대해 완료된 첫 번째 서비스 오더;
ko;KWPM000462;30;step_30_10;서비스 계약 종료일이 도래한 유지보수 항목;
ko;KWQM000161;10;step_10_10;검사 로트가 생성됨;
ko;KWQM000161;50;step_50_10;최종 판정이 난 검사 로트;
ko;KWQM000162;10;step_10_10;검사 로트가 생성됨;
ko;KWQM000162;50;step_50_10;최종 판정이 난 검사 로트;
ko;KWQM000163;10;step_10_10;검사 로트가 생성됨;
ko;KWQM000163;40;step_40_10;최종 판정이 난 검사 로트;
ko;KWSERV0160;10;step_10_10;서비스 오더가 생성됨;
ko;KWSERV0160;10;step_10_20;서비스 오더가 처음 릴리스됨;
ko;KWSERV0160;30;step_30_10;릴리스 후 마지막으로 완료된 서비스 오더;
ko;KXEWM00260;10;step_10_10;창고 오더가 생성됨;
ko;KXEWM00260;10;step_10_20;창고 오더가 시작됨;
ko;KXEWM00260;20;step_20_10;창고 오더가 확인됨;
ko;KXEWM00460;10;step_10_10;납품 항목이 생성됨;
ko;KXEWM00460;20;step_20_10;입고가 전기된 납품 항목;
ko;KXEWM00460;30;step_30_10;반입이 예정된 납품 항목;
ko;KXEWM00460;30;step_30_20;반입이 완료된 납품 항목;
ko;KXEWM00461;10;step_10_10;납품 항목이 생성됨;
ko;KXEWM00461;20;step_20_10;입고가 전기된 납품 항목;
ko;KXEWM00461;30;step_30_10;반입이 예정된 납품 항목;
ko;KXEWM00461;30;step_30_20;반입이 완료된 납품 항목;
ko;KXEWM00560;10;step_10_10;납품 오더 항목이 생성됨;
ko;KXEWM00560;20;step_20_10;납품 오더 항목이 피킹됨;
ko;KXEWM00560;30;step_30_10;출고가 전기된 납품 오더 항목;
ko;KXEWM00560;40;step_40_10;납품이 생성된 납품 오더 항목;
ko;KXEWM00860;10;step_10_10;납품 통지 항목이 생성됨;
ko;KXEWM00860;20;step_20_10;납품 항목이 생성됨;
ko;KXEWM00860;30;step_30_10;입고가 전기된 납품 항목;
ko;KXEWM00860;40;step_40_10;반입이 예정된 납품 항목;
ko;KXEWM00860;40;step_40_20;반입이 완료된 납품 항목;
ko;KXEWM00861;10;step_10_10;납품 통지 항목이 생성됨;
ko;KXEWM00861;20;step_20_10;납품 항목이 생성됨;
ko;KXEWM00861;30;step_30_10;입고가 전기된 납품 항목;
ko;KXEWM00861;40;step_40_10;반입이 예정된 납품 항목;
ko;KXEWM00861;40;step_40_20;반입이 완료된 납품 항목;
ko;KXEWM00862;10;step_10_10;납품 요청 항목이 생성됨;
ko;KXEWM00862;20;step_20_10;납품 오더 항목이 생성됨;
ko;KXEWM00862;30;step_30_10;납품 오더 항목이 피킹됨;
ko;KXEWM00862;40;step_40_10;출고가 전기된 납품 오더 항목;
ko;KXEWM00862;50;step_50_10;납품이 생성된 납품 오더 항목;