locale;id;title;longTextWhat;textPpis;textWhy;textHow
de;ANALYZE_IR_BEFORE_GR;Vor Wareneingängen angelegte Rechnungseingänge analysieren;;;;
de;ANALYZE_PO_ITEMS_WO_PR_REF;Bestellpositionen ohne Bestellanforderungsbezug analysieren;;;;
de;ANALYZE_REJECT_REASON;Zurückweisungsgründe analysieren und Durchführung von Kreditprüfungen verbessern;;;;
de;ANALYZE_USER_BEH;Nutzerverhalten analysieren, um Verbesserungspotenzial zu ermitteln;;;;
de;ASSESS_COMPL_RATE_LEADTIME;Abschlussraten und Vorlaufzeiten bewerten;;;;
de;ASSESS_DELAYS_CUST_INV;Verzögerungen beim Anlegen von Kundenrechnungen bewerten;;;;
de;ASSESS_DELAYS_PURCH;Verzögerungen im Einkauf bewerten;;;;
de;ASSESS_DEVIATION_PAYTERM_DS_INV;Abweichungen von Zahlungsbedingungen in Kundenfakturabeleg und Rechnung bewerten;;;;
de;ASSESS_LT_SO_TO_INV;Vorlaufzeit von Anlage der Kundenauftragsposition bis Rechnungserstellung bewerten;;;;
de;ASSESS_STOCKLEVEL_TIME;Lagerbestände für periodenübergreifend bewerten;;;;
de;AVOID_COMPLIANCE_ISSUES;Compliance-Probleme vermeiden;;;;
de;AVOID_EARLY_PAY;Vorzeitige Zahlungen vermeiden;;;;
de;AVOID_IV_BYPASS;Zahlungsfreigabe mit umgangener Rechnungsprüfung vermeiden;;;;
de;AVOID_LATE_PAY;Verspätete Zahlungen vermeiden;;;;
de;AVOID_MAVERICK_BUY;Beschaffung außerhalb von Einkaufskontrakten erkennen und vermeiden;;;;
de;AVOID_MANUAL_CHANGES;Manuelle Änderungen vermeiden;;;;
de;AVOID_PC_EXC_QUANT;Einkaufskontrakte vermeiden, die Zielmenge überschreiten;;;;
de;AVOID_PC_EXC_VALUE;Einkaufskontrakte vermeiden, die Zielwert überschreiten;;;;
de;AVOID_PC_NOT_USED;Einkaufskontrakte vermeiden, die nicht ordnungsgemäß verwendet werden;;;;
de;AVOID_REDUCE_STOCK;Unnötigen Kundenauftragsbestand vermeiden und reduzieren;;;;
de;AVOID_SCHED_AGR_EXC_QUANT;Lieferpläne vermeiden, die Zielmenge überschreiten;;;;
de;ENSURE_USE_QM_IN_MAUFACT;Korrekte Anwendung von SAP Quality Management im Fertigungsprozess sicherstellen;;;;
de;ENSURE_CONSIST_PROC_COMPL;Konsistenten Prozessabschluss sicherstellen;;;;
de;HARMONIZE_MASTER_DATA;Stammdaten harmonisieren;;;;
de;IDENTIFY_AUTOM_OPP;Automatisierungsmöglichkeiten ermitteln;;;;
de;IDENTIFY_BLOCKS_IN_FI;Nur in Finanzen gesetzte Zahlsperre ermitteln;;;;
de;IDENTIFY_BOTTLENECKS;Engpässe mit dem meisten Verbesserungspotenzial ermitteln;;;;
de;IDENTIFY_CAT_ITEMS_REJECTED;Häufig abgewiesene Katalogartikel ermitteln;;;;
de;IDENTIFY_CAT_ITEMS_W_EXCEP;Häufig mit Ausnahmen verbundene Katalogrechnungspositionen ermitteln;;;;
de;IDENTIFY_DELAY_REASONS;Gründe für Bearbeitungsverzögerung ermitteln;;;;
de;IDENTIFY_DEV_PAYTERM_PO_IV;Abweichungen von Zahlungsbedingungen in Bestellungen und Rechnungen ermitteln;;;;
de;IDENTIFY_GENERAL_IMP;Allgemeines Verbesserungspotenzial ermitteln;;;;
de;IDENTIFY_MISSED_AUTOM_OPP_ERS;Fehlende Automatisierungsmöglichkeiten in ERS ermitteln;;;;
de;IDENTIFY_MAN_ACT_PO_ITEMS;Manuelle Aktivitäten in Bestellpositionen ermitteln;;;;
de;IDENTIFY_NON_CAT_ITEMS_REQU;Häufige Anforderungen von Nichtkatalog-Artikeln ermitteln;;;;
de;IDENTIFY_NON_CAT_PO_ITEMS;Häufige Nichtkatalog-Bestellpositionen ermitteln;;;;
de;IDENTIFY_PAR_RCVD_PO_ITEMS;Teilweise erhaltene Bestellpositionen ermitteln;;;;
de;IMPROVE_ASSET_CAPITAL_PERF;Performance des Anlagenkapitalisierungsprozesses verbessern;;;;
de;IMPROVE_COMPL_RATE;Abschlussraten verbessern;;;;
de;IMPROVE_COM_RATE_DSO;Abschlussrate verbessern und Forderungslaufzeit reduzieren;;;;
de;IMPROVE_COMP_AVAIL;Komponentenverfügbarkeit verbessern;;;;
de;IMPROVE_CONSIST_EVENT;Konsistenz in Ereignisinhalt verbessern;;;;
de;IMPROVE_CONSIST_ACC_ASSIG;Konsistenz bei Kontierungsobjektverwendung verbessern;;;;
de;IMPROVE_CUST_ORDER_FULF;Kundenauftragserfüllung verbessern;;;;
de;IMPROVE_DEL_RATE;Zustellrate verbessern und Rückstand reduzieren;;;;
de;IMPROVE_DEL_SCHED;Lieferplanung verbessern;;;;
de;IMPROVE_IH_ORDER_FULF;Werkstattauftragserfüllung verbessern;;;;
de;IMPROVE_MAINT_EXEC_CONF;Rückmeldung zur Instandhaltungsausführung verbessern;;;;
de;IMPROVE_MANUFACT_PERF;Prozessleistung der diskreten Fertigung verbessern;;;;
de;IMPROVE_MD_QUAL;Stammdatenqualität verbessern;;;;
de;IMPROVE_OTIF_DEL_RATE;Anteil termingerechter, vollständiger Lieferungen verbessern;;;;
de;IMPROVE_OTP_DPO;Pünktliche Bezahlung und Kreditorenlaufzeit verbessern;;;;
de;IMPROVE_OTP_DSO;Pünktliche Bezahlung verbessern und Forderungslaufzeit reduzieren;;;;
de;IMPROVE_PROC_MANUFACT_PERF;Prozessleistung der Prozessfertigung verbessern;;;;
de;IMPROVE_QUAL_MANUF_REL_TRANS_DATA;Eingabequalität fertigungsbezogener Transaktionsdaten verbessern;;;;
de;IMPROVE_QUAL_PLAN_REL_TRANS_DATA;Eingabequalität planungsbezogener Transaktionsdaten verbessern;;;;
de;IMPROVE_QUAL_PURCH_REL_TRANS_DATA;Eingabequalität einkaufsbezogener Transaktionsdaten verbessern;;;;
de;IMPROVE_QUAL_SALES_REL_TRANS_DATA;Eingabequalität vertriebsbezogener Transaktionsdaten verbessern;;;;
de;IMPROVE_RUNTIME_MRP;Laufzeit von Dispositionsläufen verbessern;;;;
de;IMPROVE_SERV_EXEC_CONF;Rückmeldung zur Serviceausführung verbessern;;;;
de;IMPROVE_STOCK_AVAILABILITY;Bestandsverfügbarkeit verbessern;;;;
de;IMPROVE_SUPP_ORDER_FULLFM;Auftragserfüllung des Lieferanten verbessern;;;;
de;IMPROVE_USAGE_PLAN_RESULTS;Verwendung von Planungsergebnissen für Weiterverarbeitung verbessern;;;;
de;IMPROVE_USE_DISCOUNTS;Verwendung von Skonti verbessern;;;;
de;IMPROVE_WH_INV_CYCLE_COUNT;Permanente Inventur des Lagerbestands verbessern;;;;
de;IMPROVE_WH_IS_CYCLE_TM;Durchlaufzeit des Warenausgangs im Lager verbessern;;;;
de;IMPROVE_WH_REC_CYCLE_TM;Durchlaufzeit des Wareneingangs im Lager verbessern;;;;
de;IMPROVE_WBS_MD_QUAL;Stammdatenqualität für PSP-Elemente verbessern;;;;
de;INCREASE_ACC_CASH_ALL;Genauigkeit der Barmittelzuordnung steigern;;;;
de;INCREASE_ACC_DEL_QUANT_SCHED;Genauigkeit der Liefermengen und -planung steigern;;;;
de;INCREASE_ACC_GI_PLAN_RED_LATE_SH;Genauigkeit der Warenausgangsplanung steigern und verspätete Lieferungen reduzieren;;;;
de;INCREASE_ADH_EXP_DATES;Einhaltung erwarteter Termine steigern;;;;
de;INCREASE_ADH_MAINT_SCHED;Einhaltung der Instandhaltungsterminierung steigern;;;;
de;INCREASE_ADH_SERV_SCHED;Einhaltung der Serviceplanung steigern;;;;
de;INCREASE_ADHERENCE_SD_MANUF;Einhaltung von Terminen zwischen Verkauf und Fertigung steigern;;;;
de;INCREASE_ADHERENCE_SD_PURCH;Einhaltung von Terminen zwischen Verkauf und Einkauf steigern;;;;
de;INCREASE_AUTOMATIC_STOCK_POST;Automatische Bestandsbuchung steigern;;;;
de;INCREASE_AUTOMATIC_USAGE_DECIS;Automatischen Verwendungsentscheid steigern;;;;
de;INCREASE_AUTOM_CUST_INV;Automatisierungsrate für Kundenrechnungen steigern;;;;
de;INCREASE_AUTOM_OUTB_DEL_ITEM;Automatisierungsrate der Anlage von Auslieferungspositionen steigern;;;;
de;INCREASE_AUTOM_RATE_INSPECTION_LOT;Automatisierungsrate von Prüflosen steigern;;;;
de;INCREASE_AUTOM_ROP;Automatisierungsrate von Zahlungen steigern;;;;
de;INCREASE_AUTOM_SCHED_LINES;Automatisierungsmöglichkeiten für Lieferplaneinteilungen steigern;;;;
de;INCREASE_AUTOM_SD_DOCS;Automatisierungsrate für Kundenfakturabelege steigern;;;;
de;INCREASE_AUTOMATION;Automatisierungsraten steigern;;;;
de;INCREASE_SCHEDULE_ADHERENCE;Einhaltung der Planung steigern;;;;
de;INCREASE_DATE_ADHERENCE;Einhaltung von Terminen im Fertigungsprozess steigern;;;;
de;INCREASE_MAINT_COMPL;Abschluss von Instandhaltungsaufträgen steigern und verbessern;;;;
de;INCREASE_SCP_AUTOMATION;Automatisierungsgrad und Einhaltung von Supply-Chain-Planungsergebnissen steigern;;;;
de;INCREASE_SERV_COMPL;Service-Abschluss steigern und verbessern;;;;
de;INCREASE_SUPP_PART_ANS_RATE;Lieferantenteilnahme und Antwortraten erhöhen;;;;
de;MONITOR_EVENT_BEH;Verhalten der Ereigniserstellung überwachen;;;;
de;MONITOR_PROJ_EVENT_PEND;Projekte mit Ereignissen überwachen, deren Auswahl ausstehend ist;;;;
de;MONITOR_SOURC_CO;Beschaffungs-Compliance überwachen;;;;
de;REDUCE_BACKLOG;Rückstand reduzieren;;;;
de;REDUCE_COMPLIANCE;Risiko von Compliance-Problemen reduzieren;;;;
de;REDUCE_DEL_CONV_PR_PO;Verzögerungen beim Umsetzen von Bestellanforderungen in Bestellungen reduzieren;;;;
de;REDUCE_DEL_CONV_STPR_STO;Verzögerungen beim Umsetzen von Umlagerungsbestellanforderungen in Umlagerungsbestellungen reduzieren;;;;
de;REDUCE_EXCEP_PLAN_EXEC;Anzahl der Ausnahmen bei der Planungsausführung reduzieren;;;;
de;REDUCE_INCOMP_SOS;Unvollständige Kundenaufträge reduzieren und Auftragsabsagequote bewerten;;;;
de;REDUCE_INV_NOT_TRASF;Anzahl der nicht in die Buchhaltung übertragenen Rechnungen reduzieren;;;;
de;REDUCE_LATE_CUST_PAY;Verspätete Debitorenzahlungen reduzieren;;;;
de;REDUCE_LATE_DEL;Verspätete Lieferungen reduzieren;;;;
de;REDUCE_LATE_SUPP_PAY;Verspätete Lieferantenzahlungen reduzieren;This dashboard lets you analyze if you’re paying your suppliers too late and learn how to reduce these late payments. Late payments can occur when your master data is incomplete, such as bank data, missing payment methods, or missing address information, when the supplier is blocked for postings and payments or when there are errors during payment runs. A payment is considered late if the FI-AP item of the supplier invoice was cleared after the calculated net due date.;"This dashboard visualizes metrics that are based on data from the following process flows:
1. Supplier invoice issuing (with purchase order) to FI-AP clearing
2. Supplier invoice issuing (without purchase order) to FI-AP clearing";From a working capital perspective, late payments might not necessarily be an issue since they increase DPO. However, paying late not only prevents you from making use of cash discounts, but it also risks damaging your supplier relationships or even paying penalty interest. To ensure that your customers receive their goods or services on time, it's essential for you to have good relationships with your suppliers and make sure that your suppliers deliver on time. It's therefore in your best interests to avoid paying your suppliers late.;The correction recommendations for this improvement opportunity focus on entering missing master data, on checking whether postings and payment blocks can be removed, and on training users to set the correct parameters in the payment run.
de;REDUCE_MAN_ACT;Manuelle Aktivitäten reduzieren;;;;
de;REDUCE_MAN_ACT_IMPR_USER_PROD;Manuelle Aktivitäten reduzieren und Benutzerproduktivität verbessern;;;;
de;REDUCE_MAN_ADJ_MRP_RUN;Manuelle Korrekturen an Dispositionslaufergebnissen reduzieren;;;;
de;REDUCE_MAN_ADJ_APP_PR;Manuelle Korrekturen an genehmigten Bestellanforderungen reduzieren;;;;
de;REDUCE_MAN_ADJ_APP_STR;Manuelle Korrekturen an genehmigten Umlagerungsbestellanforderungen reduzieren;;;;
de;REDUCE_NO_RETURNS_TO_SUPPL;Anzahl Retouren an Lieferanten reduzieren;;;;
de;REDUCE_NOT_USED_SCHED_AGR;Anzahl gültiger, aber nie oder nicht mehr verwendeter Lieferpläne reduzieren;;;;
de;REDUCE_OPEN_PAY_IMPR_DEL_SCH;Offene Zahlungen reduzieren und Versandterminierung verbessern;;;;
de;REDUCE_OPEN_PURCH_COM_ITEMS;Offene und veraltete Einkaufsobligopositionen reduzieren;;;;
de;REDUCE_OPEN_COM_ITEMS;Positionen mit offenen Finanzpositionen reduzieren;;;;
de;REDUCE_PROBL_BL_MANUF;Rückstandsprobleme in der Fertigung reduzieren;;;;
de;REDUCE_PROBL_BL_PURCH;Rückstandsprobleme im Einkauf reduzieren;;;;
de;REDUCE_STOCKLEVEL_DELETED;Lagerbestände für zu löschende oder aus dem Bestand zu nehmende Kombinationen reduzieren;;;;
de;REDUCE_STOCKLEVEL_MOVE;Lagerbestände für in letzter Zeit nicht bewegte Kombinationen reduzieren;;;;
de;REDUCE_WH_MGMT_COST_INBOUND;Lagerverwaltungskosten der Eingangsprozesse reduzieren;;;;
de;REDUCE_WH_MGMT_COST_INTERNAL;Interne Kosten der Lagerverwaltung reduzieren;;;;
de;REDUCE_WH_MGMT_COST_OUTBOUND;Lagerverwaltungskosten in Ausgangsprozessen reduzieren;;;;
de;USE_AUTOMATION;Automatisierungsmöglichkeiten nutzen;;;;
de;USE_DUNNING;Mahnungen effektiv nutzen;;;;