locale;id;text
ja;valueDriverAffected;影響を受けるバリュードライバー
ja;rootCause;根本原因
ja;lmsId;ソースシステム
ja;topX;ウィジェットのエントリの数
ja;lobId;業務ライン
ja;businessProcessId;エンドツーエンドプロセス
ja;recommendationCategoryId;先進ソリューションの推奨案カテゴリ
ja;kpiId;プロセスパフォーマンス指標
ja;timeAggregationType;分析の期間
ja;amountTimePeriod;期間
ja;kpiKindId;プロセスパフォーマンス指標カテゴリ
ja;improvementOpportunityId;改善の機会
ja;contextInformationId;プロセスフローの阻害要因