locale;id;name
es;AERO;Aeroespacial y defensa
es;AUTO;Industria automovilística
es;BANK;Gestión de bancos
es;BUILD;Productos para la construcción
es;RAIL;Transporte de carga y logística
es;CHEM;Productos químicos
es;CP;Bienes de consumo
es;DEFAULT;Entre sectores industriales (no específico de un sector)
es;DEFSEC;Defensa y seguridad
es;ECO;Ingeniería, construcción y operaciones
es;HEALTH;Sanidad
es;HIGHTECH;Altas tecnologías
es;EDU;Educación superior e investigación
es;IMC;Fabricación industrial
es;INSUR;Seguros
es;LIFE;Ciencias Biológicas
es;MEDIA;Medios de comunicación
es;MILL;Productos manufacturados
es;MINING;Minería
es;OIL;Petróleo, gas y energía
es;AIR;Viajes y ocio de pasajeros
es;PROFSVC;Servicios profesionales
es;PUBLIC;Sector público
es;RETAIL;Comercio minorista
es;SPO;Deportes
es;TELE;Telecomunicaciones
es;UTILITY;Suministros
es;WHOLE;Distribución mayorista