locale;solutionProcessFlowDiagramId;solutionProcessFlowDiagramName
ko;SPFD-133;BFH - 건설 중 자산
ko;SPFD-138;BJE - MTO 생산 방식 - 완제품 판매 및 최종 조립
ko;SPFD-141;BME - 납품을 포함한 재고 이전
ko;SPFD-142;BMH -납품을 제외한 재고 이전
ko;SPFD-143;BMY - 외주
ko;SPFD-144;BNA - 기결산 - 프로젝트
ko;SPFD-163;BF7 - 기결산 - 유지보수 오더
ko;SPFD-165;18J - 요청
ko;SPFD-168;1BM - MTO 생산 방식 - 반제품 계획 및 조립
ko;SPFD-169;1EZ - 대변 메모 처리
ko;SPFD-170;1F1 - 차변 메모 처리
ko;SPFD-185;BKP - 01 - 고객 반품 관리
ko;SPFD-187;I9I - 판매 수량 계약 선금
ko;SPFD-202;1E1 - 생산 공정 내
ko;SPFD-203;1E1 - 생산 입고
ko;SPFD-212;1FM - 정기 품질 검사 프로세스
ko;SPFD-222;1HO - 회사 간 판매 오더 처리 - 국내
ko;SPFD-414;2TX - 입하를 통한 직접 조달
ko;SPFD-469;BD3 - 01 - 서드 파티를 사용하여 판매 처리(출하 통지 있음)
ko;SPFD-477;BD9 - 01 - 재고 판매
ko;SPFD-480;BDD - 약식 고객 반품
ko;SPFD-481;BDG - 판매 견적
ko;SPFD-483;BDK - 01 - 서드 파티를 통한 판매 처리(출하 통지 없음)
ko;SPFD-485;BDN - 오더별 조달을 통한 비재고 항목 판매
ko;SPFD-486;BDQ - 차변 메모를 사용한 송장 수정 프로세스
ko;SPFD-489;BEI - 기결산 - 공장
ko;SPFD-492;BJ8 - MTS - 프로세스 오더 기준 프로세스 제조
ko;SPFD-500;BKL - 대변 메모를 사용한 송장 수정 프로세스
ko;SPFD-504;BMC - 02 - 핵심 재고 관리
ko;SPFD-506;BMD - 구매 계약
ko;SPFD-507;BMK - 공급업체로 반품
ko;SPFD-509;BMR - 01 - 표준 조달을 위한 릴리스 문서가 있는 일정 계약
ko;SPFD-511;BMR - 03 - EDI 통합이 있는 일정 계약
ko;SPFD-512;BNX - 소비재 구매
ko;SPFD-513;J44 - 자재 소요량 계획 기본 시나리오
ko;SPFD-517;J45 - 직접 자재 조달
ko;SPFD-550;J59 - 01 - 기본
ko;SPFD-576;J62 - 05 - 자산회계 - 월결산
ko;SPFD-644;1MX - 회사 간 판매 오더 처리 - 해외
ko;SPFD-651;1NT - 프로젝트 관리 - 재무
ko;SPFD-661;1P9 - 회사 간 재고 이전 - 국내
ko;SPFD-734;2EQ - 서비스 판매
ko;SPFD-811;2VJ - SAP EWM 통합 - 공급업체에서 인바운드 처리
ko;SPFD-812;2VK - SAP EWM 통합 - 고객으로 아웃바운드 처리
ko;SPFD-814;2VM - SAP EWM 통합 - 납품 기준 생산 통합
ko;SPFD-867;3BR - 창고 인바운드 처리
ko;SPFD-874;3D2 - 01 - 고정 가격 서비스
ko;SPFD-875;3DV – 창고 생산 통합
ko;SPFD-877;3F0 - 이벤트 기준 생산 원가 전기
ko;SPFD-955;3OK - MTO 생산 방식 - 프로세스 제조
ko;SPFD-1002;4GA - 서비스 견적
ko;SPFD-1009;4HI - 사전 유지보수
ko;SPFD-1028;4X5 - 반복 서비스
ko;SPFD-1046;5HL - 재고 판매 - 소비재
ko;SPFD-1081;4VT - 개선 유지보수
ko;SPFD-1082;4WM - 운영 유지보수
ko;SPFD-1083;4WM - 간접비 유지보수
ko;SPFD-1090;5D2 - 고급 회사 간 판매
ko;SPFD-1091;5HP - 고급 회사 간 재고 이전
ko;SPFD-1209;J62 - 05 - 자산회계 - 월결산
ko;SPFD-2208;J60 - 01 - 기본
ko;SPFD-3522;3XK - 내부 수리
ko;SPFD-3588;5FM - 소매를 위한 조달
ko;SPFD-3616;5FV - 물류 센터를 위한 아웃바운드 물류
ko;SPFD-3750;61V - 고객 반품 관리 - 소비재
ko;SPFD-3831;3BS - 창고 아웃바운드 처리
ko;SPFD-4366;BJ5 - 일괄 오더에 대한 MTS 생산 방식 - 조립 제조
ko;SPFD-4643;BJE - MTO 생산 방식 - 완제품 판매 및 최종 조립(OP)
ko;SPFD-4651;BJ5 - MTS 생산 방식 - 조립 제조(OP)
ko;SPFD-4668;BJ8 - MTS - 프로세스 오더 기준 프로세스 제조(OP)
ko;SPFD-4671;1FS - 공급업체로부터의 기본 창고 인바운드 처리
ko;SPFD-4676;1G2 - 고객에 대한 기본 창고 아웃바운드 처리
ko;SPFD-4677;1V5 - 배치 관리를 통한 공급업체로부터의 창고 인바운드 처리
ko;SPFD-4678;1V7 - 아웃바운드 처리의 배치 관리
ko;SPFD-4680;1VB - 생산 통합 - 구성요소 소비 및 창고에 입고
ko;SPFD-4687;3OK - MTO 생산 방식 - 프로세스 제조
ko;SPFD-4713;3XK - 내부 수리
ko;SPFD-4721;4RO - 분산 EWM - 인바운드 처리
ko;SPFD-4722;4RP - 분산 EWM - 아웃바운드 처리
ko;SPFD-4726;4X5 - 반복 서비스
ko;SPFD-5160;5FX - 물류 센터에서 매장 오더
ko;SPFD-8185;4HH - 사후 대응 유지보수
ko;SPFD-8292;5FU - 물류 센터를 위한 인바운드 물류
ko;SPFD-8411;4HH - 사후 대응 유지보수
ko;SPFD-8414;4HI - 사전 예방 유지보수
ko;SPFD-8426;41Z - 서비스 오더 관리