locale;id;text
pt_BR;A2D_A2O;Acquire to Onboard
pt_BR;A2D_MA;Gerenciar ativos
pt_BR;A2D_O2M;Operate to Maintain
pt_BR;FIN_I2C;Invoice to Cash
pt_BR;FIN_I2P;Invoice to Pay
pt_BR;FIN_MRE;Gerenciar imóveis
pt_BR;FIN_MT;Gerenciar tesouraria
pt_BR;FIN_P2OF;Plan to Optimize Financials
pt_BR;FIN_R2R;Record to Report
pt_BR;GOV_MGRC;Gerenciar governança, risco e conformidade
pt_BR;GOV_MPO;Gerenciar portfólio e projetos
pt_BR;GOV_MSO;Gerenciar sustentabilidade
pt_BR;I2M_D2R;Design to Release
pt_BR;I2M_MPS;Gerenciar produtos/serviços
pt_BR;L2C_M2L;Mercado a lead
pt_BR;L2C_MCC;Gerenciar clientes e canais
pt_BR;L2C_O2F;Order to Fulfill
pt_BR;L2C_O2Q;Opportunity to Quote
pt_BR;L2C_R2S;Request to Service
pt_BR;P2F_DP2F;Deliver Product to Fulfill
pt_BR;P2F_DS2F;Deliver Service to Fulfill
pt_BR;P2F_M2I;Make to Inspect
pt_BR;P2F_MF;Gerenciar cumprimento
pt_BR;P2F_P2OF;Plan to Optimize Fulfillment
pt_BR;S2P_MSC;Gerenciar fornecedores e colaboração
pt_BR;S2P_P2R;Procure to Receipt
pt_BR;S2P_S2C;Source to Contract