locale;id;text
ko;ASS_COST;자산 유지 관리 비용 절감
ko;CASH_FOREC;현금 예측 정확도 개선
ko;CHURN;고객 이탈 감소
ko;CMPLXTY;데이터 관리 비용 절감
ko;DII;재고 일수 단축
ko;DPO;매입 채무 회전 일수 개선
ko;DSO;매출 채권 회전 일수 단축
ko;FORECACC;수요 예측 정확도 개선
ko;FSSC;자금 조달 비용 절감
ko;GRC_COST;법규 준수 및 위험 관리 비용 절감
ko;INC_BP_HRM;비즈니스 프로세스 조정 증가
ko;INC_BP_STD;표준 SAP 비즈니스 프로세스 준수 향상
ko;LOG_COST;총 물류 비용 절감
ko;MANCYCL;제조 주기 시간 단축
ko;MARKET;마케팅 프로모션의 효과 증가
ko;MAVERICK;사용자 규정 준수 개선
ko;METREAD;검침을 송장 주기 시간으로 단축
ko;MFGCOST;총 제조 비용 절감
ko;MROF;계획되지 않은 다운타임 또는 중단 감소
ko;OIP;조달 FTE 생산성 개선
ko;PEC;연말 결산 일수 단축
ko;POF;정시 배송 실적 개선
ko;SALE_COST;영업 비용 절감
ko;SC_COST;전체 공급망 계획 비용 절감
ko;SERV_PROC;부적합한 서비스 지출 절감
ko;SOF;서비스 및 지원 비용 절감
ko;STOCK_OUT;품절로 인한 매출 손실 감소
ko;SUST_EMISS;배출 비용 절감
ko;SUST_WASTE;폐기물 발생 비용 절감
ko;T2M;신제품 출시 시간 단축
ko;UNCOLL_AR;수금 불가 외상 매출금 상각 감소