﻿PROCESSMODULE_ID;BUSINESSPROCESS_ID;POSITION
A2D_A2O;RTS;1
A2D_O2M;RTS;2
A2D_MA;RTS;3
FIN_P2OF;RTR;1
FIN_R2R;RTR;2
FIN_I2P;RTR;3
FIN_I2C;RTR;4
FIN_MT;RTR;5
FIN_MRE;RTR;6
GOV_MPO;DTR;1
GOV_MSO;DTR;2
GOV_MGRC;DTR;3
I2M_D2R;ITM;1
I2M_MPS;ITM;2
L2C_O2Q;OTC;1
L2C_O2F;OTC;2
FIN_I2C;OTC;3
L2C_R2S;OTC;4
L2C_MCC;OTC;5
L2C_M2L;OTC;6
P2F_P2OF;PLANTP;1
S2P_P2R;PLANTP;2
P2F_M2I;PLANTP;3
P2F_DP2F;PLANTP;4
P2F_DS2F;PLANTP;5
P2F_MF;PLANTP;6
S2P_S2C;PTP;1
P2F_P2OF;PTP;2
S2P_P2R;PTP;3
FIN_I2P;PTP;4
S2P_MSC;PTP;5
