locale;solutionProcessId;solutionProcessName
ko;18J;요청
ko;1BM;MTO 생산 방식 - 반제품 계획 및 조립
ko;1E1;조립 제조의 품질 관리
ko;1EZ;대변 메모 처리
ko;1F1;차변 메모 처리
ko;1FM;조달에서 품질 관리
ko;1FS;공급업체로부터의 기본 창고 인바운드 처리
ko;1G2;고객에 대한 기본 창고 아웃바운드 처리
ko;1HO;회사 간 판매 오더 처리 - 국내
ko;1MX;회사 간 판매 오더 처리 - 해외
ko;1NT;프로젝트 관리 - 재무
ko;1P9;회사 간 재고 이전
ko;1V5;배치 관리를 통한 공급업체로부터의 창고 인바운드 처리
ko;1V7;배치 관리를 통한 고객 대상 창고 아웃바운드 처리
ko;1VB;생산 통합 - 구성요소 소비 및 창고에 입고
ko;2EQ;서비스 판매
ko;2TX;입하를 통한 직접 조달
ko;2VJ;SAP EWM 통합 - 공급업체에서 인바운드 처리
ko;2VK;SAP EWM 통합 - 고객으로 아웃바운드 처리
ko;2VM;SAP EWM 통합 - 납품 기준 생산 통합
ko;3BR;창고 인바운드 처리
ko;3BS;창고 아웃바운드 처리
ko;3D2;서비스 오더 관리 및 모니터링
ko;3DV;창고 생산 통합
ko;3F0;이벤트 기준 생산 원가 전기
ko;3OK;MTO 생산 방식 - 프로세스 제조
ko;3XK;사내 수리
ko;4GA;서비스 견적
ko;4HH;반응형 유지보수
ko;4HI;사전 유지보수
ko;4RO;분산 EWM - 인바운드 처리
ko;4RP;분산 EWM - 아웃바운드 처리
ko;4VT;개선 유지보수
ko;4WM;운영 및 간접비 유지보수
ko;41Z;서비스 오더 관리
ko;4X5;반복 서비스
ko;5D2;고급 회사 간 판매
ko;5FM;소매를 위한 조달
ko;5FU;물류 센터를 위한 인바운드 물류
ko;5FV;물류 센터를 위한 아웃바운드 물류
ko;5FX;물류 센터에서 점포 오더
ko;5HL;재고 판매(소비재)
ko;5HP;고급 회사 간 재고 이전
ko;61V;고객 반품 관리 - 소비재
ko;BD3;서드 파티를 사용한 판매 처리(출하 통지 있음)
ko;BD9;재고 판매
ko;BDD;약식 고객 반품
ko;BDG;판매 견적
ko;BDK;서드 파티를 사용한 판매 처리(출하 통지 없음)
ko;BDN;오더별 조달을 통한 비재고 항목 판매
ko;BDQ;차변 메모를 사용한 송장 수정 프로세스
ko;BEI;기결산 - 플랜트
ko;BF7;기결산 - 유지보수 오더
ko;BFH;건설 중 자산
ko;BJ5;MTS 생산 방식 - 조립 제조
ko;BJ8;MTS - 프로세스 오더 기준 프로세스 제조
ko;BJE;MTO 생산 방식 - 완제품 판매 및 최종 조립
ko;BKL;대변 메모를 사용한 송장 수정 프로세스
ko;BKP;고객 반품
ko;BMC;핵심 재고 관리
ko;BMD;구매 계약
ko;BME;납품을 포함한 재고 이전
ko;BMH;납품을 제외한 재고 이전
ko;BMK;공급업체로 반품
ko;BMR;조달의 일정 계약
ko;BMY;외주
ko;BNA;기결산 - 프로젝트
ko;BNX;소비재 구매
ko;I9I;판매 계약
ko;J44;자재 소요량 계획
ko;J45;직접 자재 조달
ko;J59;외상 매출금
ko;J60;외상 매입금
ko;J62;자산 회계