locale;id;text
pt_BR;ARB_BILLTO;Recebedor da fatura no SAP Ariba
pt_BR;ARB_ERP_VENDOR;Fornecedor de ERP no SAP Ariba
pt_BR;ARB_PGRP;Grupo de compradores no SAP Ariba
pt_BR;ARB_PGRP_NAME;Nome do grupo de compradores no SAP Ariba
pt_BR;ARB_SHIPTO;Recebedor da mercadoria no SAP Ariba
pt_BR;ARB_SM_SUPPLIER;Fornecedor de SM no SAP Ariba
pt_BR;ARB_SM_SUPPLIER_NAME;Nome do fornecedor de SM no Ariba
pt_BR;ARB_SUPPLIER;Fornecedor no SAP Ariba
pt_BR;ARB_SUPPLIER_NAME;Nome do fornecedor no SAP Ariba
pt_BR;BC_ARBGB;Área de aplicação
pt_BR;BC_ARKTX;Texto breve
pt_BR;BC_CHNGIND;Alterar tipo
pt_BR;BC_CLASS;Grupo de usuários no mestre do usuário
pt_BR;BC_DELTA;Delta em dias
pt_BR;BC_FLAG;Código definido/não definido
pt_BR;BC_KDAUF;Número da ordem do cliente
pt_BR;BC_KDEIN;Programação da ordem do cliente
pt_BR;BC_KDPOS;Posição da ordem do cliente
pt_BR;BC_MESSAGE;Texto da mensagem T100
pt_BR;BC_MSGNR;Número da mensagem
pt_BR;BC_NETVAL;Valor líquido
pt_BR;BC_NUMBER;Número
pt_BR;BC_QUANTITY;Quantidade
pt_BR;BC_REPORT;Nome do relatório
pt_BR;BC_STATUS_ACTIVE;Ativo/inativo
pt_BR;BC_SYMSGID;Classe de mensagem
pt_BR;BC_TCODE;Código de transação
pt_BR;BC_TCODE_NOTXT;TCode (SemID sem texto)
pt_BR;BC_UNIT;Unidade
pt_BR;BC_USER;Usuário
pt_BR;BC_USTYP;Tipo de usuário
pt_BR;BC_VARIANT;Variante do relatório
pt_BR;BC_WAERS;Moeda
pt_BR;BC_XFELD;Caixa de seleção SIM/NÃO
pt_BR;BW_DOCNO;Número do documento
pt_BR;BW_POSNO;Número do item no documento
pt_BR;CALDAY;Data
pt_BR;CALMONTH;Mês
pt_BR;CALYEAR;Ano
pt_BR;CRM_ACTIVITY_CAT;Categoria de atividade
pt_BR;CRM_ACTIVITY_CLASS;Classe de atividade
pt_BR;CRM_AUTOMATION;Criado automaticamente
pt_BR;CRM_CATEGORY;Categoria
pt_BR;CRM_CHANGE_TYPE;Tipo de alteração
pt_BR;CRM_CONTRACT_MESSAGE;Determinação do contrato
pt_BR;CRM_CONTRACT_QUAN_VA;Contrato por valor ou quantidade
pt_BR;CRM_COUNTRY;País
pt_BR;CRM_DIRECTION;Direção de uma atividade
pt_BR;CRM_DIS_CHANNEL;Canal de distribuição
pt_BR;CRM_DIVISION;Divisão
pt_BR;CRM_FIELD_DESC;Descrição do campo da tabela
pt_BR;CRM_FORECAST_REL;Relevância da previsão
pt_BR;CRM_IMPORTANCE;Prioridade de oportunidade/lead
pt_BR;CRM_INBOX_STATUS;Status do item da caixa de entrada do agente
pt_BR;CRM_INDUSTRY;Setor industrial
pt_BR;CRM_INPUT_CHANNEL;Canal de entrada
pt_BR;CRM_ITEM_TYPE;Tipo de item CRM
pt_BR;CRM_LEAD_QUAL_LEVEL;Nível de qualificação do lead
pt_BR;CRM_LEAD_TYPE;Grupo de leads
pt_BR;CRM_OBJECTIVE;Meta de uma atividade
pt_BR;CRM_OBJREF_PROFILE;Relação de objetos de ID do perfil
pt_BR;CRM_OPPORT_TYPE;Tipo de oportunidade
pt_BR;CRM_ORG_UNIT;Unidades org. em CRM (HRP1000)
pt_BR;CRM_PARTNER;Parceiro CRM
pt_BR;CRM_PHASE;Nível de vendas
pt_BR;CRM_PRIORITY;Prioridade
pt_BR;CRM_PROCESSING_TYPE;Tipo de processamento
pt_BR;CRM_PROCESS_BLOCKED;Indicador ativo
pt_BR;CRM_PROCESS_TYPE;Tipo de transação comercial
pt_BR;CRM_SALESCYCLE;Ciclo de vendas
pt_BR;CRM_SALES_ORG;Organização de vendas CRM
pt_BR;CRM_SOURCE;Origem da oportunidade/do lead
pt_BR;CRM_STAT_BILLING;Status do faturamento
pt_BR;CRM_STAT_CANCELLED;Status de cancelamento
pt_BR;CRM_STAT_ERROR;Status de erro
pt_BR;CRM_STAT_FINAL_CONF;Confirmação final de serviço
pt_BR;CRM_STAT_FOR_BILLING;Status liberado para contas acumuladas
pt_BR;CRM_STAT_GOODS_ISSUE;Status da saída de mercadorias
pt_BR;CRM_STAT_LIFECYCLE;Status do ciclo de vida
pt_BR;CRM_STAT_OPEN;"Status ""Aberto"""
pt_BR;CRM_STAT_RELEASED;Status da versão
pt_BR;CRM_STAT_TRANSFER;Status de transferência
pt_BR;CRM_TEMPLATE_TYPE;Tipo de modelo CRM
pt_BR;CRM_USER_STATUS;ID do local
pt_BR;EKF_BILL_PROCESS;Processo de cálculo da fatura
pt_BR;EKF_BILL_REVREASON;Motivo de estorno para documento de faturamento
pt_BR;EKF_BILL_TYPE;Tipo de cálculo da fatura
pt_BR;EKF_DOCTYPE;Tipo de documento
pt_BR;EKF_HBKID;Banco da empresa
pt_BR;EKF_HVORG;Operação principal para item do documento
pt_BR;EKF_INVLOCK_KK;Bloqueio de faturamento
pt_BR;EKF_INVTRIGLOCK;Bloqueio de faturamento
pt_BR;EKF_INV_CATEGORY;Categoria de faturamento
pt_BR;EKF_INV_CRMODE;Modo de criação
pt_BR;EKF_INV_ITEMTYPE;Tipo de item de faturamento
pt_BR;EKF_INV_PROCESS;Processo de faturamento
pt_BR;EKF_INV_TYPE;Tipo de faturamento
pt_BR;EKF_ITEMTYPE;Tipo do item de faturamento
pt_BR;EKF_REVREASON;Motivo do estorno
pt_BR;EKF_SEGMT;Segmento para relatório segmentário
pt_BR;EKF_SIMULATED;A simulação de faturamento é simulada
pt_BR;EKF_SRCDOCCAT_KK;Categoria do documento de origem
pt_BR;EKF_SRCDOCTYPE;Tipo do documento de origem
pt_BR;EKF_SRCITEMCAT;Categoria de item de origem
pt_BR;EKF_SRCPROCESS_KK;Processo de origem do documento de faturamento
pt_BR;EKF_TVORG;Suboperação para item do documento
pt_BR;EKF_UMSKZ;Código do Razão Especial
pt_BR;EPR_MEINS;Unidade de medida
pt_BR;ERP_ABART;Tipo de liberação
pt_BR;ERP_ABFER;Tipo de conclusão da remessa
pt_BR;ERP_ABGRU;Motivo da rejeição
pt_BR;ERP_ABGSL;Chave de determinação do resultado
pt_BR;ERP_ABLEINH;Unidade de leitura
pt_BR;ERP_ABLEINHEIT;Unidade de leitura
pt_BR;ERP_ABRVORG;Transação de faturamento
pt_BR;ERP_ABSTA;Status da recusa
pt_BR;ERP_ABUEB;Perfil de criação das solicitações de remessa
pt_BR;ERP_ABWST;Controle do processamento
pt_BR;ERP_ACTION_CODE;Código de ação
pt_BR;ERP_AFAPL;Plano de avaliação
pt_BR;ERP_AFASL;Chave de depreciação
pt_BR;ERP_AIMMO;Código: imóveis
pt_BR;ERP_AKKNZ;Código da categoria de ordem PM
pt_BR;ERP_AKTNR;Promoção
pt_BR;ERP_ANDOR;Indicador para link OR ou AND
pt_BR;ERP_ANEQS;Ativo de código de conclusão
pt_BR;ERP_ANLKL;Classe do ativo
pt_BR;ERP_ANWND;Aplicação usando armazenamento de dados bancários
pt_BR;ERP_APLID;Controle de erros
pt_BR;ERP_APPLK;Área de aplicação
pt_BR;ERP_APROF;Perfil de liquidação
pt_BR;ERP_AP_VERWE;categoria do centro de trabalho
pt_BR;ERP_ARGST;Status total dos custos de remessa
pt_BR;ERP_ARTPR;Tipo de prioridade
pt_BR;ERP_ASTNR;Status da ordem
pt_BR;ERP_ATTYP;Categoria de material
pt_BR;ERP_AUART;Tipo de ordem PP
pt_BR;ERP_AUERU;Propor confirmação final
pt_BR;ERP_AUFSD;Cliente bloqueado para pedidos
pt_BR;ERP_AUFTYP;Categoria da ordem
pt_BR;ERP_AUGRD;AUGRD_KK
pt_BR;ERP_AUGRD_KK;Motivo da compensação FI-CA
pt_BR;ERP_AUGRU;Motivo da ordem
pt_BR;ERP_AUGST_KK;Status de compensação
pt_BR;ERP_AUREL;Relevante para quadro de alocação
pt_BR;ERP_AUTET;Uso em MRP automático
pt_BR;ERP_AUTOMATION;Criado automaticamente
pt_BR;ERP_AVORG;Transação de liquidação
pt_BR;ERP_AWTYP;Procedimento de referência
pt_BR;ERP_BANPR;Status de processamento RC
pt_BR;ERP_BAT_OR_DIA;Lote ou diálogo
pt_BR;ERP_BCREASON;Motivo de estorno
pt_BR;ERP_BDART;Tipo de necessidade
pt_BR;ERP_BEDAE;Solicitações independentes planejadas do tipo de necessidade
pt_BR;ERP_BEDAR;Origem da data de início
pt_BR;ERP_BELEGART;Tipo de documento
pt_BR;ERP_BEL_ART;Seleção de tipo de documento para fatura
pt_BR;ERP_BERID;Área MRP
pt_BR;ERP_BESKZ;Códigos de suprimento
pt_BR;ERP_BESTA;Status de confirmação de entrega (item)
pt_BR;ERP_BESTQ;Categoria de estoque no WMS
pt_BR;ERP_BETYP;Tipo de necessidade
pt_BR;ERP_BEZOB;A referência é obrigatória
pt_BR;ERP_BFART;Nível de serviço
pt_BR;ERP_BKLAS;Classe de avaliação
pt_BR;ERP_BLART;Tipo de documento
pt_BR;ERP_BLART_KK;Tipo de documento
pt_BR;ERP_BLCKD;Requisição de compra bloqueada
pt_BR;ERP_BL_DOC_TYPE;Tipo de documento orçamentário FM
pt_BR;ERP_BSAKZ;Código de controle para tipo de pedido
pt_BR;ERP_BSARK;Tipo de pedido de compra
pt_BR;ERP_BSCHL;Chave de lançamento
pt_BR;ERP_BSEXT;Pedidos de compra externos permitidos
pt_BR;ERP_BSINT;Pedidos de compra internos permitidos
pt_BR;ERP_BSTAE;Chave de controle de confirmação
pt_BR;ERP_BSTAT;Status do documento
pt_BR;ERP_BSTYP;Categoria do documento de compra
pt_BR;ERP_BUKRS;Código da empresa
pt_BR;ERP_BUSAB;Responsável
pt_BR;ERP_BU_BPKIND;Tipo de parceiro de negócios
pt_BR;ERP_BU_GROUP;Agrupamento de parceiros de negócios
pt_BR;ERP_BU_TYPE;Categoria do parceiro de negócios
pt_BR;ERP_BWART;Tipo de movimento de IM
pt_BR;ERP_BWKEY;Área de avaliação
pt_BR;ERP_BWLVS;Tipo de movimento de WM
pt_BR;ERP_BWTAR;Tipo de avaliação
pt_BR;ERP_BWVAR;Variante de avaliação
pt_BR;ERP_CDTCODE;Transação de alteração
pt_BR;ERP_CHANGE_TYPE;Tipo de alteração
pt_BR;ERP_CHARG;Número do lote
pt_BR;ERP_CMGST;Status do crédito
pt_BR;ERP_CONTR_ART;Tipo de contrato do ERP
pt_BR;ERP_COTYP;Tipo de destinatário da receita de controle
pt_BR;ERP_COUNTRY;País no ERP
pt_BR;ERP_CO_CRSTAT;Status da receita de controle
pt_BR;ERP_CO_SELKZ;Indicador de seleção de itens de linha de custo
pt_BR;ERP_CTLPC;Categoria de risco
pt_BR;ERP_CYCLE_DATE_KK;Dia do fim do período
pt_BR;ERP_CYCLE_DAY_KK;Ciclo de faturamento
pt_BR;ERP_DELKZ;Elemento MRP
pt_BR;ERP_DISLS;Tamanho do lote (planejamento de materiais)
pt_BR;ERP_DISMM;Tipo de MRP
pt_BR;ERP_DISPO;Planejador MRP
pt_BR;ERP_DISVF;Procedimento MRP
pt_BR;ERP_DOCCAT;EWM da categoria de documento
pt_BR;ERP_DOCTYPE_PDI;Tipos de documentos para recebimento EWM
pt_BR;ERP_DTART;Tipo de lista MRP
pt_BR;ERP_EBTYP;Categoria de confirmação
pt_BR;ERP_EFART;Tipo de entrada
pt_BR;ERP_EIGKZ;Código de propriedade
pt_BR;ERP_EKGRP;Grupo de compra
pt_BR;ERP_EKORG;Organização de compra
pt_BR;ERP_ENDAR;Data final de origem
pt_BR;ERP_EQART;Tipo de objeto
pt_BR;ERP_EQTYP;Categoria do equipamento
pt_BR;ERP_EQUNR;Número do equipamento
pt_BR;ERP_ERLOESE;Lançamento de receita
pt_BR;ERP_ERLRE;Regra de conclusão
pt_BR;ERP_ESTAK;Status de documento de compra
pt_BR;ERP_ESTKZ;Código de criação
pt_BR;ERP_ETDRK;Relevante para impressão
pt_BR;ERP_ETTYP;Categoria de divisão de remessa
pt_BR;ERP_E_KOFIZ;ID de determinação de contas para contratos IS-U
pt_BR;ERP_FAKSD;Cliente com bloqueio de faturamento central
pt_BR;ERP_FAKSK;Cabeçalho do bloqueio de faturamento
pt_BR;ERP_FAKSP;Item do bloqueio de faturamento
pt_BR;ERP_FAREG;Regra de faturamento
pt_BR;ERP_FBGST;Status geral do cálculo
pt_BR;ERP_FDLEV;Nível de planejamento
pt_BR;ERP_FDNAM_SD;Nomes de campos SD
pt_BR;ERP_FEHGR;Procedimento de inconclusão
pt_BR;ERP_FEH_STA;Status do cálculo de custos
pt_BR;ERP_FEVOR;Programador de produção (sem texto)
pt_BR;ERP_FFPRF;Perfil do processador de itens dinâmicos
pt_BR;ERP_FIBL_DORIGIN;Origem de agrupamento
pt_BR;ERP_FICA_INT_REASON;FI-CA: tipo da disputa interna
pt_BR;ERP_FIELD_DESC;Descrição do campo da tabela
pt_BR;ERP_FIKRS;Área de administração financeira
pt_BR;ERP_FKART;Tipo de cálculo da fatura
pt_BR;ERP_FKART_T;Tipo do custo do envio
pt_BR;ERP_FKBER;Área funcional
pt_BR;ERP_FKIVP;Status de item de faturamento IV
pt_BR;ERP_FKPTY;Custos de remessa da categoria de item
pt_BR;ERP_FKREL;Relevante para faturamento
pt_BR;ERP_FKSAA;Status de faturamento de item relevante para o pedido
pt_BR;ERP_FKSTA;Status do faturamento (remessa)
pt_BR;ERP_FKSTK;Status do faturamento
pt_BR;ERP_FKSTO;Documento de faturamento cancelado
pt_BR;ERP_FKTYP;Categoria de cálculo da fatura
pt_BR;ERP_FM_BTART;Tipo de montante (FM)
pt_BR;ERP_FM_WRTTP;Tipo de valor (FM)
pt_BR;ERP_FPART;Tipo de programa de faturamento
pt_BR;ERP_FPTYP;Categoria do programa de faturamento
pt_BR;ERP_FRGGR;Grupo de liberação
pt_BR;ERP_FRGKE;Código de liberação no documento de compra
pt_BR;ERP_FRGKZ;Código de liberação
pt_BR;ERP_FRGSX;Estratégia de liberação
pt_BR;ERP_FRKRL;Relevância dos custos da remessa
pt_BR;ERP_FSSTA;Item de status do bloqueio de faturamento
pt_BR;ERP_FSTAG;Grupo de status do campo
pt_BR;ERP_GBSTA;Status de processamento geral (item)
pt_BR;ERP_GBSTK;Status de processamento geral (cabeçalho)
pt_BR;ERP_GLVOR;Transação comercial
pt_BR;ERP_GPART;Parceiro de negócios
pt_BR;ERP_GRDTX;Motivo para desvio
pt_BR;ERP_GRPID;Sessão de batch input
pt_BR;ERP_GRUND;Motivo de diferença do inventário
pt_BR;ERP_GSBER;Divisão
pt_BR;ERP_HERKUNFT;Origem do lote de controle
pt_BR;ERP_HERKZ;Origem da nota
pt_BR;ERP_HKONT;Conta do Razão
pt_BR;ERP_HKTID;ID para detalhes da conta
pt_BR;ERP_HORIZ;Horizonte
pt_BR;ERP_HORIZ_QUALIFIER;Qualificadores do horizonte de contato
pt_BR;ERP_HVORG;Transação principal
pt_BR;ERP_ILART;Tipo de atividade de manutenção
pt_BR;ERP_IM_PROFIL;Perfil de medida de investimento
pt_BR;ERP_INACT;Código: status é inativo
pt_BR;ERP_INCO1;Incoterms parte 1
pt_BR;ERP_INGRP;Grupo de planejamento
pt_BR;ERP_INSMK;Tipo de estoque
pt_BR;ERP_INTAG;Algoritmo de interpretação
pt_BR;ERP_ISTAT_D;Status de planejamento
pt_BR;ERP_ITEM_CATEGORY;Categorias de Itens EWM
pt_BR;ERP_IVTYPE;Categoria IV
pt_BR;ERP_IWERK_INGRP;Grupo de planejamento + Centros
pt_BR;ERP_KALKA;Tipo de cálculo de custos
pt_BR;ERP_KALNR;ProdCostEst.No.
pt_BR;ERP_KALSM_SD;Procedimento de determinação de preços no SD
pt_BR;ERP_KAPPL;Aplicativo
pt_BR;ERP_KBLART;Tipo de documento: entrada de documento manual
pt_BR;ERP_KBLTYP;Categoria de documento de fundos destinados
pt_BR;ERP_KBNKZ;Código kanban
pt_BR;ERP_KHERK;Origem da condição
pt_BR;ERP_KKBER;Área de controle de crédito
pt_BR;ERP_KLIMP;Executar verificação de limite de crédito
pt_BR;ERP_KLVAR;Variante de cálculo de custos
pt_BR;ERP_KMANU;Fazendo transações com condições manuais
pt_BR;ERP_KMEIN;Unidade de condição no documento
pt_BR;ERP_KNPRS;Tipo de determinação do preço
pt_BR;ERP_KNTTP;Categoria de atribuição de contas
pt_BR;ERP_KOARS;Tipos de contas
pt_BR;ERP_KOART;Tipo de conta
pt_BR;ERP_KOFIZ_KK;ID de determinação de contas
pt_BR;ERP_KOKRS;Área de contabilidade de custos
pt_BR;ERP_KOSTA;Status do picking/status da entrada em depósito
pt_BR;ERP_KOSTK;Status do picking
pt_BR;ERP_KOSTL;Centro de custo
pt_BR;ERP_KOWRR;Valores estatísticos
pt_BR;ERP_KSCHL;Tipo de condição
pt_BR;ERP_KSTAR;Elemento de custo
pt_BR;ERP_KSTEU;Controle da condição
pt_BR;ERP_KTGRD;Grupo de avaliação contábil de clientes
pt_BR;ERP_KTGRM;Grupo de avaliação contábil de materiais
pt_BR;ERP_KTOGR;Determinação de contas
pt_BR;ERP_KTOKD;Grupo de contas do cliente
pt_BR;ERP_KTOKK;Grupo de contas do fornecedor
pt_BR;ERP_KTOKL;Classe de conta
pt_BR;ERP_KTOPL;Plano de contas
pt_BR;ERP_KUKLA;Classificação de clientes
pt_BR;ERP_KUNNR;Cliente
pt_BR;ERP_KZVBR;Registro do consumo
pt_BR;ERP_LAUFI;ID da execução de pagamento
pt_BR;ERP_LAUFK;Indicador do trajeto
pt_BR;ERP_LBWST;Estratégia de avaliação
pt_BR;ERP_LDEST;Spool: dispositivo de saída
pt_BR;ERP_LFART;Tipo de entrega
pt_BR;ERP_LFGSA;Status de entrega
pt_BR;ERP_LGNUM;Número do depósito
pt_BR;ERP_LGORT;Depósito
pt_BR;ERP_LGTYP;Tipo de armazenamento
pt_BR;ERP_LIEF;Processamento externo da operação
pt_BR;ERP_LIFNR;Fornecedor
pt_BR;ERP_LIFSD;Cliente com bloqueio de fornecimento central
pt_BR;ERP_LIFSK;Cabeçalho do bloqueio de remessa
pt_BR;ERP_LIFSP;Item do bloqueio de remessa
pt_BR;ERP_LISOF;Criar remessa imediatamente
pt_BR;ERP_LLAND;País de destino
pt_BR;ERP_LOCKR;Motivo do bloqueio
pt_BR;ERP_LOEKZ;Indicador de exclusão no documento de compra
pt_BR;ERP_LOEKZ_ESSR;Indicador de exclusão na folha de registro
pt_BR;ERP_LOGSYSTEM;Sistema lógico
pt_BR;ERP_LOTYP;Bloquear categoria do objeto
pt_BR;ERP_LPRIO;Prioridade de remessa
pt_BR;ERP_LSSTA;Status de bloqueio de remessa
pt_BR;ERP_LSSTK;Status de bloqueio de remessa total
pt_BR;ERP_LVSTA;Status da Atividade WM
pt_BR;ERP_LVSTK;Status WM
pt_BR;ERP_MAABC;Código ABC
pt_BR;ERP_MABER;Área de advertência
pt_BR;ERP_MAFID;Tipo de registro
pt_BR;ERP_MAGRV;Materiais de embalagem do grupo de mercadorias
pt_BR;ERP_MAHNA;Procedimento de advertência
pt_BR;ERP_MAHNV;Procedimento de advertência
pt_BR;ERP_MANOUTSORT;OS manual em faturamento
pt_BR;ERP_MANOUTS_IN;Motivo da detecção de anomalias manual no faturamento
pt_BR;ERP_MANSP;Bloqueio de advertências
pt_BR;ERP_MANST;Nível de advertência
pt_BR;ERP_MANUAL;Gerado manualmente
pt_BR;ERP_MANUE;Mensagem processada manualmente
pt_BR;ERP_MANUR;Código do tipo de confirmação
pt_BR;ERP_MATKL;Grupo de materiais
pt_BR;ERP_MATNR;Número do material
pt_BR;ERP_MEDKZ;Distribuição de ordem planej.
pt_BR;ERP_MEILR;Conf. marco
pt_BR;ERP_MEPROCSTATE;Status de processamento do documento de compra
pt_BR;ERP_MITKZ;Código de reconciliação
pt_BR;ERP_MKSP;A versão de produção está bloqueada
pt_BR;ERP_MMSTA;Status de materiais específicos ao centro
pt_BR;ERP_MODIFLAG;Modificável
pt_BR;ERP_MPTYP;Categoria do plano de manutenção
pt_BR;ERP_MRM_ZLSPR;Bloco de pagamento de logística
pt_BR;ERP_MSCHL;Chave de advertência
pt_BR;ERP_MSGAR;Tipo de mensagem
pt_BR;ERP_MSTAE;Status de materiais cruzados
pt_BR;ERP_MSTYP_KK;Categoria do nível de advertência
pt_BR;ERP_MTART;Tipo de material
pt_BR;ERP_MTVFP;Verificação de grupo para verificação de disponibilidade
pt_BR;ERP_NABPF;Não para liquidação
pt_BR;ERP_NACHA;Meio de transmissão de mensagem
pt_BR;ERP_NCOST;Não calcular custos
pt_BR;ERP_NODIS;Registro de necessidades não relevante para MRP
pt_BR;ERP_NO_DISP_PLUS;Efetivo para planejamento de material
pt_BR;ERP_OBART;Tipo de objeto
pt_BR;ERP_OBJTYPE;Tipo de objeto
pt_BR;ERP_OBLACT;Administração de compromissos ativa
pt_BR;ERP_OBLIGO;Administração de compromissos ativa
pt_BR;ERP_OTYPE;Tipo de objeto
pt_BR;ERP_PAART;Ordem planejada do tipo de ordem
pt_BR;ERP_PARTNER;Parceiro de negócios ERP
pt_BR;ERP_PARVW;Função do parceiro
pt_BR;ERP_PDSTA;Status POD no nível de item
pt_BR;ERP_PDSTK;Status da confirmação de recebimento da remessa
pt_BR;ERP_PERBZ;Tipo de liquidação
pt_BR;ERP_PERIO;Próxima data de faturamento
pt_BR;ERP_PERIV;Variante de ano fiscal
pt_BR;ERP_PKSTA;Status de embalagem do item
pt_BR;ERP_PLANV;Chave ERP para utilização da lista de tarefas
pt_BR;ERP_PLAN_SORT;Campo de ordenação para planos de manutenção
pt_BR;ERP_PLKNZ;Código de planejamento de ordem PM
pt_BR;ERP_PLNST;Status da lista de tarefas
pt_BR;ERP_PLNTY;Tipo de lista de tarefas
pt_BR;ERP_PLSCN;Cenário de planejamento
pt_BR;ERP_PMCS_IND;Código PM / CS
pt_BR;ERP_POKEN;Número da mensagem
pt_BR;ERP_PORTION;Cota
pt_BR;ERP_POSAR;Tipo de item
pt_BR;ERP_POSTP;Categoria do item (lista técnica)
pt_BR;ERP_PO_ART;Tipo de pedido de compra ERP
pt_BR;ERP_PO_LOEKZ;Código de remessa em compras
pt_BR;ERP_PO_PSTYP;Tipo de lançamento de pedido de compra ERP
pt_BR;ERP_PPROF;Perfil de planejamento
pt_BR;ERP_PRART;Tipo de projeto
pt_BR;ERP_PRCTR;Centro de lucro
pt_BR;ERP_PRDNR;Número do produto
pt_BR;ERP_PRFG;Verificar o status
pt_BR;ERP_PRINTLOCK;Documento está bloqueado para impressão
pt_BR;ERP_PRIOK;Prioridade
pt_BR;ERP_PROCESSING_TYPE;Tipo de processamento
pt_BR;ERP_PROCTY;Tipo de processo de depósito
pt_BR;ERP_PRODH_D;Hierarquia de produtos
pt_BR;ERP_PROFL;Perfil do projeto
pt_BR;ERP_PROID;Código do processo
pt_BR;ERP_PR_ART;Tipo de requisição de compra ERP
pt_BR;ERP_PR_PSTYP;Tipo de item de requisição de compra ERP
pt_BR;ERP_PR_STATU;Status de processamento da requisição de compra
pt_BR;ERP_PSPID;Definição do projeto
pt_BR;ERP_PSTYV;Categoria do item
pt_BR;ERP_PS_POSID;Elemento PEP (externo)
pt_BR;ERP_PS_POSNR;Elemento PEP (interno)
pt_BR;ERP_PS_ZUORD;Atribuição de rede
pt_BR;ERP_QBEWERTUNG;Avaliação do código
pt_BR;ERP_QMART;Tipo de notificação
pt_BR;ERP_QMTYP;Categoria de notificação QM
pt_BR;ERP_QM_PHASE;Fase de processamento da notificação
pt_BR;ERP_QPART;Tipo de inspeção
pt_BR;ERP_QSPERRFKT;Função que será bloqueada
pt_BR;ERP_RBSTAT;Status do documento de fatura
pt_BR;ERP_REASON;Motivo para criação de documento de impressão
pt_BR;ERP_RECIPE_PRO;Perfil de receita ERP
pt_BR;ERP_RECNNTPARTY;Rescisão de RE por
pt_BR;ERP_RECNNTREASON;Motivo da rescisão de RE
pt_BR;ERP_RECNNTREASONREJ;Motivo da rejeição de RE
pt_BR;ERP_RECNTYPE;Tipo de contrato imobiliário
pt_BR;ERP_REDUCTION_AMOUNT;Montante de redução
pt_BR;ERP_REFERENCE;Atribuído a documento
pt_BR;ERP_REFPLAN;Atribuição a ordem planejada
pt_BR;ERP_REFPREQ;Atribuição a requisição de compra
pt_BR;ERP_REF_MNTPLAN;Código de criação PM
pt_BR;ERP_REPTP;Tipo de produção
pt_BR;ERP_REVNR;Revisão para PM
pt_BR;ERP_RE_CATEGORY;Categoria de contrato de RE
pt_BR;ERP_RE_RELEVANTEVAL;Relevância para avaliação de RE
pt_BR;ERP_RE_USERSUPPLIER;Usuário/fornecedor de RE
pt_BR;ERP_RFBSK;Status do lançamento
pt_BR;ERP_RFGSA;Status geral de referência
pt_BR;ERP_RFSTA;Status de referência
pt_BR;ERP_RGEKZ;Código: baixa por explosão para ordem
pt_BR;ERP_RLDNR;Livro-razão na contabilidade GL
pt_BR;ERP_ROUTE;Rota ERP
pt_BR;ERP_ROUTE_PRO;Perfil de rota ERP
pt_BR;ERP_RUEK;Confirmação de conclusão
pt_BR;ERP_SATZA;Tipo de registro para confirmação
pt_BR;ERP_SCMGCASE_TYPE;Tipo de caso
pt_BR;ERP_SCOPE;Classe de objeto
pt_BR;ERP_SDABW;Indicador de processamento especial
pt_BR;ERP_SD_AUART;Tipo de documento de vendas
pt_BR;ERP_SFCPF;Perfil de programação de produção (sem texto)
pt_BR;ERP_SFEPR;Perfil de produção repetitiva
pt_BR;ERP_SHKZG;Código de débito/crédito
pt_BR;ERP_SHTYP;Tipo de remessa
pt_BR;ERP_SIMULATION;Código: simulação de faturamento
pt_BR;ERP_SOBES;Códigos de suprimento especial
pt_BR;ERP_SOBKZ;Código de estoque especial
pt_BR;ERP_SOBSL;Tipo de suprimento especial
pt_BR;ERP_SPART;Divisão
pt_BR;ERP_SPERR;Código de bloqueio de inventários físicos
pt_BR;ERP_SPGRU;Motivo do bloqueio
pt_BR;ERP_SPLEV;Nível de bloqueio de pagamento
pt_BR;ERP_SPRAS;Idioma da mensagem
pt_BR;ERP_STABR;Transferência estatística (item de custo de frete)
pt_BR;ERP_STAGAREA;Área de preparação
pt_BR;ERP_STAGAREAGR;Grupo da área de preparação
pt_BR;ERP_STATG;Grupo de status
pt_BR;ERP_STATUS;Status do objeto
pt_BR;ERP_STATUS_SYSTEM;Status do sistema JEST
pt_BR;ERP_STATUS_VALUE;Valor do status (EWM)
pt_BR;ERP_STATUS_VT_KK;Status do contrato do provedor
pt_BR;ERP_STAT_PARA;Status do sistema de casos
pt_BR;ERP_STBER;Cálculo estatístico (item de custos de frete)
pt_BR;ERP_STEUS;Chave de controle do ERP
pt_BR;ERP_STFRE;Determinação de conta de status
pt_BR;ERP_STGRD;Motivo de estorno
pt_BR;ERP_STICH;Código de programação
pt_BR;ERP_STLAL_NOTXT;Lista técnica alternativa (sem texto)
pt_BR;ERP_STLAN;Utilização da lista técnica
pt_BR;ERP_STLST;Status de lista técnica
pt_BR;ERP_STRAT;Estratégia de manutenção
pt_BR;ERP_STRGR;Grupo de estratégias de planejamento
pt_BR;ERP_STSMA;Perfil de status
pt_BR;ERP_STTRG;Status do transporte
pt_BR;ERP_STTXT;Status de atualização
pt_BR;ERP_STUFE;Nível (SemID sem texto)
pt_BR;ERP_TABNAME;Nome da tabela
pt_BR;ERP_TABNAMVB;SD do nome da tabela
pt_BR;ERP_TARIFTYP;Categoria de tarifa
pt_BR;ERP_TDARMOD;Impressão: modo de arquivamento
pt_BR;ERP_TEST_OR_PROD;Execução de teste ou execução produtiva
pt_BR;ERP_TETXT;DESIGNAÇÃO DA DATA
pt_BR;ERP_TPLNR;Local de instalação
pt_BR;ERP_TPLST;Ponto de planejamento do transporte
pt_BR;ERP_TRAGR;Grupo de transporte
pt_BR;ERP_TRIGSTAT;Status da ordem de cálculo
pt_BR;ERP_TRMER;Erro de planejamento
pt_BR;ERP_TRSPG;Motivo do bloqueio de expedição
pt_BR;ERP_TRSTA;Status de planejamento de transporte
pt_BR;ERP_UPDTM;Atualizar material
pt_BR;ERP_UPTYP;Categoria de subitem
pt_BR;ERP_USTXT;GP de candidato não solicitado
pt_BR;ERP_UVALL;Geralmente incompleto
pt_BR;ERP_UVFAK;Incompleto para faturamento
pt_BR;ERP_UVPAK;Incompleto para embalagem
pt_BR;ERP_UVPIK;Incompleto para picking/entrada em depósito
pt_BR;ERP_UVPRS;Incompleto para determinação de preço
pt_BR;ERP_UVVLK;Incompleto para entrega
pt_BR;ERP_UVWAK;Incompleto para movimento de mercadorias
pt_BR;ERP_VALIDATION;Validação de faturamento
pt_BR;ERP_VALIDAT_IN;Nome da validação de faturamento
pt_BR;ERP_VAUNA;Faturamento retroativo
pt_BR;ERP_VBTYP;Categoria de documento SD
pt_BR;ERP_VBUND;Parceiro comercial
pt_BR;ERP_VERANTX;Pessoa responsável pelo centro de trabalho
pt_BR;ERP_VERID;Versão de produção (sem texto)
pt_BR;ERP_VERNR;Pessoa responsável pelo projeto
pt_BR;ERP_VERWE;Utilização da lista de tarefas
pt_BR;ERP_VGABE;Tipo de transação/evento
pt_BR;ERP_VGART;Tipo de transação
pt_BR;ERP_VGEXT;Transação comercial externa (SEM TEXTO)
pt_BR;ERP_VGINT;Regra de contabilização
pt_BR;ERP_VGMAN;Transação
pt_BR;ERP_VGTYP;Tipo de transação
pt_BR;ERP_VKBUR;Escritório de vendas
pt_BR;ERP_VKGRP;Equipe de vendas
pt_BR;ERP_VKONT;Conta de contrato
pt_BR;ERP_VKORG;Organização de vendas ERP
pt_BR;ERP_VLFKZ;Categoria do centro
pt_BR;ERP_VMSTA;Status de material SD
pt_BR;ERP_VPRSV;Código de controle de preço
pt_BR;ERP_VRGNG;Transação comercial
pt_BR;ERP_VSART;Tipo de envio
pt_BR;ERP_VSBED;Condições de expedição
pt_BR;ERP_VSTEL;Local de expedição
pt_BR;ERP_VSZTP;Hora de envio
pt_BR;ERP_VTWEG;Canal de distribuição
pt_BR;ERP_WARPL;Plano de manutenção
pt_BR;ERP_WBSTA;Status GM
pt_BR;ERP_WBSTK;Status GM global
pt_BR;ERP_WERK;Centro
pt_BR;ERP_WHNO;Número do depósito
pt_BR;ERP_WMAK;ID de tipo de material
pt_BR;ERP_XGWGK;Verificação BBV: montante ou quantidade
pt_BR;ERP_XREVERSAL;Código de estorno
pt_BR;ERP_ZAHLKOND;Condição de pagamento
pt_BR;ERP_ZAHLS;Chave de bloqueio para pagamento
pt_BR;ERP_ZBFIX;Condições de pagamento definidas
pt_BR;ERP_ZEITPKT;Evento
pt_BR;ERP_ZLSCH;FORMA DE PAGAMENTO
pt_BR;ERP_ZLSPR;Chave de bloqueio de pagamento
pt_BR;ERP_ZTERM;Condições de pagamento
pt_BR;ERP_ZUAWA;Conta da chave de estratégia para números de atribuição
pt_BR;ERP_ZWELS;Formas de pagamento (sem texto)
pt_BR;EWM_AAREA;ÁREA DE ATIVIDADE
pt_BR;EWM_ACT_TYPE;Tipo de atividade
pt_BR;EWM_ADJUST_QTY;Ajuste da quantidade
pt_BR;EWM_CAT;Tipo de estoque
pt_BR;EWM_DE_WCRTYPE;Categoria da regra de criação WHO
pt_BR;EWM_DE_WHOSTAT;Status de ordens de depósito
pt_BR;EWM_DOCTYPE;Tipo de documento
pt_BR;EWM_EXCEPT;Código de exceção
pt_BR;EWM_ITEMTYPE;Tipo de item para processos de depósito
pt_BR;EWM_LGBER;Área de armazenamento
pt_BR;EWM_LGNUM;NÚMERO DE DEPÓSITO EWM
pt_BR;EWM_LGTYP;Tipo de armazenamento
pt_BR;EWM_LPTYP;Tipo de posição no depósito
pt_BR;EWM_MATNR;Número do produto
pt_BR;EWM_PARTY_ROLE;Função do parceiro
pt_BR;EWM_PRCODE;Código do processo
pt_BR;EWM_PROCTYPE;Tipo de processo
pt_BR;EWM_QUEUE;Fila
pt_BR;EWM_ROUTE;Rota
pt_BR;EWM_TOSTAT;Status da tarefa de depósito
pt_BR;EWM_TRART;Categoria do processo de depósito
pt_BR;EWM_WAVECAT;Categoria do pacote
pt_BR;EWM_WAVETYPE;Tipo do pacote
pt_BR;EWM_WCR;Regra de criação da ordem do depósito
pt_BR;EWM_WTCODE;Função especial para IRF
pt_BR;EW_STOCK_DOCCAT;Tipo: estoque da ordem do cliente ou do projeto
pt_BR;FSCM_CATEGORY;Categoria
pt_BR;FSCM_FIN_P2P_STATE;Estado da promessa de pagamento
pt_BR;FSCM_P2P_LEVEL;Nível da promessa de pagamento
pt_BR;FSCM_REASON_CODE;Código de motivo
pt_BR;GRC_LOGSYS;Sistema lógico
pt_BR;ISU_ABLESART;Categoria de leitura do medidor prevista
pt_BR;ISU_ABLESARTST;Controle MR
pt_BR;ISU_ABLSPERR;Motivo para bloqueio da leitura do medidor
pt_BR;ISU_ABLSTAT;Status da leitura
pt_BR;ISU_ABRFREIG;Motivos para liberação de faturamento
pt_BR;ISU_ABRSPERR;Motivos para bloqueio de faturamento
pt_BR;ISU_AKLASSE;Classe de faturamento
pt_BR;ISU_AKTIV;Leitura ativa
pt_BR;ISU_GEMFAKT;Faturamento conjunto
pt_BR;ISU_INVOICING_PARTY;Emissor da fatura de serviços públicos
pt_BR;ISU_ISTABLART;Tipo de leitura
pt_BR;ISU_PRUEFPKT;Validação independente
pt_BR;ISU_VSTELLE;Local de consumo
pt_BR;SCMO_APPLICATION;Aplicativo SCMO
pt_BR;SCMO_APP_STATUS;Applicationstatus
pt_BR;SRM_BBP_METYPE;Meio de transmissão
pt_BR;SRM_BE_DOC_TYPE;Tipo de documento de requisição de compra
pt_BR;SRM_BID_TYPE;Tipo de RFx
pt_BR;SRM_BID_VALIDATION;Validação da cotação
pt_BR;SRM_CATEGORY_ID;ID da categoria SRM (não texto)
pt_BR;SRM_CHECK_IND;Verificar indicador no nível de item
pt_BR;SRM_INCOTERM;Código Incoterm
pt_BR;SRM_ITM_RELEASED;Status do item SRM
pt_BR;SRM_LOCATION;Local no SAP SRM
pt_BR;SRM_LOGSYS;Sistema de origem
pt_BR;SRM_OBJECT_TYPE;Categoria de transação
pt_BR;SRM_OBJ_TYPE;Tipo de objeto no sistema back-end
pt_BR;SRM_ORG_UNIT;Unidades org. em SRM (HRP1000)
pt_BR;SRM_PROCESSING_TYPE;Tipo de processamento
pt_BR;SRM_PROCESS_BLOCKED;Transação ativa/inativa
pt_BR;SRM_PRODUCT_TYPE;Tipo de produto
pt_BR;SRM_SUBTYPE;Especificação de um documento comercial
pt_BR;SRM_SUBTYPE_I;Especificação de um item do documento
pt_BR;SRM_SUPPLIER;Fornecedor no SAP SRM
pt_BR;SRM_USE_CONDITIONS;Código: determinação de informações de preço na proposta
pt_BR;SRM_VERSION_TYPE;Tipo de versão
pt_BR;TIME;Hora
pt_BR;TM_CONS_ALLOWED;Consolidação permitida
pt_BR;TM_CREATION_TYPE;Tipo de criação
pt_BR;TM_ENABLE_CHARGE_CAL;Ativar cálculo de cobrança
pt_BR;TM_ENABLE_SETTLEMENT;Ativar liquidação
pt_BR;TM_ERP_SHP_REL;Relevância da criação de documentos
pt_BR;TM_ITEM_CAT;Categoria do item
pt_BR;TM_LOGSYS;Sistema lógico TM (sistema remet.)
pt_BR;TM_MOT;Modo de transporte TM
pt_BR;TM_MOT_CAT;Categoria de modo de transporte TM
pt_BR;TM_MOVEM_TYPE;Tipo de movimento TM
pt_BR;TM_ORG_UNIT;Unidades org. em TM (HRP1000)
pt_BR;TM_PLN_SCT_REL;Relevância da subcontratação
pt_BR;TM_SET_BY_SERVICE;Origem da entrada
pt_BR;TM_SHIPPING_TYPE;Tipo de expedição TM
pt_BR;TM_SHPM_TRANSM;Status de transmissão para ERP
pt_BR;TM_TOR_CAT;Categoria da OT TM
pt_BR;TM_TOR_TYPE;Tipo da OT TM
pt_BR;TM_TRAFFIC_DIRECT;Direção da transferência TM
pt_BR;TM_TRQ_CAT;Categoria da TRQ TM
pt_BR;TM_TRQ_TYPE;Tipo da TRQ TM
pt_BR;TZONE;Fuso horário