locale;solutionProcessFlowDiagramId;solutionProcessFlowDiagramName
es;SPFD-133;BFH - Activo fijo en curso
es;SPFD-138;BJE - Fabricación sobre pedido - Venta de productos terminados y montaje final
es;SPFD-141;BME - Traslado de stock con entrega
es;SPFD-142;BMH - Traslado de stock sin entrega
es;SPFD-143;BMY - Subcontratación
es;SPFD-144;BNA - Cierre del período - Proyectos
es;SPFD-163;BF7 - Cierre del período - Órdenes de mantenimiento
es;SPFD-165;18J -Solicitud de pedido
es;SPFD-168;1BM - Fabricación sobre pedido - Planificación y montaje de productos semielaborados
es;SPFD-169;1EZ - Tratamiento de abonos
es;SPFD-170;1F1 - Tratamiento de notas de cargo
es;SPFD-185;BKP - 01 - Gestión de devoluciones del cliente
es;SPFD-187;I9I - Anticipos en contratos por cantidad de ventas
es;SPFD-202;1E1 - En proceso de producción
es;SPFD-203;1E1 - Entrada de mercancías desde producción
es;SPFD-212;1FM - Proceso habitual de inspección de calidad
es;SPFD-222;1HO - Procesamiento de pedidos de cliente multisociedad - Nacional
es;SPFD-414;2TX - Aprovisionamiento directo con entrega entrante
es;SPFD-469;BD3 - 01 - Procesamiento de ventas mediante terceros con aviso de entrega
es;SPFD-477;BD9 - 01 - Venta contra almacén
es;SPFD-480;BDD - Devoluciones de cliente simplificadas
es;SPFD-481;BDG - Oferta de ventas
es;SPFD-483;BDK - 01 - Procesamiento de ventas mediante terceros sin aviso de entrega
es;SPFD-485;BDN - Ventas de posiciones no de almacén con aprovisionamiento específico de orden
es;SPFD-486;BDQ - Proceso de corrección de facturas con nota de cargo
es;SPFD-489;BEI - Cierre del período - Centro
es;SPFD-492;BJ8 - Fabricación contra stock - Fabricación por procesos basada en orden de proceso
es;SPFD-500;BKL - Proceso de corrección de facturas con abono
es;SPFD-504;BMC - 02 - Gestión de inventario básica
es;SPFD-506;BMD - Contrato de compra 
es;SPFD-507;BMK - Devolución a proveedor
es;SPFD-509;BMR - 01 - Plan de entregas con documento de liberación para aprovisionamiento estándar
es;SPFD-511;BMR - 03 - Plan de entregas con integración EDI 
es;SPFD-512;BNX - Compra de material de consumo
es;SPFD-513;J44 - Escenario principal de planificación de necesidades de material
es;SPFD-517;J45 - Aprovisionamiento de materiales directos
es;SPFD-550;J59 - 01 - Principal
es;SPFD-576;J62 - 05 - Contabilidad de activos fijos - Cierre del mes
es;SPFD-644;1MX - Procesamiento de pedidos de cliente multisociedad - Internacional
es;SPFD-651;1NT - Control de proyectos - Finanzas
es;SPFD-661;1P9 - Traslado de stock entre empresas - Nacional
es;SPFD-734;2EQ - Venta de servicios
es;SPFD-811;2VJ - Integración SAP EWM - Procesamiento de entrada de proveedor
es;SPFD-812;2VK - Integración SAP EWM - Procesamiento de salida a cliente
es;SPFD-814;2VM - Integración SAP EWM - Integración de producción basada en entrega
es;SPFD-867;3BR - Procesamiento de entrada en almacén
es;SPFD-874;3D2 - 01 - Servicios de precio fijo
es;SPFD-875;3DV - Integración de producción de almacén
es;SPFD-877;3F0 - Contabilización de costes de fabricación basada en eventos
es;SPFD-955;3OK - Fabricación sobre pedido - Fabricación por procesos
es;SPFD-1002;4GA - Oferta de servicio
es;SPFD-1009;4HI - Mantenimiento proactivo
es;SPFD-1028;4X5 - Servicios recurrentes
es;SPFD-1046;5HL - Venta contra almacén - Bienes de consumo
es;SPFD-1081;4VT - Mantenimiento de mejora
es;SPFD-1082;4WM - Mantenimiento operativo
es;SPFD-1083;4WM - Mantenimiento de gastos generales
es;SPFD-1090;5D2 - Ventas internas avanzadas
es;SPFD-1091;5HP - Traslado de stock entre empresas avanzado
es;SPFD-1209;J62 - 05 - Contabilidad de activos fijos - Cierre del mes
es;SPFD-2208;J60 - 01 - Principal
es;SPFD-3522;3XK - Reparación interna
es;SPFD-3588;5FM - Aprovisionamiento para el comercio minorista
es;SPFD-3616;5FV - Logística de salida para centros de distribución
es;SPFD-3750;61V - Gestión de devoluciones de cliente - Bienes de consumo
es;SPFD-3831;3BS - Procesamiento de salida de almacén
es;SPFD-4366;BJ5 - Fabricación contra stock - Fabricación discreta
es;SPFD-4643;BJE - Fabricación sobre pedido - Venta de productos terminados y montaje final (OP)
es;SPFD-4651;BJ5 - Fabricación contra stock - Fabricación discreta (OP)
es;SPFD-4668;BJ8 - Fabricación contra stock - Fabricación por procesos basada en orden de proceso (OP)
es;SPFD-4671;1FS - Procesamiento básico de entrada en almacén desde proveedor
es;SPFD-4676;1G2 - Procesamiento básico de salida de almacén para el cliente 
es;SPFD-4677;1V5 - Procesamiento de entrada en almacén del proveedor con gestión de lotes
es;SPFD-4678;1V7 - Gestión de lotes en el procesamiento de salida
es;SPFD-4680;1VB - Integración de producción - Consumo de componentes y entrada en almacén
es;SPFD-4687;3OK - Fabricación sobre pedido - Fabricación por procesos
es;SPFD-4713;3XK - Reparación interna
es;SPFD-4721;4RO - EWM descentralizado - Procesamiento de entrada
es;SPFD-4722;4RP - EWM descentralizado - Procesamiento de salida
es;SPFD-4726;4X5 - Servicios recurrentes
es;SPFD-5160;5FX - Pedido de tienda desde el centro de distribución
es;SPFD-8185;4HH - Mantenimiento reactivo
es;SPFD-8292;5FU - Logística de entrada para centros de distribución
es;SPFD-8411;4HH - Mantenimiento reactivo
es;SPFD-8414;4HI - Mantenimiento proactivo
es;SPFD-8426;41Z - Gestión de órdenes de servicio