locale;id;text;longText
pt_BR;TREND_PPI;Tendências dos indicadores de desempenho;Adicione uma análise de tendências a um indicador de desempenho.
pt_BR;CORRECTION_RECOMMENDATIONS;Recomendações de correção principais;Adicione uma lista com as recomendações de correção mais relevantes.
pt_BR;INNOVATION_RECOMMENDATIONS;Recomendações de inovação principais;Adicione uma lista com as recomendações de inovação mais relevantes.
pt_BR;PROCESS_FLOWS;Fluxos de processo principais;Adicione uma lista com os fluxos de processo mais relevantes.
pt_BR;PERFORMANCE_INDICATORS;Indicadores de desempenho principais;Adicione uma lista com os indicadores de desempenho mais relevantes.
pt_BR;PF_FAVORITES;Fluxos de processo favoritos;Adicione uma lista com marcadores aos seus fluxos de processo favoritos.
pt_BR;PPI_FAVORITES;Indicadores de desempenho favoritos;Adicione uma lista com marcadores aos seus indicadores de desempenho favoritos.
pt_BR;CR_FAVORITES;Recomendações de correção favoritas;Adicione uma lista com marcadores às suas recomendações de correção favoritas.