locale;id;text
fr;ARB_BILLTO;Destinataire de la facture dans SAP Ariba
fr;ARB_ERP_VENDOR;Fournisseur d'ERP dans SAP Ariba
fr;ARB_PGRP;Groupe d'acheteurs dans SAP Ariba
fr;ARB_PGRP_NAME;Nom du groupe d'acheteurs dans SAP Ariba
fr;ARB_SHIPTO;Réceptionnaire dans SAP Ariba
fr;ARB_SM_SUPPLIER;Fournisseur SM dans SAP Ariba
fr;ARB_SM_SUPPLIER_NAME;Nom du fournisseur SM dans Ariba
fr;ARB_SUPPLIER;Fournisseur dans SAP Ariba
fr;ARB_SUPPLIER_NAME;Nom du fournisseur dans SAP Ariba
fr;BC_ARBGB;Domaine d'application
fr;BC_ARKTX;Désignation
fr;BC_CHNGIND;Type de modification
fr;BC_CLASS;Groupe d’utilisateurs dans la fiche utilisateur
fr;BC_DELTA;Delta en jours
fr;BC_FLAG;Indicateur activé/désactivé
fr;BC_KDAUF;Numéro de commande client
fr;BC_KDEIN;Échéance cde client
fr;BC_KDPOS;Poste de commande client
fr;BC_MESSAGE;Texte du message T100
fr;BC_MSGNR;Numéro de message
fr;BC_NETVAL;Valeur nette
fr;BC_NUMBER;Numéro
fr;BC_QUANTITY;Quantité
fr;BC_REPORT;Nom du rapport
fr;BC_STATUS_ACTIVE;Actif/Inactif
fr;BC_SYMSGID;Classe de message
fr;BC_TCODE;Code de transaction
fr;BC_TCODE_NOTXT;TCode (SemID sans texte)
fr;BC_UNIT;Unité
fr;BC_USER;Utilisateur
fr;BC_USTYP;Type d'utilisateur
fr;BC_VARIANT;Variante de rapport
fr;BC_WAERS;Devise
fr;BC_XFELD;Case à cocher OUI/NON
fr;BW_DOCNO;Numéro de document
fr;BW_POSNO;Numéro de poste dans doc.
fr;CALDAY;Date
fr;CALMONTH;Mois
fr;CALYEAR;Année
fr;CRM_ACTIVITY_CAT;Catégorie d'activité
fr;CRM_ACTIVITY_CLASS;Classe d'activité
fr;CRM_AUTOMATION;Créé automatiquement
fr;CRM_CATEGORY;Catégorie
fr;CRM_CHANGE_TYPE;Type de modification
fr;CRM_CONTRACT_MESSAGE;Détermination du contrat
fr;CRM_CONTRACT_QUAN_VA;Valeur ou contrat en quantité
fr;CRM_COUNTRY;Pays
fr;CRM_DIRECTION;Sens d'une activité
fr;CRM_DIS_CHANNEL;Canal de distribution
fr;CRM_DIVISION;Secteur
fr;CRM_FIELD_DESC;Description du champ de table
fr;CRM_FORECAST_REL;Pertinence de prévision
fr;CRM_IMPORTANCE;Priorité d'opportunité/intérêt potentiel
fr;CRM_INBOX_STATUS;Statut du poste de la boîte de réception de l'agent
fr;CRM_INDUSTRY;Secteur d'activité
fr;CRM_INPUT_CHANNEL;Canal d'entrée
fr;CRM_ITEM_TYPE;Type de poste CRM
fr;CRM_LEAD_QUAL_LEVEL;Niveau de qualification de l'intérêt potentiel
fr;CRM_LEAD_TYPE;Groupe d'intérêts potentiels
fr;CRM_OBJECTIVE;Objectif d'une activité
fr;CRM_OBJREF_PROFILE;Relation obj. ID de profil
fr;CRM_OPPORT_TYPE;Type d'opportunité
fr;CRM_ORG_UNIT;Entités organisationnelles dans CRM (HRP1000)
fr;CRM_PARTNER;Partenaire CRM
fr;CRM_PHASE;Étape de vente
fr;CRM_PRIORITY;Priorité
fr;CRM_PROCESSING_TYPE;Type de traitement
fr;CRM_PROCESS_BLOCKED;Code actif
fr;CRM_PROCESS_TYPE;Type de transaction commerciale
fr;CRM_SALESCYCLE;Cycle de vente
fr;CRM_SALES_ORG;Organisation commerciale CRM
fr;CRM_SOURCE;Origine de l'opportunité/de l'intérêt potentiel
fr;CRM_STAT_BILLING;Statut de facturation
fr;CRM_STAT_CANCELLED;Statut d'annulation
fr;CRM_STAT_ERROR;Statut d'erreur
fr;CRM_STAT_FINAL_CONF;Confirmation du service finale
fr;CRM_STAT_FOR_BILLING;Statut de validation de la facture cumulée
fr;CRM_STAT_GOODS_ISSUE;Statut de la sortie de marchandises
fr;CRM_STAT_LIFECYCLE;Statut du cycle de vie
fr;CRM_STAT_OPEN;"Statut En cours"
fr;CRM_STAT_RELEASED;Statut de la version
fr;CRM_STAT_TRANSFER;Statut du transfert
fr;CRM_TEMPLATE_TYPE;Type de modèle CRM
fr;CRM_USER_STATUS;ID du site
fr;EKF_BILL_PROCESS;Processus de décompte
fr;EKF_BILL_REVREASON;Motif d'annulation pour document de facturation
fr;EKF_BILL_TYPE;Type de facturation
fr;EKF_DOCTYPE;Type de document
fr;EKF_HBKID;Banque société
fr;EKF_HVORG;Opération principale pour poste individuel
fr;EKF_INVLOCK_KK;Blocage de facturation
fr;EKF_INVTRIGLOCK;Blocage de facturation
fr;EKF_INV_CATEGORY;Catégorie de facturation
fr;EKF_INV_CRMODE;Mode de création
fr;EKF_INV_ITEMTYPE;Type de poste de facturation
fr;EKF_INV_PROCESS;Processus de facturation
fr;EKF_INV_TYPE;Type de facturation
fr;EKF_ITEMTYPE;Type de poste de facturation
fr;EKF_REVREASON;Motif d'annulation
fr;EKF_SEGMT;Segment pour reporting sectoriel
fr;EKF_SIMULATED;Ordre de facturation simulé
fr;EKF_SRCDOCCAT_KK;Catégorie de pièce source
fr;EKF_SRCDOCTYPE;Type de pièce source
fr;EKF_SRCITEMCAT;Type de poste source
fr;EKF_SRCPROCESS_KK;Processus d'origine du doc. de facturation
fr;EKF_TVORG;Opération partielle pour poste de document
fr;EKF_UMSKZ;Code compte général spécial
fr;EPR_MEINS;Unité de mesure
fr;ERP_ABART;Type de validation
fr;ERP_ABFER;Type d'achèvement d'expédition
fr;ERP_ABGRU;Motif de rejet
fr;ERP_ABGSL;Clé de régularisation
fr;ERP_ABLEINH;Unité de relevé
fr;ERP_ABLEINHEIT;Unité de relevé
fr;ERP_ABRVORG;Opération du calcul de facturation
fr;ERP_ABSTA;Statut du rejet
fr;ERP_ABUEB;Profil de création des appels
fr;ERP_ABWST;Pilotage du traitement
fr;ERP_ACTION_CODE;Code d'action
fr;ERP_AFAPL;Plan d'évaluation
fr;ERP_AFASL;Code d'amortissement
fr;ERP_AIMMO;Code : biens immobiliers
fr;ERP_AKKNZ;Code de catégorie d'ordre de travail
fr;ERP_AKTNR;Promotion
fr;ERP_ANDOR;Code de liaison ET ou OU
fr;ERP_ANEQS;Code d'intégralité - Immobilisation
fr;ERP_ANLKL;Catégorie d'immobilisations
fr;ERP_ANWND;Application utilisant le stockage des données bancaires
fr;ERP_APLID;Gestion des erreurs
fr;ERP_APPLK;Domaine d'application
fr;ERP_APROF;Profil d'imputation
fr;ERP_AP_VERWE;Type de poste de travail
fr;ERP_ARGST;Statut général des frais d'expédition
fr;ERP_ARTPR;Type de priorité
fr;ERP_ASTNR;Statut de la commande
fr;ERP_ATTYP;Catégorie d'article
fr;ERP_AUART;Type d'ordre PP
fr;ERP_AUERU;Propos. conf. finale
fr;ERP_AUFSD;Client bloqué pour commande
fr;ERP_AUFTYP;Catégorie de commande
fr;ERP_AUGRD;AUGRD_KK
fr;ERP_AUGRD_KK;Motif de rapprochement FI-CA
fr;ERP_AUGRU;Motif de la commande
fr;ERP_AUGST_KK;Statut de rapprochement
fr;ERP_AUREL;Pertinent pour la table de répartition
fr;ERP_AUTET;Utilisation dans MRP automatique
fr;ERP_AUTOMATION;Créé automatiquement
fr;ERP_AVORG;Transaction de clôture
fr;ERP_AWTYP;Procédure de référence
fr;ERP_BANPR;Statut de traitement des D.A.
fr;ERP_BAT_OR_DIA;Arrière-plan ou dialogue
fr;ERP_BCREASON;Motif d’annulation
fr;ERP_BDART;Type de besoin
fr;ERP_BEDAE;Type de besoin - Besoin indép. prévis.
fr;ERP_BEDAR;Date de début d’origine
fr;ERP_BELEGART;Type de document
fr;ERP_BEL_ART;Sélection type doc. - Fact. fin.
fr;ERP_BERID;Unité de planification
fr;ERP_BESKZ;Code d'approvisionnement
fr;ERP_BESTA;Statut de confirmation de livraison (poste)
fr;ERP_BESTQ;Catégorie de stock dans WMS
fr;ERP_BETYP;Type de besoin
fr;ERP_BEZOB;Référence obligatoire
fr;ERP_BFART;Niveau de service
fr;ERP_BKLAS;Classe de valorisation
fr;ERP_BLART;Type de document
fr;ERP_BLART_KK;Type de document
fr;ERP_BLCKD;Demande d'achat bloquée
fr;ERP_BL_DOC_TYPE;Type de pièce budgétaire FM
fr;ERP_BSAKZ;Code de pilotage pour type de cde ach.
fr;ERP_BSARK;Type de commande d'achat
fr;ERP_BSCHL;Clé de comptabilisation
fr;ERP_BSEXT;Commandes d'achat externes autorisées
fr;ERP_BSINT;Commandes d'achat internes autorisées
fr;ERP_BSTAE;Clé de pilotage des confirmations
fr;ERP_BSTAT;Statut du document
fr;ERP_BSTYP;Catégorie document ach.
fr;ERP_BUKRS;Société
fr;ERP_BUSAB;Comptable
fr;ERP_BU_BPKIND;Type de partenaire
fr;ERP_BU_GROUP;Regroupement de partenaires
fr;ERP_BU_TYPE;Catégorie de partenaire
fr;ERP_BWART;Code mouvement IM
fr;ERP_BWKEY;Domaine de valorisation
fr;ERP_BWLVS;Type de mouvement WM
fr;ERP_BWTAR;Type de valorisation
fr;ERP_BWVAR;Variante de valorisation
fr;ERP_CDTCODE;Transaction de modification
fr;ERP_CHANGE_TYPE;Type de modification
fr;ERP_CHARG;Numéro de lot
fr;ERP_CMGST;Statut de crédit
fr;ERP_CONTR_ART;Type de contrat ERP
fr;ERP_COTYP;Type de destination d'une recette de contrôle
fr;ERP_COUNTRY;Pays ERP
fr;ERP_CO_CRSTAT;Statut de recette de contrôle
fr;ERP_CO_SELKZ;Code sélection pour postes individuels de calcul du CR
fr;ERP_CTLPC;Catégorie de risque
fr;ERP_CYCLE_DATE_KK;Jour de fin de période
fr;ERP_CYCLE_DAY_KK;Cycle de décompte
fr;ERP_DELKZ;Élément de planification
fr;ERP_DISLS;Taille de lot (planification des besoins)
fr;ERP_DISMM;Type de planification
fr;ERP_DISPO;Gestionnaire MRP
fr;ERP_DISVF;Procédure MRP
fr;ERP_DOCCAT;Catégorie du document EWM
fr;ERP_DOCTYPE_PDI;Types de doc. pour livr. entr. EWM
fr;ERP_DTART;Type de liste MRP
fr;ERP_EBTYP;Catégorie de confirmation
fr;ERP_EFART;Type de saisie
fr;ERP_EIGKZ;Code de propriété
fr;ERP_EKGRP;Groupe d'acheteurs
fr;ERP_EKORG;Organisation d'achats
fr;ERP_ENDAR;Date de fin d'origine
fr;ERP_EQART;Type d'objet
fr;ERP_EQTYP;Catégorie d’équipement
fr;ERP_EQUNR;Numéro d'équipement
fr;ERP_ERLOESE;Comptabilisations des produits
fr;ERP_ERLRE;Règle de liquidation
fr;ERP_ESTAK;Statut du document d'achat
fr;ERP_ESTKZ;Code de création
fr;ERP_ETDRK;Pertinent pour l'impression
fr;ERP_ETTYP;Type d'échéance
fr;ERP_E_KOFIZ;ID déterm. cptes pour contrats IS-U
fr;ERP_FAKSD;Client - Blocage de facture central
fr;ERP_FAKSK;En-tête de blocage de la facture
fr;ERP_FAKSP;Poste de blocage de la facture
fr;ERP_FAREG;Règle de facturation
fr;ERP_FBGST;Statut global de calcul
fr;ERP_FDLEV;Niveau de planification
fr;ERP_FDNAM_SD;Noms de champs SD
fr;ERP_FEHGR;Schéma des données manquantes
fr;ERP_FEH_STA;Statut du calcul du coût de revient
fr;ERP_FEVOR;Superviseur de la production (aucun texte)
fr;ERP_FFPRF;Profil de processeur des postes dynamiques
fr;ERP_FIBL_DORIGIN;Origine du regroupement
fr;ERP_FICA_INT_REASON;FI-CA : type de litige interne
fr;ERP_FIELD_DESC;Description du champ de table
fr;ERP_FIKRS;Périmètre financier
fr;ERP_FKART;Type de facturation
fr;ERP_FKART_T;Type de frais d'expédition
fr;ERP_FKBER;Domaine fonctionnel
fr;ERP_FKIVP;Statut de facturation du poste IV
fr;ERP_FKPTY;Catégorie de poste frais d'expédition
fr;ERP_FKREL;Pertinent pour la facturation
fr;ERP_FKSAA;Statut de facturation lié à ordre (poste)
fr;ERP_FKSTA;Statut de facturation (lié à livr.)
fr;ERP_FKSTK;Statut de facturation
fr;ERP_FKSTO;Doc. de facturation annulé
fr;ERP_FKTYP;Catégorie de facturation
fr;ERP_FM_BTART;Type de montant (FM)
fr;ERP_FM_WRTTP;Type de valeur (FM)
fr;ERP_FPART;Type de calendrier de facturation
fr;ERP_FPTYP;Catégorie de calendrier de facturation
fr;ERP_FRGGR;Groupe de validation
fr;ERP_FRGKE;Code de validation dans le document d'achat
fr;ERP_FRGKZ;Code de validation
fr;ERP_FRGSX;Stratégie de validation
fr;ERP_FRKRL;Pertinence des frais d'expédition
fr;ERP_FSSTA;Poste de statut de blocage de la facture
fr;ERP_FSTAG;Groupe de statuts de champ
fr;ERP_GBSTA;Statut de traitement global (poste)
fr;ERP_GBSTK;Statut de traitement global (en-tête)
fr;ERP_GLVOR;Transaction commerciale
fr;ERP_GPART;Partenaire
fr;ERP_GRDTX;Motif d’écarts
fr;ERP_GRPID;Dossier batch input
fr;ERP_GRUND;Motif de l'écart d'inventaire
fr;ERP_GSBER;Domaine d'activité
fr;ERP_HERKUNFT;Origine du lot de contrôle
fr;ERP_HERKZ;Origine de l’avis
fr;ERP_HKONT;Compte général
fr;ERP_HKTID;ID pour détails du compte
fr;ERP_HORIZ;Horizon
fr;ERP_HORIZ_QUALIFIER;Qualificateurs de l'horizon d'appel
fr;ERP_HVORG;Opération principale
fr;ERP_ILART;Type d'activité de maintenance
fr;ERP_IM_PROFIL;Profil de mesure d'investissement
fr;ERP_INACT;Code : statut inactif
fr;ERP_INCO1;Incoterms partie 1
fr;ERP_INGRP;Groupe de gestionnaires
fr;ERP_INSMK;Type de stock
fr;ERP_INTAG;Algorithme d'interprétation
fr;ERP_ISTAT_D;Statut de planification
fr;ERP_ITEM_CATEGORY;Types de poste EWM
fr;ERP_IVTYPE;Catégorie IV
fr;ERP_IWERK_INGRP;Division+Groupe de gestionnaires
fr;ERP_KALKA;Type de calcul de coût de revient
fr;ERP_KALNR;Nº CCR prod.
fr;ERP_KALSM_SD;Schéma de calcul dans SD
fr;ERP_KAPPL;Application
fr;ERP_KBLART;Type de document : saisie manuelle de document
fr;ERP_KBLTYP;Catégorie de pièce de réservation de crédits
fr;ERP_KBNKZ;Code Kanban
fr;ERP_KHERK;Origine de la condition
fr;ERP_KKBER;Domaine de contrôle des crédits
fr;ERP_KLIMP;Exécution du contrôle du plafond de crédit
fr;ERP_KLVAR;Variante de calcul du coût de revient
fr;ERP_KMANU;Traitement des conditions manuelles
fr;ERP_KMEIN;Unité de la condition dans le document
fr;ERP_KNPRS;Type de détermination du prix
fr;ERP_KNTTP;Catégorie d'imputation
fr;ERP_KOARS;Types de compte
fr;ERP_KOART;Type de compte
fr;ERP_KOFIZ_KK;ID de détermination des comptes
fr;ERP_KOKRS;Périmètre analytique
fr;ERP_KOSTA;Statut de prélèvement/Statut d’entrée en stock
fr;ERP_KOSTK;Statut de prélèvement
fr;ERP_KOSTL;Centre de coûts
fr;ERP_KOWRR;Valeurs statistiques
fr;ERP_KSCHL;Type de condition
fr;ERP_KSTAR;Nature comptable
fr;ERP_KSTEU;Pilotage des conditions
fr;ERP_KTGRD;Clt gr. imputation
fr;ERP_KTGRM;Art. gr. imputation
fr;ERP_KTOGR;Détermination des comptes
fr;ERP_KTOKD;Groupe de comptes clients
fr;ERP_KTOKK;Groupe de comptes fournisseurs
fr;ERP_KTOKL;Classe de compte
fr;ERP_KTOPL;Plan comptable
fr;ERP_KUKLA;Classification client
fr;ERP_KUNNR;Client
fr;ERP_KZVBR;Imputation de la consommation
fr;ERP_LAUFI;ID du cycle de paiement
fr;ERP_LAUFK;Code de tronçon
fr;ERP_LBWST;Stratégie de valorisation
fr;ERP_LDEST;Spool : unité de sortie
fr;ERP_LFART;Type de livraison
fr;ERP_LFGSA;Statut de livraison
fr;ERP_LGNUM;Numéro de magasin
fr;ERP_LGORT;Magasin
fr;ERP_LGTYP;Type de magasin
fr;ERP_LIEF;Sous-traitance d’opération
fr;ERP_LIFNR;Fournisseur
fr;ERP_LIFSD;Client - Blocage de livraison central
fr;ERP_LIFSK;En-tête de blocage de la livraison
fr;ERP_LIFSP;Poste de blocage de la livraison
fr;ERP_LISOF;Créer la livraison immédiatement
fr;ERP_LLAND;Pays de destination
fr;ERP_LOCKR;Motif de blocage
fr;ERP_LOEKZ;Code de suppression dans le document d'achat
fr;ERP_LOEKZ_ESSR;Code de suppression dans la feuille de saisie
fr;ERP_LOGSYSTEM;Système logique
fr;ERP_LOTYP;Catégorie d'objet de blocage
fr;ERP_LPRIO;Priorité de livraison
fr;ERP_LSSTA;Statut de blocage de livraison
fr;ERP_LSSTK;Statut de blocage de livraison global
fr;ERP_LVSTA;Statut d'activité WM
fr;ERP_LVSTK;Statut WM
fr;ERP_MAABC;Code ABC
fr;ERP_MABER;Domaine de relance
fr;ERP_MAFID;Type d'enregistrement
fr;ERP_MAGRV;Emballages expédition de groupe articles
fr;ERP_MAHNA;Procédure de relance
fr;ERP_MAHNV;Procédure de relance
fr;ERP_MANOUTSORT;Mise en attente pour vérification manuelle lors de la facturation
fr;ERP_MANOUTS_IN;Motif de mise en attente manuelle dans la facturation
fr;ERP_MANSP;Blocage de relance
fr;ERP_MANST;Niveau de relance
fr;ERP_MANUAL;Généré manuellement
fr;ERP_MANUE;Message traité manuellement
fr;ERP_MANUR;Code pour type de confirmation
fr;ERP_MATKL;Groupe d'articles
fr;ERP_MATNR;Numéro d'article
fr;ERP_MEDKZ;Répartition des ordres planifiée
fr;ERP_MEILR;Conf. jalon
fr;ERP_MEPROCSTATE;Statut de traitement D.A.
fr;ERP_MITKZ;Code de rapprochement
fr;ERP_MKSP;Version de fabrication bloquée
fr;ERP_MMSTA;Statut article de division
fr;ERP_MODIFLAG;Modifiable
fr;ERP_MPTYP;Type de plan d'entretien
fr;ERP_MRM_ZLSPR;Blocage au paiement logistique
fr;ERP_MSCHL;Clé de relance
fr;ERP_MSGAR;Type de message
fr;ERP_MSTAE;Statut article inter-divisions
fr;ERP_MSTYP_KK;Type de niveau de relance
fr;ERP_MTART;Type d'article
fr;ERP_MTVFP;Contrôle groupe pour contrôle disponibilité
fr;ERP_NABPF;Non pertinent pour le décompte
fr;ERP_NACHA;Support de message
fr;ERP_NCOST;Ne pas calculer le coût de revient
fr;ERP_NODIS;Enregistrement de besoin non pertinent pour MRP
fr;ERP_NO_DISP_PLUS;Valable pour planif. articles
fr;ERP_OBART;Type d’objet
fr;ERP_OBJTYPE;Type d’objet
fr;ERP_OBLACT;Gestion des engagements active
fr;ERP_OBLIGO;Gestion des engagements active
fr;ERP_OTYPE;Type d'objet
fr;ERP_PAART;Type d'ordre - Ordre planifié
fr;ERP_PARTNER;Partenaire ERP
fr;ERP_PARVW;Rôle partenaire
fr;ERP_PDSTA;Statut ARL au niveau du poste
fr;ERP_PDSTK;Statut d’accusé de réception de la livraison
fr;ERP_PERBZ;Type de décompte
fr;ERP_PERIO;Prochaine date de facturation
fr;ERP_PERIV;Variante d’année fiscale
fr;ERP_PKSTA;Statut d'emballage du poste
fr;ERP_PLANV;Clé ERP pour utilisation de la gamme
fr;ERP_PLAN_SORT;Zone de tri pour plans d'entretien
fr;ERP_PLKNZ;Code de planification de l'ordre de travail
fr;ERP_PLNST;Statut de la gamme
fr;ERP_PLNTY;Type de gamme
fr;ERP_PLSCN;Scénario de planification
fr;ERP_PMCS_IND;Code PM/CS
fr;ERP_POKEN;Numéro de message
fr;ERP_PORTION;Part
fr;ERP_POSAR;Type de poste
fr;ERP_POSTP;Catégorie de poste (nomenclature)
fr;ERP_PO_ART;Type de commande d'achat ERP
fr;ERP_PO_LOEKZ;Code livr. dans achats
fr;ERP_PO_PSTYP;Type enreg. commande d'achat ERP
fr;ERP_PPROF;Profil de planification
fr;ERP_PRART;Type de projet
fr;ERP_PRCTR;Centre de profit
fr;ERP_PRDNR;Numéro de produit
fr;ERP_PRFG;Statut de vérification
fr;ERP_PRINTLOCK;Doc. bloqué pour impression
fr;ERP_PRIOK;Priorité
fr;ERP_PROCESSING_TYPE;Type de traitement
fr;ERP_PROCTY;Type de processus magasin
fr;ERP_PRODH_D;Hiérarchie de produits
fr;ERP_PROFL;Profil de projet
fr;ERP_PROID;Code de traitement
fr;ERP_PR_ART;Type de demande d'achat ERP
fr;ERP_PR_PSTYP;Type de poste D.A. ERP
fr;ERP_PR_STATU;Statut de traitement de D.A.
fr;ERP_PSPID;Définition de projet
fr;ERP_PSTYV;Type de poste
fr;ERP_PS_POSID;Élément d'OTP (externe)
fr;ERP_PS_POSNR;Élément d'OTP (interne)
fr;ERP_PS_ZUORD;Affectation de réseau
fr;ERP_QBEWERTUNG;Code Valorisation
fr;ERP_QMART;Type d'avis
fr;ERP_QMTYP;Cat. avis QM
fr;ERP_QM_PHASE;Phase de traitement des avis
fr;ERP_QPART;Type de contrôle
fr;ERP_QSPERRFKT;Fonction qui sera bloquée
fr;ERP_RBSTAT;Statut du document de facturation
fr;ERP_REASON;Motif de création doc. impr.
fr;ERP_RECIPE_PRO;Profil de recette ERP
fr;ERP_RECNNTPARTY;RE Résiliation par
fr;ERP_RECNNTREASON;RE Motif de résiliation
fr;ERP_RECNNTREASONREJ;RE Motif de rejet
fr;ERP_RECNTYPE;Type de contrat immobilier
fr;ERP_REDUCTION_AMOUNT;Montant de la réduction
fr;ERP_REFERENCE;Affecté au document
fr;ERP_REFPLAN;Affectation à l'ordre planifié 
fr;ERP_REFPREQ;Affectation à la D.A.
fr;ERP_REF_MNTPLAN;Code de création PM
fr;ERP_REPTP;Type de fabrication
fr;ERP_REVNR;Révision pour maintenance
fr;ERP_RE_CATEGORY;RE Catégorie du contrat
fr;ERP_RE_RELEVANTEVAL;RE Pertinence de la valorisation
fr;ERP_RE_USERSUPPLIER;RE Utilisateur/Fournisseur
fr;ERP_RFBSK;Statut de comptabilisation
fr;ERP_RFGSA;Statut global de référence
fr;ERP_RFSTA;Statut de référence
fr;ERP_RGEKZ;Code : prélèvement rétroactif pour ordre
fr;ERP_RLDNR;Ledger dans la comptabilité générale
fr;ERP_ROUTE;Itinéraire ERP
fr;ERP_ROUTE_PRO;Profil d'itinéraire ERP
fr;ERP_RUEK;Confirmation d'achèvement
fr;ERP_SATZA;Type d'enregistrement pour confirmation
fr;ERP_SCMGCASE_TYPE;Type de cas
fr;ERP_SCOPE;Classe d'objet
fr;ERP_SDABW;Code de traitement spécial
fr;ERP_SD_AUART;Type de doc. vente
fr;ERP_SFCPF;Profil de pilotage atelier (aucun texte)
fr;ERP_SFEPR;Profil de fabrication répétitive
fr;ERP_SHKZG;Code débit/crédit
fr;ERP_SHTYP;Type d'expédition
fr;ERP_SIMULATION;Code : simulation du calcul de facturation
fr;ERP_SOBES;Code d'approvisionnement spécial
fr;ERP_SOBKZ;Code de stock spécial
fr;ERP_SOBSL;Type d'approvisionnement spécial
fr;ERP_SPART;Secteur
fr;ERP_SPERR;Code de blocage pour inventaire
fr;ERP_SPGRU;Motif de blocage
fr;ERP_SPLEV;Niveau de blocage du paiement
fr;ERP_SPRAS;Langue du message
fr;ERP_STABR;Statut du transfert (poste de frais d'expédition)
fr;ERP_STAGAREA;Zone de mise à disposition
fr;ERP_STAGAREAGR;Groupe de zones de mise à disposition
fr;ERP_STATG;Groupe de statuts
fr;ERP_STATUS;Statut d'objet
fr;ERP_STATUS_SYSTEM;Statut système JEST
fr;ERP_STATUS_VALUE;Valeur de statut (EWM)
fr;ERP_STATUS_VT_KK;Statut du contrat de fournisseur
fr;ERP_STAT_PARA;Statut du système des cas
fr;ERP_STBER;Calcul statistique (données de postes de frais d'expédition)
fr;ERP_STEUS;Clé de pilotage ERP
fr;ERP_STFRE;Statut de détermination des comptes
fr;ERP_STGRD;Motif d’annulation
fr;ERP_STICH;Code d’ordonnancement
fr;ERP_STLAL_NOTXT;Nomenclature alternative (aucun texte)
fr;ERP_STLAN;Utilisation de la nomenclature
fr;ERP_STLST;Statut de la nomenclature
fr;ERP_STRAT;Stratégie d'entretien
fr;ERP_STRGR;Groupe de stratégies de planification
fr;ERP_STSMA;Schéma de pilotage des statuts
fr;ERP_STTRG;Statut du transport
fr;ERP_STTXT;Statut de maintenance
fr;ERP_STUFE;Niveau (SemID sans texte)
fr;ERP_TABNAME;Nom de la table
fr;ERP_TABNAMVB;Nom de la table SD
fr;ERP_TARIFTYP;Catégorie de tarif
fr;ERP_TDARMOD;Impression : mode d'archivage
fr;ERP_TEST_OR_PROD;Exécution test ou réelle
fr;ERP_TETXT;DÉSIGNATION DES DATES
fr;ERP_TPLNR;Poste technique
fr;ERP_TPLST;Point plan. transp.
fr;ERP_TRAGR;Groupe de transports
fr;ERP_TRIGSTAT;Statut d'ordre de décompte
fr;ERP_TRMER;Erreur d'ordonnancement
fr;ERP_TRSPG;Motif de blocage d'expédition
fr;ERP_TRSTA;Statut de planification du transport
fr;ERP_UPDTM;Mettre à jour l'article
fr;ERP_UPTYP;Type de sous-poste
fr;ERP_USTXT;Grpe candidatures spont.
fr;ERP_UVALL;Généralement incomplet
fr;ERP_UVFAK;Incomplet pour la facturation
fr;ERP_UVPAK;Incomplet pour l'emballage
fr;ERP_UVPIK;Incomplet pour le prélèvement/l'entrée en stock
fr;ERP_UVPRS;Incomplet pour la détermination du prix
fr;ERP_UVVLK;Incomplet pour la livraison
fr;ERP_UVWAK;Incomplet pour le mouvement de stock
fr;ERP_VALIDATION;Validation de facturation
fr;ERP_VALIDAT_IN;Nom de la validation de facturation
fr;ERP_VAUNA;Nouveau calcul
fr;ERP_VBTYP;Catégorie de documents commerciaux
fr;ERP_VBUND;Partenaire commercial
fr;ERP_VERANTX;Responsable du poste de travail
fr;ERP_VERID;Version de fabrication (aucun texte)
fr;ERP_VERNR;Responsable du projet
fr;ERP_VERWE;Utilisation de la gamme
fr;ERP_VGABE;Type d'opération/d'événement
fr;ERP_VGART;Type d’opération
fr;ERP_VGEXT;Transaction commerciale externe (AUCUN TEXTE)
fr;ERP_VGINT;Règle comptable
fr;ERP_VGMAN;Opération
fr;ERP_VGTYP;Type d’opération
fr;ERP_VKBUR;Agence commerciale
fr;ERP_VKGRP;Groupe de vendeurs
fr;ERP_VKONT;Compte de contrats
fr;ERP_VKORG;Organisation commerciale ERP
fr;ERP_VLFKZ;Catégorie de division
fr;ERP_VMSTA;Statut article SD
fr;ERP_VPRSV;Indicateur du code prix
fr;ERP_VRGNG;Transaction commerciale
fr;ERP_VSART;Type d'expédition
fr;ERP_VSBED;Conditions d'expédition
fr;ERP_VSTEL;Point d'expédition
fr;ERP_VSZTP;Date/Heure de l'envoi
fr;ERP_VTWEG;Canal de distribution
fr;ERP_WARPL;Plan d'entretien
fr;ERP_WBSTA;Statut du mouvement de stock
fr;ERP_WBSTK;Statut du mouvement de stock global
fr;ERP_WERK;Division
fr;ERP_WHNO;Numéro de magasin
fr;ERP_WMAK;ID du type d'article
fr;ERP_XGWGK;Contrôle BMV : montants ou quantité
fr;ERP_XREVERSAL;Code d'annulation
fr;ERP_ZAHLKOND;Condition de paiement
fr;ERP_ZAHLS;Clé du blocage pour le paiement
fr;ERP_ZBFIX;Conditions de paiement définies
fr;ERP_ZEITPKT;Événement
fr;ERP_ZLSCH;MODE DE PAIEMENT
fr;ERP_ZLSPR;Clé de blocage du paiement
fr;ERP_ZTERM;Conditions de paiement
fr;ERP_ZUAWA;Clé de tri en fonction des numéros d'affectation
fr;ERP_ZWELS;Modes de paiement (aucun texte)
fr;EWM_AAREA;DOMAINE D'ACTIVITÉ
fr;EWM_ACT_TYPE;Type d'activité
fr;EWM_ADJUST_QTY;Ajustement de quantité
fr;EWM_CAT;Type de stock
fr;EWM_DE_WCRTYPE;Cat. de règle de création OM
fr;EWM_DE_WHOSTAT;Statut de l'ordre magasin
fr;EWM_DOCTYPE;Type de document
fr;EWM_EXCEPT;Code d'exception
fr;EWM_ITEMTYPE;Type de poste pour les processus magasin
fr;EWM_LGBER;Aire de stockage
fr;EWM_LGNUM;Nº MAGASIN EWM
fr;EWM_LGTYP;Type de magasin
fr;EWM_LPTYP;Type d'emplacement
fr;EWM_MATNR;Numéro de produit
fr;EWM_PARTY_ROLE;Rôle partenaire
fr;EWM_PRCODE;Code de processus
fr;EWM_PROCTYPE;Type de processus
fr;EWM_QUEUE;File d'attente
fr;EWM_ROUTE;Itinéraire
fr;EWM_TOSTAT;Statut de la tâche magasin
fr;EWM_TRART;Catégorie de processus magasin
fr;EWM_WAVECAT;Catégorie de vague
fr;EWM_WAVETYPE;Type de vague
fr;EWM_WCR;Règle de création des ordres magasin
fr;EWM_WTCODE;Fonction spéciale pour tâche magasin
fr;EW_STOCK_DOCCAT;Type : stock cde clt ou stock proj.
fr;FSCM_CATEGORY;Catégorie
fr;FSCM_FIN_P2P_STATE;Statut de la promesse de paiement
fr;FSCM_P2P_LEVEL;Niveau de la promesse de paiement
fr;FSCM_REASON_CODE;Code du motif
fr;GRC_LOGSYS;Système logique
fr;ISU_ABLESART;Catégorie de relevé planifié
fr;ISU_ABLESARTST;Paramétrage de relevé
fr;ISU_ABLSPERR;Motif de blocage du relevé
fr;ISU_ABLSTAT;Statut du relevé
fr;ISU_ABRFREIG;Motif de validation de facturation
fr;ISU_ABRSPERR;Motif de blocage de facturation
fr;ISU_AKLASSE;Classe de calcul de facturation
fr;ISU_AKTIV;Relevé actif
fr;ISU_GEMFAKT;Facturation conjointe
fr;ISU_INVOICING_PARTY;Auteur de la facture Services publics
fr;ISU_ISTABLART;Type de relevé
fr;ISU_PRUEFPKT;Contrôle de vraisemblance indépendant
fr;ISU_VSTELLE;Lieu de consommation
fr;SCMO_APPLICATION;Application SCMO
fr;SCMO_APP_STATUS;Statut d'application
fr;SRM_BBP_METYPE;Support de transmission
fr;SRM_BE_DOC_TYPE;Type de document de la demande d'achat
fr;SRM_BID_TYPE;Type d'appel d'offres
fr;SRM_BID_VALIDATION;Validation des offres
fr;SRM_CATEGORY_ID;ID de catégorie SRM (pas de texte)
fr;SRM_CHECK_IND;Indicateur de vérification au niveau du poste
fr;SRM_INCOTERM;Clé d'incoterms
fr;SRM_ITM_RELEASED;Statut du poste SRM
fr;SRM_LOCATION;Emplacement dans SAP SRM
fr;SRM_LOGSYS;Système d'origine
fr;SRM_OBJECT_TYPE;Catégorie de transaction
fr;SRM_OBJ_TYPE;Type d'objet dans le système backend
fr;SRM_ORG_UNIT;Entités organisationnelles dans SRM (HRP1000)
fr;SRM_PROCESSING_TYPE;Type de traitement
fr;SRM_PROCESS_BLOCKED;Transaction active/inactive
fr;SRM_PRODUCT_TYPE;Type de produit
fr;SRM_SUBTYPE;Spécification d'un document commercial
fr;SRM_SUBTYPE_I;Spécification d'un poste de document
fr;SRM_SUPPLIER;Fournisseur dans SAP SRM
fr;SRM_USE_CONDITIONS;Ind. : Informations de détermination du prix dans l'offre
fr;SRM_VERSION_TYPE;Type de version
fr;TIME;Temps
fr;TM_CONS_ALLOWED;Consolidation autorisée
fr;TM_CREATION_TYPE;Type de création
fr;TM_ENABLE_CHARGE_CAL;Activer le calcul des frais
fr;TM_ENABLE_SETTLEMENT;Activer la fixation
fr;TM_ERP_SHP_REL;Pertinence de la création de document
fr;TM_ITEM_CAT;Type de poste
fr;TM_LOGSYS;Système logique TM (émetteur)
fr;TM_MOT;Mode de transport TM
fr;TM_MOT_CAT;Catég. mode de transport TM
fr;TM_MOVEM_TYPE;Code mouvement TM
fr;TM_ORG_UNIT;Entités organisationnelles dans TM (HRP1000)
fr;TM_PLN_SCT_REL;Pertinence de la sous-traitance
fr;TM_SET_BY_SERVICE;Origine de l'entrée
fr;TM_SHIPPING_TYPE;Type d'expédition TM
fr;TM_SHPM_TRANSM;Statut de transmission au système ERP
fr;TM_TOR_CAT;Catégorie TOR TM
fr;TM_TOR_TYPE;Type TOR TM
fr;TM_TRAFFIC_DIRECT;Sens du transport TM
fr;TM_TRQ_CAT;Catégorie TRQ TM
fr;TM_TRQ_TYPE;Type TRQ TM
fr;TZONE;Fuseau horaire