locale;id;text;longText
es;TREND_PPI;Tendencias del indicador de rendimiento del proceso;Añada un análisis de tendencia para el indicador de rendimiento del proceso
es;CORRECTION_RECOMMENDATIONS;Principales recomendaciones de corrección ;Añada una lista con las recomendaciones de corrección más relevantes.
es;INNOVATION_RECOMMENDATIONS;Principales recomendaciones de innovación ;Añada una lista con las recomendaciones de innovación más relevantes.
es;PROCESS_FLOWS;Principales flujos del proceso;Añada una lista con los flujos de proceso más relevantes.
es;PERFORMANCE_INDICATORS;Principales indicadores de rendimiento del proceso;Añada una lista con los indicadores de rendimiento del proceso más relevantes.
es;PF_FAVORITES;Flujos del proceso favoritos;Añada una lista con marcadores a sus flujos de proceso favoritos.
es;PPI_FAVORITES;Indicadores de rendimiento del proceso favoritos;Añada una lista con marcadores a sus indicadores de rendimiento del proceso favoritos.
es;CR_FAVORITES;Recomendación de corrección favorita;Añada una lista con marcadores a sus recomendaciones de corrección favoritas.