locale;id;title;longTextWhat;textPpis;textWhy;textHow
pt_BR;ANALYZE_IR_BEFORE_GR;Analise os recebimentos de faturas criados antes do recebimento de mercadorias;;;;
pt_BR;ANALYZE_PO_ITEMS_WO_PR_REF;Analise os itens do pedido de compra sem referência de requisição de compra;;;;
pt_BR;ANALYZE_REJECT_REASON;Analise os motivos de rejeição e melhore o desempenho da verificação de crédito;;;;
pt_BR;ANALYZE_USER_BEH;Analise o comportamento do usuário para identificar potencial de melhoria;;;;
pt_BR;ASSESS_COMPL_RATE_LEADTIME;Avalie as taxas de conclusão e os tempos de processamento;;;;
pt_BR;ASSESS_DELAYS_CUST_INV;Avalie atrasos na criação de faturas de clientes;;;;
pt_BR;ASSESS_DELAYS_PURCH;Avalie atrasos nas compras;;;;
pt_BR;ASSESS_DEVIATION_PAYTERM_DS_INV;Avalie desvios nas condições de pagamento no documento de faturamento de vendas e na fatura;;;;
pt_BR;ASSESS_LT_SO_TO_INV;Avalie o tempo de processamento desde a criação do item da ordem do cliente até a criação da fatura;;;;
pt_BR;ASSESS_STOCKLEVEL_TIME;Avalie os níveis de estoque em diferentes intervalos de tempo;;;;
pt_BR;AVOID_COMPLIANCE_ISSUES;Evite problemas de conformidade;;;;
pt_BR;AVOID_EARLY_PAY;Evite pagamentos antecipados;;;;
pt_BR;AVOID_IV_BYPASS;Evite a liberação de pagamento que ignora a verificação da fatura;;;;
pt_BR;AVOID_LATE_PAY;Evite pagamentos atrasados;;;;
pt_BR;AVOID_MAVERICK_BUY;Identifique e evite compras independentes;;;;
pt_BR;AVOID_MANUAL_CHANGES;Evite mudanças manuais;;;;
pt_BR;AVOID_PC_EXC_QUANT;Evite contratos de compra que excedam a quantidade desejada;;;;
pt_BR;AVOID_PC_EXC_VALUE;Evite contratos de compra que excedam a meta de valor;;;;
pt_BR;AVOID_PC_NOT_USED;Evite que contratos de compra não sejam utilizados adequadamente;;;;
pt_BR;AVOID_REDUCE_STOCK;Evite e reduza o estoque desnecessário de ordens do cliente;;;;
pt_BR;AVOID_SCHED_AGR_EXC_QUANT;Evite programas de remessas que excedam a meta de quantidade;;;;
pt_BR;ENSURE_USE_QM_IN_MAUFACT;Garanta o uso correto do SAP Quality Management dentro do processo de fabricação;;;;
pt_BR;ENSURE_CONSIST_PROC_COMPL;Garanta a conclusão consistente do processo;;;;
pt_BR;HARMONIZE_MASTER_DATA;Harmonize dados mestre;;;;
pt_BR;IDENTIFY_AUTOM_OPP;Identifique oportunidades de automatização;;;;
pt_BR;IDENTIFY_BLOCKS_IN_FI;Identifique bloqueio de pagamento definido apenas em finanças;;;;
pt_BR;IDENTIFY_BOTTLENECKS;Identifique os gargalos com maior potencial de melhoria;;;;
pt_BR;IDENTIFY_CAT_ITEMS_REJECTED;Identifique itens de catálogo frequentes que são rejeitados;;;;
pt_BR;IDENTIFY_CAT_ITEMS_W_EXCEP;Identifique itens frequentes de fatura de catálogo com exceções;;;;
pt_BR;IDENTIFY_DELAY_REASONS;Identifique os motivos dos atrasos no processo;;;;
pt_BR;IDENTIFY_DEV_PAYTERM_PO_IV;Identifique desvios nas condições de pagamento em pedidos de compra e faturas;;;;
pt_BR;IDENTIFY_GENERAL_IMP;Identifique o potencial de melhoria geral;;;;
pt_BR;IDENTIFY_MISSED_AUTOM_OPP_ERS;Identifique oportunidades de automatização ausentes com ERS;;;;
pt_BR;IDENTIFY_MAN_ACT_PO_ITEMS;Identifique atividades manuais em itens da ordem de compra;;;;
pt_BR;IDENTIFY_NON_CAT_ITEMS_REQU;Identifique requisições frequentes de itens não catalogados;;;;
pt_BR;IDENTIFY_NON_CAT_PO_ITEMS;Identifique itens frequentes da ordem de compra fora do catálogo;;;;
pt_BR;IDENTIFY_PAR_RCVD_PO_ITEMS;Identifique itens da ordem de compra parcialmente recebidos;;;;
pt_BR;IMPROVE_ASSET_CAPITAL_PERF;Melhore o desempenho do processo de capitalização de ativos;;;;
pt_BR;IMPROVE_COMPL_RATE;Melhore as taxas de conclusão;;;;
pt_BR;IMPROVE_COM_RATE_DSO;Melhore as taxas de conclusão e reduza os dias de vendas pendentes (DSO);;;;
pt_BR;IMPROVE_COMP_AVAIL;Melhore a disponibilidade dos componentes;;;;
pt_BR;IMPROVE_CONSIST_EVENT;Melhorar a consistência no conteúdo do evento;;;;
pt_BR;IMPROVE_CONSIST_ACC_ASSIG;Melhore a consistência no uso do objeto de classificação contábil;;;;
pt_BR;IMPROVE_CUST_ORDER_FULF;Melhore o cumprimento da ordem do cliente;;;;
pt_BR;IMPROVE_DEL_RATE;Melhore a taxa de entrega e reduza as pendências;;;;
pt_BR;IMPROVE_DEL_SCHED;Melhore o planejamento de entregas;;;;
pt_BR;IMPROVE_IH_ORDER_FULF;Melhore o cumprimento de ordens internas;;;;
pt_BR;IMPROVE_MAINT_EXEC_CONF;Melhore a confirmação da execução de manutenção;;;;
pt_BR;IMPROVE_MANUFACT_PERF;Melhore o desempenho do processo de produção discreta;;;;
pt_BR;IMPROVE_MD_QUAL;Melhore a qualidade dos dados mestre;;;;
pt_BR;IMPROVE_OTIF_DEL_RATE;Melhore a taxa de entrega completa no prazo;;;;
pt_BR;IMPROVE_OTP_DPO;Melhore o pagamento dentro do prazo e a duração de pendência das obrigações (DPO);;;;
pt_BR;IMPROVE_OTP_DSO;Melhore o pagamento dentro do prazo e reduza os dias de vendas pendentes (DSO);;;;
pt_BR;IMPROVE_PROC_MANUFACT_PERF;Melhore o desempenho do processo de produção;;;;
pt_BR;IMPROVE_QUAL_MANUF_REL_TRANS_DATA;Melhore a qualidade de entrada de dados transacionais relacionados à produção;;;;
pt_BR;IMPROVE_QUAL_PLAN_REL_TRANS_DATA;Melhore a qualidade de entrada de dados transacionais relacionados ao planejamento;;;;
pt_BR;IMPROVE_QUAL_PURCH_REL_TRANS_DATA;Melhore a qualidade de entrada de dados transacionais relacionados a compras;;;;
pt_BR;IMPROVE_QUAL_SALES_REL_TRANS_DATA;Melhore a qualidade de entrada de dados transacionais relacionados a vendas;;;;
pt_BR;IMPROVE_RUNTIME_MRP;Melhore o tempo de execução do planejamento de necessidades de materiais;;;;
pt_BR;IMPROVE_SERV_EXEC_CONF;Melhore a confirmação de execução de serviço;;;;
pt_BR;IMPROVE_STOCK_AVAILABILITY;Melhore a disponibilidade do estoque;;;;
pt_BR;IMPROVE_SUPP_ORDER_FULLFM;Melhore o atendimento da ordem do fornecedor;;;;
pt_BR;IMPROVE_USAGE_PLAN_RESULTS;Melhore o uso dos resultados de planejamento para processamento posterior;;;;
pt_BR;IMPROVE_USE_DISCOUNTS;Melhore o uso de descontos à vista;;;;
pt_BR;IMPROVE_WH_INV_CYCLE_COUNT;Melhorar inventário rotativo do deposito;;;;
pt_BR;IMPROVE_WH_IS_CYCLE_TM;Melhore o tempo do ciclo de saída do estoque;;;;
pt_BR;IMPROVE_WH_REC_CYCLE_TM;Melhore o tempo do ciclo de recebimento do depósito;;;;
pt_BR;IMPROVE_WBS_MD_QUAL;Melhore a qualidade dos dados mestres do elemento WBS;;;;
pt_BR;INCREASE_ACC_CASH_ALL;Aumente a precisão na alocação de dinheiro;;;;
pt_BR;INCREASE_ACC_DEL_QUANT_SCHED;Aumente a precisão da programação e quantidades de entrega;;;;
pt_BR;INCREASE_ACC_GI_PLAN_RED_LATE_SH;Aumente a precisão do planejamento de saída de mercadorias e reduza atrasos nas remessas;;;;
pt_BR;INCREASE_ADH_EXP_DATES;Aumente a adesão às datas previstas;;;;
pt_BR;INCREASE_ADH_MAINT_SCHED;Aumente a adesão à programação de manutenção;;;;
pt_BR;INCREASE_ADH_SERV_SCHED;Aumente a adesão à programação de serviços;;;;
pt_BR;INCREASE_ADHERENCE_SD_MANUF;Aumente a adesão às datas programadas entre vendas e fabricação;;;;
pt_BR;INCREASE_ADHERENCE_SD_PURCH;Aumente a adesão às datas programadas entre vendas e compras;;;;
pt_BR;INCREASE_AUTOMATIC_STOCK_POST;Aumente o lançamento automático de estoque;;;;
pt_BR;INCREASE_AUTOMATIC_USAGE_DECIS;Aumente a decisão de uso automático;;;;
pt_BR;INCREASE_AUTOM_CUST_INV;Aumente a taxa de automatização para faturas de clientes;;;;
pt_BR;INCREASE_AUTOM_OUTB_DEL_ITEM;Aumente a taxa de automatização da criação de itens de entrega;;;;
pt_BR;INCREASE_AUTOM_RATE_INSPECTION_LOT;Aumente a taxa de automatização de lotes de inspeção;;;;
pt_BR;INCREASE_AUTOM_ROP;Aumente a taxa de automatização de pagamento;;;;
pt_BR;INCREASE_AUTOM_SCHED_LINES;Aumente as possibilidades de automatização para divisões de remessa;;;;
pt_BR;INCREASE_AUTOM_SD_DOCS;Aumente a taxa de automatização para documentos de faturamento de vendas;;;;
pt_BR;INCREASE_AUTOMATION;Aumente as taxas de automatização;;;;
pt_BR;INCREASE_SCHEDULE_ADHERENCE;Aumente a adesão à programação;;;;
pt_BR;INCREASE_DATE_ADHERENCE;Aumente a adesão às datas programadas durante todo o processo de produção;;;;
pt_BR;INCREASE_MAINT_COMPL;Aumente e melhore a conclusão da manutenção;;;;
pt_BR;INCREASE_SCP_AUTOMATION;Aumente o grau de automatização e adesão aos resultados do planejamento da cadeia de suprimentos;;;;
pt_BR;INCREASE_SERV_COMPL;Aumente e melhore a conclusão do serviço;;;;
pt_BR;INCREASE_SUPP_PART_ANS_RATE;Aumente a participação do fornecedor e as taxas de resposta;;;;
pt_BR;MONITOR_EVENT_BEH;Monitorar o comportamento de criação de eventos;;;;
pt_BR;MONITOR_PROJ_EVENT_PEND;Monitorar projetos com seleção de eventos pendentes;;;;
pt_BR;MONITOR_SOURC_CO;Monitore a conformidade do sourcing;;;;
pt_BR;REDUCE_BACKLOG;Reduza pendências;;;;
pt_BR;REDUCE_COMPLIANCE;Reduza o risco de problemas de conformidade;;;;
pt_BR;REDUCE_DEL_CONV_PR_PO;Reduza atrasos na conversão de requisições de compra em ordens de compra;;;;
pt_BR;REDUCE_DEL_CONV_STPR_STO;Reduza atrasos na conversão de requisições de compra de transporte de estoque em ordens de transporte de estoque;;;;
pt_BR;REDUCE_EXCEP_PLAN_EXEC;Reduza o número de exceções durante a execução do planejamento;;;;
pt_BR;REDUCE_INCOMP_SOS;Reduza ordens de cliente incompletas e avalie a taxa de rejeição de ordem de clientes;;;;
pt_BR;REDUCE_INV_NOT_TRASF;Reduza faturas não transferidas para a contabilidade;;;;
pt_BR;REDUCE_LATE_CUST_PAY;Reduza pagamentos atrasados de clientes;;;;
pt_BR;REDUCE_LATE_DEL;Reduza entregas atrasadas;;;;
pt_BR;REDUCE_LATE_SUPP_PAY;Reduza pagamentos atrasados de fornecedores;This dashboard lets you analyze if you’re paying your suppliers too late and learn how to reduce these late payments. Late payments can occur when your master data is incomplete, such as bank data, missing payment methods, or missing address information, when the supplier is blocked for postings and payments or when there are errors during payment runs. A payment is considered late if the FI-AP item of the supplier invoice was cleared after the calculated net due date.;"This dashboard visualizes metrics that are based on data from the following process flows:
1. Supplier invoice issuing (with purchase order) to FI-AP clearing
2. Supplier invoice issuing (without purchase order) to FI-AP clearing";From a working capital perspective, late payments might not necessarily be an issue since they increase DPO. However, paying late not only prevents you from making use of cash discounts, but it also risks damaging your supplier relationships or even paying penalty interest. To ensure that your customers receive their goods or services on time, it's essential for you to have good relationships with your suppliers and make sure that your suppliers deliver on time. It's therefore in your best interests to avoid paying your suppliers late.;The correction recommendations for this improvement opportunity focus on entering missing master data, on checking whether postings and payment blocks can be removed, and on training users to set the correct parameters in the payment run.
pt_BR;REDUCE_MAN_ACT;Reduzir atividades manuais;;;;
pt_BR;REDUCE_MAN_ACT_IMPR_USER_PROD;Reduza as atividades manuais e melhore a produtividade do usuário;;;;
pt_BR;REDUCE_MAN_ADJ_MRP_RUN;Reduza os ajustes manuais nos resultados da execução MRP;;;;
pt_BR;REDUCE_MAN_ADJ_APP_PR;Reduza ajustes manuais em requisições de compra aprovadas;;;;
pt_BR;REDUCE_MAN_ADJ_APP_STR;Reduzir ajustes manuais em requisições de transporte de estoque aprovadas;;;;
pt_BR;REDUCE_NO_RETURNS_TO_SUPPL;Reduza o número de devoluções aos fornecedores;;;;
pt_BR;REDUCE_NOT_USED_SCHED_AGR;Reduza programas de remessas válidos que nunca foram usados ou que não mais o serão;;;;
pt_BR;REDUCE_OPEN_PAY_IMPR_DEL_SCH;Reduza pagamentos em aberto e melhore o agendamento de entregas;;;;
pt_BR;REDUCE_OPEN_PURCH_COM_ITEMS;Reduza itens de compromisso de compra abertos e obsoletos;;;;
pt_BR;REDUCE_OPEN_COM_ITEMS;Reduza itens de compromisso em aberto;;;;
pt_BR;REDUCE_PROBL_BL_MANUF;Reduza problemas com pendências na produção;;;;
pt_BR;REDUCE_PROBL_BL_PURCH;Reduza problemas com pendências em compras;;;;
pt_BR;REDUCE_STOCKLEVEL_DELETED;Reduza os níveis de estoque para combinações a serem excluídas ou retiradas de estoque;;;;
pt_BR;REDUCE_STOCKLEVEL_MOVE;Reduza os níveis de estoque para combinações que não foram movimentadas recentemente;;;;
pt_BR;REDUCE_WH_MGMT_COST_INBOUND;Reduza o custo de gerenciamento do depósito para processos de entrada;;;;
pt_BR;REDUCE_WH_MGMT_COST_INTERNAL;Reduzir custo interno de administração do depósito;;;;
pt_BR;REDUCE_WH_MGMT_COST_OUTBOUND;Reduza o custo de gerenciamento do depósito para processos de saída;;;;
pt_BR;USE_AUTOMATION;Utilize oportunidades de automatização;;;;
pt_BR;USE_DUNNING;Use as advertências de forma eficaz;;;;