locale;solutionProcessId;solutionProcessName
zh_CN;18J;申请
zh_CN;1BM;按订单生产 - 半成品计划和装配
zh_CN;1E1;离散制造中的质量管理
zh_CN;1EZ;贷项凭证处理
zh_CN;1F1;借项凭证处理
zh_CN;1FM;采购中的质量管理
zh_CN;1FS;供应商的基本仓库入库处理
zh_CN;1G2;客户基本仓库出库处理
zh_CN;1HO;公司间销售订单处理 - 国内
zh_CN;1MX;公司间销售订单处理 - 国际
zh_CN;1NT;项目控制 - 财务
zh_CN;1P9;公司间库存转储
zh_CN;1V5;包含批次管理的供应商仓库入站处理
zh_CN;1V7;包含批次管理的客户仓库出库处理
zh_CN;1VB;生产集成 - 仓库中的组件消耗与收货
zh_CN;2EQ;服务销售
zh_CN;2TX;通过入库交货直接采购
zh_CN;2VJ;SAP EWM 集成 - 供应商的入库处理
zh_CN;2VK;SAP EWM 集成 - 客户的出库处理
zh_CN;2VM;SAP EWM 集成 - 基于交货的生产集成
zh_CN;3BR;仓库入库处理
zh_CN;3BS;仓库出库处理
zh_CN;3D2;服务订单管理和监控
zh_CN;3DV;仓库生产集成
zh_CN;3F0;基于事件的生产成本过账
zh_CN;3OK;按订单生产 - 流程制造
zh_CN;3XK;内部维修
zh_CN;4GA;服务报价
zh_CN;4HH;被动维护
zh_CN;4HI;主动维护
zh_CN;4RO;分散式 EWM - 入库处理
zh_CN;4RP;分散式 EWM - 出库处理
zh_CN;4VT;改进维护
zh_CN;4WM;运营和间接费用维护
zh_CN;41Z;服务订单管理
zh_CN;4X5;经常性服务
zh_CN;5D2;高级公司间销售
zh_CN;5FM;零售采购
zh_CN;5FU;分销中心的入库物流
zh_CN;5FV;分销中心的出库物流
zh_CN;5FX;从分销中心的门店订购
zh_CN;5HL;现货销售（消费品）
zh_CN;5HP;高级公司间库存转储
zh_CN;61V;客户退货管理 - 消费品
zh_CN;BD3;使用第三方且有装运通知的销售处理
zh_CN;BD9;现货销售
zh_CN;BDD;精简客户退货
zh_CN;BDG;销售报价
zh_CN;BDK;使用第三方且无装运通知的销售处理
zh_CN;BDN;通过订单特定采购的非库存项目销售
zh_CN;BDQ;使用借项凭证的发票更正流程
zh_CN;BEI;期末关账 - 工厂
zh_CN;BF7;期末关账 - 维护订单
zh_CN;BFH;在建工程
zh_CN;BJ5;按库存生产 - 离散制造
zh_CN;BJ8;按库存生产 - 基于流程订单的流程制造
zh_CN;BJE;按订单生产 - 成品销售和最终装配
zh_CN;BKL;贷项凭证的发票更正流程
zh_CN;BKP;客户退货
zh_CN;BMC;核心库存管理
zh_CN;BMD;采购合同
zh_CN;BME;含交货的库存转储
zh_CN;BMH;不含交货的库存转储
zh_CN;BMK;退货到供应商
zh_CN;BMR;采购中的计划协议
zh_CN;BMY;转包
zh_CN;BNA;期末关账 - 项目
zh_CN;BNX;易耗品采购
zh_CN;I9I;销售合同
zh_CN;J44;物料需求计划
zh_CN;J45;直接物料采购
zh_CN;J59;应收账款
zh_CN;J60;应付账款
zh_CN;J62;资产会计