kpiCharacteristic_kpi_id;kpiCharacteristic_id;detailListField;sign;option;targetValueLow;targetValueHigh;offset;length;transaction_id
KFFI000311;BELNR;;;;;;;;FB03
KFFI000312;BELNR;;;;;;;;FB03
KFFI000313;BELNR;;;;;;;;FB03
KFFI000405;BELNR;;;;;;;;FB03
KFFI000502;BELNR;;;;;;;;FB03
KFFI001601;AUFNR;AUTYP;I;EQ;;;;;KO03
KFFI001601;AUFNR;AUTYP;I;EQ;01;;;;KO03
KFFI001601;AUFNR;AUTYP;I;EQ;10;;;;CO03
KFFI001601;AUFNR;AUTYP;I;EQ;30;;;;IW33
KFFI001601;AUFNR;AUTYP;I;EQ;40;;;;COR3
KFFI001602;AUFNR;AUTYP;I;EQ;;;;;KO03
KFFI001602;AUFNR;AUTYP;I;EQ;01;;;;KO03
KFFI001602;AUFNR;AUTYP;I;EQ;10;;;;CO03
KFFI001602;AUFNR;AUTYP;I;EQ;30;;;;IW33
KFFI001602;AUFNR;AUTYP;I;EQ;40;;;;COR3
KFFI001603;AUFNR;AUTYP;I;EQ;;;;;KO03
KFFI001603;AUFNR;AUTYP;I;EQ;01;;;;KO03
KFFI001603;AUFNR;AUTYP;I;EQ;10;;;;CO03
KFFI001603;AUFNR;AUTYP;I;EQ;30;;;;IW33
KFFI001603;AUFNR;AUTYP;I;EQ;40;;;;COR3
KFFI001605;AUFNR;AUTYP;I;EQ;;;;;KO03
KFFI001605;AUFNR;AUTYP;I;EQ;01;;;;KO03
KFFI001605;AUFNR;AUTYP;I;EQ;10;;;;CO03
KFFI001605;AUFNR;AUTYP;I;EQ;30;;;;IW33
KFFI001605;AUFNR;AUTYP;I;EQ;40;;;;COR3
KFFI001609;POSID;;;;;;;;CJ13
KFFI001609;AUFNR;AUTYP;I;EQ;;;;;KO03
KFFI001609;AUFNR;AUTYP;I;EQ;01;;;;KO03
KFFI001609;AUFNR;AUTYP;I;EQ;10;;;;CO03
KFFI001609;AUFNR;AUTYP;I;EQ;30;;;;IW33
KFFI001609;AUFNR;AUTYP;I;EQ;40;;;;COR3
KFFI001802;ANLN1;;;;;;;;AS03
KFFI001802;POSID;;;;;;;;CJ13
KFFI001803;ANLN1;;;;;;;;AS03
KFFI001803;POSID;;;;;;;;CJ13
KFFI001804;ANLN1;;;;;;;;AS03
KFFI001860;POSID;;;;;;;;CJ13
KFFI002003;REFBN;BSTYP;I;EQ;A;;;;ME43
KFFI002003;REFBN;BSTYP;I;EQ;F;;;;ME23N
KFFI002003;REFBN;BSTYP;I;EQ;K;;;;ME33K
KFFI002003;REFBN;BSTYP;I;EQ;L;;;;ME33L
KFFI002003;AUFNR;AUTYP;I;EQ;01;;;;KO03
KFFI002003;AUFNR;AUTYP;I;EQ;10;;;;CO03
KFFI002003;AUFNR;AUTYP;I;EQ;20;;;;CN23
KFFI002003;AUFNR;AUTYP;I;EQ;30;;;;IW33
KFFI002003;AUFNR;AUTYP;I;EQ;40;;;;COR3
KFFI002003;AUFNR;AUTYP;I;EQ;50;;;;QA03
KFFI002004;REFBN;BSTYP;I;EQ;A;;;;ME43
KFFI002004;REFBN;BSTYP;I;EQ;F;;;;ME23N
KFFI002004;REFBN;BSTYP;I;EQ;K;;;;ME33K
KFFI002004;REFBN;BSTYP;I;EQ;L;;;;ME33L
KFFI002004;POSID;;;;;;;;CJ13
KFFI002005;REFBN;BSTYP;I;EQ;A;;;;ME43
KFFI002005;REFBN;BSTYP;I;EQ;F;;;;ME23N
KFFI002005;REFBN;BSTYP;I;EQ;K;;;;ME33K
KFFI002005;REFBN;BSTYP;I;EQ;L;;;;ME33L
KFFI002005;VBELN;VBTYP;I;EQ;A;;;;VA13
KFFI002005;VBELN;VBTYP;I;EQ;B;;;;VA23
KFFI002005;VBELN;VBTYP;I;EQ;G;;;;VA43
KFFI002005;VBELN;VBTYP;I;EQ;M;;;;VF03
KFFI002005;VBELN;VBTYP;I;EQ;_OTHERS_;;;;VA03
KFFI002604;VTKEY;;;;;;;;FP_VT3
KFFI002660;VTKEY;;;;;;;;FP_VT3
KIAUT00160;EBELN_BL_PURCH_ORD;BSTYP_BL_PURCH_ORD;I;EQ;A;;;;ME43
KIAUT00160;EBELN_BL_PURCH_ORD;BSTYP_BL_PURCH_ORD;I;EQ;F;;;;ME23N
KIAUT00160;EBELN_BL_PURCH_ORD;BSTYP_BL_PURCH_ORD;I;EQ;K;;;;ME33K
KIAUT00160;EBELN_BL_PURCH_ORD;BSTYP_BL_PURCH_ORD;I;EQ;L;;;;ME33L
KIAUT00160;EBELN_OPEN_PURCH_ORD;BSTYP_OPEN_PURCH_ORD;I;EQ;A;;;;ME43
KIAUT00160;EBELN_OPEN_PURCH_ORD;BSTYP_OPEN_PURCH_ORD;I;EQ;F;;;;ME23N
KIAUT00160;EBELN_OPEN_PURCH_ORD;BSTYP_OPEN_PURCH_ORD;I;EQ;K;;;;ME33K
KIAUT00160;EBELN_OPEN_PURCH_ORD;BSTYP_OPEN_PURCH_ORD;I;EQ;L;;;;ME33L
KIAUT00160;EBELN_BL_SCHED_AGREE;BSTYP_BL_SCHED_AGREE;I;EQ;A;;;;ME43
KIAUT00160;EBELN_BL_SCHED_AGREE;BSTYP_BL_SCHED_AGREE;I;EQ;F;;;;ME23N
KIAUT00160;EBELN_BL_SCHED_AGREE;BSTYP_BL_SCHED_AGREE;I;EQ;K;;;;ME33K
KIAUT00160;EBELN_BL_SCHED_AGREE;BSTYP_BL_SCHED_AGREE;I;EQ;L;;;;ME33L
KIAUT00160;EBELN_OPEN_SCHED_AGREE;BSTYP_OPEN_SCHED_AGREE;I;EQ;A;;;;ME43
KIAUT00160;EBELN_OPEN_SCHED_AGREE;BSTYP_OPEN_SCHED_AGREE;I;EQ;F;;;;ME23N
KIAUT00160;EBELN_OPEN_SCHED_AGREE;BSTYP_OPEN_SCHED_AGREE;I;EQ;K;;;;ME33K
KIAUT00160;EBELN_OPEN_SCHED_AGREE;BSTYP_OPEN_SCHED_AGREE;I;EQ;L;;;;ME33L
KIISU00260;BELNR;;;;;;;;EA22
KIISU00260;OPBEL;;;;;;;;EA40
KIISU00261;BELNR;;;;;;;;EA22
KIISU00261;OPBEL;;;;;;;;EA40
KIISU00360;OPBEL;;;;;;;;EA40
KIISU00360;INTOPBEL;;;;;;;;EA40
KIISU00361;OPBEL;;;;;;;;EA40
KIISU00361;INTOPBEL;;;;;;;;EA40
KIRET00460;EBELN;;;;;;;;ME23N
KIRET00460;VBELN;;;;;;;;VL03N
KIRET00460;BANFN;;;;;;;;ME53N
KIRET00461;EBELN;;;;;;;;ME23N
KIRET00461;VBELN;;;;;;;;VL03N
KIRET00461;BANFN;;;;;;;;ME53N
KIRET00462;EBELN;;;;;;;;ME23N
KIRET00462;VBELN;;;;;;;;VL03N
KIRET00462;BANFN;;;;;;;;ME53N
KIRET00463;EBELN;;;;;;;;ME23N
KIRET00463;VBELN;;;;;;;;VL03N
KIRET00463;BANFN;;;;;;;;ME53N
KIRET00464;EBELN;;;;;;;;ME23N
KIRET00464;VBELN;;;;;;;;VL03N
KIRET00464;VBELN_INV;;;;;;;;VF03
KIRET00464;BELNR_FIAR;;;;;;;;FB03
KIRET00464;BELNR_IR;;;;;;;;MIR4
KIRET00464;BELNR_FIAP;;;;;;;;FB03
KIRET00464;BANFN;;;;;;;;ME53N
KIRET00465;EBELN;;;;;;;;ME23N
KIRET00465;VBELN;;;;;;;;VL03N
KIRET00465;VBELN_INV;;;;;;;;VF03
KIRET00465;BELNR_FIAR;;;;;;;;FB03
KIRET00465;BELNR_IR;;;;;;;;MIR4
KIRET00465;BELNR_FIAP;;;;;;;;FB03
KIRET00465;BANFN;;;;;;;;ME53N
KIRET00466;EBELN;;;;;;;;ME23N
KIRET00466;VBELN;;;;;;;;VL03N
KIRET00466;VBELN_INV;;;;;;;;VF03
KIRET00466;BELNR_FIAR;;;;;;;;FB03
KIRET00466;BELNR_IR;;;;;;;;MIR4
KIRET00466;BELNR_FIAP;;;;;;;;FB03
KIRET00466;BANFN;;;;;;;;ME53N
KIRET00467;EBELN;;;;;;;;ME23N
KIRET00467;VBELN;;;;;;;;VL03N
KIRET00467;VBELN_INV;;;;;;;;VF03
KIRET00467;BELNR_FIAR;;;;;;;;FB03
KIRET00467;BELNR_IR;;;;;;;;MIR4
KIRET00467;BELNR_FIAP;;;;;;;;FB03
KIRET00467;BANFN;;;;;;;;ME53N
KIRET00560;EBELN;;;;;;;;ME23N
KIRET00560;IR_BELNR;;;;;;;;MIR4
KIRET00561;EBELN;;;;;;;;ME23N
KIRET00561;IR_BELNR;;;;;;;;MIR4
KIRET00562;EBELN;;;;;;;;ME23N
KIRET00562;IR_BELNR;;;;;;;;MIR4
KIRET00563;EBELN;;;;;;;;ME23N
KIRET00563;IR_BELNR;;;;;;;;MIR4
KPCONF0110;MATNR;;;;;;;;MD04
KPCONF0120;MATNR;;;;;;;;MD04
KPCONF0130;MATNR;;;;;;;;MD04
KPCONF0140;MATNR;;;;;;;;MD04
KPCONF0401;RUECK;AUTYP;I;EQ;10;;;;CO14
KPCONF0401;RUECK;AUTYP;I;EQ;20;;;;CN28
KPCONF0401;RUECK;AUTYP;I;EQ;30;;;;IW43
KPCONF0401;RUECK;AUTYP;I;EQ;40;;;;CORT
KPCONF0401;AUFNR;AUTYP;I;EQ;10;;;;CO03
KPCONF0401;AUFNR;AUTYP;I;EQ;20;;;;CN23
KPCONF0401;AUFNR;AUTYP;I;EQ;30;;;;IW33
KPCONF0401;AUFNR;AUTYP;I;EQ;40;;;;COR3
KPCONF0402;RUECK;AUTYP;I;EQ;10;;;;CO14
KPCONF0402;RUECK;AUTYP;I;EQ;20;;;;CN28
KPCONF0402;RUECK;AUTYP;I;EQ;30;;;;IW43
KPCONF0402;RUECK;AUTYP;I;EQ;40;;;;CORT
KPCONF0402;AUFNR;AUTYP;I;EQ;10;;;;CO03
KPCONF0402;AUFNR;AUTYP;I;EQ;20;;;;CN23
KPCONF0402;AUFNR;AUTYP;I;EQ;30;;;;IW33
KPCONF0402;AUFNR;AUTYP;I;EQ;40;;;;COR3
KPCONF0403;RUECK;AUTYP;I;EQ;10;;;;CO14
KPCONF0403;RUECK;AUTYP;I;EQ;20;;;;CN28
KPCONF0403;RUECK;AUTYP;I;EQ;30;;;;IW43
KPCONF0403;RUECK;AUTYP;I;EQ;40;;;;CORT
KPCONF0403;AUFNR;AUTYP;I;EQ;10;;;;CO03
KPCONF0403;AUFNR;AUTYP;I;EQ;20;;;;CN23
KPCONF0403;AUFNR;AUTYP;I;EQ;30;;;;IW33
KPCONF0403;AUFNR;AUTYP;I;EQ;40;;;;COR3
KPCONF0405;RUECK;AUTYP;I;EQ;10;;;;CO14
KPCONF0405;RUECK;AUTYP;I;EQ;20;;;;CN28
KPCONF0405;RUECK;AUTYP;I;EQ;30;;;;IW43
KPCONF0405;RUECK;AUTYP;I;EQ;40;;;;CORT
KPCONF0405;AUFNR;AUTYP;I;EQ;10;;;;CO03
KPCONF0405;AUFNR;AUTYP;I;EQ;20;;;;CN23
KPCONF0405;AUFNR;AUTYP;I;EQ;30;;;;IW33
KPCONF0405;AUFNR;AUTYP;I;EQ;40;;;;COR3
KPIM000106;MATNR;;;;;;;;MMBE
KPIM000106;CHARG;;;;;;;;MSC3N
KPIM000106;WERKS;;;;;;;;MD04
KPIM000106;LE_VBELN_FILL_UP;;;;;;;;VL03N
KPIM000106;LE_VBELN_ISSUE;;;;;;;;VL03N
KPIM000107;MATNR;;;;;;;;MMBE
KPIM000107;CHARG;;;;;;;;MSC3N
KPIM000107;WERKS;;;;;;;;MD04
KPIM000107;POSID;;;;;;;;CJ13
KPIM000108;MATNR;;;;;;;;MMBE
KPIM000108;CHARG;;;;;;;;MSC3N
KPIM000108;WERKS;;;;;;;;MD04
KPIM000161;MATNR;;;;;;;;MMBE
KPIM000161;CHARG;;;;;;;;MSC3N
KPIM000161;WERKS;;;;;;;;MD04
KPIM000163;MATNR;;;;;;;;MMBE
KPIM000163;CHARG;;;;;;;;MSC3N
KPIM000163;WERKS;;;;;;;;MD04
KPLE000307;VBELN;VBTYP;I;EQ;7;;;;VL33N
KPLE000307;VBELN;VBTYP;I;EQ;J;;;;VL03N
KPLE000361;VBELN;VBTYP;I;EQ;7;;;;VL33N
KPLE000361;VBELN;VBTYP;I;EQ;J;;;;VL03N
KPLE000361;TANUM;;;;;;;;LT21
KPLE000362;VBELN;VBTYP;I;EQ;7;;;;VL33N
KPLE000362;VBELN;VBTYP;I;EQ;J;;;;VL03N
KPLE000362;VGBEL;BSTYP;I;EQ;A;;;;ME43
KPLE000362;VGBEL;BSTYP;I;EQ;F;;;;ME23N
KPLE000362;VGBEL;BSTYP;I;EQ;K;;;;ME33K
KPLE000362;VGBEL;BSTYP;I;EQ;L;;;;ME33L
KPMRP00109;PLNUM;;;;;;;;MD13
KPMRP00109;MATNR_PLAF;;;;;;;;MD04
KPMRP00109;KDAUF;VBTYP;I;EQ;A;;;;VA13
KPMRP00109;KDAUF;VBTYP;I;EQ;B;;;;VA23
KPMRP00109;KDAUF;VBTYP;I;EQ;G;;;;VA43
KPMRP00109;KDAUF;VBTYP;I;EQ;M;;;;VF03
KPMRP00109;KDAUF;VBTYP;I;EQ;W;;;;MD83
KPMRP00109;KDAUF;VBTYP;I;EQ;_OTHERS_;;;;VA03
KPMRP00109;MATNR;;;;;;;;MD04
KPMRP00201;BERID;;;;;;;;MD21
KPMRP00202;BERID;;;;;;;;MD21
KPMRP00205;WERKS;;;;;;;;MD21
KPMRP00206;WERKS;;;;;;;;MD21
KPPP000111;AUFNR;;;;;;;;CO03
KPPP000111;MATNR;;;;;;;;MMBE
KPPP000121;KDAUF;VBTYP;I;EQ;A;;;;VA13
KPPP000121;KDAUF;VBTYP;I;EQ;B;;;;VA23
KPPP000121;KDAUF;VBTYP;I;EQ;G;;;;VA43
KPPP000121;KDAUF;VBTYP;I;EQ;M;;;;VF03
KPPP000121;KDAUF;VBTYP;I;EQ;_OTHERS_;;;;VA03
KPPP000142;AUFNR;;;;;;;;CO03
KPPP000162;EBELN_BL_PURCH_ORD;BSTYP_BL_PURCH_ORD;I;EQ;A;;;;ME43
KPPP000162;EBELN_BL_PURCH_ORD;BSTYP_BL_PURCH_ORD;I;EQ;F;;;;ME23N
KPPP000162;EBELN_BL_PURCH_ORD;BSTYP_BL_PURCH_ORD;I;EQ;K;;;;ME33K
KPPP000162;EBELN_BL_PURCH_ORD;BSTYP_BL_PURCH_ORD;I;EQ;L;;;;ME33L
KPPP000162;EBELN_OPEN_PURCH_ORD;BSTYP_OPEN_PURCH_ORD;I;EQ;A;;;;ME43
KPPP000162;EBELN_OPEN_PURCH_ORD;BSTYP_OPEN_PURCH_ORD;I;EQ;F;;;;ME23N
KPPP000162;EBELN_OPEN_PURCH_ORD;BSTYP_OPEN_PURCH_ORD;I;EQ;K;;;;ME33K
KPPP000162;EBELN_OPEN_PURCH_ORD;BSTYP_OPEN_PURCH_ORD;I;EQ;L;;;;ME33L
KPPP000162;AUFNR_BL_MANUF;AUTYP_BL_MANUF;I;EQ;10;;;;CO03
KPPP000162;AUFNR_BL_MANUF;AUTYP_BL_MANUF;I;EQ;20;;;;CN23
KPPP000162;AUFNR_BL_MANUF;AUTYP_BL_MANUF;I;EQ;30;;;;IW33
KPPP000162;AUFNR_BL_MANUF;AUTYP_BL_MANUF;I;EQ;40;;;;COR3
KPPP000162;AUFNR_OPEN_MANUF;AUTYP_OPEN_MANUF;I;EQ;10;;;;CO03
KPPP000162;AUFNR_OPEN_MANUF;AUTYP_OPEN_MANUF;I;EQ;20;;;;CN23
KPPP000162;AUFNR_OPEN_MANUF;AUTYP_OPEN_MANUF;I;EQ;30;;;;IW33
KPPP000162;AUFNR_OPEN_MANUF;AUTYP_OPEN_MANUF;I;EQ;40;;;;COR3
KPPP000211;AUFNR;;;;;;;;COR3
KPPP000211;MATNR;;;;;;;;MMBE
KPPP000222;KDAUF;VBTYP;I;EQ;A;;;;VA13
KPPP000222;KDAUF;VBTYP;I;EQ;B;;;;VA23
KPPP000222;KDAUF;VBTYP;I;EQ;G;;;;VA43
KPPP000222;KDAUF;VBTYP;I;EQ;M;;;;VF03
KPPP000222;KDAUF;VBTYP;I;EQ;_OTHERS_;;;;VA03
KPPP000242;AUFNR;;;;;;;;COR3
KPPP000262;EBELN_BL_PURCH_ORD;BSTYP_BL_PURCH_ORD;I;EQ;A;;;;ME43
KPPP000262;EBELN_BL_PURCH_ORD;BSTYP_BL_PURCH_ORD;I;EQ;F;;;;ME23N
KPPP000262;EBELN_BL_PURCH_ORD;BSTYP_BL_PURCH_ORD;I;EQ;K;;;;ME33K
KPPP000262;EBELN_BL_PURCH_ORD;BSTYP_BL_PURCH_ORD;I;EQ;L;;;;ME33L
KPPP000262;EBELN_OPEN_PURCH_ORD;BSTYP_OPEN_PURCH_ORD;I;EQ;A;;;;ME43
KPPP000262;EBELN_OPEN_PURCH_ORD;BSTYP_OPEN_PURCH_ORD;I;EQ;F;;;;ME23N
KPPP000262;EBELN_OPEN_PURCH_ORD;BSTYP_OPEN_PURCH_ORD;I;EQ;K;;;;ME33K
KPPP000262;EBELN_OPEN_PURCH_ORD;BSTYP_OPEN_PURCH_ORD;I;EQ;L;;;;ME33L
KPPP000262;AUFNR_BL_MANUF;AUTYP_BL_MANUF;I;EQ;10;;;;CO03
KPPP000262;AUFNR_BL_MANUF;AUTYP_BL_MANUF;I;EQ;20;;;;CN23
KPPP000262;AUFNR_BL_MANUF;AUTYP_BL_MANUF;I;EQ;30;;;;IW33
KPPP000262;AUFNR_BL_MANUF;AUTYP_BL_MANUF;I;EQ;40;;;;COR3
KPPP000262;AUFNR_OPEN_MANUF;AUTYP_OPEN_MANUF;I;EQ;10;;;;CO03
KPPP000262;AUFNR_OPEN_MANUF;AUTYP_OPEN_MANUF;I;EQ;20;;;;CN23
KPPP000262;AUFNR_OPEN_MANUF;AUTYP_OPEN_MANUF;I;EQ;30;;;;IW33
KPPP000262;AUFNR_OPEN_MANUF;AUTYP_OPEN_MANUF;I;EQ;40;;;;COR3
KPPP000410;MATNR;;;;;;;;MD05
KPPP000410;ELEMNT_DATA;MRP_ELEMENT_IND;I;EQ;BA;;;;ME53N
KPPP000410;ELEMNT_DATA;MRP_ELEMENT_IND;I;EQ;BE;;;;ME23N
KPPP000410;ELEMNT_DATA;MRP_ELEMENT_IND;I;EQ;BR;;;;COR3
KPPP000410;ELEMNT_DATA;MRP_ELEMENT_IND;I;EQ;FE;;;;CO03
KPPP000410;ELEMNT_DATA;MRP_ELEMENT_IND;I;EQ;LA;;;;ME23N
KPPP000410;ELEMNT_DATA;MRP_ELEMENT_IND;I;EQ;LE;;;;ME33L
KPPP000410;ELEMNT_DATA;MRP_ELEMENT_IND;I;EQ;MR;;;;MB23
KPPP000410;ELEMNT_DATA;MRP_ELEMENT_IND;I;EQ;PA;;;;MD13
KPPP000410;ELEMNT_DATA;MRP_ELEMENT_IND;I;EQ;QM;;;;QA03
KPPP000410;ELEMNT_DATA;MRP_ELEMENT_IND;I;EQ;U1;;;;ME23N
KPPP000410;ELEMNT_DATA;MRP_ELEMENT_IND;I;EQ;UL;;;;MB23
KPPP000411;MATNR;;;;;;;;MD05
KPPP000411;ELEMNT_DATA;MRP_ELEMENT_IND;I;EQ;BA;;;;ME53N
KPPP000411;ELEMNT_DATA;MRP_ELEMENT_IND;I;EQ;BE;;;;ME23N
KPPP000411;ELEMNT_DATA;MRP_ELEMENT_IND;I;EQ;BR;;;;COR3
KPPP000411;ELEMNT_DATA;MRP_ELEMENT_IND;I;EQ;FE;;;;CO03
KPPP000411;ELEMNT_DATA;MRP_ELEMENT_IND;I;EQ;LA;;;;ME23N
KPPP000411;ELEMNT_DATA;MRP_ELEMENT_IND;I;EQ;LE;;;;ME33L
KPPP000411;ELEMNT_DATA;MRP_ELEMENT_IND;I;EQ;MR;;;;MB23
KPPP000411;ELEMNT_DATA;MRP_ELEMENT_IND;I;EQ;PA;;;;MD13
KPPP000411;ELEMNT_DATA;MRP_ELEMENT_IND;I;EQ;QM;;;;QA03
KPPP000411;ELEMNT_DATA;MRP_ELEMENT_IND;I;EQ;U1;;;;ME23N
KPPP000411;ELEMNT_DATA;MRP_ELEMENT_IND;I;EQ;UL;;;;MB23
KPPROJ0302;POSID;;;;;;;;CJ13
KPPROJ0302;PSPID;;;;;;;;CJ08
KPPROJ0302;ANLN1;;;;;;;;AS03
KPPURCH201;EBELN;BSTYP;I;EQ;A;;;;ME43
KPPURCH201;EBELN;BSTYP;I;EQ;F;;;;ME23N
KPPURCH201;EBELN;BSTYP;I;EQ;K;;;;ME33K
KPPURCH201;EBELN;BSTYP;I;EQ;L;;;;ME33L
KPPURCH203;EBELN;BSTYP;I;EQ;A;;;;ME43
KPPURCH203;EBELN;BSTYP;I;EQ;F;;;;ME23N
KPPURCH203;EBELN;BSTYP;I;EQ;K;;;;ME33K
KPPURCH203;EBELN;BSTYP;I;EQ;L;;;;ME33L
KPPURCH203;BANFN;;;;;;;;ME53N
KPPURCH204;EBELN;BSTYP;I;EQ;A;;;;ME43
KPPURCH204;EBELN;BSTYP;I;EQ;F;;;;ME23N
KPPURCH204;EBELN;BSTYP;I;EQ;K;;;;ME33K
KPPURCH204;EBELN;BSTYP;I;EQ;L;;;;ME33L
KPPURCH207;EBELN;BSTYP;I;EQ;A;;;;ME43
KPPURCH207;EBELN;BSTYP;I;EQ;F;;;;ME23N
KPPURCH207;EBELN;BSTYP;I;EQ;K;;;;ME33K
KPPURCH207;EBELN;BSTYP;I;EQ;L;;;;ME33L
KPPURCH212;EBELN;BSTYP;I;EQ;A;;;;ME43
KPPURCH212;EBELN;BSTYP;I;EQ;F;;;;ME23N
KPPURCH212;EBELN;BSTYP;I;EQ;K;;;;ME33K
KPPURCH212;EBELN;BSTYP;I;EQ;L;;;;ME33L
KPPURCH221;EBELN;BSTYP;I;EQ;A;;;;ME43
KPPURCH221;EBELN;BSTYP;I;EQ;F;;;;ME23N
KPPURCH221;EBELN;BSTYP;I;EQ;K;;;;ME33K
KPPURCH221;EBELN;BSTYP;I;EQ;L;;;;ME33L
KPPURCH222;EBELN;BSTYP;I;EQ;A;;;;ME43
KPPURCH222;EBELN;BSTYP;I;EQ;F;;;;ME23N
KPPURCH222;EBELN;BSTYP;I;EQ;K;;;;ME33K
KPPURCH222;EBELN;BSTYP;I;EQ;L;;;;ME33L
KPPURCH223;EBELN;BSTYP;I;EQ;A;;;;ME43
KPPURCH223;EBELN;BSTYP;I;EQ;F;;;;ME23N
KPPURCH223;EBELN;BSTYP;I;EQ;K;;;;ME33K
KPPURCH223;EBELN;BSTYP;I;EQ;L;;;;ME33L
KPPURCH225;EBELN;BSTYP;I;EQ;A;;;;ME43
KPPURCH225;EBELN;BSTYP;I;EQ;F;;;;ME23N
KPPURCH225;EBELN;BSTYP;I;EQ;K;;;;ME33K
KPPURCH225;EBELN;BSTYP;I;EQ;L;;;;ME33L
KPPURCH225;VBELN_DEL;;;;;;;;VL33N
KPPURCH228;EBELN;BSTYP;I;EQ;A;;;;ME43
KPPURCH228;EBELN;BSTYP;I;EQ;F;;;;ME23N
KPPURCH228;EBELN;BSTYP;I;EQ;K;;;;ME33K
KPPURCH228;EBELN;BSTYP;I;EQ;L;;;;ME33L
KPPURCH242;PARVA;;;;;;;;OMFI
KPPURCH260;EBELN;BSTYP;I;EQ;A;;;;ME43
KPPURCH260;EBELN;BSTYP;I;EQ;F;;;;ME23N
KPPURCH260;EBELN;BSTYP;I;EQ;K;;;;ME33K
KPPURCH260;EBELN;BSTYP;I;EQ;L;;;;ME33L
KPPURCH260;GR_BELNR;;;;;;;;FB03
KPPURCH260;GR_AUGBL_GRIR;;;;;;;;FB03
KPPURCH260;IR_MBLNR;;;;;;;;MIR4
KPPURCH260;IR_BELNR;;;;;;;;FB03
KPPURCH260;IR_AUGBL;;;;;;;;FB03
KPPURCH260;IR_AUGBL_GRIR;;;;;;;;FB03
KPPURCH261;EBELN;BSTYP;I;EQ;A;;;;ME43
KPPURCH261;EBELN;BSTYP;I;EQ;F;;;;ME23N
KPPURCH261;EBELN;BSTYP;I;EQ;K;;;;ME33K
KPPURCH261;EBELN;BSTYP;I;EQ;L;;;;ME33L
KPPURCH261;IR_MBLNR;;;;;;;;MIR4
KPPURCH261;BANFN;;;;;;;;ME53N
KPPURCH263;EBELN;BSTYP;I;EQ;A;;;;ME43
KPPURCH263;EBELN;BSTYP;I;EQ;F;;;;ME23N
KPPURCH263;EBELN;BSTYP;I;EQ;K;;;;ME33K
KPPURCH263;EBELN;BSTYP;I;EQ;L;;;;ME33L
KPPURCH263;VBELN;VBTYP;I;EQ;A;;;;VA13
KPPURCH263;VBELN;VBTYP;I;EQ;B;;;;VA23
KPPURCH263;VBELN;VBTYP;I;EQ;G;;;;VA43
KPPURCH263;VBELN;VBTYP;I;EQ;_OTHERS_;;;;VA03
KPPURCH263;VBELN_DEL;;;;;;;;VL33N
KPPURCH263;VBELN_INV;;;;;;;;VF03
KPPURCH263;IR_MBLNR;;;;;;;;MIR4
KPPURCH265;EBELN;BSTYP;I;EQ;A;;;;ME43
KPPURCH265;EBELN;BSTYP;I;EQ;F;;;;ME23N
KPPURCH265;EBELN;BSTYP;I;EQ;K;;;;ME33K
KPPURCH265;EBELN;BSTYP;I;EQ;L;;;;ME33L
KPPURCH265;IR_MBLNR;;;;;;;;MIR4
KPPURCH265;BELNR_FIAP;;;;;;;;FB03
KPPURCH265;AUGBL_FIAP;;;;;;;;FB03
KPPURCH266;EBELN;BSTYP;I;EQ;A;;;;ME43
KPPURCH266;EBELN;BSTYP;I;EQ;F;;;;ME23N
KPPURCH266;EBELN;BSTYP;I;EQ;K;;;;ME33K
KPPURCH266;EBELN;BSTYP;I;EQ;L;;;;ME33L
KPPURCH266;IR_MBLNR;;;;;;;;MIR4
KPPURCH267;EBELN;BSTYP;I;EQ;A;;;;ME43
KPPURCH267;EBELN;BSTYP;I;EQ;F;;;;ME23N
KPPURCH267;EBELN;BSTYP;I;EQ;K;;;;ME33K
KPPURCH267;EBELN;BSTYP;I;EQ;L;;;;ME33L
KPPURCH268;EBELN;BSTYP;I;EQ;A;;;;ME43
KPPURCH268;EBELN;BSTYP;I;EQ;F;;;;ME23N
KPPURCH268;EBELN;BSTYP;I;EQ;K;;;;ME33K
KPPURCH268;EBELN;BSTYP;I;EQ;L;;;;ME33L
KPPURCH268;IR_MBLNR;;;;;;;;MIR4
KPPURCH273;EBELN;BSTYP;I;EQ;A;;;;ME43
KPPURCH273;EBELN;BSTYP;I;EQ;F;;;;ME23N
KPPURCH273;EBELN;BSTYP;I;EQ;K;;;;ME33K
KPPURCH273;EBELN;BSTYP;I;EQ;L;;;;ME33L
KPPURCH560;EBELN;BSTYP;I;EQ;A;;;;ME43
KPPURCH560;EBELN;BSTYP;I;EQ;F;;;;ME23N
KPPURCH560;EBELN;BSTYP;I;EQ;K;;;;ME33K
KPPURCH560;EBELN;BSTYP;I;EQ;L;;;;ME33L
KPPURCH560;BANFN;;;;;;;;ME53N
KPPURCH561;EBELN;BSTYP;I;EQ;A;;;;ME43
KPPURCH561;EBELN;BSTYP;I;EQ;F;;;;ME23N
KPPURCH561;EBELN;BSTYP;I;EQ;K;;;;ME33K
KPPURCH561;EBELN;BSTYP;I;EQ;L;;;;ME33L
KPPURCH561;VBELN;;;;;;;;VL03N
KPPURCH561;BANFN;;;;;;;;ME53N
KPPURCH562;EBELN;BSTYP;I;EQ;A;;;;ME43
KPPURCH562;EBELN;BSTYP;I;EQ;F;;;;ME23N
KPPURCH562;EBELN;BSTYP;I;EQ;K;;;;ME33K
KPPURCH562;EBELN;BSTYP;I;EQ;L;;;;ME33L
KPPURCH562;VBELN;;;;;;;;VL03N
KPPURCH562;VBELN_INV;;;;;;;;VF03
KPPURCH562;BELNR_FIAR;;;;;;;;FB03
KPPURCH562;BELNR_IR;;;;;;;;MIR4
KPPURCH562;BELNR_FIAP;;;;;;;;FB03
KPPURCH562;BANFN;;;;;;;;ME53N
KPPURCH661;EBELN;BSTYP;I;EQ;F;;;;ME23N
KPPURCH661;EBELN;BSTYP;I;EQ;K;;;;ME33K
KPPURCH661;EBELN;BSTYP;I;EQ;L;;;;ME33L
KPPURCH661;EBELN;BSTYP;I;EQ;_OTHERS_;;;;ME39
KPPURCH661;EBELN_PO;BSTYP_PO;I;EQ;F;;;;ME23N
KPPURCH661;EBELN_PO;BSTYP_PO;I;EQ;K;;;;ME33K
KPPURCH661;EBELN_PO;BSTYP_PO;I;EQ;L;;;;ME33L
KPPURCH662;EBELN;BSTYP;I;EQ;F;;;;ME23N
KPPURCH662;EBELN;BSTYP;I;EQ;K;;;;ME33K
KPPURCH662;EBELN;BSTYP;I;EQ;L;;;;ME33L
KPPURCH662;EBELN;BSTYP;I;EQ;_OTHERS_;;;;ME39
KPPURCH662;EBELN_PO;BSTYP_PO;I;EQ;F;;;;ME23N
KPPURCH662;EBELN_PO;BSTYP_PO;I;EQ;K;;;;ME33K
KPPURCH662;EBELN_PO;BSTYP_PO;I;EQ;L;;;;ME33L
KPSD000133;VBELN;VBTYP;I;EQ;A;;;;VA13
KPSD000133;VBELN;VBTYP;I;EQ;B;;;;VA23
KPSD000133;VBELN;VBTYP;I;EQ;G;;;;VA43
KPSD000133;VBELN;VBTYP;I;EQ;M;;;;VF03
KPSD000133;VBELN;VBTYP;I;EQ;_OTHERS_;;;;VA03
KPSD000133;VGBEL;VBTYP;I;EQ;A;;;;VA13
KPSD000133;VGBEL;VBTYP;I;EQ;B;;;;VA23
KPSD000133;VGBEL;VBTYP;I;EQ;G;;;;VA43
KPSD000133;VGBEL;VBTYP;I;EQ;M;;;;VF03
KPSD000133;VGBEL;VBTYP;I;EQ;_OTHERS_;;;;VA03
KPSD000171;VBELN;VBTYP;I;EQ;A;;;;VA13
KPSD000171;VBELN;VBTYP;I;EQ;B;;;;VA23
KPSD000171;VBELN;VBTYP;I;EQ;G;;;;VA43
KPSD000171;VBELN;VBTYP;I;EQ;M;;;;VF03
KPSD000171;VBELN;VBTYP;I;EQ;_OTHERS_;;;;VA03
KPSD000207;VBELN;VBTYP;I;EQ;3;;;;VF23
KPSD000207;VBELN;VBTYP;I;EQ;4;;;;VF23
KPSD000207;VBELN;VBTYP;I;EQ;7;;;;VL03N
KPSD000207;VBELN;VBTYP;I;EQ;A;;;;VA13
KPSD000207;VBELN;VBTYP;I;EQ;C;;;;VA03
KPSD000207;VBELN;VBTYP;I;EQ;E;;;;VA33
KPSD000207;VBELN;VBTYP;I;EQ;EBDR;;;;VFR3
KPSD000207;VBELN;VBTYP;I;EQ;F;;;;VA33
KPSD000207;VBELN;VBTYP;I;EQ;G;;;;VA43
KPSD000207;VBELN;VBTYP;I;EQ;H;;;;VA03
KPSD000207;VBELN;VBTYP;I;EQ;J;;;;VL03N
KPSD000207;VBELN;VBTYP;I;EQ;K;;;;VA03
KPSD000207;VBELN;VBTYP;I;EQ;L;;;;VA03
KPSD000207;VBELN;VBTYP;I;EQ;S;;;;VA23
KPSD000207;VBELN;VBTYP;I;EQ;T;;;;VL03N
KPSD000207;VBELN;VBTYP;I;EQ;_OTHERS_;;;;VF03
KPSD000215;VBELN;VBTYP;I;EQ;3;;;;VF23
KPSD000215;VBELN;VBTYP;I;EQ;4;;;;VF23
KPSD000215;VBELN;VBTYP;I;EQ;7;;;;VL03N
KPSD000215;VBELN;VBTYP;I;EQ;A;;;;VA13
KPSD000215;VBELN;VBTYP;I;EQ;C;;;;VA03
KPSD000215;VBELN;VBTYP;I;EQ;E;;;;VA33
KPSD000215;VBELN;VBTYP;I;EQ;EBDR;;;;VFR3
KPSD000215;VBELN;VBTYP;I;EQ;F;;;;VA33
KPSD000215;VBELN;VBTYP;I;EQ;G;;;;VA43
KPSD000215;VBELN;VBTYP;I;EQ;H;;;;VA03
KPSD000215;VBELN;VBTYP;I;EQ;J;;;;VL03N
KPSD000215;VBELN;VBTYP;I;EQ;K;;;;VA03
KPSD000215;VBELN;VBTYP;I;EQ;L;;;;VA03
KPSD000215;VBELN;VBTYP;I;EQ;S;;;;VA23
KPSD000215;VBELN;VBTYP;I;EQ;T;;;;VL03N
KPSD000215;VBELN;VBTYP;I;EQ;_OTHERS_;;;;VF03
KPSD000215;VBELN_C;VBTYP_C;I;EQ;3;;;;VF23
KPSD000215;VBELN_C;VBTYP_C;I;EQ;4;;;;VF23
KPSD000215;VBELN_C;VBTYP_C;I;EQ;7;;;;VL03N
KPSD000215;VBELN_C;VBTYP_C;I;EQ;A;;;;VA13
KPSD000215;VBELN_C;VBTYP_C;I;EQ;C;;;;VA03
KPSD000215;VBELN_C;VBTYP_C;I;EQ;E;;;;VA33
KPSD000215;VBELN_C;VBTYP_C;I;EQ;EBDR;;;;VFR3
KPSD000215;VBELN_C;VBTYP_C;I;EQ;F;;;;VA33
KPSD000215;VBELN_C;VBTYP_C;I;EQ;G;;;;VA43
KPSD000215;VBELN_C;VBTYP_C;I;EQ;H;;;;VA03
KPSD000215;VBELN_C;VBTYP_C;I;EQ;J;;;;VL03N
KPSD000215;VBELN_C;VBTYP_C;I;EQ;K;;;;VA03
KPSD000215;VBELN_C;VBTYP_C;I;EQ;L;;;;VA03
KPSD000215;VBELN_C;VBTYP_C;I;EQ;S;;;;VA23
KPSD000215;VBELN_C;VBTYP_C;I;EQ;T;;;;VL03N
KPSD000215;VBELN_C;VBTYP_C;I;EQ;_OTHERS_;;;;VF03
KPSD000216;VBELN;VBTYP;I;EQ;3;;;;VF23
KPSD000216;VBELN;VBTYP;I;EQ;4;;;;VF23
KPSD000216;VBELN;VBTYP;I;EQ;7;;;;VL03N
KPSD000216;VBELN;VBTYP;I;EQ;A;;;;VA13
KPSD000216;VBELN;VBTYP;I;EQ;C;;;;VA03
KPSD000216;VBELN;VBTYP;I;EQ;E;;;;VA33
KPSD000216;VBELN;VBTYP;I;EQ;EBDR;;;;VFR3
KPSD000216;VBELN;VBTYP;I;EQ;F;;;;VA33
KPSD000216;VBELN;VBTYP;I;EQ;G;;;;VA43
KPSD000216;VBELN;VBTYP;I;EQ;H;;;;VA03
KPSD000216;VBELN;VBTYP;I;EQ;J;;;;VL03N
KPSD000216;VBELN;VBTYP;I;EQ;K;;;;VA03
KPSD000216;VBELN;VBTYP;I;EQ;L;;;;VA03
KPSD000216;VBELN;VBTYP;I;EQ;S;;;;VA23
KPSD000216;VBELN;VBTYP;I;EQ;T;;;;VL03N
KPSD000216;VBELN;VBTYP;I;EQ;_OTHERS_;;;;VF03
KPSD000217;VBELN;VBTYP;I;EQ;3;;;;VF23
KPSD000217;VBELN;VBTYP;I;EQ;4;;;;VF23
KPSD000217;VBELN;VBTYP;I;EQ;7;;;;VL03N
KPSD000217;VBELN;VBTYP;I;EQ;A;;;;VA13
KPSD000217;VBELN;VBTYP;I;EQ;C;;;;VA03
KPSD000217;VBELN;VBTYP;I;EQ;E;;;;VA33
KPSD000217;VBELN;VBTYP;I;EQ;EBDR;;;;VFR3
KPSD000217;VBELN;VBTYP;I;EQ;F;;;;VA33
KPSD000217;VBELN;VBTYP;I;EQ;G;;;;VA43
KPSD000217;VBELN;VBTYP;I;EQ;H;;;;VA03
KPSD000217;VBELN;VBTYP;I;EQ;J;;;;VL03N
KPSD000217;VBELN;VBTYP;I;EQ;K;;;;VA03
KPSD000217;VBELN;VBTYP;I;EQ;L;;;;VA03
KPSD000217;VBELN;VBTYP;I;EQ;S;;;;VA23
KPSD000217;VBELN;VBTYP;I;EQ;T;;;;VL03N
KPSD000217;VBELN;VBTYP;I;EQ;_OTHERS_;;;;VF03
KPSD000218;VBELN;VBTYP;I;EQ;3;;;;VF23
KPSD000218;VBELN;VBTYP;I;EQ;4;;;;VF23
KPSD000218;VBELN;VBTYP;I;EQ;7;;;;VL03N
KPSD000218;VBELN;VBTYP;I;EQ;A;;;;VA13
KPSD000218;VBELN;VBTYP;I;EQ;C;;;;VA03
KPSD000218;VBELN;VBTYP;I;EQ;E;;;;VA33
KPSD000218;VBELN;VBTYP;I;EQ;EBDR;;;;VFR3
KPSD000218;VBELN;VBTYP;I;EQ;F;;;;VA33
KPSD000218;VBELN;VBTYP;I;EQ;G;;;;VA43
KPSD000218;VBELN;VBTYP;I;EQ;H;;;;VA03
KPSD000218;VBELN;VBTYP;I;EQ;J;;;;VL03N
KPSD000218;VBELN;VBTYP;I;EQ;K;;;;VA03
KPSD000218;VBELN;VBTYP;I;EQ;L;;;;VA03
KPSD000218;VBELN;VBTYP;I;EQ;S;;;;VA23
KPSD000218;VBELN;VBTYP;I;EQ;T;;;;VL03N
KPSD000218;VBELN;VBTYP;I;EQ;_OTHERS_;;;;VF03
KPSD000271;VBELN;VBTYP;I;EQ;3;;;;VF23
KPSD000271;VBELN;VBTYP;I;EQ;4;;;;VF23
KPSD000271;VBELN;VBTYP;I;EQ;7;;;;VL03N
KPSD000271;VBELN;VBTYP;I;EQ;A;;;;VA13
KPSD000271;VBELN;VBTYP;I;EQ;C;;;;VA03
KPSD000271;VBELN;VBTYP;I;EQ;E;;;;VA33
KPSD000271;VBELN;VBTYP;I;EQ;EBDR;;;;VFR3
KPSD000271;VBELN;VBTYP;I;EQ;F;;;;VA33
KPSD000271;VBELN;VBTYP;I;EQ;G;;;;VA43
KPSD000271;VBELN;VBTYP;I;EQ;H;;;;VA03
KPSD000271;VBELN;VBTYP;I;EQ;J;;;;VL03N
KPSD000271;VBELN;VBTYP;I;EQ;K;;;;VA03
KPSD000271;VBELN;VBTYP;I;EQ;L;;;;VA03
KPSD000271;VBELN;VBTYP;I;EQ;S;;;;VA23
KPSD000271;VBELN;VBTYP;I;EQ;T;;;;VL03N
KPSD000271;VBELN;VBTYP;I;EQ;_OTHERS_;;;;VF03
KPSD000365;VBELN;;;;;;;;VA03
KPSD000365;AUFNR_PP;AUTYP;I;EQ;10;;;;CO03
KPSD000365;AUFNR_PP;AUTYP;I;EQ;40;;;;COR3
KPSD000365;VBELN_DEL;;;;;;;;VL03N
KPSD000365;VBELN_INV;;;;;;;;VF03
KPSD000369;EBELN_BL_PURCH_ORD;BSTYP_BL_PURCH_ORD;I;EQ;A;;;;ME43
KPSD000369;EBELN_BL_PURCH_ORD;BSTYP_BL_PURCH_ORD;I;EQ;F;;;;ME23N
KPSD000369;EBELN_BL_PURCH_ORD;BSTYP_BL_PURCH_ORD;I;EQ;K;;;;ME33K
KPSD000369;EBELN_BL_PURCH_ORD;BSTYP_BL_PURCH_ORD;I;EQ;L;;;;ME33L
KPSD000369;EBELN_OPEN_PURCH_ORD;BSTYP_OPEN_PURCH_ORD;I;EQ;A;;;;ME43
KPSD000369;EBELN_OPEN_PURCH_ORD;BSTYP_OPEN_PURCH_ORD;I;EQ;F;;;;ME23N
KPSD000369;EBELN_OPEN_PURCH_ORD;BSTYP_OPEN_PURCH_ORD;I;EQ;K;;;;ME33K
KPSD000369;EBELN_OPEN_PURCH_ORD;BSTYP_OPEN_PURCH_ORD;I;EQ;L;;;;ME33L
KPSD000369;AUFNR_BL_MANUF;AUTYP_BL_MANUF;I;EQ;10;;;;CO03
KPSD000369;AUFNR_BL_MANUF;AUTYP_BL_MANUF;I;EQ;20;;;;CN23
KPSD000369;AUFNR_BL_MANUF;AUTYP_BL_MANUF;I;EQ;30;;;;IW33
KPSD000369;AUFNR_BL_MANUF;AUTYP_BL_MANUF;I;EQ;40;;;;COR3
KPSD000369;AUFNR_OPEN_MANUF;AUTYP_OPEN_MANUF;I;EQ;10;;;;CO03
KPSD000369;AUFNR_OPEN_MANUF;AUTYP_OPEN_MANUF;I;EQ;20;;;;CN23
KPSD000369;AUFNR_OPEN_MANUF;AUTYP_OPEN_MANUF;I;EQ;30;;;;IW33
KPSD000369;AUFNR_OPEN_MANUF;AUTYP_OPEN_MANUF;I;EQ;40;;;;COR3
KPWM000260;VBELN;VBTYP;I;EQ;7;;;;VL33N
KPWM000260;VBELN;VBTYP;I;EQ;J;;;;VL03N
KPWM000260;VBELN;VBTYP;I;EQ;T;;;;VL03N
KPWM000260;MATNR;NOT POSSIBLE;;;;;;;
KPWM000260;VBELN_LIKP;VBTYP_LIKP;I;EQ;7;;;;VL33N
KPWM000260;VBELN_LIKP;VBTYP_LIKP;I;EQ;J;;;;VL03N
KPWM000260;VBELN_LIKP;VBTYP_LIKP;I;EQ;T;;;;VL03N
KPWM000260;AUFNR;AUTYP;I;EQ;10;;;;CO03
KPWM000260;AUFNR;AUTYP;I;EQ;20;;;;CN23
KPWM000260;AUFNR;AUTYP;I;EQ;30;;;;IW33
KPWM000260;AUFNR;AUTYP;I;EQ;40;;;;COR3
KPWM000261;VBELN;VBTYP;I;EQ;7;;;;VL33N
KPWM000261;VBELN;VBTYP;I;EQ;J;;;;VL03N
KPWM000261;VBELN;VBTYP;I;EQ;T;;;;VL03N
KPWM000261;MATNR;NOT POSSIBLE;;;;;;;
KPWM000261;VBELN_LIKP;VBTYP_LIKP;I;EQ;7;;;;VL33N
KPWM000261;VBELN_LIKP;VBTYP_LIKP;I;EQ;J;;;;VL03N
KPWM000261;VBELN_LIKP;VBTYP_LIKP;I;EQ;T;;;;VL03N
KPWM000261;AUFNR;AUTYP;I;EQ;10;;;;CO03
KPWM000261;AUFNR;AUTYP;I;EQ;20;;;;CN23
KPWM000261;AUFNR;AUTYP;I;EQ;30;;;;IW33
KPWM000261;AUFNR;AUTYP;I;EQ;40;;;;COR3
KPWM000261;EBELN;BSTYP;I;EQ;A;;;;ME43
KPWM000261;EBELN;BSTYP;I;EQ;F;;;;ME23N
KPWM000261;EBELN;BSTYP;I;EQ;K;;;;ME33K
KPWM000261;EBELN;BSTYP;I;EQ;L;;;;ME33L
KPWM000560;MATNR;NOT POSSIBLE;;;;;;;
KPWM000560;TANUM;;;;;;;;LT21
KPWM000560;AUFNR;AUTYP;I;EQ;05;;;;KKF6N
KPWM000560;AUFNR;AUTYP;I;EQ;10;;;;CO03
KPWM000560;AUFNR;AUTYP;I;EQ;20;;;;CN23
KPWM000560;AUFNR;AUTYP;I;EQ;30;;;;IW33
KPWM000560;AUFNR;AUTYP;I;EQ;40;;;;COR3
KWMD000160;STLNR;;;;;;;;CS03
KWMD000160;PLNNR;;;;;;;;CA03
KWMD000160;VERID;;;;;;;;C223
KWMD000160;KALNR;;;;;;;;CK13N
KWMD000160;AUFNR;AUTYP;I;EQ;10;;;;CO03
KWMD000160;AUFNR;AUTYP;I;EQ;40;;;;COR3
KWMD000161;STLNR;;;;;;;;CS03
KWMD000161;PLNNR;;;;;;;;CA03
KWMD000161;VERID;;;;;;;;C223
KWMD000161;KALNR;;;;;;;;CK13N
KWMD000161;AUFNR;AUTYP;I;EQ;10;;;;CO03
KWMD000161;AUFNR;AUTYP;I;EQ;40;;;;COR3
KWPM000115;QMNUM;QMTYP;I;EQ;01;;;;IW23
KWPM000115;QMNUM;QMTYP;I;EQ;03;;;;IW53
KWPM000115;VBELN;;;;;;;;VA03
KWPM000115;AUFNR;;;;;;;;IW33
KWPM000115;WARPL;;;;;;;;IP03
KWPM000116;QMNUM;QMTYP;I;EQ;01;;;;IW23
KWPM000116;QMNUM;QMTYP;I;EQ;03;;;;IW53
KWPM000116;VBELN;;;;;;;;VA03
KWPM000116;AUFNR;;;;;;;;IW33
KWPM000116;WARPL;;;;;;;;IP03
KWPM000117;QMNUM;QMTYP;I;EQ;01;;;;IW23
KWPM000117;QMNUM;QMTYP;I;EQ;03;;;;IW53
KWPM000117;VBELN;;;;;;;;VA03
KWPM000117;AUFNR;;;;;;;;IW33
KWPM000117;WARPL;;;;;;;;IP03
KWPM000118;QMNUM;QMTYP;I;EQ;01;;;;IW23
KWPM000118;QMNUM;QMTYP;I;EQ;03;;;;IW53
KWPM000118;VBELN;;;;;;;;VA03
KWPM000118;AUFNR;;;;;;;;IW33
KWPM000118;WARPL;;;;;;;;IP03
KWPM000119;QMNUM;QMTYP;I;EQ;01;;;;IW23
KWPM000119;QMNUM;QMTYP;I;EQ;03;;;;IW53
KWPM000119;VBELN;;;;;;;;VA03
KWPM000119;AUFNR;;;;;;;;IW33
KWPM000119;WARPL;;;;;;;;IP03
KWPM000120;QMNUM;QMTYP;I;EQ;01;;;;IW23
KWPM000120;QMNUM;QMTYP;I;EQ;03;;;;IW53
KWPM000120;VBELN;;;;;;;;VA03
KWPM000120;AUFNR;;;;;;;;IW33
KWPM000120;WARPL;;;;;;;;IP03
KWPM000160;QMNUM;QMTYP;I;EQ;01;;;;IW23
KWPM000160;QMNUM;QMTYP;I;EQ;03;;;;IW53
KWPM000160;VBELN;;;;;;;;VA03
KWPM000160;WARPL;;;;;;;;IP03
KWPM000160;AUFNR;;;;;;;;IW33
KWPM000161;QMNUM;QMTYP;I;EQ;01;;;;IW23
KWPM000161;QMNUM;QMTYP;I;EQ;03;;;;IW53
KWPM000161;VBELN;;;;;;;;VA03
KWPM000161;WARPL;;;;;;;;IP03
KWPM000161;AUFNR;;;;;;;;IW33
KWPM000203;AUFNR;;;;;;;;IW33
KWPM000203;KDAUF;;;;;;;;IW33
KWPM000204;AUFNR;;;;;;;;IW33
KWPM000204;KDAUF;;;;;;;;IW33
KWPM000215;AUFNR;;;;;;;;IW33
KWPM000215;KDAUF;;;;;;;;IW33
KWPM000216;AUFNR;;;;;;;;IW33
KWPM000216;KDAUF;;;;;;;;IW33
KWPM000217;AUFNR;;;;;;;;IW33
KWPM000217;KDAUF;;;;;;;;IW33
KWPM000218;AUFNR;;;;;;;;IW33
KWPM000218;KDAUF;;;;;;;;IW33
KWPM000219;AUFNR;;;;;;;;IW33
KWPM000219;KDAUF;;;;;;;;IW33
KWPM000220;AUFNR;;;;;;;;IW33
KWPM000220;KDAUF;;;;;;;;IW33
KWPM000221;AUFNR;;;;;;;;IW33
KWPM000221;KDAUF;;;;;;;;IW33
KWPM000222;AUFNR;;;;;;;;IW33
KWPM000222;KDAUF;;;;;;;;IW33
KWPM000260;AUFNR;;;;;;;;IW33
KWPM000260;KDAUF;;;;;;;;IW33
KWPM000261;AUFNR;;;;;;;;IW33
KWPM000261;KDAUF;;;;;;;;IW33
KWPM000262;AUFNR;;;;;;;;IW33
KWPM000262;KDAUF;;;;;;;;IW33
KWPM000263;AUFNR;;;;;;;;IW33
KWPM000263;KDAUF;;;;;;;;IW33
KWPM000264;EBELN_BL_PURCH_ORD;BSTYP_BL_PURCH_ORD;I;EQ;A;;;;ME43
KWPM000264;EBELN_BL_PURCH_ORD;BSTYP_BL_PURCH_ORD;I;EQ;F;;;;ME23N
KWPM000264;EBELN_BL_PURCH_ORD;BSTYP_BL_PURCH_ORD;I;EQ;K;;;;ME33K
KWPM000264;EBELN_BL_PURCH_ORD;BSTYP_BL_PURCH_ORD;I;EQ;L;;;;ME33L
KWPM000264;EBELN_OPEN_PURCH_ORD;BSTYP_OPEN_PURCH_ORD;I;EQ;A;;;;ME43
KWPM000264;EBELN_OPEN_PURCH_ORD;BSTYP_OPEN_PURCH_ORD;I;EQ;F;;;;ME23N
KWPM000264;EBELN_OPEN_PURCH_ORD;BSTYP_OPEN_PURCH_ORD;I;EQ;K;;;;ME33K
KWPM000264;EBELN_OPEN_PURCH_ORD;BSTYP_OPEN_PURCH_ORD;I;EQ;L;;;;ME33L
KWPM000265;EBELN_BL_PURCH_ORD;BSTYP_BL_PURCH_ORD;I;EQ;A;;;;ME43
KWPM000265;EBELN_BL_PURCH_ORD;BSTYP_BL_PURCH_ORD;I;EQ;F;;;;ME23N
KWPM000265;EBELN_BL_PURCH_ORD;BSTYP_BL_PURCH_ORD;I;EQ;K;;;;ME33K
KWPM000265;EBELN_BL_PURCH_ORD;BSTYP_BL_PURCH_ORD;I;EQ;L;;;;ME33L
KWPM000265;EBELN_OPEN_PURCH_ORD;BSTYP_OPEN_PURCH_ORD;I;EQ;A;;;;ME43
KWPM000265;EBELN_OPEN_PURCH_ORD;BSTYP_OPEN_PURCH_ORD;I;EQ;F;;;;ME23N
KWPM000265;EBELN_OPEN_PURCH_ORD;BSTYP_OPEN_PURCH_ORD;I;EQ;K;;;;ME33K
KWPM000265;EBELN_OPEN_PURCH_ORD;BSTYP_OPEN_PURCH_ORD;I;EQ;L;;;;ME33L
KWQM000161;PRUEFLOS;;;;;;;;QA03
KWQM000161;EBELN;BSTYP;I;EQ;A;;;;ME43
KWQM000161;EBELN;BSTYP;I;EQ;F;;;;ME23N
KWQM000161;EBELN;BSTYP;I;EQ;K;;;;ME33K
KWQM000161;EBELN;BSTYP;I;EQ;L;;;;ME33L
KWQM000162;PRUEFLOS;;;;;;;;QA03
KWQM000162;AUFNR;AUTYP;I;EQ;10;;;;CO03
KWQM000162;AUFNR;AUTYP;I;EQ;20;;;;CN23
KWQM000162;AUFNR;AUTYP;I;EQ;30;;;;IW33
KWQM000162;AUFNR;AUTYP;I;EQ;40;;;;COR3
KWQM000163;PRUEFLOS;;;;;;;;QA03
KWQM000163;AUFNR;AUTYP;I;EQ;10;;;;CO03
KWQM000163;AUFNR;AUTYP;I;EQ;20;;;;CN23
KWQM000163;AUFNR;AUTYP;I;EQ;30;;;;IW33
KWQM000163;AUFNR;AUTYP;I;EQ;40;;;;COR3