kpiId;phaseId;xPosition;title;subtitle
CPACM00160;10;1;SOURCING & PROCUREMENT;Contract Workspace
CPAOP00160;10;1;SOURCING & PROCUREMENT;Purchase Requisition
CPAOP00160;20;2;SOURCING & PROCUREMENT;Purchase Order
CPAOP00161;10;1;SOURCING & PROCUREMENT;Purchase Order
CPAOP00161;20;2;SUPPLY CHAIN;Goods Movement
CPAOP00161;30;3;FINANCE;Supplier Invoice
CPAOP00162;10;1;FINANCE;Supplier Invoice
CPAOP00162;20;2;FINANCE;Invoice Payment
CPAOP00163;10;1;SOURCING & PROCUREMENT;Purchase Order
CPAOP00163;20;2;FINANCE;Supplier Invoice
CPASC00160;10;1;SOURCING & PROCUREMENT;Sourcing Request
CPASC00160;20;2;SOURCING & PROCUREMENT;Sourcing Project
CPASC00160;30;3;SOURCING & PROCUREMENT;Sourcing Event
CPASC00160;40;4;SOURCING & PROCUREMENT;Sourcing Project
CPASC00161;10;1;SOURCING & PROCUREMENT;Sourcing Project
CPASC00161;20;2;SOURCING & PROCUREMENT;Sourcing Event
CPASC00161;30;3;SOURCING & PROCUREMENT;Sourcing Project
CPASC00163;10;1;SOURCING & PROCUREMENT;Sourcing Event
CPASC00163;20;2;SOURCING & PROCUREMENT;Bidding
CPASC00163;30;3;SOURCING & PROCUREMENT;Sourcing Event
CPASC00164;10;1;SOURCING & PROCUREMENT;Sourcing Event
CPASC00164;20;2;SOURCING & PROCUREMENT;Bidding
CPASC00164;30;3;SOURCING & PROCUREMENT;Sourcing Event
CPASC00165;10;1;SOURCING & PROCUREMENT;Sourcing Event
CPASC00165;20;2;SOURCING & PROCUREMENT;Bidding
CPASC00165;30;3;SOURCING & PROCUREMENT;Sourcing Event
CPASM00160;10;1;SOURCING & PROCUREMENT;Supplier Request
CPASM00160;20;2;SOURCING & PROCUREMENT;Supplier Registration
CPASM00161;10;1;SOURCING & PROCUREMENT;Supplier Qualification
KBSRM00160;10;1;PROCUREMENT;Shopping Cart
KBSRM00160;20;2;PROCUREMENT;Purchase Document
KBSRM00760;10;1;PROCUREMENT;Bid Invitation
KBSRM00760;20;2;PROCUREMENT;Vendor Bid (Quotation)
KBSRM00761;10;1;PROCUREMENT;Auction
KBSRM00761;20;2;PROCUREMENT;Vendor Bid (Quotation)
KCSAL00560;10;1;SALES;Lead
KCSAL00560;20;2;SALES;Business Activity
KCSAL00560;30;3;SALES;Task
KCSAL00560;40;4;SALES;Lead
KCSAL00660;10;1;SALES;Opportunity
KCSAL00660;20;2;SALES;Business Activity
KCSAL00660;30;3;SALES;Task
KCSAL00660;40;4;SALES;Opportunity
KCSAL00760;10;1;SALES;Sales Order
KCSAL00760;20;2;SALES;Follow-Up Document
KCSAL00760;30;3;SALES;Sales Order
KCSER00360;10;1;SERVICE;Service Order
KCSER00360;20;2;SERVICE;Service Confirmation
KCSER00360;30;3;SERVICE;Service Order
KFFI000960;10;1;FINANCE;Accounting Document
KFFI000960;20;2;FINANCE;Clearing Document
KFFI000961;10;1;FINANCE;Accounting Document
KFFI000961;20;2;FINANCE;Clearing Document
KFFI001060;10;1;FINANCE;Accounting Document
KFFI001060;20;2;FINANCE;Clearing Document
KFFI001061;10;1;FINANCE;Accounting Document
KFFI001061;20;2;FINANCE;Clearing Document
KFFI001460;10;1;SALES / FINANCE;Sales Billing Document
KFFI001460;20;2;FINANCE;Accounting Document
KFFI001460;30;3;FINANCE;Promise to Pay Case
KFFI001460;40;4;FINANCE;Dispute Case
KFFI001460;50;5;FINANCE;Dunning Notice
KFFI001460;60;6;FINANCE;Clearing Document
KFFI001860;10;1;FINANCE;Asset Master
KFFI001860;20;2;FINANCE & PROCUREMENT;Accounting Document
KFFI001860;30;3;FINANCE;Settlement Document
KFFI001860;40;4;FINANCE;Asset Master
KFFI001861;10;1;FINANCE;Asset Master
KFFI001861;20;2;FINANCE & PROCUREMENT;Accounting Document
KFFI001861;30;3;FINANCE;Depreciation Posting
KFFI001861;40;4;FINANCE;Asset Posting
KFFI001861;50;5;FINANCE;Asset Master
KFFI001960;10;1;FINANCE;Accounting Document
KFFI001960;20;2;FINANCE;Clearing Document
KFFI002260;10;1;FINANCE;Accounting Document
KFFI002260;20;2;FINANCE;Clearing Document
KFFI002360;10;1;FINANCE;Product Cost Collector
KFFI002360;20;2;MANUFACTURING;Planned Order Confirmation
KFFI002360;30;3;MANUFACTURING / FINANCE;Material Settlement
KFFI002660;10;1;SALES;Provider Contract
KFFI002660;20;2;SALES;Billing Document
KFFI002660;30;3;SALES;Invoicing Document
KIAUT00160;10;1;MANUFACTURING;Run Schedule Quantity
KIAUT00160;20;2;SUPPLY CHAIN;Warehouse Stock
KIAUT00160;30;3;PROCUREMENT;Purchase Order / Requisition / Scheduling Agreement
KIAUT00160;40;4;MANUFACTURING;Run Schedule Quantity
KIISU00160;10;1;SALES;Contract
KIISU00160;20;2;SALES;Meter Reading Order
KIISU00160;30;3;SALES;Billing Document
KIISU00160;40;4;SALES;Print Document
KIISU00160;50;5;FINANCE;Contract Accounting Document
KIISU00161;10;1;SALES;Billing Order
KIISU00161;20;2;SALES;Meter Reading Order
KIISU00161;30;3;SALES;Contract
KIISU00161;40;4;SALES;Billing Order
KIISU00162;10;1;SALES;Billing Order
KIISU00162;20;2;SALES;Meter Reading Order
KIISU00162;30;3;SALES;Contract
KIISU00162;40;4;SALES;Billing Order
KIISU00260;10;1;SALES;Billing Document
KIISU00260;20;2;SALES;Print Document
KIISU00261;10;1;SALES;Billing Document
KIISU00261;20;2;SALES;Print Document
KIISU00360;10;1;SALES;Print Document
KIISU00360;20;2;FINANCE;Accounting Document
KIISU00361;10;1;SALES;Print Document
KIISU00361;20;2;FINANCE;Accounting Document
KIRET00460;10;1;SOURCING & PROCUREMENT;Stock Transport Order
KIRET00460;20;2;SUPPLY CHAIN;Replenishment Delivery
KIRET00460;30;3;SUPPLY CHAIN;Goods Movement
KIRET00461;10;1;SOURCING & PROCUREMENT;Stock Transport Order
KIRET00461;20;2;SUPPLY CHAIN;Replenishment Delivery
KIRET00461;30;3;SUPPLY CHAIN;Goods Movement
KIRET00462;10;1;SOURCING & PROCUREMENT;Stock Transport Order
KIRET00462;20;2;SUPPLY CHAIN;Replenishment Delivery
KIRET00462;30;3;SUPPLY CHAIN;Goods Movement
KIRET00463;10;1;SOURCING & PROCUREMENT;Stock Transport Order
KIRET00463;20;2;SUPPLY CHAIN;Replenishment Delivery
KIRET00463;30;3;SUPPLY CHAIN;Goods Movement
KIRET00464;10;1;SOURCING & PROCUREMENT;Stock Transport Order
KIRET00464;20;2;SUPPLY CHAIN;Replenishment Delivery
KIRET00464;30;3;SUPPLY CHAIN;Goods Movement
KIRET00464;40;4;FINANCE;Accounting Document
KIRET00465;10;1;SOURCING & PROCUREMENT;Stock Transport Order
KIRET00465;20;2;SUPPLY CHAIN;Replenishment Delivery
KIRET00465;30;3;SUPPLY CHAIN;Goods Movement
KIRET00465;40;4;FINANCE;Accounting Document
KIRET00466;10;1;SOURCING & PROCUREMENT;Stock Transport Order
KIRET00466;20;2;SUPPLY CHAIN;Replenishment Delivery
KIRET00466;30;3;SUPPLY CHAIN;Goods Movement
KIRET00466;40;4;FINANCE;Accounting Document
KIRET00467;10;1;SOURCING & PROCUREMENT;Stock Transport Order
KIRET00467;20;2;SUPPLY CHAIN;Replenishment Delivery
KIRET00467;30;3;SUPPLY CHAIN;Goods Movement
KIRET00467;40;4;FINANCE;Accounting Document
KIRET00560;10;1;SOURCING & PROCUREMENT;Purchase Order
KIRET00560;20;2;SUPPLY CHAIN;Goods Movement
KIRET00560;30;3;FINANCE;Supplier Invoice
KIRET00561;10;1;SOURCING & PROCUREMENT;Purchase Order
KIRET00561;20;2;SUPPLY CHAIN;Goods Movement
KIRET00561;30;3;FINANCE;Supplier Invoice
KIRET00562;10;1;SOURCING & PROCUREMENT;Purchase Order
KIRET00562;20;2;SUPPLY CHAIN;Goods Movement
KIRET00562;30;3;FINANCE;Supplier Invoice
KIRET00563;10;1;SOURCING & PROCUREMENT;Purchase Order
KIRET00563;20;2;SUPPLY CHAIN;Goods Movement
KIRET00563;30;3;FINANCE;Supplier Invoice
KITM000260;10;1;SUPPLY CHAIN;Freight Order
KITM000260;20;2;SUPPLY CHAIN;Freight Order Exection
KITM000260;30;3;SUPPLY CHAIN;Freight Order Charge Calculation
KITM000260;40;4;SUPPLY CHAIN;Freight Order Settlement
KPIM000160;10;1;SUPPLY CHAIN;Stock Level
KPIM000160;20;2;SUPPLY CHAIN;Goods Movement
KPIM000161;10;1;SUPPLY CHAIN;Stock Level
KPIM000161;20;2;SUPPLY CHAIN;Goods Movement
KPIM000162;10;1;SUPPLY CHAIN;Stock Level
KPIM000162;20;2;SUPPLY CHAIN;Goods Movement
KPIM000163;10;1;SUPPLY CHAIN;Stock Level
KPIM000163;20;2;SUPPLY CHAIN;Goods Movement
KPLE000260;10;1;SUPPLY CHAIN;Shipment Document
KPLE000260;20;2;SUPPLY CHAIN;Shipment Planning
KPLE000260;30;3;SUPPLY CHAIN;Shipment Loading
KPLE000260;40;4;SUPPLY CHAIN;Shipment Transportation
KPLE000360;10;1;SUPPLY CHAIN;Outbound Delivery
KPLE000360;20;2;SUPPLY CHAIN;Handling Unit
KPLE000360;30;3;SUPPLY CHAIN;Shipment Document
KPLE000360;40;4;SUPPLY CHAIN;Goods Movement
KPLE000361;10;1;SUPPLY CHAIN;Outbound Delivery
KPLE000361;20;2;SUPPLY CHAIN;Transfer Order
KPLE000361;30;3;SUPPLY CHAIN;Handling Unit
KPLE000361;40;4;SUPPLY CHAIN;Shipment Document
KPLE000361;50;5;SUPPLY CHAIN;Goods Movement
KPLE000362;10;1;SUPPLY CHAIN;Inbound Delivery
KPLE000362;20;2;SUPPLY CHAIN;Shipment Document
KPLE000362;30;3;SUPPLY CHAIN;Handling Unit
KPLE000362;40;4;SUPPLY CHAIN;Transfer Order
KPLE000362;50;5;SUPPLY CHAIN;Goods Movement
KPMRP00260;10;1;SUPPLY CHAIN;MRP Runs
KPMRP00260;15;2;SALES;Sales Order & Outbound Delivery
KPMRP00260;20;3;SUPPLY CHAIN;Planned Order
KPMRP00260;30;4;MANUFACTURING;Manufacturing Order
KPMRP00260;40;5;PROCUREMENT;Purchasing Document
KPMRP00260;50;6;SUPPLY CHAIN;MRP List
KPMRP00260;60;7;MANUFACTURING;Manufacturing Order
KPMRP00260;70;8;PROCUREMENT;Purchasing Document
KPPP000160;10;1;MANUFACTURING;Production Order
KPPP000160;20;2;MANUFACTURING;Order Confirmation
KPPP000160;30;3;MANUFACTURING;Goods Movement
KPPP000160;40;4;MANUFACTURING;Production Order
KPPP000161;10;1;MANUFACTURING / FINANCE;Production Order
KPPP000161;20;2;MANUFACTURING;Order Confirmation
KPPP000161;30;3;MANUFACTURING;Goods Movement
KPPP000161;40;4;MANUFACTURING / FINANCE;Settlement Order
KPPP000162;10;1;MANUFACTURING;Production Order
KPPP000162;20;2;SUPPLY CHAIN;Warehouse Stock
KPPP000162;30;3;PROCUREMENT;Purchase Order / Requisition
KPPP000162;40;4;MANUFACTURING;Production Order / Planned Order
KPPP000162;50;5;SUPPLY CHAIN;Goods Movement
KPPP000163;10;1;MANUFACTURING;Production Order
KPPP000163;20;2;PROCUREMENT;Purchase Requisition
KPPP000163;30;3;PROCUREMENT;Purchase Order
KPPP000163;40;4;SUPPLY CHAIN;Goods Movement
KPPP000164;10;1;MANUFACTURING;Production Order
KPPP000164;20;2;MANUFACTURING;Work Center
KPPP000164;30;3;MANUFACTURING;External Processing
KPPP000164;40;4;MANUFACTURING;Control Key
KPPP000164;45;5;MANUFACTURING;Production Order
KPPP000164;50;6;MANUFACTURING;Confirmations
KPPP000260;10;1;MANUFACTURING;Process Order
KPPP000260;15;2;MANUFACTURING;Control Recipe
KPPP000260;20;3;MANUFACTURING;Order Confirmation
KPPP000260;30;4;MANUFACTURING;Goods Movement
KPPP000260;40;5;MANUFACTURING;Process Order
KPPP000261;10;1;MANUFACTURING;Process Order
KPPP000261;20;2;MANUFACTURING;Order Confirmation
KPPP000261;30;3;MANUFACTURING;Goods Movement
KPPP000261;40;4;MANUFACTURING / FINANCE;Settlement Order
KPPP000262;10;1;MANUFACTURING;Process Order
KPPP000262;20;2;SUPPLY CHAIN;Warehouse Stock
KPPP000262;30;3;PROCUREMENT;Purchase Order / Requisition
KPPP000262;40;4;MANUFACTURING;Process Order / Planned Order
KPPP000262;50;5;SUPPLY CHAIN;Goods Movement
KPPP000263;10;1;MANUFACTURING;Process Order
KPPP000263;20;2;PROCUREMENT;Purchase Requisition
KPPP000263;30;3;PROCUREMENT;Purchase Order
KPPP000263;40;4;SUPPLY CHAIN;Goods Movement
KPPP000264;10;1;MANUFACTURING;Process Order
KPPP000264;20;2;MANUFACTURING;Work Center
KPPP000264;30;3;MANUFACTURING;External Processing
KPPP000264;40;4;MANUFACTURING;Control Key
KPPP000264;45;5;MANUFACTURING;Process Order
KPPP000264;50;6;MANUFACTURING;Confirmations
KPPROJ0360;10;1;ASSET MANAGEMENT;Work Breakdown Structure
KPPROJ0360;20;2;ASSET MANAGEMENT / FINANCE;Settlement Work Breakdown Structure
KPPROJ0361;10;1;ASSET MANAGEMENT;Work Breakdown Structure
KPPROJ0361;20;2;ASSET MANAGEMENT / FINANCE;Settlement Work Breakdown Structure
KPPURCH260;10;1;PROCUREMENT;Purchase Order
KPPURCH260;20;2;SUPPLY CHAIN;Goods Movement
KPPURCH260;30;3;FINANCE;Supplier Invoice
KPPURCH260;40;4;FINANCE;Account Document
KPPURCH261;10;1;SOURCING & PROCUREMENT;Purchase Order
KPPURCH261;20;2;SUPPLY CHAIN;Goods Movement
KPPURCH261;30;3;FINANCE;Supplier Invoice
KPPURCH263;10;1;SOURCING & PROCUREMENT;Purchase Order
KPPURCH263;20;2;SALES;Sales Order
KPPURCH263;30;3;SUPPLY CHAIN;Outbound Delivery
KPPURCH263;40;4;SUPPLY CHAIN;Goods Movement
KPPURCH263;50;5;FINANCE;Supplier Invoice
KPPURCH265;10;1;SOURCING & PROCUREMENT;Purchase Order
KPPURCH265;20;2;FINANCE;Supplier Invoice
KPPURCH265;30;3;FINANCE;Accounting Document
KPPURCH266;10;1;SOURCING & PROCUREMENT;Purchase Order
KPPURCH266;20;2;SUPPLY CHAIN;Goods Movement
KPPURCH266;30;3;FINANCE;Supplier Invoice
KPPURCH267;10;1;SOURCING & PROCUREMENT;Purchase Order
KPPURCH267;20;2;SOURCING & PROCUREMENT;Service Entry Sheet (SES)
KPPURCH267;30;3;FINANCE;Supplier Invoice
KPPURCH268;10;1;SOURCING & PROCUREMENT;Purchase Order
KPPURCH268;20;2;SUPPLY CHAIN;Goods Movement
KPPURCH268;30;3;FINANCE;Supplier Invoice
KPPURCH360;10;1;SOURCING & PROCUREMENT;Purchase Requisition
KPPURCH360;20;2;SOURCING & PROCUREMENT;Purchase Order
KPPURCH362;10;1;SOURCING & PROCUREMENT;Stock Transport Requisition
KPPURCH362;20;2;SOURCING & PROCUREMENT;Stock Transport Order
KPPURCH460;10;1;FINANCE;Supplier Invoice
KPPURCH460;20;2;FINANCE;Accounting Document
KPPURCH560;10;1;SOURCING & PROCUREMENT;Stock Transport Order
KPPURCH560;20;2;SUPPLY CHAIN;Goods Movement
KPPURCH561;10;1;SOURCING & PROCUREMENT;Stock Transport Order
KPPURCH561;20;2;SUPPLY CHAIN;Replenishment Delivery
KPPURCH561;30;3;SUPPLY CHAIN;Goods Movement
KPPURCH562;10;1;SOURCING & PROCUREMENT;Stock Transport Order
KPPURCH562;20;2;SUPPLY CHAIN;Replenishment Delivery
KPPURCH562;30;3;SUPPLY CHAIN;Goods Movement
KPPURCH562;40;4;FINANCE;Accounting Document
KPPURCH660;10;1;SOURCING & PROCUREMENT;Scheduling Agreement
KPPURCH660;20;2;SUPPLY CHAIN;Goods Movement
KPPURCH661;10;1;SOURCING & PROCUREMENT;Quantity Contract
KPPURCH661;20;2;SOURCING & PROCUREMENT;Purchase Order
KPPURCH662;10;1;SOURCING & PROCUREMENT;Value Contract
KPPURCH662;20;2;SOURCING & PROCUREMENT;Purchase Order
KPSD000260;10;1;SALES / FINANCE;Sales Billing Document
KPSD000260;20;2;FINANCE;Accounting Document
KPSD000360;10;1;SALES;Sales Order
KPSD000360;20;2;SUPPLY CHAIN;Outbound Delivery
KPSD000361;10;1;SALES;Sales Order
KPSD000361;20;2;SUPPLY CHAIN;Outbound Delivery
KPSD000361;30;3;SUPPLY CHAIN;Goods Movement
KPSD000361;40;4;SALES / FINANCE;Customer Invoice
KPSD000362;10;1;SALES;Sales Order
KPSD000362;20;2;SUPPLY CHAIN;Outbound Delivery
KPSD000362;30;3;SUPPLY CHAIN;Goods Movement
KPSD000362;40;4;SALES / FINANCE;Customer Invoice
KPSD000362;50;5;FINANCE;Accounting Document
KPSD000363;10;1;SALES;Sales Order
KPSD000363;20;2;PROCUREMENT;Purchase Requisition
KPSD000363;30;3;PROCUREMENT;Purchase Order
KPSD000363;40;4;PROCUREMENT / FINANCE;Supplier Invoice
KPSD000363;50;5;SALES / FINANCE;Customer Invoice
KPSD000364;10;1;SALES;Sales Order
KPSD000364;20;2;PROCUREMENT;Purchase Requisition
KPSD000364;30;3;PROCUREMENT;Purchase Order
KPSD000364;40;4;SUPPLY CHAIN;Goods Movement
KPSD000364;50;5;SALES / FINANCE;Customer Invoice
KPSD000365;10;1;SALES;Sales Order
KPSD000365;20;2;MANUFACTURING;Manufacturing Order
KPSD000365;30;3;MANUFACTURING;Manufacturing Order Confirmation
KPSD000365;40;4;SUPPLY CHAIN;Goods Movement
KPSD000365;50;5;SALES / FINANCE;Customer Invoice
KPSD000366;10;1;SALES;Sales Order
KPSD000366;20;2;SUPPLY CHAIN;Outbound Delivery
KPSD000366;30;3;SUPPLY CHAIN;Goods Movement
KPSD000366;40;4;SALES / FINANCE;Customer Invoice
KPSD000366;50;5;FINANCE;Accounting Document
KPSD000366;60;6;SALES / FINANCE;Intercompany Invoice
KPSD000366;70;7;FINANCE;Accounting Document
KPSD000367;10;1;SALES;Sales Order
KPSD000367;20;2;SALES / FINANCE;Customer Invoice
KPSD000367;30;3;FINANCE;Accounting Document
KPSD000368;10;1;SALES;Quotation
KPSD000368;20;2;SALES;Sales Order
KPSD000369;10;1;SALES;Sales Order
KPSD000369;20;2;SUPPLY CHAIN;Warehouse Stock
KPSD000369;30;3;PROCUREMENT / SUPPLY CHAIN;Purchase Order / Requisition
KPSD000369;40;4;MANUFACTURING;Manufacturing Order / Planned Order
KPSD000369;50;5;SUPPLY CHAIN;Outbound Delivery
KPSD000380;10;1;SALES;Returns Order
KPSD000380;20;2;SUPPLY CHAIN;Returns Delivery
KPSD000380;30;3;SUPPLY CHAIN;Goods Movement
KPSD000380;40;4;SALES;Credit Memo
KPSD000460;10;1;SALES;Debit Memo Request
KPSD000460;20;2;SALES / FINANCE;Debit Memo
KPSD000460;30;3;FINANCE;Accounting Document
KPSD000462;10;1;SALES;Credit Memo Request
KPSD000462;20;2;SALES / FINANCE;Credit Memo
KPSD000462;30;3;FINANCE;Accounting Document
KPWM000260;10;1;SUPPLY CHAIN;Transfer Order
KPWM000261;10;1;SUPPLY CHAIN;Transfer Order
KPWM000560;10;1;SUPPLY CHAIN;Transfer Requirement
KPWM000560;20;2;SUPPLY CHAIN;Transfer Order
KPWM000561;10;1;SUPPLY CHAIN;Transfer Requirement
KPWM000561;20;2;SUPPLY CHAIN;Transfer Order
KWMD000160;10;1;MANUFACTURING;Material Master
KWMD000160;20;2;MANUFACTURING;Bill of Material
KWMD000160;30;3;MANUFACTURING;Routing / Production Version
KWMD000160;40;4;FINANCE;Standard Cost Estimate
KWMD000160;50;5;MANUFACTURING;Production Order
KWMD000161;10;1;MANUFACTURING;Material Master
KWMD000161;20;2;MANUFACTURING;Bill of Material
KWMD000161;30;3;MANUFACTURING;Master Recipe / Production Version
KWMD000161;40;4;FINANCE;Standard Cost Estimate
KWMD000161;50;5;MANUFACTURING;Process Order
KWMD000260;10;1;SALES;Customer Master Data
KWMD000260;20;2;FINANCE;Customer Master Data
KWMD000260;30;3;SALES;Sales Order
KWMD000260;40;4;SALES / FINANCE;Customer Invoice
KWMD000260;50;5;FINANCE;Accounting Document
KWMD000360;10;1;PROCUREMENT;Supplier Master Data
KWMD000360;20;2;FINANCE;Supplier Master Data
KWMD000360;30;3;PROCUREMENT;Purchase Order
KWMD000360;40;4;FINANCE;Accounting Document
KWPM000160;10;1;ASSET MANAGEMENT;Maintenance Notification
KWPM000161;10;1;SERVICE;Service Notification
KWPM000260;10;1;ASSET MANAGEMENT;Plant Maintenance Order
KWPM000260;20;2;ASSET MANAGEMENT;Work Order Confirmation
KWPM000260;30;3;ASSET MANAGEMENT;Plant Maintenance Order
KWPM000261;10;1;ASSET MANAGEMENT;Plant Maintenance Order
KWPM000261;20;2;ASSET MANAGEMENT;Order Confirmation
KWPM000261;30;3;ASSET MANAGEMENT;Plant Maintenance Order
KWPM000261;40;4;ASSET MANAGEMENT / FINANCE;Settlement Order
KWPM000262;10;1;SERVICE;Customer Service Order
KWPM000262;20;2;SERVICE;Order Confirmation
KWPM000262;30;3;SERVICE;Customer Service Order
KWPM000263;10;1;SERVICE;Customer Service Order
KWPM000263;20;2;SERVICE;Order Confirmation
KWPM000263;30;3;SERVICE;Customer Service Order
KWPM000263;40;4;SERVICE / FINANCE;Settlement Order
KWPM000264;10;1;ASSET MANAGEMENT;Plant Maintenance Order
KWPM000264;20;2;SUPPLY CHAIN;Warehouse Stock
KWPM000264;30;3;PROCUREMENT;Purchase Order / Requisition
KWPM000264;40;4;SUPPLY CHAIN;Goods Movement
KWPM000265;10;1;SERVICE;Customer Service Order
KWPM000265;20;2;SUPPLY CHAIN;Warehouse Stock
KWPM000265;30;3;PROCUREMENT;Purchase Order / Requisition
KWPM000265;40;4;SUPPLY CHAIN;Goods Movement
KWPM000462;10;1;SERVICE;Maintenance Plan
KWPM000462;20;2;SERVICE;Service Order
KWPM000462;30;3;SERVICE;Service Contract
KWQM000161;10;1;SOURCING & PROCUREMENT;Inspection Lot
KWQM000161;20;2;SOURCING & PROCUREMENT;Inspection Plan
KWQM000161;30;3;SOURCING & PROCUREMENT;Inspection Stock
KWQM000161;40;4;SOURCING & PROCUREMENT;Inspection Characteristics
KWQM000161;50;5;SOURCING & PROCUREMENT;Usage Decision
KWQM000162;10;1;MANUFACTURING;Inspection Lot
KWQM000162;20;2;MANUFACTURING;Inspection Plan
KWQM000162;30;3;MANUFACTURING;Inspection Stock
KWQM000162;40;4;MANUFACTURING;Inspection Characteristics
KWQM000162;50;5;MANUFACTURING;Usage Decision
KWQM000163;10;1;MANUFACTURING;Inspection Lot
KWQM000163;20;2;MANUFACTURING;Task List
KWQM000163;30;3;MANUFACTURING;Inspection Characteristics
KWQM000163;40;4;MANUFACTURING;Usage Decision
KWSERV0160;10;1;SERVICE;Service Order
KWSERV0160;20;2;SERVICE;Service Confirmation
KWSERV0160;30;3;SERVICE;Service Order
KXEWM00260;10;1;SUPPLY CHAIN;Warehouse Order
KXEWM00260;20;2;SUPPLY CHAIN;Warehouse Task
KXEWM00460;10;1;SUPPLY CHAIN;Inbound Delivery
KXEWM00460;20;2;SUPPLY CHAIN;Goods Movement
KXEWM00460;30;3;SUPPLY CHAIN;Putaway
KXEWM00461;10;1;SUPPLY CHAIN;Inbound Delivery
KXEWM00461;20;2;SUPPLY CHAIN;Goods Movement
KXEWM00461;30;3;SUPPLY CHAIN;Putaway
KXEWM00560;10;1;SUPPLY CHAIN;Outbound Delivery Order
KXEWM00560;20;2;SUPPLY CHAIN;Picking
KXEWM00560;30;3;SUPPLY CHAIN;Goods Movement
KXEWM00560;40;4;SUPPLY CHAIN;Outbound Delivery
KXEWM00860;10;1;SUPPLY CHAIN;Inbound Delivery Notification
KXEWM00860;20;2;SUPPLY CHAIN;Inbound Delivery
KXEWM00860;30;3;SUPPLY CHAIN;Goods Movement
KXEWM00860;40;4;SUPPLY CHAIN;Putaway
KXEWM00861;10;1;SUPPLY CHAIN;Inbound Delivery Notification
KXEWM00861;20;2;SUPPLY CHAIN;Inbound Delivery
KXEWM00861;30;3;SUPPLY CHAIN;Goods Movement
KXEWM00861;40;4;SUPPLY CHAIN;Putaway
KXEWM00862;10;1;SUPPLY CHAIN;Outbound Delivery Request
KXEWM00862;20;2;SUPPLY CHAIN;Outbound Delivery Order
KXEWM00862;30;3;SUPPLY CHAIN;Picking
KXEWM00862;40;4;SUPPLY CHAIN;Goods Movement
KXEWM00862;50;5;SUPPLY CHAIN;Outbound Delivery
