locale;id;name
zh_CN;AERO;航空航天与国防
zh_CN;AUTO;汽车制造业
zh_CN;BANK;银行业
zh_CN;BUILD;建筑产品
zh_CN;RAIL;货物运输和物流
zh_CN;CHEM;化工业
zh_CN;CP;消费性产品
zh_CN;DEFAULT;跨行业（非行业特定）
zh_CN;DEFSEC;国防与安全
zh_CN;ECO;工程、建设和运营
zh_CN;HEALTH;医疗
zh_CN;HIGHTECH;高科技
zh_CN;EDU;高等教育与科研
zh_CN;IMC;工业制造
zh_CN;INSUR;保险业
zh_CN;LIFE;生命科学
zh_CN;MEDIA;媒体
zh_CN;MILL;轧制品
zh_CN;MINING;采矿业
zh_CN;OIL;石油、天然气和能源
zh_CN;AIR;旅游和休闲
zh_CN;PROFSVC;专业服务
zh_CN;PUBLIC;公共部门
zh_CN;RETAIL;零售
zh_CN;SPO;体育
zh_CN;TELE;电信业
zh_CN;UTILITY;公用事业
zh_CN;WHOLE;批发分销