locale;id;text
pt_BR;ASS_COST;Reduzir custos de manutenção de ativos
pt_BR;CASH_FOREC;Aumentar precisão da previsão de caixa
pt_BR;CHURN;Reduzir a rotatividade de clientes
pt_BR;CMPLXTY;Reduzir custo de gerenciamento de dados
pt_BR;DII;Reduzir dias em estoque
pt_BR;DPO;Melhorar o prazo para pagamento das obrigações
pt_BR;DSO;Reduzir a duração de pendência dos créditos
pt_BR;FORECACC;Melhorar a precisão da previsão de demanda
pt_BR;FSSC;Reduzir o custo financeiro
pt_BR;GRC_COST;Reduzir os custos de gestão de riscos e conformidade
pt_BR;INC_BP_HRM;Aumentar a harmonização de processo comercial
pt_BR;INC_BP_STD;Aumentar a adesão aos processos comerciais SAP padronizados
pt_BR;LOG_COST;Reduzir o custo total de logística
pt_BR;MANCYCL;Reduzir a duração do ciclo de fabricação
pt_BR;MARKET;Aumentar eficácia das promoções de marketing
pt_BR;MAVERICK;Melhorar a conformidade do usuário
pt_BR;METREAD;Reduzir a leitura do medidor para a duração do ciclo da fatura
pt_BR;MFGCOST;Reduzir o custo total de fabricação
pt_BR;MROF;Reduzir tempo de inatividade ou interrupções não planejadas
pt_BR;OIP;Melhorar a produtividade de ETI das compras
pt_BR;PEC;Reduzir dias para fechar livros anuais
pt_BR;POF;Melhorar o desempenho de entrega dentro do prazo
pt_BR;SALE_COST;Reduzir custo de vendas
pt_BR;SC_COST;Reduzir o custo geral de planejamento da cadeia de suprimentos
pt_BR;SERV_PROC;Reduzir despesas com serviços não conformes
pt_BR;SOF;Reduzir custo de serviço e suporte
pt_BR;STOCK_OUT;Reduzir a perda de receita devido à falta de estoque
pt_BR;SUST_EMISS;Reduzir custo de emissões
pt_BR;SUST_WASTE;Reduzir custo de geração de resíduos
pt_BR;T2M;Reduzir o tempo de lançamento de novos produtos
pt_BR;UNCOLL_AR;Reduzir baixas contábeis de contas a receber incobráveis