pfContextInfo_kpiId;io_id;pfContextInfo_phaseId;pfContextInfo_contextInfoId
CPAOP00160;IDENTIFY_NON_CAT_ITEMS_REQU;10;ctx_10_20
CPAOP00160;IDENTIFY_CAT_ITEMS_REJECTED;10;ctx_10_130
CPAOP00160;IMPROVE_COMPL_RATE;10;ctx_10_100
CPAOP00160;IMPROVE_COMPL_RATE;10;ctx_10_140
CPAOP00160;IMPROVE_COMPL_RATE;10;ctx_10_150
CPAOP00160;IMPROVE_COMPL_RATE;10;ctx_10_160
CPAOP00160;ANALYZE_USER_BEH;10;ctx_10_40
CPAOP00160;ANALYZE_USER_BEH;10;ctx_10_50
CPAOP00160;ANALYZE_USER_BEH;10;ctx_10_60
CPAOP00160;ANALYZE_USER_BEH;10;ctx_10_70
CPAOP00160;ANALYZE_USER_BEH;10;ctx_10_80
CPAOP00160;ANALYZE_USER_BEH;10;ctx_10_90
CPAOP00161;IDENTIFY_NON_CAT_PO_ITEMS;10;ctx_10_20
CPAOP00161;IDENTIFY_MAN_ACT_PO_ITEMS;10;ctx_10_35
CPAOP00161;REDUCE_LATE_DEL;10;ctx_10_70
CPAOP00161;REDUCE_LATE_DEL;20;ctx_20_10
CPAOP00161;IDENTIFY_PAR_RCVD_PO_ITEMS;20;ctx_20_60
CPAOP00161;IDENTIFY_PAR_RCVD_PO_ITEMS;20;ctx_20_70
CPAOP00161;IDENTIFY_PAR_RCVD_PO_ITEMS;20;ctx_20_90
CPAOP00161;IDENTIFY_PAR_RCVD_PO_ITEMS;20;ctx_20_100
CPAOP00162;AVOID_EARLY_PAY;20;ctx_20_10
CPAOP00162;AVOID_LATE_PAY;20;ctx_20_20
CPAOP00162;IDENTIFY_CAT_ITEMS_REJECTED;10;ctx_10_40
CPAOP00162;IDENTIFY_CAT_ITEMS_W_EXCEP;10;ctx_10_60
CPAOP00163;IDENTIFY_NON_CAT_PO_ITEMS;10;ctx_10_20
CPAOP00163;IDENTIFY_MAN_ACT_PO_ITEMS;10;ctx_10_35
CPAOP00163;REDUCE_LATE_DEL;10;ctx_10_70
CPAOP00163;IDENTIFY_DEV_PAYTERM_PO_IV;20;ctx_20_80
CPASC00161;MONITOR_EVENT_BEH;20;ctx_20_10
CPASC00161;MONITOR_EVENT_BEH;20;ctx_20_20
CPASC00161;MONITOR_EVENT_BEH;20;ctx_20_30
CPASC00161;MONITOR_EVENT_BEH;20;ctx_20_40
CPASC00161;MONITOR_EVENT_BEH;20;ctx_20_50
CPASC00161;MONITOR_EVENT_BEH;20;ctx_20_60
CPASC00161;MONITOR_EVENT_BEH;20;ctx_20_70
CPASC00161;MONITOR_EVENT_BEH;30;ctx_30_10
CPASC00161;MONITOR_EVENT_BEH;30;ctx_30_20
CPASC00161;MONITOR_EVENT_BEH;30;ctx_30_30
CPASC00161;MONITOR_EVENT_BEH;30;ctx_30_40
CPASC00161;MONITOR_EVENT_BEH;30;ctx_30_50
CPASC00161;MONITOR_PROJ_EVENT_PEND;20;ctx_20_80
CPASC00163;INCREASE_SUPP_PART_ANS_RATE;20;ctx_20_10
CPASC00163;INCREASE_SUPP_PART_ANS_RATE;30;ctx_30_10
CPASC00163;INCREASE_SUPP_PART_ANS_RATE;30;ctx_30_20
CPASC00163;REDUCE_MAN_ACT;20;ctx_20_20
CPASC00164;INCREASE_SUPP_PART_ANS_RATE;20;ctx_20_10
CPASC00164;INCREASE_SUPP_PART_ANS_RATE;30;ctx_30_10
CPASC00164;INCREASE_SUPP_PART_ANS_RATE;30;ctx_30_20
CPASC00164;INCREASE_SUPP_PART_ANS_RATE;30;ctx_30_30
CPASC00164;REDUCE_MAN_ACT_IMPR_USER_PROD;20;ctx_20_20
CPASC00164;MONITOR_SOURC_CO;30;ctx_30_40
CPASC00164;MONITOR_SOURC_CO;30;ctx_30_50
CPASC00165;INCREASE_SUPP_PART_ANS_RATE;20;ctx_20_10
CPASC00165;INCREASE_SUPP_PART_ANS_RATE;30;ctx_30_10
CPASC00165;INCREASE_SUPP_PART_ANS_RATE;30;ctx_30_20
CPASC00165;INCREASE_SUPP_PART_ANS_RATE;30;ctx_30_30
CPASC00165;REDUCE_MAN_ACT_IMPR_USER_PROD;20;ctx_20_20
CPASC00165;MONITOR_SOURC_CO;30;ctx_30_40
CPASC00165;MONITOR_SOURC_CO;30;ctx_30_50
KFFI000960;INCREASE_AUTOM_ROP;20;ctx_20_10
KFFI000960;AVOID_EARLY_PAY;20;ctx_20_15
KFFI000960;AVOID_LATE_PAY;10;ctx_10_10
KFFI000960;AVOID_LATE_PAY;10;ctx_10_20
KFFI000960;AVOID_LATE_PAY;10;ctx_10_60
KFFI000960;AVOID_LATE_PAY;10;ctx_10_70
KFFI000960;AVOID_LATE_PAY;10;ctx_10_80
KFFI000960;AVOID_LATE_PAY;20;ctx_20_20
KFFI000960;AVOID_LATE_PAY;20;ctx_20_30
KFFI000960;IMPROVE_USE_DISCOUNTS;20;ctx_20_40
KFFI000960;IMPROVE_USE_DISCOUNTS;20;ctx_20_50
KFFI000960;IMPROVE_USE_DISCOUNTS;20;ctx_20_60
KFFI001060;IMPROVE_COM_RATE_DSO;10;ctx_10_30
KFFI001060;INCREASE_AUTOM_CUST_INV;10;ctx_10_10
KFFI001060;INCREASE_AUTOM_CUST_INV;10;ctx_10_13
KFFI001060;INCREASE_AUTOM_CUST_INV;10;ctx_10_17
KFFI001060;REDUCE_LATE_CUST_PAY;10;ctx_10_60
KFFI001060;REDUCE_LATE_CUST_PAY;20;ctx_20_30
KFFI001060;USE_DUNNING;10;ctx_10_40
KFFI001060;USE_DUNNING;10;ctx_10_50
KFFI001060;USE_DUNNING;20;ctx_20_10
KFFI001060;INCREASE_ACC_CASH_ALL;20;ctx_20_20
KFFI001060;INCREASE_ACC_CASH_ALL;20;ctx_20_25
KFFI001060;INCREASE_ACC_CASH_ALL;20;ctx_20_30
KFFI001060;INCREASE_ACC_CASH_ALL;20;ctx_20_40
KFFI001060;INCREASE_ACC_CASH_ALL;20;ctx_20_50
KFFI001060;REDUCE_COMPLIANCE;20;ctx_20_40
KFFI001060;IMPROVE_USE_DISCOUNTS;10;ctx_10_70
KFFI001060;IMPROVE_USE_DISCOUNTS;20;ctx_20_35
KFFI001060;IMPROVE_USE_DISCOUNTS;20;ctx_20_60
KFFI001060;IMPROVE_USE_DISCOUNTS;20;ctx_20_70
KFFI000961;INCREASE_AUTOM_ROP;20;ctx_20_10
KFFI000961;AVOID_EARLY_PAY;20;ctx_20_20
KFFI000961;AVOID_LATE_PAY;10;ctx_10_10
KFFI000961;AVOID_LATE_PAY;10;ctx_10_20
KFFI000961;AVOID_LATE_PAY;10;ctx_10_70
KFFI000961;AVOID_LATE_PAY;10;ctx_10_80
KFFI000961;AVOID_LATE_PAY;10;ctx_10_90
KFFI000961;AVOID_LATE_PAY;20;ctx_20_40
KFFI000961;AVOID_LATE_PAY;20;ctx_20_50
KFFI000961;IMPROVE_USE_DISCOUNTS;20;ctx_20_70
KFFI000961;IMPROVE_USE_DISCOUNTS;20;ctx_20_80
KFFI000961;IMPROVE_USE_DISCOUNTS;20;ctx_20_90
KFFI001061;IMPROVE_COM_RATE_DSO;10;ctx_10_30
KFFI001061;INCREASE_AUTOM_CUST_INV;10;ctx_10_10
KFFI001061;REDUCE_LATE_CUST_PAY;10;ctx_10_90
KFFI001061;REDUCE_LATE_CUST_PAY;20;ctx_20_30
KFFI001061;USE_DUNNING;20;ctx_20_20
KFFI001061;USE_DUNNING;20;ctx_20_30
KFFI001061;USE_DUNNING;20;ctx_20_50
KFFI001061;USE_DUNNING;20;ctx_20_60
KFFI001061;INCREASE_ACC_CASH_ALL;20;ctx_20_20
KFFI001061;INCREASE_ACC_CASH_ALL;20;ctx_20_30
KFFI001061;INCREASE_ACC_CASH_ALL;20;ctx_20_50
KFFI001061;INCREASE_ACC_CASH_ALL;20;ctx_20_60
KFFI001061;REDUCE_COMPLIANCE;20;ctx_20_50
KFFI001061;IMPROVE_USE_DISCOUNTS;20;ctx_20_40
KFFI001061;IMPROVE_USE_DISCOUNTS;20;ctx_20_70
KFFI001061;IMPROVE_USE_DISCOUNTS;20;ctx_20_80
KFFI001061;IMPROVE_USE_DISCOUNTS;10;ctx_10_100
KIRET00460;INCREASE_ACC_DEL_QUANT_SCHED;20;ctx_20_20
KIRET00460;INCREASE_ACC_DEL_QUANT_SCHED;30;ctx_30_10
KIRET00460;INCREASE_ACC_DEL_QUANT_SCHED;30;ctx_30_20
KIRET00460;REDUCE_BACKLOG;10;ctx_10_10
KIRET00460;REDUCE_BACKLOG;20;ctx_20_10
KIRET00460;REDUCE_BACKLOG;20;ctx_20_30
KIRET00460;REDUCE_BACKLOG;20;ctx_20_40
KIRET00460;REDUCE_BACKLOG;30;ctx_30_30
KIRET00460;REDUCE_BACKLOG;30;ctx_30_40
KIRET00460;IDENTIFY_AUTOM_OPP;10;ctx_10_20
KIRET00461;INCREASE_ACC_DEL_QUANT_SCHED;20;ctx_20_20
KIRET00461;INCREASE_ACC_DEL_QUANT_SCHED;30;ctx_30_10
KIRET00461;INCREASE_ACC_DEL_QUANT_SCHED;30;ctx_30_20
KIRET00461;REDUCE_BACKLOG;10;ctx_10_10
KIRET00461;REDUCE_BACKLOG;20;ctx_20_10
KIRET00461;REDUCE_BACKLOG;20;ctx_20_30
KIRET00461;REDUCE_BACKLOG;20;ctx_20_40
KIRET00461;REDUCE_BACKLOG;30;ctx_30_30
KIRET00461;REDUCE_BACKLOG;30;ctx_30_40
KIRET00461;IDENTIFY_AUTOM_OPP;10;ctx_10_20
KIRET00462;INCREASE_ACC_DEL_QUANT_SCHED;20;ctx_20_20
KIRET00462;INCREASE_ACC_DEL_QUANT_SCHED;30;ctx_30_10
KIRET00462;INCREASE_ACC_DEL_QUANT_SCHED;30;ctx_30_20
KIRET00462;REDUCE_BACKLOG;10;ctx_10_10
KIRET00462;REDUCE_BACKLOG;20;ctx_20_10
KIRET00462;REDUCE_BACKLOG;20;ctx_20_30
KIRET00462;REDUCE_BACKLOG;20;ctx_20_40
KIRET00462;REDUCE_BACKLOG;30;ctx_30_30
KIRET00462;REDUCE_BACKLOG;30;ctx_30_40
KIRET00462;IDENTIFY_AUTOM_OPP;10;ctx_10_20
KIRET00463;INCREASE_ACC_DEL_QUANT_SCHED;20;ctx_20_20
KIRET00463;INCREASE_ACC_DEL_QUANT_SCHED;30;ctx_30_10
KIRET00463;INCREASE_ACC_DEL_QUANT_SCHED;30;ctx_30_20
KIRET00463;REDUCE_BACKLOG;10;ctx_10_10
KIRET00463;REDUCE_BACKLOG;20;ctx_20_10
KIRET00463;REDUCE_BACKLOG;20;ctx_20_30
KIRET00463;REDUCE_BACKLOG;20;ctx_20_40
KIRET00463;REDUCE_BACKLOG;30;ctx_30_30
KIRET00463;REDUCE_BACKLOG;30;ctx_30_40
KIRET00463;IDENTIFY_AUTOM_OPP;10;ctx_10_20
KIRET00464;INCREASE_ACC_DEL_QUANT_SCHED;20;ctx_20_20
KIRET00464;INCREASE_ACC_DEL_QUANT_SCHED;30;ctx_30_20
KIRET00464;INCREASE_ACC_DEL_QUANT_SCHED;30;ctx_30_30
KIRET00464;REDUCE_BACKLOG;10;ctx_10_10
KIRET00464;REDUCE_BACKLOG;20;ctx_20_10
KIRET00464;REDUCE_BACKLOG;20;ctx_20_30
KIRET00464;REDUCE_BACKLOG;20;ctx_20_50
KIRET00464;REDUCE_BACKLOG;30;ctx_30_40
KIRET00464;REDUCE_BACKLOG;30;ctx_30_50
KIRET00464;IDENTIFY_AUTOM_OPP;10;ctx_10_20
KIRET00465;INCREASE_ACC_DEL_QUANT_SCHED;20;ctx_20_20
KIRET00465;INCREASE_ACC_DEL_QUANT_SCHED;30;ctx_30_20
KIRET00465;INCREASE_ACC_DEL_QUANT_SCHED;30;ctx_30_30
KIRET00465;REDUCE_BACKLOG;10;ctx_10_10
KIRET00465;REDUCE_BACKLOG;20;ctx_20_10
KIRET00465;REDUCE_BACKLOG;20;ctx_20_30
KIRET00465;REDUCE_BACKLOG;20;ctx_20_50
KIRET00465;REDUCE_BACKLOG;30;ctx_30_40
KIRET00465;REDUCE_BACKLOG;30;ctx_30_50
KIRET00465;IDENTIFY_AUTOM_OPP;10;ctx_10_20
KIRET00466;INCREASE_ACC_DEL_QUANT_SCHED;20;ctx_20_20
KIRET00466;INCREASE_ACC_DEL_QUANT_SCHED;30;ctx_30_20
KIRET00466;INCREASE_ACC_DEL_QUANT_SCHED;30;ctx_30_30
KIRET00466;REDUCE_BACKLOG;10;ctx_10_10
KIRET00466;REDUCE_BACKLOG;20;ctx_20_10
KIRET00466;REDUCE_BACKLOG;20;ctx_20_30
KIRET00466;REDUCE_BACKLOG;20;ctx_20_50
KIRET00466;REDUCE_BACKLOG;30;ctx_30_40
KIRET00466;REDUCE_BACKLOG;30;ctx_30_50
KIRET00466;IDENTIFY_AUTOM_OPP;10;ctx_10_20
KIRET00467;INCREASE_ACC_DEL_QUANT_SCHED;20;ctx_20_20
KIRET00467;INCREASE_ACC_DEL_QUANT_SCHED;30;ctx_30_20
KIRET00467;INCREASE_ACC_DEL_QUANT_SCHED;30;ctx_30_30
KIRET00467;REDUCE_BACKLOG;10;ctx_10_10
KIRET00467;REDUCE_BACKLOG;20;ctx_20_10
KIRET00467;REDUCE_BACKLOG;20;ctx_20_30
KIRET00467;REDUCE_BACKLOG;20;ctx_20_50
KIRET00467;REDUCE_BACKLOG;30;ctx_30_40
KIRET00467;REDUCE_BACKLOG;30;ctx_30_50
KIRET00467;IDENTIFY_AUTOM_OPP;10;ctx_10_20
KIRET00560;ASSESS_COMPL_RATE_LEADTIME;20;ctx_20_10
KIRET00560;REDUCE_LATE_DEL;10;ctx_10_50
KIRET00560;REDUCE_LATE_DEL;10;ctx_10_110
KIRET00560;REDUCE_LATE_DEL;10;ctx_10_120
KIRET00560;REDUCE_LATE_DEL;10;ctx_10_130
KIRET00560;REDUCE_LATE_DEL;10;ctx_10_140
KIRET00560;REDUCE_LATE_DEL;20;ctx_20_40
KIRET00560;REDUCE_LATE_DEL;20;ctx_20_60
KIRET00560;ANALYZE_IR_BEFORE_GR;30;ctx_30_10
KIRET00560;IMPROVE_MD_QUAL;10;ctx_10_90
KIRET00560;IMPROVE_MD_QUAL;10;ctx_10_100
KIRET00561;ASSESS_COMPL_RATE_LEADTIME;20;ctx_20_10
KIRET00561;REDUCE_LATE_DEL;10;ctx_10_50
KIRET00561;REDUCE_LATE_DEL;10;ctx_10_110
KIRET00561;REDUCE_LATE_DEL;10;ctx_10_120
KIRET00561;REDUCE_LATE_DEL;10;ctx_10_130
KIRET00561;REDUCE_LATE_DEL;10;ctx_10_140
KIRET00561;REDUCE_LATE_DEL;20;ctx_20_40
KIRET00561;REDUCE_LATE_DEL;20;ctx_20_60
KIRET00561;ANALYZE_IR_BEFORE_GR;30;ctx_30_10
KIRET00561;IMPROVE_MD_QUAL;10;ctx_10_90
KIRET00561;IMPROVE_MD_QUAL;10;ctx_10_100
KIRET00562;ASSESS_COMPL_RATE_LEADTIME;10;ctx_10_90
KIRET00562;ANALYZE_PO_ITEMS_WO_PR_REF;10;ctx_10_10
KIRET00562;ANALYZE_PO_ITEMS_WO_PR_REF;10;ctx_10_20
KIRET00562;REDUCE_LATE_DEL;10;ctx_10_50
KIRET00562;REDUCE_LATE_DEL;10;ctx_10_100
KIRET00562;REDUCE_LATE_DEL;10;ctx_10_110
KIRET00562;REDUCE_LATE_DEL;10;ctx_10_120
KIRET00562;REDUCE_LATE_DEL;10;ctx_10_130
KIRET00562;REDUCE_LATE_DEL;20;ctx_20_40
KIRET00562;ANALYZE_IR_BEFORE_GR;30;ctx_30_10
KIRET00562;REDUCE_OPEN_PURCH_COM_ITEMS;30;ctx_30_40
KIRET00563;ASSESS_COMPL_RATE_LEADTIME;10;ctx_10_90
KIRET00563;ANALYZE_PO_ITEMS_WO_PR_REF;10;ctx_10_10
KIRET00563;ANALYZE_PO_ITEMS_WO_PR_REF;10;ctx_10_20
KIRET00563;REDUCE_LATE_DEL;10;ctx_10_50
KIRET00563;REDUCE_LATE_DEL;10;ctx_10_100
KIRET00563;REDUCE_LATE_DEL;10;ctx_10_110
KIRET00563;REDUCE_LATE_DEL;10;ctx_10_120
KIRET00563;REDUCE_LATE_DEL;10;ctx_10_130
KIRET00563;REDUCE_LATE_DEL;20;ctx_20_40
KIRET00563;ANALYZE_IR_BEFORE_GR;30;ctx_30_10
KIRET00563;REDUCE_OPEN_PURCH_COM_ITEMS;30;ctx_30_40
KPIM000160;ASSESS_STOCKLEVEL_TIME;10;ctx_10_10
KPIM000160;ASSESS_STOCKLEVEL_TIME;10;ctx_10_20
KPIM000160;ASSESS_STOCKLEVEL_TIME;10;ctx_10_30
KPIM000160;ASSESS_STOCKLEVEL_TIME;20;ctx_20_10
KPIM000160;ASSESS_STOCKLEVEL_TIME;20;ctx_20_10
KPIM000160;ASSESS_STOCKLEVEL_TIME;20;ctx_20_20
KPIM000160;ASSESS_STOCKLEVEL_TIME;20;ctx_20_30
KPIM000160;ASSESS_STOCKLEVEL_TIME;20;ctx_20_40
KPIM000160;ASSESS_STOCKLEVEL_TIME;20;ctx_20_50
KPIM000160;ASSESS_STOCKLEVEL_TIME;20;ctx_20_60
KPIM000160;ASSESS_STOCKLEVEL_TIME;20;ctx_20_70
KPIM000160;ASSESS_STOCKLEVEL_TIME;20;ctx_20_80
KPIM000160;ASSESS_STOCKLEVEL_TIME;20;ctx_20_90
KPIM000160;ASSESS_STOCKLEVEL_TIME;20;ctx_20_100
KPIM000160;ASSESS_STOCKLEVEL_TIME;20;ctx_20_110
KPIM000160;ASSESS_STOCKLEVEL_TIME;20;ctx_20_120
KPIM000160;ASSESS_STOCKLEVEL_TIME;20;ctx_20_130
KPIM000160;ASSESS_STOCKLEVEL_TIME;20;ctx_20_140
KPIM000160;ASSESS_STOCKLEVEL_TIME;20;ctx_20_150
KPIM000160;ASSESS_STOCKLEVEL_TIME;20;ctx_20_160
KPIM000160;ASSESS_STOCKLEVEL_TIME;20;ctx_20_170
KPIM000160;ASSESS_STOCKLEVEL_TIME;20;ctx_20_180
KPIM000160;REDUCE_STOCKLEVEL_MOVE;20;ctx_20_20
KPIM000160;REDUCE_STOCKLEVEL_MOVE;20;ctx_20_30
KPIM000160;REDUCE_STOCKLEVEL_MOVE;20;ctx_20_50
KPIM000160;REDUCE_STOCKLEVEL_MOVE;20;ctx_20_60
KPIM000160;REDUCE_STOCKLEVEL_DELETED;20;ctx_20_20
KPIM000160;REDUCE_STOCKLEVEL_DELETED;20;ctx_20_30
KPIM000160;REDUCE_STOCKLEVEL_DELETED;20;ctx_20_50
KPIM000160;REDUCE_STOCKLEVEL_DELETED;20;ctx_20_60
KPIM000160;REDUCE_STOCKLEVEL_DELETED;20;ctx_20_80
KPIM000160;REDUCE_STOCKLEVEL_DELETED;20;ctx_20_90
KPIM000160;REDUCE_STOCKLEVEL_DELETED;20;ctx_20_110
KPIM000160;REDUCE_STOCKLEVEL_DELETED;20;ctx_20_120
KPIM000160;REDUCE_STOCKLEVEL_DELETED;20;ctx_20_140
KPIM000160;REDUCE_STOCKLEVEL_DELETED;20;ctx_20_150
KPIM000160;REDUCE_STOCKLEVEL_DELETED;20;ctx_20_170
KPIM000160;REDUCE_STOCKLEVEL_DELETED;20;ctx_20_180
KPIM000161;ASSESS_STOCKLEVEL_TIME;10;ctx_10_10
KPIM000161;ASSESS_STOCKLEVEL_TIME;10;ctx_10_20
KPIM000161;ASSESS_STOCKLEVEL_TIME;10;ctx_10_30
KPIM000161;ASSESS_STOCKLEVEL_TIME;20;ctx_20_10
KPIM000161;ASSESS_STOCKLEVEL_TIME;20;ctx_20_10
KPIM000161;ASSESS_STOCKLEVEL_TIME;20;ctx_20_20
KPIM000161;ASSESS_STOCKLEVEL_TIME;20;ctx_20_30
KPIM000161;ASSESS_STOCKLEVEL_TIME;20;ctx_20_40
KPIM000161;ASSESS_STOCKLEVEL_TIME;20;ctx_20_50
KPIM000161;ASSESS_STOCKLEVEL_TIME;20;ctx_20_60
KPIM000161;ASSESS_STOCKLEVEL_TIME;20;ctx_20_70
KPIM000161;ASSESS_STOCKLEVEL_TIME;20;ctx_20_80
KPIM000161;ASSESS_STOCKLEVEL_TIME;20;ctx_20_90
KPIM000161;ASSESS_STOCKLEVEL_TIME;20;ctx_20_100
KPIM000161;ASSESS_STOCKLEVEL_TIME;20;ctx_20_110
KPIM000161;ASSESS_STOCKLEVEL_TIME;20;ctx_20_120
KPIM000161;ASSESS_STOCKLEVEL_TIME;20;ctx_20_130
KPIM000161;ASSESS_STOCKLEVEL_TIME;20;ctx_20_140
KPIM000161;ASSESS_STOCKLEVEL_TIME;20;ctx_20_150
KPIM000161;ASSESS_STOCKLEVEL_TIME;20;ctx_20_160
KPIM000161;ASSESS_STOCKLEVEL_TIME;20;ctx_20_170
KPIM000161;ASSESS_STOCKLEVEL_TIME;20;ctx_20_180
KPIM000161;REDUCE_STOCKLEVEL_MOVE;20;ctx_20_20
KPIM000161;REDUCE_STOCKLEVEL_MOVE;20;ctx_20_30
KPIM000161;REDUCE_STOCKLEVEL_MOVE;20;ctx_20_50
KPIM000161;REDUCE_STOCKLEVEL_MOVE;20;ctx_20_60
KPIM000161;REDUCE_STOCKLEVEL_DELETED;20;ctx_20_20
KPIM000161;REDUCE_STOCKLEVEL_DELETED;20;ctx_20_30
KPIM000161;REDUCE_STOCKLEVEL_DELETED;20;ctx_20_50
KPIM000161;REDUCE_STOCKLEVEL_DELETED;20;ctx_20_60
KPIM000161;REDUCE_STOCKLEVEL_DELETED;20;ctx_20_80
KPIM000161;REDUCE_STOCKLEVEL_DELETED;20;ctx_20_90
KPIM000161;REDUCE_STOCKLEVEL_DELETED;20;ctx_20_110
KPIM000161;REDUCE_STOCKLEVEL_DELETED;20;ctx_20_120
KPIM000161;REDUCE_STOCKLEVEL_DELETED;20;ctx_20_140
KPIM000161;REDUCE_STOCKLEVEL_DELETED;20;ctx_20_150
KPIM000161;REDUCE_STOCKLEVEL_DELETED;20;ctx_20_170
KPIM000161;REDUCE_STOCKLEVEL_DELETED;20;ctx_20_180
KPIM000162;ASSESS_STOCKLEVEL_TIME;10;ctx_10_10
KPIM000162;ASSESS_STOCKLEVEL_TIME;10;ctx_10_20
KPIM000162;ASSESS_STOCKLEVEL_TIME;10;ctx_10_30
KPIM000162;ASSESS_STOCKLEVEL_TIME;20;ctx_20_10
KPIM000162;ASSESS_STOCKLEVEL_TIME;20;ctx_20_10
KPIM000162;ASSESS_STOCKLEVEL_TIME;20;ctx_20_20
KPIM000162;ASSESS_STOCKLEVEL_TIME;20;ctx_20_30
KPIM000162;ASSESS_STOCKLEVEL_TIME;20;ctx_20_40
KPIM000162;ASSESS_STOCKLEVEL_TIME;20;ctx_20_50
KPIM000162;ASSESS_STOCKLEVEL_TIME;20;ctx_20_60
KPIM000162;ASSESS_STOCKLEVEL_TIME;20;ctx_20_70
KPIM000162;ASSESS_STOCKLEVEL_TIME;20;ctx_20_80
KPIM000162;ASSESS_STOCKLEVEL_TIME;20;ctx_20_90
KPIM000162;ASSESS_STOCKLEVEL_TIME;20;ctx_20_100
KPIM000162;ASSESS_STOCKLEVEL_TIME;20;ctx_20_110
KPIM000162;ASSESS_STOCKLEVEL_TIME;20;ctx_20_120
KPIM000162;ASSESS_STOCKLEVEL_TIME;20;ctx_20_130
KPIM000162;ASSESS_STOCKLEVEL_TIME;20;ctx_20_140
KPIM000162;ASSESS_STOCKLEVEL_TIME;20;ctx_20_150
KPIM000162;ASSESS_STOCKLEVEL_TIME;20;ctx_20_160
KPIM000162;ASSESS_STOCKLEVEL_TIME;20;ctx_20_170
KPIM000162;ASSESS_STOCKLEVEL_TIME;20;ctx_20_180
KPIM000162;REDUCE_STOCKLEVEL_MOVE;20;ctx_20_20
KPIM000162;REDUCE_STOCKLEVEL_MOVE;20;ctx_20_30
KPIM000162;REDUCE_STOCKLEVEL_MOVE;20;ctx_20_50
KPIM000162;REDUCE_STOCKLEVEL_MOVE;20;ctx_20_60
KPIM000162;REDUCE_STOCKLEVEL_DELETED;20;ctx_20_20
KPIM000162;REDUCE_STOCKLEVEL_DELETED;20;ctx_20_30
KPIM000162;REDUCE_STOCKLEVEL_DELETED;20;ctx_20_50
KPIM000162;REDUCE_STOCKLEVEL_DELETED;20;ctx_20_60
KPIM000162;REDUCE_STOCKLEVEL_DELETED;20;ctx_20_80
KPIM000162;REDUCE_STOCKLEVEL_DELETED;20;ctx_20_90
KPIM000162;REDUCE_STOCKLEVEL_DELETED;20;ctx_20_110
KPIM000162;REDUCE_STOCKLEVEL_DELETED;20;ctx_20_120
KPIM000162;REDUCE_STOCKLEVEL_DELETED;20;ctx_20_140
KPIM000162;REDUCE_STOCKLEVEL_DELETED;20;ctx_20_150
KPIM000162;REDUCE_STOCKLEVEL_DELETED;20;ctx_20_170
KPIM000162;REDUCE_STOCKLEVEL_DELETED;20;ctx_20_180
KPIM000163;ASSESS_STOCKLEVEL_TIME;10;ctx_10_10
KPIM000163;ASSESS_STOCKLEVEL_TIME;10;ctx_10_20
KPIM000163;ASSESS_STOCKLEVEL_TIME;10;ctx_10_30
KPIM000163;ASSESS_STOCKLEVEL_TIME;20;ctx_20_10
KPIM000163;ASSESS_STOCKLEVEL_TIME;20;ctx_20_10
KPIM000163;ASSESS_STOCKLEVEL_TIME;20;ctx_20_20
KPIM000163;ASSESS_STOCKLEVEL_TIME;20;ctx_20_30
KPIM000163;ASSESS_STOCKLEVEL_TIME;20;ctx_20_40
KPIM000163;ASSESS_STOCKLEVEL_TIME;20;ctx_20_50
KPIM000163;ASSESS_STOCKLEVEL_TIME;20;ctx_20_60
KPIM000163;ASSESS_STOCKLEVEL_TIME;20;ctx_20_70
KPIM000163;ASSESS_STOCKLEVEL_TIME;20;ctx_20_80
KPIM000163;ASSESS_STOCKLEVEL_TIME;20;ctx_20_90
KPIM000163;ASSESS_STOCKLEVEL_TIME;20;ctx_20_100
KPIM000163;ASSESS_STOCKLEVEL_TIME;20;ctx_20_110
KPIM000163;ASSESS_STOCKLEVEL_TIME;20;ctx_20_120
KPIM000163;ASSESS_STOCKLEVEL_TIME;20;ctx_20_130
KPIM000163;ASSESS_STOCKLEVEL_TIME;20;ctx_20_140
KPIM000163;ASSESS_STOCKLEVEL_TIME;20;ctx_20_150
KPIM000163;ASSESS_STOCKLEVEL_TIME;20;ctx_20_160
KPIM000163;ASSESS_STOCKLEVEL_TIME;20;ctx_20_170
KPIM000163;ASSESS_STOCKLEVEL_TIME;20;ctx_20_180
KPIM000163;REDUCE_STOCKLEVEL_MOVE;20;ctx_20_20
KPIM000163;REDUCE_STOCKLEVEL_MOVE;20;ctx_20_30
KPIM000163;REDUCE_STOCKLEVEL_MOVE;20;ctx_20_50
KPIM000163;REDUCE_STOCKLEVEL_MOVE;20;ctx_20_60
KPIM000163;REDUCE_STOCKLEVEL_DELETED;20;ctx_20_20
KPIM000163;REDUCE_STOCKLEVEL_DELETED;20;ctx_20_30
KPIM000163;REDUCE_STOCKLEVEL_DELETED;20;ctx_20_50
KPIM000163;REDUCE_STOCKLEVEL_DELETED;20;ctx_20_60
KPIM000163;REDUCE_STOCKLEVEL_DELETED;20;ctx_20_80
KPIM000163;REDUCE_STOCKLEVEL_DELETED;20;ctx_20_90
KPIM000163;REDUCE_STOCKLEVEL_DELETED;20;ctx_20_110
KPIM000163;REDUCE_STOCKLEVEL_DELETED;20;ctx_20_120
KPIM000163;REDUCE_STOCKLEVEL_DELETED;20;ctx_20_140
KPIM000163;REDUCE_STOCKLEVEL_DELETED;20;ctx_20_150
KPIM000163;REDUCE_STOCKLEVEL_DELETED;20;ctx_20_170
KPIM000163;REDUCE_STOCKLEVEL_DELETED;20;ctx_20_180
KPLE000360;REDUCE_NO_RETURNS_TO_SUPPL;10;ctx_10_35
KPLE000360;INCREASE_AUTOM_OUTB_DEL_ITEM;10;ctx_10_50
KPLE000360;INCREASE_AUTOM_OUTB_DEL_ITEM;10;ctx_10_55
KPLE000360;INCREASE_AUTOM_OUTB_DEL_ITEM;10;ctx_10_60
KPLE000360;INCREASE_AUTOM_OUTB_DEL_ITEM;10;ctx_10_70
KPLE000360;INCREASE_AUTOM_OUTB_DEL_ITEM;10;ctx_10_80
KPLE000360;INCREASE_ACC_GI_PLAN_RED_LATE_SH;10;ctx_10_90
KPLE000360;INCREASE_ACC_GI_PLAN_RED_LATE_SH;40;ctx_40_10
KPLE000360;INCREASE_ACC_GI_PLAN_RED_LATE_SH;40;ctx_40_30
KPLE000361;INCREASE_AUTOM_OUTB_DEL_ITEM;10;ctx_10_50
KPLE000361;INCREASE_AUTOM_OUTB_DEL_ITEM;10;ctx_10_55
KPLE000361;INCREASE_AUTOM_OUTB_DEL_ITEM;10;ctx_10_60
KPLE000361;INCREASE_AUTOM_OUTB_DEL_ITEM;10;ctx_10_70
KPLE000361;INCREASE_AUTOM_OUTB_DEL_ITEM;10;ctx_10_80
KPLE000361;INCREASE_ACC_GI_PLAN_RED_LATE_SH;20;ctx_20_30
KPLE000361;INCREASE_ACC_GI_PLAN_RED_LATE_SH;50;ctx_50_10
KPLE000361;INCREASE_ACC_GI_PLAN_RED_LATE_SH;50;ctx_50_30
KPMRP00260;IMPROVE_RUNTIME_MRP;10;ctx_10_10
KPMRP00260;IMPROVE_QUAL_SALES_REL_TRANS_DATA;15;ctx_15_20
KPMRP00260;IMPROVE_QUAL_SALES_REL_TRANS_DATA;15;ctx_15_30
KPMRP00260;IMPROVE_QUAL_PLAN_REL_TRANS_DATA;20;ctx_20_10
KPMRP00260;IMPROVE_QUAL_PLAN_REL_TRANS_DATA;20;ctx_20_20
KPMRP00260;IMPROVE_QUAL_PLAN_REL_TRANS_DATA;20;ctx_20_30
KPMRP00260;IMPROVE_QUAL_PLAN_REL_TRANS_DATA;20;ctx_20_40
KPMRP00260;IMPROVE_QUAL_MANUF_REL_TRANS_DATA;30;ctx_30_10
KPMRP00260;IMPROVE_QUAL_MANUF_REL_TRANS_DATA;30;ctx_30_20
KPMRP00260;IMPROVE_QUAL_MANUF_REL_TRANS_DATA;30;ctx_30_30
KPMRP00260;IMPROVE_QUAL_PURCH_REL_TRANS_DATA;40;ctx_40_10
KPMRP00260;IMPROVE_QUAL_PURCH_REL_TRANS_DATA;40;ctx_40_20
KPMRP00260;REDUCE_EXCEP_PLAN_EXEC;50;ctx_50_40
KPMRP00260;REDUCE_EXCEP_PLAN_EXEC;50;ctx_50_50
KPMRP00260;REDUCE_EXCEP_PLAN_EXEC;50;ctx_50_60
KPMRP00260;REDUCE_EXCEP_PLAN_EXEC;50;ctx_50_70
KPMRP00260;REDUCE_EXCEP_PLAN_EXEC;50;ctx_50_10
KPMRP00260;REDUCE_EXCEP_PLAN_EXEC;50;ctx_50_20
KPMRP00260;REDUCE_EXCEP_PLAN_EXEC;50;ctx_50_30
KPMRP00260;IMPROVE_USAGE_PLAN_RESULTS;60;ctx_60_10
KPMRP00260;IMPROVE_USAGE_PLAN_RESULTS;70;ctx_70_10
KPPP000160;INCREASE_SCP_AUTOMATION;10;ctx_10_10
KPPP000160;INCREASE_SCP_AUTOMATION;10;ctx_10_30
KPPP000160;INCREASE_SCP_AUTOMATION;10;ctx_10_40
KPPP000160;INCREASE_SCP_AUTOMATION;10;ctx_10_50
KPPP000160;INCREASE_DATE_ADHERENCE;10;ctx_10_60
KPPP000160;INCREASE_DATE_ADHERENCE;10;ctx_10_70
KPPP000160;INCREASE_DATE_ADHERENCE;10;ctx_10_90
KPPP000160;INCREASE_DATE_ADHERENCE;20;ctx_20_10
KPPP000160;INCREASE_DATE_ADHERENCE;30;ctx_30_10
KPPP000160;IMPROVE_COMP_AVAIL;10;ctx_10_80
KPPP000160;IMPROVE_COMP_AVAIL;20;ctx_20_20
KPPP000160;ENSURE_USE_QM_IN_MAUFACT;30;ctx_30_40
KPPP000160;ENSURE_USE_QM_IN_MAUFACT;30;ctx_30_50
KPPP000160;ENSURE_USE_QM_IN_MAUFACT;30;ctx_30_60
KPPP000160;ENSURE_USE_QM_IN_MAUFACT;30;ctx_30_70
KPPP000162;IMPROVE_OTIF_DEL_RATE;10;ctx_10_50
KPPP000162;IMPROVE_OTIF_DEL_RATE;10;ctx_10_60
KPPP000162;IMPROVE_OTIF_DEL_RATE;10;ctx_10_70
KPPP000162;IMPROVE_OTIF_DEL_RATE;10;ctx_10_80
KPPP000162;IMPROVE_OTIF_DEL_RATE;10;ctx_10_100
KPPP000162;IMPROVE_OTIF_DEL_RATE;50;ctx_50_10
KPPP000162;IMPROVE_OTIF_DEL_RATE;50;ctx_50_20
KPPP000162;IMPROVE_OTIF_DEL_RATE;50;ctx_50_30
KPPP000162;IMPROVE_OTIF_DEL_RATE;50;ctx_50_40
KPPP000162;IMPROVE_STOCK_AVAILABILITY;20;ctx_20_10
KPPP000162;IMPROVE_STOCK_AVAILABILITY;20;ctx_20_20
KPPP000162;IMPROVE_STOCK_AVAILABILITY;20;ctx_20_30
KPPP000162;REDUCE_PROBL_BL_PURCH;30;ctx_30_10
KPPP000162;REDUCE_PROBL_BL_PURCH;30;ctx_30_20
KPPP000162;REDUCE_PROBL_BL_PURCH;30;ctx_30_30
KPPP000162;REDUCE_PROBL_BL_MANUF;40;ctx_40_10
KPPP000162;REDUCE_PROBL_BL_MANUF;40;ctx_40_20
KPPP000162;REDUCE_PROBL_BL_MANUF;40;ctx_40_30
KPPP000260;INCREASE_SCP_AUTOMATION;10;ctx_10_10
KPPP000260;INCREASE_SCP_AUTOMATION;10;ctx_10_30
KPPP000260;INCREASE_SCP_AUTOMATION;10;ctx_10_40
KPPP000260;INCREASE_SCP_AUTOMATION;10;ctx_10_50
KPPP000260;INCREASE_DATE_ADHERENCE;10;ctx_10_60
KPPP000260;INCREASE_DATE_ADHERENCE;10;ctx_10_70
KPPP000260;INCREASE_DATE_ADHERENCE;10;ctx_10_90
KPPP000260;INCREASE_DATE_ADHERENCE;20;ctx_20_10
KPPP000260;INCREASE_DATE_ADHERENCE;30;ctx_30_10
KPPP000260;IMPROVE_COMP_AVAIL;10;ctx_10_80
KPPP000260;IMPROVE_COMP_AVAIL;20;ctx_20_20
KPPP000260;ENSURE_USE_QM_IN_MAUFACT;30;ctx_30_40
KPPP000260;ENSURE_USE_QM_IN_MAUFACT;30;ctx_30_50
KPPP000260;ENSURE_USE_QM_IN_MAUFACT;30;ctx_30_60
KPPP000260;ENSURE_USE_QM_IN_MAUFACT;30;ctx_30_70
KPPP000262;IMPROVE_OTIF_DEL_RATE;10;ctx_10_50
KPPP000262;IMPROVE_OTIF_DEL_RATE;10;ctx_10_60
KPPP000262;IMPROVE_OTIF_DEL_RATE;10;ctx_10_70
KPPP000262;IMPROVE_OTIF_DEL_RATE;10;ctx_10_80
KPPP000262;IMPROVE_OTIF_DEL_RATE;10;ctx_10_100
KPPP000262;IMPROVE_OTIF_DEL_RATE;50;ctx_50_10
KPPP000262;IMPROVE_OTIF_DEL_RATE;50;ctx_50_20
KPPP000262;IMPROVE_OTIF_DEL_RATE;50;ctx_50_30
KPPP000262;IMPROVE_OTIF_DEL_RATE;50;ctx_50_40
KPPP000262;IMPROVE_STOCK_AVAILABILITY;20;ctx_20_10
KPPP000262;IMPROVE_STOCK_AVAILABILITY;20;ctx_20_20
KPPP000262;IMPROVE_STOCK_AVAILABILITY;20;ctx_20_30
KPPP000262;REDUCE_PROBL_BL_PURCH;30;ctx_30_10
KPPP000262;REDUCE_PROBL_BL_PURCH;30;ctx_30_20
KPPP000262;REDUCE_PROBL_BL_PURCH;30;ctx_30_30
KPPP000262;REDUCE_PROBL_BL_MANUF;40;ctx_40_10
KPPP000262;REDUCE_PROBL_BL_MANUF;40;ctx_40_20
KPPP000262;REDUCE_PROBL_BL_MANUF;40;ctx_40_30
KPPROJ0360;IMPROVE_WBS_MD_QUAL;10;ctx_10_10
KPPROJ0360;IMPROVE_WBS_MD_QUAL;10;ctx_10_20
KPPROJ0360;IMPROVE_WBS_MD_QUAL;10;ctx_10_30
KPPROJ0360;IMPROVE_WBS_MD_QUAL;10;ctx_10_35
KPPROJ0360;IMPROVE_WBS_MD_QUAL;10;ctx_10_40
KPPROJ0360;IMPROVE_WBS_MD_QUAL;10;ctx_10_50
KPPROJ0360;IMPROVE_WBS_MD_QUAL;10;ctx_10_60
KPPROJ0360;IMPROVE_CONSIST_ACC_ASSIG;10;ctx_10_100
KPPROJ0360;IMPROVE_CONSIST_ACC_ASSIG;10;ctx_10_110
KPPROJ0360;REDUCE_OPEN_COM_ITEMS;10;ctx_10_80
KPPROJ0360;REDUCE_OPEN_COM_ITEMS;10;ctx_10_90
KPPROJ0360;ENSURE_CONSIST_PROC_COMPL;20;ctx_20_10
KPPROJ0360;ENSURE_CONSIST_PROC_COMPL;20;ctx_20_50
KPPROJ0360;ENSURE_CONSIST_PROC_COMPL;20;ctx_20_60
KPPROJ0361;IMPROVE_WBS_MD_QUAL;10;ctx_10_10
KPPROJ0361;IMPROVE_WBS_MD_QUAL;10;ctx_10_20
KPPROJ0361;IMPROVE_WBS_MD_QUAL;10;ctx_10_30
KPPROJ0361;IMPROVE_WBS_MD_QUAL;10;ctx_10_35
KPPROJ0361;IMPROVE_WBS_MD_QUAL;10;ctx_10_40
KPPROJ0361;IMPROVE_WBS_MD_QUAL;10;ctx_10_50
KPPROJ0361;IMPROVE_WBS_MD_QUAL;10;ctx_10_60
KPPROJ0361;IMPROVE_CONSIST_ACC_ASSIG;10;ctx_10_120
KPPROJ0361;IMPROVE_CONSIST_ACC_ASSIG;10;ctx_10_130
KPPROJ0361;REDUCE_OPEN_COM_ITEMS;10;ctx_10_100
KPPROJ0361;REDUCE_OPEN_COM_ITEMS;10;ctx_10_110
KPPROJ0361;IMPROVE_ASSET_CAPITAL_PERF;10;ctx_10_80
KPPROJ0361;IMPROVE_ASSET_CAPITAL_PERF;10;ctx_10_90
KPPROJ0361;IMPROVE_ASSET_CAPITAL_PERF;20;ctx_20_20
KPPROJ0361;IMPROVE_ASSET_CAPITAL_PERF;20;ctx_20_50
KPPROJ0361;ENSURE_CONSIST_PROC_COMPL;10;ctx_10_90
KPPROJ0361;ENSURE_CONSIST_PROC_COMPL;20;ctx_20_10
KPPROJ0361;ENSURE_CONSIST_PROC_COMPL;20;ctx_20_60
KPPROJ0361;ENSURE_CONSIST_PROC_COMPL;20;ctx_20_70
KPPURCH261;ASSESS_COMPL_RATE_LEADTIME;20;ctx_20_10
KPPURCH261;ANALYZE_PO_ITEMS_WO_PR_REF;10;ctx_10_10
KPPURCH261;ANALYZE_PO_ITEMS_WO_PR_REF;10;ctx_10_20
KPPURCH261;ANALYZE_PO_ITEMS_WO_PR_REF;10;ctx_10_23
KPPURCH261;ANALYZE_PO_ITEMS_WO_PR_REF;10;ctx_10_26
KPPURCH261;REDUCE_LATE_DEL;10;ctx_10_100
KPPURCH261;REDUCE_LATE_DEL;10;ctx_10_120
KPPURCH261;REDUCE_LATE_DEL;10;ctx_10_50
KPPURCH261;REDUCE_LATE_DEL;10;ctx_10_57
KPPURCH261;REDUCE_LATE_DEL;10;ctx_10_60
KPPURCH261;REDUCE_LATE_DEL;10;ctx_10_70
KPPURCH261;REDUCE_LATE_DEL;10;ctx_10_80
KPPURCH261;REDUCE_LATE_DEL;10;ctx_10_90
KPPURCH261;REDUCE_LATE_DEL;20;ctx_20_40
KPPURCH261;REDUCE_LATE_DEL;20;ctx_20_50
KPPURCH261;REDUCE_LATE_DEL;20;ctx_20_60
KPPURCH261;REDUCE_LATE_DEL;20;ctx_20_70
KPPURCH261;ANALYZE_IR_BEFORE_GR;10;ctx_10_47
KPPURCH261;ANALYZE_IR_BEFORE_GR;30;ctx_30_10
KPPURCH261;IMPROVE_MD_QUAL;10;ctx_10_53
KPPURCH261;IMPROVE_MD_QUAL;10;ctx_10_55
KPPURCH265;ANALYZE_PO_ITEMS_WO_PR_REF;10;ctx_10_10
KPPURCH265;IDENTIFY_AUTOM_OPP;10;ctx_10_20
KPPURCH265;IDENTIFY_AUTOM_OPP;30;ctx_30_30
KPPURCH265;INCREASE_ADH_EXP_DATES;10;ctx_10_50
KPPURCH265;INCREASE_ADH_EXP_DATES;20;ctx_20_10
KPPURCH265;INCREASE_ADH_EXP_DATES;20;ctx_20_20
KPPURCH265;INCREASE_ADH_EXP_DATES;20;ctx_20_40
KPPURCH265;REDUCE_OPEN_PURCH_COM_ITEMS;20;ctx_20_20
KPPURCH265;REDUCE_OPEN_PURCH_COM_ITEMS;20;ctx_20_30
KPPURCH265;IDENTIFY_DEV_PAYTERM_PO_IV;30;ctx_30_40
KPPURCH268;ASSESS_COMPL_RATE_LEADTIME;10;ctx_10_50
KPPURCH268;ASSESS_COMPL_RATE_LEADTIME;10;ctx_10_60
KPPURCH268;ANALYZE_PO_ITEMS_WO_PR_REF;10;ctx_10_10
KPPURCH268;ANALYZE_PO_ITEMS_WO_PR_REF;10;ctx_10_20
KPPURCH268;ANALYZE_PO_ITEMS_WO_PR_REF;10;ctx_10_30
KPPURCH268;ANALYZE_PO_ITEMS_WO_PR_REF;10;ctx_10_40
KPPURCH268;REDUCE_LATE_DEL;10;ctx_10_70
KPPURCH268;REDUCE_LATE_DEL;10;ctx_10_100
KPPURCH268;REDUCE_LATE_DEL;10;ctx_10_110
KPPURCH268;REDUCE_LATE_DEL;10;ctx_10_120
KPPURCH268;REDUCE_LATE_DEL;10;ctx_10_130
KPPURCH268;REDUCE_LATE_DEL;20;ctx_20_40
KPPURCH268;REDUCE_LATE_DEL;20;ctx_20_50
KPPURCH268;REDUCE_LATE_DEL;20;ctx_20_60
KPPURCH268;REDUCE_LATE_DEL;20;ctx_20_70
KPPURCH268;ANALYZE_IR_BEFORE_GR;30;ctx_30_10
KPPURCH268;REDUCE_OPEN_PURCH_COM_ITEMS;30;ctx_30_40
KPPURCH360;INCREASE_AUTOMATION;10;ctx_10_10
KPPURCH360;INCREASE_AUTOMATION;10;ctx_10_40
KPPURCH360;INCREASE_AUTOMATION;10;ctx_10_110
KPPURCH360;INCREASE_AUTOMATION;20;ctx_20_10
KPPURCH360;REDUCE_MAN_ADJ_MRP_RUN;20;ctx_20_20
KPPURCH360;REDUCE_MAN_ADJ_MRP_RUN;20;ctx_20_30
KPPURCH360;REDUCE_MAN_ADJ_MRP_RUN;20;ctx_20_40
KPPURCH360;REDUCE_MAN_ADJ_MRP_RUN;20;ctx_20_50
KPPURCH360;REDUCE_MAN_ADJ_APP_PR;20;ctx_20_20
KPPURCH360;REDUCE_MAN_ADJ_APP_PR;20;ctx_20_30
KPPURCH360;REDUCE_MAN_ADJ_APP_PR;20;ctx_20_35
KPPURCH360;REDUCE_DEL_CONV_PR_PO;10;ctx_10_100
KPPURCH360;REDUCE_DEL_CONV_PR_PO;10;ctx_10_130
KPPURCH360;REDUCE_DEL_CONV_PR_PO;20;ctx_20_40
KPPURCH360;IMPROVE_MD_QUAL;10;ctx_10_113
KPPURCH360;IMPROVE_MD_QUAL;10;ctx_10_116
KPPURCH362;INCREASE_AUTOMATION;10;ctx_10_10
KPPURCH362;INCREASE_AUTOMATION;10;ctx_10_30
KPPURCH362;INCREASE_AUTOMATION;10;ctx_10_100
KPPURCH362;INCREASE_AUTOMATION;20;ctx_20_10
KPPURCH362;REDUCE_MAN_ADJ_MRP_RUN;20;ctx_20_20
KPPURCH362;REDUCE_MAN_ADJ_MRP_RUN;20;ctx_20_30
KPPURCH362;REDUCE_MAN_ADJ_MRP_RUN;20;ctx_20_40
KPPURCH362;REDUCE_MAN_ADJ_MRP_RUN;20;ctx_20_50
KPPURCH362;REDUCE_MAN_ADJ_APP_STR;20;ctx_20_20
KPPURCH362;REDUCE_MAN_ADJ_APP_STR;20;ctx_20_30
KPPURCH362;REDUCE_DEL_CONV_STPR_STO;10;ctx_10_90
KPPURCH362;REDUCE_DEL_CONV_STPR_STO;10;ctx_10_120
KPPURCH362;REDUCE_DEL_CONV_STPR_STO;20;ctx_20_40
KPPURCH362;IMPROVE_MD_QUAL;10;ctx_10_103
KPPURCH362;IMPROVE_MD_QUAL;10;ctx_10_106
KPPURCH460;INCREASE_AUTOM_ROP;20;ctx_20_40
KPPURCH460;AVOID_EARLY_PAY;20;ctx_20_45
KPPURCH460;AVOID_LATE_PAY;10;ctx_10_80
KPPURCH460;AVOID_LATE_PAY;10;ctx_10_90
KPPURCH460;AVOID_LATE_PAY;20;ctx_20_10
KPPURCH460;AVOID_LATE_PAY;20;ctx_20_20
KPPURCH460;AVOID_LATE_PAY;20;ctx_20_25
KPPURCH460;AVOID_LATE_PAY;20;ctx_20_70
KPPURCH460;AVOID_LATE_PAY;20;ctx_20_75
KPPURCH460;AVOID_IV_BYPASS;20;ctx_20_10
KPPURCH460;AVOID_IV_BYPASS;20;ctx_20_20
KPPURCH460;AVOID_IV_BYPASS;20;ctx_20_30
KPPURCH460;AVOID_IV_BYPASS;20;ctx_20_22
KPPURCH460;IDENTIFY_BLOCKS_IN_FI;20;ctx_20_10
KPPURCH460;IDENTIFY_BLOCKS_IN_FI;20;ctx_20_20
KPPURCH460;IDENTIFY_BLOCKS_IN_FI;20;ctx_20_24
KPPURCH460;AVOID_MAVERICK_BUY;10;ctx_10_10
KPPURCH460;IDENTIFY_DEV_PAYTERM_PO_IV;20;ctx_20_50
KPPURCH460;IMPROVE_USE_DISCOUNTS;20;ctx_20_90
KPPURCH460;IMPROVE_USE_DISCOUNTS;20;ctx_20_100
KPPURCH460;IMPROVE_USE_DISCOUNTS;20;ctx_20_110
KPPURCH560;INCREASE_ACC_DEL_QUANT_SCHED;20;ctx_20_06
KPPURCH560;INCREASE_ACC_DEL_QUANT_SCHED;20;ctx_20_07
KPPURCH560;INCREASE_ACC_DEL_QUANT_SCHED;20;ctx_20_08
KPPURCH560;REDUCE_BACKLOG;10;ctx_10_10
KPPURCH560;REDUCE_BACKLOG;20;ctx_20_03
KPPURCH560;REDUCE_BACKLOG;20;ctx_20_10
KPPURCH560;IDENTIFY_AUTOM_OPP;10;ctx_10_20
KPPURCH561;INCREASE_ACC_DEL_QUANT_SCHED;10;ctx_10_50
KPPURCH561;INCREASE_ACC_DEL_QUANT_SCHED;20;ctx_20_07
KPPURCH561;INCREASE_ACC_DEL_QUANT_SCHED;20;ctx_20_18
KPPURCH561;INCREASE_ACC_DEL_QUANT_SCHED;30;ctx_30_03
KPPURCH561;INCREASE_ACC_DEL_QUANT_SCHED;30;ctx_30_05
KPPURCH561;INCREASE_ACC_DEL_QUANT_SCHED;30;ctx_30_07
KPPURCH561;INCREASE_ACC_DEL_QUANT_SCHED;30;ctx_30_30
KPPURCH561;INCREASE_ACC_DEL_QUANT_SCHED;30;ctx_30_40
KPPURCH561;REDUCE_BACKLOG;10;ctx_10_10
KPPURCH561;REDUCE_BACKLOG;10;ctx_10_30
KPPURCH561;REDUCE_BACKLOG;20;ctx_20_03
KPPURCH561;REDUCE_BACKLOG;20;ctx_20_10
KPPURCH561;REDUCE_BACKLOG;20;ctx_20_20
KPPURCH561;REDUCE_BACKLOG;30;ctx_30_10
KPPURCH561;REDUCE_BACKLOG;30;ctx_30_20
KPPURCH561;IDENTIFY_AUTOM_OPP;10;ctx_10_20
KPPURCH561;IDENTIFY_AUTOM_OPP;20;ctx_20_13
KPPURCH561;IDENTIFY_AUTOM_OPP;20;ctx_20_15
KPPURCH562;INCREASE_ACC_DEL_QUANT_SCHED;10;ctx_10_50
KPPURCH562;INCREASE_ACC_DEL_QUANT_SCHED;20;ctx_20_07
KPPURCH562;INCREASE_ACC_DEL_QUANT_SCHED;20;ctx_20_18
KPPURCH562;INCREASE_ACC_DEL_QUANT_SCHED;30;ctx_30_13
KPPURCH562;INCREASE_ACC_DEL_QUANT_SCHED;30;ctx_30_15
KPPURCH562;INCREASE_ACC_DEL_QUANT_SCHED;30;ctx_30_17
KPPURCH562;INCREASE_ACC_DEL_QUANT_SCHED;30;ctx_30_40
KPPURCH562;INCREASE_ACC_DEL_QUANT_SCHED;30;ctx_30_50
KPPURCH562;REDUCE_BACKLOG;10;ctx_10_10
KPPURCH562;REDUCE_BACKLOG;10;ctx_10_30
KPPURCH562;REDUCE_BACKLOG;20;ctx_20_03
KPPURCH562;REDUCE_BACKLOG;20;ctx_20_10
KPPURCH562;REDUCE_BACKLOG;20;ctx_20_30
KPPURCH562;REDUCE_BACKLOG;30;ctx_30_20
KPPURCH562;REDUCE_BACKLOG;30;ctx_30_30
KPPURCH562;IDENTIFY_AUTOM_OPP;10;ctx_10_20
KPPURCH562;IDENTIFY_AUTOM_OPP;20;ctx_20_13
KPPURCH562;IDENTIFY_AUTOM_OPP;20;ctx_20_15
KPPURCH562;IDENTIFY_AUTOM_OPP;40;ctx_40_10
KPPURCH562;IDENTIFY_AUTOM_OPP;40;ctx_40_20
KPPURCH562;IDENTIFY_AUTOM_OPP;40;ctx_40_30
KPPURCH562;IDENTIFY_AUTOM_OPP;40;ctx_40_40
KPPURCH660;IDENTIFY_MISSED_AUTOM_OPP_ERS;10;ctx_10_40
KPPURCH660;REDUCE_NOT_USED_SCHED_AGR;10;ctx_10_130
KPPURCH660;REDUCE_NOT_USED_SCHED_AGR;10;ctx_10_150
KPPURCH660;REDUCE_NOT_USED_SCHED_AGR;10;ctx_10_160
KPPURCH660;INCREASE_AUTOM_SCHED_LINES;10;ctx_10_110
KPPURCH660;INCREASE_AUTOM_SCHED_LINES;10;ctx_10_120
KPPURCH660;AVOID_SCHED_AGR_EXC_QUANT;20;ctx_20_10
KPPURCH660;AVOID_SCHED_AGR_EXC_QUANT;20;ctx_20_20
KPPURCH660;REDUCE_OPEN_PURCH_COM_ITEMS;10;ctx_10_140
KPPURCH661;AVOID_PC_NOT_USED;20;ctx_20_10
KPPURCH661;AVOID_PC_NOT_USED;20;ctx_20_20
KPPURCH661;AVOID_PC_EXC_QUANT;20;ctx_20_30
KPPURCH662;AVOID_PC_NOT_USED;20;ctx_20_10
KPPURCH662;AVOID_PC_NOT_USED;20;ctx_20_20
KPPURCH662;AVOID_PC_EXC_VALUE;20;ctx_20_30
KPSD000260;INCREASE_AUTOM_SD_DOCS;10;ctx_10_10
KPSD000260;REDUCE_LATE_CUST_PAY;20;ctx_20_53
KPSD000260;REDUCE_LATE_CUST_PAY;20;ctx_20_57
KPSD000260;REDUCE_INV_NOT_TRASF;10;ctx_10_40
KPSD000260;REDUCE_INV_NOT_TRASF;20;ctx_20_30
KPSD000260;ASSESS_DEVIATION_PAYTERM_DS_INV;20;ctx_20_10
KPSD000260;USE_DUNNING;20;ctx_20_40
KPSD000260;USE_DUNNING;20;ctx_20_50
KPSD000260;USE_DUNNING;20;ctx_20_60
KPSD000260;INCREASE_ACC_CASH_ALL;20;ctx_20_70
KPSD000260;INCREASE_ACC_CASH_ALL;20;ctx_20_80
KPSD000260;INCREASE_ACC_CASH_ALL;20;ctx_20_90
KPSD000260;INCREASE_ACC_CASH_ALL;20;ctx_20_100
KPSD000260;IMPROVE_USE_DISCOUNTS;20;ctx_20_55
KPSD000260;IMPROVE_USE_DISCOUNTS;20;ctx_20_110
KPSD000260;IMPROVE_USE_DISCOUNTS;20;ctx_20_120
KPSD000260;IMPROVE_USE_DISCOUNTS;20;ctx_20_130
KPSD000360;IMPROVE_DEL_RATE;10;ctx_10_20
KPSD000360;IMPROVE_DEL_RATE;10;ctx_10_40
KPSD000360;IMPROVE_DEL_RATE;10;ctx_10_50
KPSD000360;IMPROVE_DEL_RATE;10;ctx_10_100
KPSD000360;IMPROVE_DEL_RATE;10;ctx_10_110
KPSD000360;IMPROVE_DEL_RATE;10;ctx_10_120
KPSD000360;IMPROVE_DEL_RATE;10;ctx_10_130
KPSD000360;IMPROVE_DEL_RATE;20;ctx_20_20
KPSD000360;INCREASE_AUTOMATION;10;ctx_10_12
KPSD000360;INCREASE_AUTOMATION;10;ctx_10_15
KPSD000360;INCREASE_AUTOMATION;10;ctx_10_18
KPSD000360;INCREASE_AUTOMATION;20;ctx_20_10
KPSD000360;INCREASE_AUTOMATION;20;ctx_20_13
KPSD000360;INCREASE_AUTOMATION;20;ctx_20_16
KPSD000360;ANALYZE_REJECT_REASON;10;ctx_10_10
KPSD000360;ANALYZE_REJECT_REASON;10;ctx_10_60
KPSD000361;ASSESS_LT_SO_TO_INV;20;ctx_20_10
KPSD000361;ASSESS_LT_SO_TO_INV;30;ctx_30_20
KPSD000361;ASSESS_LT_SO_TO_INV;30;ctx_30_50
KPSD000361;ASSESS_LT_SO_TO_INV;40;ctx_40_30
KPSD000361;IDENTIFY_DELAY_REASONS;10;ctx_10_30
KPSD000361;IDENTIFY_DELAY_REASONS;10;ctx_10_40
KPSD000361;IDENTIFY_DELAY_REASONS;20;ctx_20_25
KPSD000361;IDENTIFY_DELAY_REASONS;30;ctx_30_30
KPSD000361;IDENTIFY_DELAY_REASONS;30;ctx_30_40
KPSD000361;IDENTIFY_DELAY_REASONS;40;ctx_40_40
KPSD000361;IDENTIFY_DELAY_REASONS;40;ctx_40_50
KPSD000362;IDENTIFY_BOTTLENECKS;20;ctx_20_30
KPSD000362;IDENTIFY_BOTTLENECKS;30;ctx_30_20
KPSD000362;IDENTIFY_BOTTLENECKS;40;ctx_40_30
KPSD000363;IDENTIFY_GENERAL_IMP;20;ctx_20_10
KPSD000363;REDUCE_INCOMP_SOS;10;ctx_10_10
KPSD000363;REDUCE_INCOMP_SOS;10;ctx_10_20
KPSD000363;ASSESS_DELAYS_PURCH;20;ctx_20_20
KPSD000363;ASSESS_DELAYS_PURCH;30;ctx_30_20
KPSD000363;ASSESS_DELAYS_PURCH;30;ctx_30_30
KPSD000363;ASSESS_DELAYS_CUST_INV;10;ctx_10_30
KPSD000363;ASSESS_DELAYS_CUST_INV;10;ctx_10_40
KPSD000363;ASSESS_DELAYS_CUST_INV;40;ctx_40_10
KPSD000363;ASSESS_DELAYS_CUST_INV;50;ctx_50_10
KPSD000364;IDENTIFY_GENERAL_IMP;10;ctx_10_30
KPSD000364;IDENTIFY_GENERAL_IMP;40;ctx_40_35
KPSD000364;REDUCE_INCOMP_SOS;10;ctx_10_10
KPSD000364;REDUCE_INCOMP_SOS;10;ctx_10_20
KPSD000364;INCREASE_ADHERENCE_SD_PURCH;10;ctx_10_30
KPSD000364;INCREASE_ADHERENCE_SD_PURCH;20;ctx_20_20
KPSD000364;INCREASE_ADHERENCE_SD_PURCH;30;ctx_30_05
KPSD000364;INCREASE_ADHERENCE_SD_PURCH;30;ctx_30_20
KPSD000364;INCREASE_ADHERENCE_SD_PURCH;30;ctx_30_30
KPSD000364;INCREASE_ADHERENCE_SD_PURCH;40;ctx_40_05
KPSD000364;INCREASE_ADHERENCE_SD_PURCH;40;ctx_40_35
KPSD000364;AVOID_REDUCE_STOCK;40;ctx_40_10
KPSD000365;IDENTIFY_GENERAL_IMP;10;ctx_10_30
KPSD000365;IDENTIFY_GENERAL_IMP;40;ctx_40_35
KPSD000365;REDUCE_INCOMP_SOS;10;ctx_10_10
KPSD000365;REDUCE_INCOMP_SOS;10;ctx_10_20
KPSD000365;INCREASE_SCP_AUTOMATION;20;ctx_20_10
KPSD000365;INCREASE_ADHERENCE_SD_MANUF;10;ctx_10_30
KPSD000365;INCREASE_ADHERENCE_SD_MANUF;20;ctx_20_15
KPSD000365;INCREASE_ADHERENCE_SD_MANUF;30;ctx_30_05
KPSD000365;INCREASE_ADHERENCE_SD_MANUF;40;ctx_40_01
KPSD000365;INCREASE_ADHERENCE_SD_MANUF;40;ctx_40_35
KPSD000365;INCREASE_DATE_ADHERENCE;20;ctx_20_20
KPSD000365;INCREASE_DATE_ADHERENCE;20;ctx_20_30
KPSD000365;INCREASE_DATE_ADHERENCE;20;ctx_20_40
KPSD000365;INCREASE_DATE_ADHERENCE;30;ctx_30_10
KPSD000365;INCREASE_DATE_ADHERENCE;30;ctx_30_20
KPSD000365;INCREASE_DATE_ADHERENCE;40;ctx_40_03
KPSD000365;INCREASE_DATE_ADHERENCE;40;ctx_40_20
KPSD000365;AVOID_REDUCE_STOCK;40;ctx_40_06
KPSD000369;IMPROVE_OTIF_DEL_RATE;10;ctx_10_20
KPSD000369;IMPROVE_OTIF_DEL_RATE;10;ctx_10_30
KPSD000369;IMPROVE_OTIF_DEL_RATE;10;ctx_10_40
KPSD000369;IMPROVE_OTIF_DEL_RATE;10;ctx_10_70
KPSD000369;IMPROVE_OTIF_DEL_RATE;50;ctx_50_20
KPSD000369;IMPROVE_OTIF_DEL_RATE;50;ctx_50_40
KPSD000369;IMPROVE_STOCK_AVAILABILITY;20;ctx_20_10
KPSD000369;IMPROVE_STOCK_AVAILABILITY;20;ctx_20_20
KPSD000369;IMPROVE_STOCK_AVAILABILITY;20;ctx_20_30
KPSD000369;IMPROVE_STOCK_AVAILABILITY;20;ctx_20_40
KPSD000369;IMPROVE_STOCK_AVAILABILITY;20;ctx_20_50
KPSD000369;IMPROVE_STOCK_AVAILABILITY;50;ctx_50_30
KPSD000369;REDUCE_PROBL_BL_PURCH;30;ctx_30_10
KPSD000369;REDUCE_PROBL_BL_PURCH;30;ctx_30_20
KPSD000369;REDUCE_PROBL_BL_PURCH;30;ctx_30_30
KPSD000369;REDUCE_PROBL_BL_MANUF;40;ctx_40_10
KPSD000369;REDUCE_PROBL_BL_MANUF;40;ctx_40_20
KPSD000369;REDUCE_PROBL_BL_MANUF;40;ctx_40_30
KPSD000460;IMPROVE_COM_RATE_DSO;10;ctx_10_10
KPSD000460;IMPROVE_COM_RATE_DSO;10;ctx_10_20
KPSD000460;IMPROVE_COM_RATE_DSO;10;ctx_10_30
KPSD000460;IMPROVE_COM_RATE_DSO;20;ctx_20_20
KPSD000460;IMPROVE_COM_RATE_DSO;20;ctx_20_30
KPSD000460;USE_AUTOMATION;20;ctx_20_10
KPSD000460;USE_AUTOMATION;30;ctx_30_30
KPSD000460;USE_AUTOMATION;30;ctx_30_60
KPSD000460;USE_AUTOMATION;30;ctx_30_70
KPSD000460;AVOID_COMPLIANCE_ISSUES;20;ctx_20_40
KPSD000460;AVOID_COMPLIANCE_ISSUES;30;ctx_30_10
KPSD000460;USE_DUNNING;30;ctx_30_40
KPSD000460;USE_DUNNING;30;ctx_30_50
KPSD000462;IMPROVE_COM_RATE_DSO;10;ctx_10_10
KPSD000462;IMPROVE_COM_RATE_DSO;10;ctx_10_20
KPSD000462;IMPROVE_COM_RATE_DSO;10;ctx_10_30
KPSD000462;IMPROVE_COM_RATE_DSO;20;ctx_20_20
KPSD000462;IMPROVE_COM_RATE_DSO;20;ctx_20_30
KPSD000462;IDENTIFY_AUTOM_OPP;20;ctx_20_10
KPSD000462;IDENTIFY_AUTOM_OPP;30;ctx_30_30
KPSD000462;AVOID_COMPLIANCE_ISSUES;20;ctx_20_40
KPSD000462;AVOID_COMPLIANCE_ISSUES;30;ctx_30_10
KWPM000260;INCREASE_ADH_MAINT_SCHED;10;ctx_10_25
KWPM000260;INCREASE_ADH_MAINT_SCHED;10;ctx_10_30
KWPM000260;INCREASE_ADH_MAINT_SCHED;10;ctx_10_40
KWPM000260;IMPROVE_MAINT_EXEC_CONF;30;ctx_30_10
KWPM000260;IMPROVE_MAINT_EXEC_CONF;30;ctx_30_30
KWPM000260;INCREASE_MAINT_COMPL;20;ctx_20_10
KWPM000260;INCREASE_MAINT_COMPL;30;ctx_30_20
KWPM000262;INCREASE_ADH_SERV_SCHED;10;ctx_10_25
KWPM000262;INCREASE_ADH_SERV_SCHED;10;ctx_10_30
KWPM000262;INCREASE_ADH_SERV_SCHED;10;ctx_10_40
KWPM000262;IMPROVE_SERV_EXEC_CONF;30;ctx_30_10
KWPM000262;IMPROVE_SERV_EXEC_CONF;30;ctx_30_30
KWPM000262;INCREASE_SERV_COMPL;20;ctx_20_10
KWPM000262;INCREASE_SERV_COMPL;30;ctx_30_20
KWQM000161;INCREASE_AUTOM_RATE_INSPECTION_LOT;10;ctx_10_10
KWQM000161;AVOID_MANUAL_CHANGES;10;ctx_10_30
KWQM000161;AVOID_MANUAL_CHANGES;10;ctx_10_40
KWQM000161;HARMONIZE_MASTER_DATA;20;ctx_20_10
KWQM000161;HARMONIZE_MASTER_DATA;20;ctx_20_20
KWQM000161;INCREASE_AUTOMATIC_STOCK_POST;30;ctx_30_10
KWQM000161;INCREASE_AUTOMATIC_STOCK_POST;30;ctx_30_20
KWQM000161;INCREASE_SCHEDULE_ADHERENCE;50;ctx_50_10
KWQM000161;INCREASE_AUTOMATIC_USAGE_DECIS;50;ctx_50_40
KWQM000162;INCREASE_AUTOM_RATE_INSPECTION_LOT;10;ctx_10_10
KWQM000162;AVOID_MANUAL_CHANGES;10;ctx_10_30
KWQM000162;AVOID_MANUAL_CHANGES;10;ctx_10_40
KWQM000162;HARMONIZE_MASTER_DATA;20;ctx_20_10
KWQM000162;HARMONIZE_MASTER_DATA;20;ctx_20_20
KWQM000162;INCREASE_AUTOMATIC_STOCK_POST;30;ctx_30_10
KWQM000162;INCREASE_AUTOMATIC_STOCK_POST;30;ctx_30_20
KWQM000162;INCREASE_SCHEDULE_ADHERENCE;50;ctx_50_10
KWQM000162;INCREASE_AUTOMATIC_USAGE_DECIS;50;ctx_50_50
KWQM000163;INCREASE_AUTOM_RATE_INSPECTION_LOT;10;ctx_10_10
KWQM000163;AVOID_MANUAL_CHANGES;40;ctx_40_50
KWQM000163;HARMONIZE_MASTER_DATA;20;ctx_20_10
KWQM000163;HARMONIZE_MASTER_DATA;20;ctx_20_20
KWQM000163;HARMONIZE_MASTER_DATA;20;ctx_20_30
KWQM000163;INCREASE_SCHEDULE_ADHERENCE;40;ctx_40_10
KWQM000163;INCREASE_AUTOMATIC_USAGE_DECIS;40;ctx_40_30
KXEWM00260;IMPROVE_WH_INV_CYCLE_COUNT;10;ctx_10_80
KXEWM00260;IMPROVE_WH_INV_CYCLE_COUNT;10;ctx_10_110
KXEWM00260;IMPROVE_WH_INV_CYCLE_COUNT;10;ctx_10_120
KXEWM00260;IMPROVE_WH_INV_CYCLE_COUNT;10;ctx_10_130
KXEWM00260;IMPROVE_WH_INV_CYCLE_COUNT;10;ctx_10_150
KXEWM00260;REDUCE_WH_MGMT_COST_OUTBOUND;10;ctx_10_70
KXEWM00260;REDUCE_WH_MGMT_COST_OUTBOUND;10;ctx_10_80
KXEWM00260;REDUCE_WH_MGMT_COST_OUTBOUND;10;ctx_10_120
KXEWM00260;REDUCE_WH_MGMT_COST_OUTBOUND;10;ctx_10_130
KXEWM00260;REDUCE_WH_MGMT_COST_OUTBOUND;10;ctx_10_150
KXEWM00260;REDUCE_WH_MGMT_COST_INTERNAL;10;ctx_10_10
KXEWM00260;REDUCE_WH_MGMT_COST_INTERNAL;10;ctx_10_90
KXEWM00460;IMPROVE_WH_REC_CYCLE_TM;10;ctx_10_40
KXEWM00460;IMPROVE_WH_REC_CYCLE_TM;10;ctx_10_50
KXEWM00460;IMPROVE_WH_REC_CYCLE_TM;10;ctx_10_60
KXEWM00460;IMPROVE_WH_REC_CYCLE_TM;10;ctx_10_70
KXEWM00460;IMPROVE_WH_REC_CYCLE_TM;10;ctx_10_80
KXEWM00460;IMPROVE_WH_REC_CYCLE_TM;10;ctx_10_90
KXEWM00460;IMPROVE_WH_REC_CYCLE_TM;10;ctx_10_100
KXEWM00460;IMPROVE_WH_REC_CYCLE_TM;20;ctx_20_20
KXEWM00460;IMPROVE_WH_REC_CYCLE_TM;30;ctx_30_10
KXEWM00460;IMPROVE_SUPP_ORDER_FULLFM;10;ctx_10_50
KXEWM00460;IMPROVE_SUPP_ORDER_FULLFM;10;ctx_10_110
KXEWM00460;IMPROVE_SUPP_ORDER_FULLFM;10;ctx_10_120
KXEWM00460;IMPROVE_SUPP_ORDER_FULLFM;20;ctx_20_10
KXEWM00460;REDUCE_WH_MGMT_COST_INBOUND;10;ctx_10_40
KXEWM00460;REDUCE_WH_MGMT_COST_INBOUND;10;ctx_10_70
KXEWM00461;IMPROVE_WH_REC_CYCLE_TM;10;ctx_10_40
KXEWM00461;IMPROVE_WH_REC_CYCLE_TM;10;ctx_10_50
KXEWM00461;IMPROVE_WH_REC_CYCLE_TM;10;ctx_10_60
KXEWM00461;IMPROVE_WH_REC_CYCLE_TM;10;ctx_10_70
KXEWM00461;IMPROVE_WH_REC_CYCLE_TM;10;ctx_10_80
KXEWM00461;IMPROVE_WH_REC_CYCLE_TM;10;ctx_10_90
KXEWM00461;IMPROVE_WH_REC_CYCLE_TM;10;ctx_10_100
KXEWM00461;IMPROVE_WH_REC_CYCLE_TM;20;ctx_20_20
KXEWM00461;IMPROVE_IH_ORDER_FULF;10;ctx_10_50
KXEWM00461;IMPROVE_IH_ORDER_FULF;10;ctx_10_110
KXEWM00461;IMPROVE_IH_ORDER_FULF;10;ctx_10_120
KXEWM00461;IMPROVE_IH_ORDER_FULF;20;ctx_20_10
KXEWM00461;IMPROVE_IH_ORDER_FULF;30;ctx_30_10
KXEWM00461;REDUCE_WH_MGMT_COST_INBOUND;10;ctx_10_40
KXEWM00461;REDUCE_WH_MGMT_COST_INBOUND;10;ctx_10_70
KXEWM00560;IMPROVE_WH_IS_CYCLE_TM;10;ctx_10_40
KXEWM00560;IMPROVE_WH_IS_CYCLE_TM;10;ctx_10_50
KXEWM00560;IMPROVE_WH_IS_CYCLE_TM;10;ctx_10_60
KXEWM00560;IMPROVE_WH_IS_CYCLE_TM;10;ctx_10_70
KXEWM00560;IMPROVE_WH_IS_CYCLE_TM;10;ctx_10_80
KXEWM00560;IMPROVE_WH_IS_CYCLE_TM;10;ctx_10_90
KXEWM00560;IMPROVE_CUST_ORDER_FULF;10;ctx_10_50
KXEWM00560;IMPROVE_CUST_ORDER_FULF;10;ctx_10_100
KXEWM00560;IMPROVE_CUST_ORDER_FULF;10;ctx_10_120
KXEWM00560;IMPROVE_CUST_ORDER_FULF;20;ctx_20_10
KXEWM00560;IMPROVE_CUST_ORDER_FULF;20;ctx_20_20
KXEWM00560;IMPROVE_CUST_ORDER_FULF;30;ctx_30_10
KXEWM00560;REDUCE_WH_MGMT_COST_OUTBOUND;10;ctx_10_10
KXEWM00560;REDUCE_WH_MGMT_COST_OUTBOUND;10;ctx_10_40
KXEWM00560;REDUCE_WH_MGMT_COST_OUTBOUND;10;ctx_10_70
KXEWM00560;REDUCE_WH_MGMT_COST_OUTBOUND;10;ctx_10_110