locale;solutionProcessFlowDiagramId;solutionProcessFlowDiagramName
zh_CN;SPFD-133;BFH - 在建工程
zh_CN;SPFD-138;BJE - 按订单生产 - 成品销售和最终装配
zh_CN;SPFD-141;BME - 含交货的库存转储
zh_CN;SPFD-142;BMH - 不含交货的库存转储
zh_CN;SPFD-143;BMY - 转包
zh_CN;SPFD-144;BNA - 期末关账 - 项目
zh_CN;SPFD-163;BF7 - 期末关账 - 维护订单
zh_CN;SPFD-165;18J - 申请
zh_CN;SPFD-168;1BM - 按订单生产 - 半成品计划和装配
zh_CN;SPFD-169;1EZ - 贷项凭证处理
zh_CN;SPFD-170;1F1 - 借项凭证处理
zh_CN;SPFD-185;BKP - 01 - 客户退货管理
zh_CN;SPFD-187;I9I - 销售数量合同中的预付款
zh_CN;SPFD-202;1E1 - 生产流程内
zh_CN;SPFD-203;1E1 - 从生产收货
zh_CN;SPFD-212;1FM - 定期质量检验流程
zh_CN;SPFD-222;1HO - 公司间销售订单处理 - 国内
zh_CN;SPFD-414;2TX - 通过入库交货直接采购
zh_CN;SPFD-469;BD3 - 01 - 使用第三方且有装运通知的销售处理
zh_CN;SPFD-477;BD9 - 01 - 现货销售
zh_CN;SPFD-480;BDD - 精简客户退货
zh_CN;SPFD-481;BDG - 销售报价
zh_CN;SPFD-483;BDK - 01 - 使用第三方且无装运通知的销售处理
zh_CN;SPFD-485;BDN - 通过订单特定采购的非库存项目销售
zh_CN;SPFD-486;BDQ - 借项凭证的发票更正流程
zh_CN;SPFD-489;BEI - 期末结算 - 工厂
zh_CN;SPFD-492;7BJ8 - 按库存生产 - 基于流程订单的流程制造
zh_CN;SPFD-500;BKL - 贷项凭证的发票更正流程
zh_CN;SPFD-504;BMC - 02 - 核心库存管理
zh_CN;SPFD-506;BMD - 采购合同
zh_CN;SPFD-507;BMK - 退货到供应商
zh_CN;SPFD-509;BMR - 01 - 标准采购含审批凭证的计划协议
zh_CN;SPFD-511;BMR - 03 - 含 EDI 集成的计划协议
zh_CN;SPFD-512;BNX - 易耗品采购
zh_CN;SPFD-513;J44 - 物料需求计划主要场景
zh_CN;SPFD-517;J45 - 直接物料采购
zh_CN;SPFD-550;J59 - 01 - 主要
zh_CN;SPFD-576;J62 - 05 - 资产会计 - 月末关账
zh_CN;SPFD-644;1MX - 公司间销售订单处理 - 国际
zh_CN;SPFD-651;1NT - 项目控制 - 财务
zh_CN;SPFD-661;1P9 - 公司间库存转储 - 国内
zh_CN;SPFD-734;2EQ - 服务销售
zh_CN;SPFD-811;2VJ - SAP EWM 集成 - 供应商的入库处理
zh_CN;SPFD-812;2VK - SAP EWM 集成 - 客户的出库处理
zh_CN;SPFD-814;2VM - SAP EWM 集成 - 基于交货的生产集成
zh_CN;SPFD-867;3BR - 仓库入库处理
zh_CN;SPFD-874;3D2 - 01 - 固定价格服务
zh_CN;SPFD-875;3DV - 仓库生产集成
zh_CN;SPFD-877;3F0 - 基于事件的生产成本过账
zh_CN;SPFD-955;3OK - 按订单生产 - 流程制造
zh_CN;SPFD-1002;4GA - 服务报价
zh_CN;SPFD-1009;4HI - 主动维护
zh_CN;SPFD-1028;4X5 - 经常性服务
zh_CN;SPFD-1046;5HL - 现货销售 - 消费品
zh_CN;SPFD-1081;4VT - 改进维护
zh_CN;SPFD-1082;4WM - 运营维护
zh_CN;SPFD-1083;4WM - 间接费用维护
zh_CN;SPFD-1090;5D2 - 高级公司间销售
zh_CN;SPFD-1091;5HP - 高级公司间库存转储
zh_CN;SPFD-1209;J62 - 05 - 资产会计 - 月末关账
zh_CN;SPFD-2208;J60 - 01 - 主要
zh_CN;SPFD-3522;3XK - 内部维修
zh_CN;SPFD-3588;5FM - 零售采购
zh_CN;SPFD-3616;5FV - 分销中心的出库物流
zh_CN;SPFD-3750;61V - 客户退货管理 - 消费品
zh_CN;SPFD-3831;3BS - 仓库出库处理
zh_CN;SPFD-4366;BJ5 - 集中订单的按库存生产 - 离散制造
zh_CN;SPFD-4643;BJE - 按订单生产 - 成品销售和最终装配 (OP)
zh_CN;SPFD-4651;BJ5 - 按库存生产 - 离散制造 (OP)
zh_CN;SPFD-4668;BJ8 - 按库存生产 - 基于流程订单的流程制造 (OP)
zh_CN;SPFD-4671;1FS - 供应商的基本仓库入库处理
zh_CN;SPFD-4676;1G2 - 客户基本仓库出库处理
zh_CN;SPFD-4677;1V5 - 包含批次管理的供应商仓库入站处理
zh_CN;SPFD-4678;1V7 - 出库处理中的批次管理
zh_CN;SPFD-4680;1VB - 生产集成 - 仓库中的组件消耗与接收
zh_CN;SPFD-4687;3OK - 按订单生产 - 流程制造
zh_CN;SPFD-4713;3XK - 内部维修
zh_CN;SPFD-4721;4RO - 分散式 EWM - 入库处理
zh_CN;SPFD-4722;4RP - 分散式 EWM - 出库处理
zh_CN;SPFD-4726;4X5 - 经常性服务
zh_CN;SPFD-5160;5FX - 从分销中心的门店订购
zh_CN;SPFD-8185;4HH - 被动维护
zh_CN;SPFD-8292;5FU - 分销中心的入库物流
zh_CN;SPFD-8411;4HH - 被动维护
zh_CN;SPFD-8414;4HI - 主动维护
zh_CN;SPFD-8426;41Z - 服务订单管理