improvementOpportunity_id;position;widgetTemplate_id
REDUCE_LATE_CUST_PAY;1;TREND_PF_KPSD000260_CTX_20_57
REDUCE_LATE_CUST_PAY;2;TREND_PF_KFFI001060_CTX_20_30
REDUCE_LATE_CUST_PAY;3;ABOUT_WIDGET_REDUCE_LATE_CUST_PAY
REDUCE_LATE_CUST_PAY;4;TREND_PPI_KPSD000207
REDUCE_LATE_CUST_PAY;5;TREND_PPI_KFFI001402
REDUCE_LATE_CUST_PAY;6;CORRECTION_RECOMMENDATIONS_REDUCE_LATE_CUST_PAY
REDUCE_LATE_SUPP_PAY;1;TREND_PF_KPPURCH460_CTX_20_120
REDUCE_LATE_SUPP_PAY;2;TREND_PF_KPPURCH460_CTX_20_75
REDUCE_LATE_SUPP_PAY;3;ABOUT_WIDGET_REDUCE_LATE_SUPP_PAY
REDUCE_LATE_SUPP_PAY;4;TREND_PF_KFFI000960_CTX_20_70
REDUCE_LATE_SUPP_PAY;5;TREND_PF_KFFI000960_CTX_20_30
REDUCE_LATE_SUPP_PAY;6;CORRECTION_RECOMMENDATIONS_REDUCE_LATE_SUPP_PAY