locale;id;name
de;AERO;Luft-/Raumfahrt und Verteidigung
de;AUTO;Automobilbau
de;BANK;Banken
de;BUILD;Bauprodukte
de;RAIL;Frachttransport und Logistik
de;CHEM;Chemische Industrie
de;CP;Konsumgüter
de;DEFAULT;Branchenübergreifend (nicht spezifisch)
de;DEFSEC;Sicherheit und Verteidigung
de;ECO;Bauwirtschaft, Anlagen- und Schiffbau
de;HEALTH;Gesundheitswesen
de;HIGHTECH;Hightech- und Elektronikbranche
de;EDU;Hochschulen und Forschungseinrichtungen
de;IMC;Industrielle Fertigung
de;INSUR;Versicherungen
de;LIFE;Lebenswissenschaften
de;MEDIA;Medien
de;MILL;Metall-, Holz- und Papierindustrie
de;MINING;Bergbau
de;OIL;Öl, Gas und Energie
de;AIR;Tourismus und Freizeit
de;PROFSVC;Dienstleistungsbranche
de;PUBLIC;Öffentliche Verwaltung
de;RETAIL;Einzelhandel
de;SPO;Sport
de;TELE;Telekommunikation
de;UTILITY;Versorgungsunternehmen
de;WHOLE;Großhandel