locale;id;text
ja;A2D_A2O;獲得からオンボーディング
ja;A2D_MA;資産の管理
ja;A2D_O2M;運用から保守
ja;FIN_I2C;請求書から現金化
ja;FIN_I2P;請求書から支払
ja;FIN_MRE;不動産の管理
ja;FIN_MT;財務の管理
ja;FIN_P2OF;財務を最適化する計画
ja;FIN_R2R;記録から報告
ja;GOV_MGRC;Governance, Risk, and Compliance の管理
ja;GOV_MPO;ポートフォリオおよびプロジェクトの管理
ja;GOV_MSO;サステナビリティの管理
ja;I2M_D2R;設計からリリース
ja;I2M_MPS;製品/サービスの管理
ja;L2C_M2L;市場からリード
ja;L2C_MCC;顧客とチャネルの管理
ja;L2C_O2F;受注から調達
ja;L2C_O2Q;案件から見積
ja;L2C_R2S;依頼からサービス
ja;P2F_DP2F;製品納入からフルフィルメント
ja;P2F_DS2F;サービス提供からフルフィルメント
ja;P2F_M2I;生産から品質検査
ja;P2F_MF;調達の管理
ja;P2F_P2OF;調達を最適化する計画
ja;S2P_MSC;サプライヤとコラボレーションの管理
ja;S2P_P2R;購買から受入
ja;S2P_S2C;ソースから契約