locale;id;text
ko;ACC;계정
ko;ACTIONS;액션
ko;BATCHES;배치
ko;CHN;변경사항
ko;COMBN;조합
ko;COND;조건
ko;CUST;고객
ko;DATES;날짜
ko;DAYS;일
ko;DOC;문서
ko;DUMPS;덤프
ko;ENTRIES;항목
ko;EXCEP;예외
ko;FLD;필드
ko;H;시간
ko;ITEMS;항목
ko;ITEMSSL;일정 라인 항목
ko;LEAVE_REQ;휴가 신청
ko;MAT;자재
ko;MESSAGES;메시지
ko;MIN;분
ko;MS;밀리초
ko;NUMB_RANGE;숫자 범위
ko;OBJECTS;오브젝트
ko;PERCENT;백분율
ko;QUANTS;퀀트
ko;SEC;초
ko;TRP;출장
ko;TRP_REQ;출장 요청
ko;USE;사용
ko;VEN;공급업체
ko;VHCL;차량