locale;kpiId;phaseId;title;subtitle
zh_CN;CPACM00160;10;货源确定与采购;合同工作区
zh_CN;CPAOP00160;10;货源确定与采购;采购申请
zh_CN;CPAOP00160;20;货源确定与采购;采购订单
zh_CN;CPAOP00161;10;货源确定与采购;采购订单
zh_CN;CPAOP00161;20;供应链;货物移动
zh_CN;CPAOP00161;30;财务;供应商发票
zh_CN;CPAOP00162;10;财务;供应商发票
zh_CN;CPAOP00162;20;财务;发票付款
zh_CN;CPAOP00163;10;货源确定与采购;采购订单
zh_CN;CPAOP00163;20;财务;供应商发票
zh_CN;CPASC00160;10;货源确定与采购;货源确定请求
zh_CN;CPASC00160;20;货源确定与采购;货源确定项目
zh_CN;CPASC00160;30;货源确定与采购;货源确定事件
zh_CN;CPASC00160;40;货源确定与采购;货源确定项目
zh_CN;CPASC00161;10;货源确定与采购;货源确定项目
zh_CN;CPASC00161;20;货源确定与采购;货源确定事件
zh_CN;CPASC00161;30;货源确定与采购;货源确定项目
zh_CN;CPASC00163;10;货源确定与采购;货源确定事件
zh_CN;CPASC00163;20;货源确定与采购;投标
zh_CN;CPASC00163;30;货源确定与采购;货源确定事件
zh_CN;CPASC00164;10;货源确定与采购;货源确定事件
zh_CN;CPASC00164;20;货源确定与采购;投标
zh_CN;CPASC00164;30;货源确定与采购;货源确定事件
zh_CN;CPASC00165;10;货源确定与采购;货源确定事件
zh_CN;CPASC00165;20;货源确定与采购;投标
zh_CN;CPASC00165;30;货源确定与采购;货源确定事件
zh_CN;CPASM00160;10;货源确定与采购;供应商请求
zh_CN;CPASM00160;20;货源确定与采购;供应商注册
zh_CN;CPASM00161;10;货源确定与采购;供应商资格
zh_CN;KBSRM00160;10;采购;购物车
zh_CN;KBSRM00160;20;采购;采购凭证
zh_CN;KBSRM00760;10;采购;招标
zh_CN;KBSRM00760;20;采购;供应商招标（报价）
zh_CN;KBSRM00761;10;采购;竞标
zh_CN;KBSRM00761;20;采购;供应商招标（报价）
zh_CN;KCSAL00660;10;销售;机会
zh_CN;KCSAL00660;20;销售;业务活动
zh_CN;KCSAL00660;30;销售;任务
zh_CN;KCSAL00660;40;销售;机会
zh_CN;KFFI000960;10;财务;会计凭证
zh_CN;KFFI000960;20;财务;清算凭证
zh_CN;KFFI000961;10;财务;会计凭证
zh_CN;KFFI000961;20;财务;清算凭证
zh_CN;KFFI001060;10;财务;会计凭证
zh_CN;KFFI001060;20;财务;清算凭证
zh_CN;KFFI001061;10;财务;会计凭证
zh_CN;KFFI001061;20;财务;清算凭证
zh_CN;KFFI001860;10;财务;资产主数据
zh_CN;KFFI001860;20;财务与采购;会计凭证
zh_CN;KFFI001860;30;财务;结算凭证
zh_CN;KFFI001860;40;财务;资产主数据
zh_CN;KFFI001861;10;财务;资产主数据
zh_CN;KFFI001861;20;财务与采购;会计凭证
zh_CN;KFFI001861;30;财务;折旧过账
zh_CN;KFFI001861;40;财务;资产过账
zh_CN;KFFI001861;50;财务;资产主数据
zh_CN;KFFI001960;10;财务;会计凭证
zh_CN;KFFI001960;20;财务;清算凭证
zh_CN;KFFI002260;10;财务;会计凭证
zh_CN;KFFI002260;20;财务;清算凭证
zh_CN;KFFI002360;10;财务;产品成本收集器
zh_CN;KFFI002360;20;制造;计划订单确认
zh_CN;KFFI002360;30;制造/金融;物料结算
zh_CN;KFFI002660;10;销售;供方合同
zh_CN;KFFI002660;20;销售;开票凭证
zh_CN;KFFI002660;30;销售;开发票凭证
zh_CN;KIAUT00160;10;制造;运行计划数量
zh_CN;KIAUT00160;20;供应链;仓库库存
zh_CN;KIAUT00160;30;采购;采购订单/申请/计划协议
zh_CN;KIAUT00160;40;制造;运行计划数量
zh_CN;KIISU00160;10;销售;合同
zh_CN;KIISU00160;20;销售;抄表工单
zh_CN;KIISU00160;30;销售;开票凭证
zh_CN;KIISU00160;40;销售;打印凭证
zh_CN;KIISU00160;50;财务;合同会计核算凭证
zh_CN;KIISU00161;10;销售;开票订单
zh_CN;KIISU00161;20;销售;抄表工单
zh_CN;KIISU00161;30;销售;合同
zh_CN;KIISU00161;40;销售;开票订单
zh_CN;KIISU00162;10;销售;开票订单
zh_CN;KIISU00162;20;销售;抄表工单
zh_CN;KIISU00162;30;销售;合同
zh_CN;KIISU00162;40;销售;开票订单
zh_CN;KIISU00260;10;销售;开票凭证
zh_CN;KIISU00260;20;销售;打印凭证
zh_CN;KIISU00261;10;销售;开票凭证
zh_CN;KIISU00261;20;销售;打印凭证
zh_CN;KIISU00360;10;销售;打印凭证
zh_CN;KIISU00360;20;财务;会计凭证
zh_CN;KIISU00361;10;销售;打印凭证
zh_CN;KIISU00361;20;财务;会计凭证
zh_CN;KIRET00460;10;货源确定与采购;库存调拨单
zh_CN;KIRET00460;20;供应链;补货交货
zh_CN;KIRET00460;30;供应链;货物移动
zh_CN;KIRET00461;10;货源确定与采购;库存调拨单
zh_CN;KIRET00461;20;供应链;补货交货
zh_CN;KIRET00461;30;供应链;货物移动
zh_CN;KIRET00462;10;货源确定与采购;库存调拨单
zh_CN;KIRET00462;20;供应链;补货交货
zh_CN;KIRET00462;30;供应链;货物移动
zh_CN;KIRET00463;10;货源确定与采购;库存调拨单
zh_CN;KIRET00463;20;供应链;补货交货
zh_CN;KIRET00463;30;供应链;货物移动
zh_CN;KIRET00464;10;货源确定与采购;库存调拨单
zh_CN;KIRET00464;20;供应链;补货交货
zh_CN;KIRET00464;30;供应链;货物移动
zh_CN;KIRET00464;40;财务;会计凭证
zh_CN;KIRET00465;10;货源确定与采购;库存调拨单
zh_CN;KIRET00465;20;供应链;补货交货
zh_CN;KIRET00465;30;供应链;货物移动
zh_CN;KIRET00465;40;财务;会计凭证
zh_CN;KIRET00466;10;货源确定与采购;库存调拨单
zh_CN;KIRET00466;20;供应链;补货交货
zh_CN;KIRET00466;30;供应链;货物移动
zh_CN;KIRET00466;40;财务;会计凭证
zh_CN;KIRET00467;10;货源确定与采购;库存调拨单
zh_CN;KIRET00467;20;供应链;补货交货
zh_CN;KIRET00467;30;供应链;货物移动
zh_CN;KIRET00467;40;财务;会计凭证
zh_CN;KIRET00560;10;货源确定与采购;采购订单
zh_CN;KIRET00560;20;供应链;货物移动
zh_CN;KIRET00560;30;财务;供应商发票
zh_CN;KIRET00561;10;货源确定与采购;采购订单
zh_CN;KIRET00561;20;供应链;货物移动
zh_CN;KIRET00561;30;财务;供应商发票
zh_CN;KIRET00562;10;货源确定与采购;采购订单
zh_CN;KIRET00562;20;供应链;货物移动
zh_CN;KIRET00562;30;财务;供应商发票
zh_CN;KIRET00563;10;货源确定与采购;采购订单
zh_CN;KIRET00563;20;供应链;货物移动
zh_CN;KIRET00563;30;财务;供应商发票
zh_CN;KPIM000160;10;供应链;库存水平
zh_CN;KPIM000160;20;供应链;货物移动
zh_CN;KPIM000161;10;供应链;库存水平
zh_CN;KPIM000161;20;供应链;货物移动
zh_CN;KPIM000162;10;供应链;库存水平
zh_CN;KPIM000162;20;供应链;货物移动
zh_CN;KPIM000163;10;供应链;库存水平
zh_CN;KPIM000163;20;供应链;货物移动
zh_CN;KPLE000360;10;供应链;出库交货
zh_CN;KPLE000360;20;供应链;处理单元
zh_CN;KPLE000360;30;供应链;装运凭证
zh_CN;KPLE000360;40;供应链;货物移动
zh_CN;KPLE000361;10;供应链;出库交货
zh_CN;KPLE000361;20;供应链;转储单
zh_CN;KPLE000361;30;供应链;处理单元
zh_CN;KPLE000361;40;供应链;装运凭证
zh_CN;KPLE000361;50;供应链;货物移动
zh_CN;KPLE000362;10;供应链;入库交货
zh_CN;KPLE000362;20;供应链;装运凭证
zh_CN;KPLE000362;30;供应链;处理单元
zh_CN;KPLE000362;40;供应链;转储单
zh_CN;KPLE000362;50;供应链;货物移动
zh_CN;KPMRP00260;10;供应链;MRP 运行
zh_CN;KPMRP00260;15;销售;销售订单和出库交货
zh_CN;KPMRP00260;20;供应链;计划订单
zh_CN;KPMRP00260;30;制造;制造订单
zh_CN;KPMRP00260;40;采购;采购凭证
zh_CN;KPMRP00260;50;供应链;MRP 列表
zh_CN;KPMRP00260;60;制造;制造订单
zh_CN;KPMRP00260;70;采购;采购凭证
zh_CN;KPPP000160;10;制造;生产订单
zh_CN;KPPP000160;20;制造;订单确认
zh_CN;KPPP000160;30;制造;货物移动
zh_CN;KPPP000160;40;制造;生产订单
zh_CN;KPPP000161;10;制造/金融;生产订单
zh_CN;KPPP000161;20;制造;订单确认
zh_CN;KPPP000161;30;制造;货物移动
zh_CN;KPPP000161;40;制造/金融;结算订单
zh_CN;KPPP000162;10;制造;生产订单
zh_CN;KPPP000162;20;供应链;仓库库存
zh_CN;KPPP000162;30;采购;采购订单/申请
zh_CN;KPPP000162;40;制造;生产订单/计划订单
zh_CN;KPPP000162;50;供应链;货物移动
zh_CN;KPPP000163;10;制造;生产订单
zh_CN;KPPP000163;20;采购;采购申请
zh_CN;KPPP000163;30;采购;采购订单
zh_CN;KPPP000163;40;供应链;货物移动
zh_CN;KPPP000164;10;制造;生产订单
zh_CN;KPPP000164;20;制造;工作中心
zh_CN;KPPP000164;30;制造;外部处理
zh_CN;KPPP000164;40;制造;控制代码
zh_CN;KPPP000164;45;制造;生产订单
zh_CN;KPPP000164;50;制造;确认
zh_CN;KPPP000260;10;制造;流程订单
zh_CN;KPPP000260;15;制造;控制配方
zh_CN;KPPP000260;20;制造;订单确认
zh_CN;KPPP000260;30;制造;货物移动
zh_CN;KPPP000260;40;制造;流程订单
zh_CN;KPPP000261;10;制造;流程订单
zh_CN;KPPP000261;20;制造;订单确认
zh_CN;KPPP000261;30;制造;货物移动
zh_CN;KPPP000261;40;制造/金融;结算订单
zh_CN;KPPP000262;10;制造;流程订单
zh_CN;KPPP000262;20;供应链;仓库库存
zh_CN;KPPP000262;30;采购;采购订单/申请
zh_CN;KPPP000262;40;制造;流程订单/计划订单
zh_CN;KPPP000262;50;供应链;货物移动
zh_CN;KPPP000263;10;制造;流程订单
zh_CN;KPPP000263;20;采购;采购申请
zh_CN;KPPP000263;30;采购;采购订单
zh_CN;KPPP000263;40;供应链;货物移动
zh_CN;KPPP000264;10;制造;流程订单
zh_CN;KPPP000264;20;制造;工作中心
zh_CN;KPPP000264;30;制造;外部处理
zh_CN;KPPP000264;40;制造;控制代码
zh_CN;KPPP000264;45;制造;流程订单
zh_CN;KPPP000264;50;制造;确认
zh_CN;KPPROJ0360;10;资产管理;工作细分结构
zh_CN;KPPROJ0360;20;资产管理/财务;结算工作细分结构
zh_CN;KPPROJ0361;10;资产管理;工作细分结构
zh_CN;KPPROJ0361;20;资产管理/财务;结算工作细分结构
zh_CN;KPPURCH260;10;采购;采购订单
zh_CN;KPPURCH260;20;供应链;货物移动
zh_CN;KPPURCH260;30;财务;供应商发票
zh_CN;KPPURCH260;40;财务;账户凭证
zh_CN;KPPURCH261;10;货源确定与采购;采购订单
zh_CN;KPPURCH261;20;供应链;货物移动
zh_CN;KPPURCH261;30;财务;供应商发票
zh_CN;KPPURCH263;10;货源确定与采购;采购订单
zh_CN;KPPURCH263;20;销售;销售订单
zh_CN;KPPURCH263;30;供应链;出库交货
zh_CN;KPPURCH263;40;供应链;货物移动
zh_CN;KPPURCH263;50;财务;供应商发票
zh_CN;KPPURCH265;10;货源确定与采购;采购订单
zh_CN;KPPURCH265;20;财务;供应商发票
zh_CN;KPPURCH265;30;财务;会计凭证
zh_CN;KPPURCH266;10;货源确定与采购;采购订单
zh_CN;KPPURCH266;20;供应链;货物移动
zh_CN;KPPURCH266;30;财务;供应商发票
zh_CN;KPPURCH267;10;货源确定与采购;采购订单
zh_CN;KPPURCH267;20;货源确定与采购;服务条目表 (SES)
zh_CN;KPPURCH267;30;财务;供应商发票
zh_CN;KPPURCH268;10;货源确定与采购;采购订单
zh_CN;KPPURCH268;20;供应链;货物移动
zh_CN;KPPURCH268;30;财务;供应商发票
zh_CN;KPPURCH360;10;货源确定与采购;采购申请
zh_CN;KPPURCH360;20;货源确定与采购;采购订单
zh_CN;KPPURCH362;10;货源确定与采购;库存调拨申请
zh_CN;KPPURCH362;20;货源确定与采购;库存调拨单
zh_CN;KPPURCH460;10;财务;供应商发票
zh_CN;KPPURCH460;20;财务;会计凭证
zh_CN;KPPURCH560;10;货源确定与采购;库存调拨单
zh_CN;KPPURCH560;20;供应链;货物移动
zh_CN;KPPURCH561;10;货源确定与采购;库存调拨单
zh_CN;KPPURCH561;20;供应链;补货交货
zh_CN;KPPURCH561;30;供应链;货物移动
zh_CN;KPPURCH562;10;货源确定与采购;库存调拨单
zh_CN;KPPURCH562;20;供应链;补货交货
zh_CN;KPPURCH562;30;供应链;货物移动
zh_CN;KPPURCH562;40;财务;会计凭证
zh_CN;KPPURCH660;10;货源确定与采购;计划协议
zh_CN;KPPURCH660;20;供应链;货物移动
zh_CN;KPPURCH661;10;货源确定与采购;数量合同
zh_CN;KPPURCH661;20;货源确定与采购;采购订单
zh_CN;KPPURCH662;10;货源确定与采购;价值合同
zh_CN;KPPURCH662;20;货源确定与采购;采购订单
zh_CN;KPSD000260;10;销售/财务;销售开票凭证
zh_CN;KPSD000260;20;财务;会计凭证
zh_CN;KPSD000360;10;销售;销售订单
zh_CN;KPSD000360;20;供应链;出库交货
zh_CN;KPSD000361;10;销售;销售订单
zh_CN;KPSD000361;20;供应链;出库交货
zh_CN;KPSD000361;30;供应链;货物移动
zh_CN;KPSD000361;40;销售/财务;客户发票
zh_CN;KPSD000362;10;销售;销售订单
zh_CN;KPSD000362;20;供应链;出库交货
zh_CN;KPSD000362;30;供应链;货物移动
zh_CN;KPSD000362;40;销售/财务;客户发票
zh_CN;KPSD000362;50;财务;会计凭证
zh_CN;KPSD000363;10;销售;销售订单
zh_CN;KPSD000363;20;采购;采购申请
zh_CN;KPSD000363;30;采购;采购订单
zh_CN;KPSD000363;40;采购/财务;供应商发票
zh_CN;KPSD000363;50;销售/财务;客户发票
zh_CN;KPSD000364;10;销售;销售订单
zh_CN;KPSD000364;20;采购;采购申请
zh_CN;KPSD000364;30;采购;采购订单
zh_CN;KPSD000364;40;供应链;货物移动
zh_CN;KPSD000364;50;销售/财务;客户发票
zh_CN;KPSD000365;10;销售;销售订单
zh_CN;KPSD000365;20;制造;制造订单
zh_CN;KPSD000365;30;制造;制造订单确认
zh_CN;KPSD000365;40;供应链;货物移动
zh_CN;KPSD000365;50;销售/财务;客户发票
zh_CN;KPSD000366;10;销售;销售订单
zh_CN;KPSD000366;20;供应链;出库交货
zh_CN;KPSD000366;30;供应链;货物移动
zh_CN;KPSD000366;40;销售/财务;客户发票
zh_CN;KPSD000366;50;财务;会计凭证
zh_CN;KPSD000366;60;销售/财务;公司间发票
zh_CN;KPSD000366;70;财务;会计凭证
zh_CN;KPSD000367;10;销售;销售订单
zh_CN;KPSD000367;20;销售/财务;客户发票
zh_CN;KPSD000367;30;财务;会计凭证
zh_CN;KPSD000368;10;销售;报价
zh_CN;KPSD000368;20;销售;销售订单
zh_CN;KPSD000369;10;销售;销售订单
zh_CN;KPSD000369;20;供应链;仓库库存
zh_CN;KPSD000369;30;采购/供应链;采购订单/申请
zh_CN;KPSD000369;40;制造;制造订单/计划订单
zh_CN;KPSD000369;50;供应链;出库交货
zh_CN;KPSD000380;10;销售;退货订单
zh_CN;KPSD000380;20;供应链;退货交货
zh_CN;KPSD000380;30;供应链;货物移动
zh_CN;KPSD000380;40;销售;贷项凭证
zh_CN;KPSD000460;10;销售;借项凭证申请
zh_CN;KPSD000460;20;销售/财务;借项凭证
zh_CN;KPSD000460;30;财务;会计凭证
zh_CN;KPSD000462;10;销售;贷项凭证申请
zh_CN;KPSD000462;20;销售/财务;贷项凭证
zh_CN;KPSD000462;30;财务;会计凭证
zh_CN;KWMD000160;10;制造;物料主数据
zh_CN;KWMD000160;20;制造;物料清单
zh_CN;KWMD000160;30;制造;工艺路线/生产版本
zh_CN;KWMD000160;40;财务;标准成本估算
zh_CN;KWMD000160;50;制造;生产订单
zh_CN;KWMD000161;10;制造;物料主数据
zh_CN;KWMD000161;20;制造;物料清单
zh_CN;KWMD000161;30;制造;主配方/生产版本
zh_CN;KWMD000161;40;财务;标准成本估算
zh_CN;KWMD000161;50;制造;流程订单
zh_CN;KWMD000260;10;销售;客户主数据
zh_CN;KWMD000260;20;财务;客户主数据
zh_CN;KWMD000260;30;销售;销售订单
zh_CN;KWMD000260;40;销售/财务;客户发票
zh_CN;KWMD000260;50;财务;会计凭证
zh_CN;KWMD000360;10;采购;供应商主数据
zh_CN;KWMD000360;20;财务;供应商主数据
zh_CN;KWMD000360;30;采购;采购订单
zh_CN;KWMD000360;40;财务;会计凭证
zh_CN;KWPM000160;10;资产管理;维护通知
zh_CN;KWPM000161;10;服务;服务通知
zh_CN;KWPM000260;10;资产管理;工厂维护订单
zh_CN;KWPM000260;20;资产管理;工作订单确认
zh_CN;KWPM000260;30;资产管理;工厂维护订单
zh_CN;KWPM000261;10;资产管理;工厂维护订单
zh_CN;KWPM000261;20;资产管理;订单确认
zh_CN;KWPM000261;30;资产管理;工厂维护订单
zh_CN;KWPM000261;40;资产管理/财务;结算订单
zh_CN;KWPM000262;10;服务;客户服务订单
zh_CN;KWPM000262;20;服务;订单确认
zh_CN;KWPM000262;30;服务;客户服务订单
zh_CN;KWPM000263;10;服务;客户服务订单
zh_CN;KWPM000263;20;服务;订单确认
zh_CN;KWPM000263;30;服务;客户服务订单
zh_CN;KWPM000263;40;服务/财务;结算订单
zh_CN;KWPM000264;10;资产管理;工厂维护订单
zh_CN;KWPM000264;20;供应链;仓库库存
zh_CN;KWPM000264;30;采购;采购订单/申请
zh_CN;KWPM000264;40;供应链;货物移动
zh_CN;KWPM000265;10;服务;客户服务订单
zh_CN;KWPM000265;20;供应链;仓库库存
zh_CN;KWPM000265;30;采购;采购订单/申请
zh_CN;KWPM000265;40;供应链;货物移动
zh_CN;KWPM000462;10;服务;维护计划
zh_CN;KWPM000462;20;服务;服务订单
zh_CN;KWPM000462;30;服务;服务合同
zh_CN;KWQM000161;10;货源确定与采购;检验批次
zh_CN;KWQM000161;20;货源确定与采购;检验计划
zh_CN;KWQM000161;30;货源确定与采购;检验库存
zh_CN;KWQM000161;40;货源确定与采购;检验特征
zh_CN;KWQM000161;50;货源确定与采购;使用决策
zh_CN;KWQM000162;10;制造;检验批次
zh_CN;KWQM000162;20;制造;检验计划
zh_CN;KWQM000162;30;制造;检验库存
zh_CN;KWQM000162;40;制造;检验特征
zh_CN;KWQM000162;50;制造;使用决策
zh_CN;KWQM000163;10;制造;检验批次
zh_CN;KWQM000163;20;制造;任务列表
zh_CN;KWQM000163;30;制造;检验特征
zh_CN;KWQM000163;40;制造;使用决策
zh_CN;KXEWM00260;10;供应链;仓库订单
zh_CN;KXEWM00260;20;供应链;仓库任务
zh_CN;KWSERV0160;10;服务;服务订单
zh_CN;KWSERV0160;20;服务;服务确认
zh_CN;KWSERV0160;30;服务;服务订单
zh_CN;KXEWM00460;10;供应链;入库交货
zh_CN;KXEWM00460;20;供应链;货物移动
zh_CN;KXEWM00460;30;供应链;入库
zh_CN;KXEWM00461;10;供应链;入库交货
zh_CN;KXEWM00461;20;供应链;货物移动
zh_CN;KXEWM00461;30;供应链;入库
zh_CN;KXEWM00560;10;供应链;出库交货订单
zh_CN;KXEWM00560;20;供应链;拣配
zh_CN;KXEWM00560;30;供应链;货物移动
zh_CN;KXEWM00560;40;供应链;出库交货
zh_CN;KXEWM00860;10;供应链;入库交货通知
zh_CN;KXEWM00860;20;供应链;入库交货
zh_CN;KXEWM00860;30;供应链;货物移动
zh_CN;KXEWM00860;40;供应链;入库
zh_CN;KXEWM00861;10;供应链;入库交货通知
zh_CN;KXEWM00861;20;供应链;入库交货
zh_CN;KXEWM00861;30;供应链;货物移动
zh_CN;KXEWM00861;40;供应链;入库
zh_CN;KXEWM00862;10;供应链;出库交货请求
zh_CN;KXEWM00862;20;供应链;出库交货订单
zh_CN;KXEWM00862;30;供应链;拣配
zh_CN;KXEWM00862;40;供应链;货物移动
zh_CN;KXEWM00862;50;供应链;出库交货