locale;id;text
fr;valueDriverAffected;Facteur de création de valeur affecté
fr;rootCause;Cause profonde
fr;lmsId;Système source
fr;topX;Nombre d'entrées sur le widget
fr;lobId;Cœur de métier
fr;businessProcessId;Processus de bout en bout
fr;recommendationCategoryId;Catégorie de recommandation en matière d'innovation
fr;kpiId;Indicateur de performance
fr;timeAggregationType;Période de l'analyse
fr;amountTimePeriod;Période
fr;kpiKindId;Catégories d'indicateurs de performance
fr;improvementOpportunityId;Opportunité d'amélioration
fr;contextInformationId;Bloqueur de flux de processus