kpi_id;businessProcess_id
CPACM00101;PTP
CPACM00102;PTP
CPACM00160;PTP
CPAOP00110;PTP
CPAOP00111;PTP
CPAOP00112;PTP
CPAOP00113;PTP
CPAOP00114;PTP
CPAOP00116;PTP
CPAOP00117;PTP
CPAOP00117;RTR
CPAOP00118;PTP
CPAOP00118;RTR
CPAOP00119;PTP
CPAOP00119;RTR
CPAOP00160;PTP
CPAOP00161;PTP
CPAOP00162;PTP
CPAOP00162;RTR
CPAOP00163;PTP
CPASC00101;PTP
CPASC00102;PTP
CPASC00103;PTP
CPASC00104;PTP
CPASC00105;PTP
CPASC00106;PTP
CPASC00110;PTP
CPASC00111;PTP
CPASC00112;PTP
CPASC00116;PTP
CPASC00117;PTP
CPASC00118;PTP
CPASC00160;PTP
CPASC00161;PTP
CPASC00163;PTP
CPASC00164;PTP
CPASC00165;PTP
CPASM00101;PTP
CPASM00102;PTP
CPASM00103;PTP
CPASM00104;PTP
CPASM00105;PTP
CPASM00160;PTP
CPASM00161;PTP
KBSRM00101;PTP
KBSRM00102;PTP
KBSRM00103;PTP
KBSRM00104;PTP
KBSRM00160;PTP
KBSRM00190;PTP
KBSRM00191;PTP
KBSRM00192;PTP
KBSRM00193;PTP
KBSRM00194;PTP
KBSRM00201;PTP
KBSRM00202;PTP
KBSRM00203;PTP
KBSRM00204;PTP
KBSRM00205;PTP
KBSRM00301;PTP
KBSRM00302;PTP
KBSRM00303;PTP
KBSRM00304;PTP
KBSRM00305;PTP
KBSRM00401;PTP
KBSRM00401;RTR
KBSRM00402;PTP
KBSRM00402;RTR
KBSRM00403;PTP
KBSRM00403;RTR
KBSRM00404;PTP
KBSRM00404;RTR
KBSRM00405;PTP
KBSRM00601;PTP
KBSRM00602;PTP
KBSRM00690;PTP
KBSRM00701;PTP
KBSRM00702;PTP
KBSRM00703;PTP
KBSRM00760;PTP
KBSRM00761;PTP
KCSAL00190;OTC
KCSAL00201;OTC
KCSAL00202;OTC
KCSAL00501;OTC
KCSAL00502;OTC
KCSAL00503;OTC
KCSAL00504;OTC
KCSAL00560;OTC
KCSAL00601;OTC
KCSAL00602;OTC
KCSAL00603;OTC
KCSAL00604;OTC
KCSAL00660;OTC
KCSAL00701;OTC
KCSAL00702;OTC
KCSAL00705;OTC
KCSAL00707;OTC
KCSAL00760;OTC
KCSAL00901;OTC
KCSAL00901;PLANTP
KCSAL00902;OTC
KCSAL00902;PLANTP
KCSAL00903;OTC
KCSAL00903;PLANTP
KCSAL00904;OTC
KCSAL00904;PLANTP
KCSAL01001;OTC
KCSAL01001;PLANTP
KCSAL01002;OTC
KCSAL01002;PLANTP
KCSAL01003;OTC
KCSAL01003;PLANTP
KCSAL01004;OTC
KCSAL01004;PLANTP
KCSER00301;PLANTP
KCSER00302;PLANTP
KCSER00305;PLANTP
KCSER00307;PLANTP
KCSER00360;PLANTP
KCSER00401;PLANTP
KCSER00402;PLANTP
KCSER00403;PLANTP
KCSER00404;PLANTP
KFFI000104;OTC
KFFI000104;PTP
KFFI000104;RTR
KFFI000105;RTR
KFFI000106;DTR
KFFI000106;OTC
KFFI000106;PTP
KFFI000106;RTR
KFFI000190;RTR
KFFI000191;RTR
KFFI000193;RTR
KFFI000202;PTP
KFFI000202;RTR
KFFI000212;DTR
KFFI000212;PTP
KFFI000212;RTR
KFFI000213;DTR
KFFI000213;PTP
KFFI000213;RTR
KFFI000214;PTP
KFFI000214;RTR
KFFI000215;DTR
KFFI000215;PTP
KFFI000215;RTR
KFFI000216;PTP
KFFI000216;RTR
KFFI000217;PTP
KFFI000217;RTR
KFFI000302;OTC
KFFI000302;RTR
KFFI000310;OTC
KFFI000310;RTR
KFFI000311;OTC
KFFI000311;RTR
KFFI000312;OTC
KFFI000312;RTR
KFFI000313;OTC
KFFI000313;RTR
KFFI000405;PTP
KFFI000405;RTR
KFFI000406;PTP
KFFI000406;RTR
KFFI000409;PTP
KFFI000409;RTR
KFFI000501;OTC
KFFI000501;RTR
KFFI000502;OTC
KFFI000502;RTR
KFFI000504;OTC
KFFI000504;RTR
KFFI000705;RTR
KFFI000706;PTP
KFFI000706;RTR
KFFI000707;PTP
KFFI000707;RTR
KFFI000708;PTP
KFFI000708;RTR
KFFI000790;RTR
KFFI000940;PTP
KFFI000940;RTR
KFFI000960;PTP
KFFI000960;RTR
KFFI000961;PTP
KFFI000961;RTR
KFFI001040;OTC
KFFI001040;RTR
KFFI001060;OTC
KFFI001060;RTR
KFFI001061;OTC
KFFI001061;RTR
KFFI001201;RTR
KFFI001303;OTC
KFFI001303;RTR
KFFI001402;OTC
KFFI001402;RTR
KFFI001460;OTC
KFFI001460;RTR
KFFI001501;ITM
KFFI001501;RTR
KFFI001502;ITM
KFFI001502;RTR
KFFI001601;RTR
KFFI001602;RTR
KFFI001603;RTR
KFFI001605;RTR
KFFI001609;RTR
KFFI001701;RTR
KFFI001801;RTR
KFFI001801;RTS
KFFI001802;RTR
KFFI001802;RTS
KFFI001803;RTR
KFFI001803;RTS
KFFI001804;RTR
KFFI001804;RTS
KFFI001805;RTR
KFFI001805;RTS
KFFI001806;RTR
KFFI001806;RTS
KFFI001807;RTR
KFFI001807;RTS
KFFI001808;RTR
KFFI001808;RTS
KFFI001860;RTR
KFFI001860;RTS
KFFI001861;RTR
KFFI001861;RTS
KFFI001890;RTR
KFFI001890;RTS
KFFI001891;RTR
KFFI001891;RTS
KFFI001960;RTR
KFFI002003;PTP
KFFI002003;RTR
KFFI002004;DTR
KFFI002004;PTP
KFFI002004;RTR
KFFI002004;RTS
KFFI002005;OTC
KFFI002005;PTP
KFFI002005;RTR
KFFI002260;RTR
KFFI002305;RTR
KFFI002306;RTR
KFFI002308;RTR
KFFI002309;PLANTP
KFFI002309;RTR
KFFI002360;PLANTP
KFFI002360;RTR
KFFI002395;RTR
KFFI002501;OTC
KFFI002501;RTR
KFFI002601;OTC
KFFI002601;RTR
KFFI002602;OTC
KFFI002602;RTR
KFFI002603;OTC
KFFI002603;RTR
KFFI002604;OTC
KFFI002604;RTR
KFFI002605;OTC
KFFI002605;RTR
KFFI002606;OTC
KFFI002606;RTR
KFFI002607;OTC
KFFI002607;RTR
KFFI002660;OTC
KFFI002660;RTR
KFFI002801;RTR
KFFI002801;RTS
KFFI002802;RTR
KFFI002802;RTS
KFFI002803;RTR
KFFI002803;RTS
KIAUT00101;PLANTP
KIAUT00102;PLANTP
KIAUT00103;PLANTP
KIAUT00160;PLANTP
KIAUT00190;PLANTP
KIAUT00301;PLANTP
KIAUT00302;PLANTP
KIISU00101;OTC
KIISU00102;OTC
KIISU00103;OTC
KIISU00104;OTC
KIISU00160;OTC
KIISU00161;OTC
KIISU00162;OTC
KIISU00201;OTC
KIISU00203;OTC
KIISU00204;OTC
KIISU00205;OTC
KIISU00260;OTC
KIISU00261;OTC
KIISU00302;OTC
KIISU00304;OTC
KIISU00305;OTC
KIISU00306;OTC
KIISU00360;OTC
KIISU00360;RTR
KIISU00361;OTC
KIISU00361;RTR
KIPSM00101;RTR
KIPSM00102;RTR
KIPSM00103;RTR
KIPSM00104;RTR
KIPSM00105;RTR
KIPSM00106;RTR
KIRET00460;PLANTP
KIRET00460;PTP
KIRET00461;PLANTP
KIRET00461;PTP
KIRET00462;PLANTP
KIRET00462;PTP
KIRET00463;PLANTP
KIRET00463;PTP
KIRET00464;PLANTP
KIRET00464;PTP
KIRET00464;RTR
KIRET00465;PLANTP
KIRET00465;PTP
KIRET00465;RTR
KIRET00466;PLANTP
KIRET00466;PTP
KIRET00466;RTR
KIRET00467;PLANTP
KIRET00467;PTP
KIRET00467;RTR
KIRET00560;PTP
KIRET00561;PTP
KIRET00562;PTP
KIRET00563;PTP
KIRET00601;ITM
KIRET00602;ITM
KIRET00603;ITM
KITM000101;PLANTP
KITM000102;PLANTP
KITM000201;PLANTP
KITM000202;PLANTP
KITM000204;PLANTP
KITM000260;PLANTP
KITM000290;PLANTP
KITM000291;PLANTP
KITM000292;PLANTP
KITM000293;PLANTP
KITM000294;PLANTP
KITM000295;PLANTP
KITM000301;PLANTP
KITM000302;PLANTP
KITM000304;PLANTP
KITM000305;PLANTP
KPCONF0110;PLANTP
KPCONF0120;DTR
KPCONF0120;RTS
KPCONF0130;OTC
KPCONF0130;RTS
KPCONF0140;PLANTP
KPCONF0401;DTR
KPCONF0401;PLANTP
KPCONF0402;DTR
KPCONF0402;PLANTP
KPCONF0403;RTS
KPCONF0405;PLANTP
KPGR000101;OTC
KPGR000101;PLANTP
KPGR000101;PTP
KPGR000101;RTS
KPGR000102;OTC
KPGR000102;PLANTP
KPGR000102;PTP
KPGR000102;RTS
KPIM000101;PLANTP
KPIM000105;OTC
KPIM000105;PLANTP
KPIM000106;OTC
KPIM000106;PLANTP
KPIM000107;DTR
KPIM000107;PLANTP
KPIM000108;PLANTP
KPIM000115;PLANTP
KPIM000160;PLANTP
KPIM000161;PLANTP
KPIM000162;PLANTP
KPIM000163;PLANTP
KPLE000110;OTC
KPLE000110;PLANTP
KPLE000111;PLANTP
KPLE000111;PTP
KPLE000120;PLANTP
KPLE000120;PTP
KPLE000121;OTC
KPLE000121;PLANTP
KPLE000171;OTC
KPLE000171;PLANTP
KPLE000190;PLANTP
KPLE000190;PTP
KPLE000204;PLANTP
KPLE000205;PLANTP
KPLE000206;PLANTP
KPLE000207;PLANTP
KPLE000260;PLANTP
KPLE000305;OTC
KPLE000305;RTR
KPLE000307;PLANTP
KPLE000360;DTR
KPLE000360;PLANTP
KPLE000361;DTR
KPLE000361;PLANTP
KPLE000362;PLANTP
KPLE000362;PTP
KPMRP00108;PLANTP
KPMRP00109;OTC
KPMRP00109;PLANTP
KPMRP00201;PLANTP
KPMRP00202;PLANTP
KPMRP00205;PLANTP
KPMRP00206;PLANTP
KPMRP00260;PLANTP
KPMRP00260;PTP
KPPP000101;PLANTP
KPPP000103;PLANTP
KPPP000106;PLANTP
KPPP000107;PLANTP
KPPP000108;PLANTP
KPPP000111;PLANTP
KPPP000121;OTC
KPPP000121;PLANTP
KPPP000122;PLANTP
KPPP000142;PLANTP
KPPP000160;PLANTP
KPPP000161;PLANTP
KPPP000161;RTR
KPPP000162;PLANTP
KPPP000163;PLANTP
KPPP000163;PTP
KPPP000164;PLANTP
KPPP000164;PTP
KPPP000190;PLANTP
KPPP000192;ITM
KPPP000192;PLANTP
KPPP000195;ITM
KPPP000195;PLANTP
KPPP000201;PLANTP
KPPP000203;PLANTP
KPPP000206;PLANTP
KPPP000207;PLANTP
KPPP000208;PLANTP
KPPP000211;PLANTP
KPPP000222;OTC
KPPP000222;PLANTP
KPPP000223;PLANTP
KPPP000242;PLANTP
KPPP000260;PLANTP
KPPP000261;PLANTP
KPPP000261;RTR
KPPP000262;PLANTP
KPPP000263;PLANTP
KPPP000263;PTP
KPPP000264;PLANTP
KPPP000264;PTP
KPPP000290;PLANTP
KPPP000292;ITM
KPPP000292;PLANTP
KPPP000295;ITM
KPPP000295;PLANTP
KPPP000409;PLANTP
KPPP000409;PTP
KPPP000410;PLANTP
KPPP000410;PTP
KPPP000411;PLANTP
KPPP000411;PTP
KPPROJ0105;DTR
KPPROJ0105;RTS
KPPROJ0190;DTR
KPPROJ0190;RTS
KPPROJ0205;DTR
KPPROJ0205;RTS
KPPROJ0302;DTR
KPPROJ0302;RTS
KPPROJ0305;DTR
KPPROJ0305;RTS
KPPROJ0360;DTR
KPPROJ0360;RTR
KPPROJ0360;RTS
KPPROJ0361;DTR
KPPROJ0361;RTR
KPPROJ0361;RTS
KPPURCH201;PTP
KPPURCH203;PTP
KPPURCH204;PTP
KPPURCH207;PTP
KPPURCH207;RTR
KPPURCH212;DTR
KPPURCH212;PTP
KPPURCH221;DTR
KPPURCH221;PTP
KPPURCH222;DTR
KPPURCH222;PTP
KPPURCH223;PTP
KPPURCH225;PTP
KPPURCH228;PTP
KPPURCH242;PTP
KPPURCH260;PTP
KPPURCH260;RTR
KPPURCH261;PLANTP
KPPURCH261;PTP
KPPURCH263;OTC
KPPURCH263;PTP
KPPURCH265;PTP
KPPURCH265;RTR
KPPURCH266;PLANTP
KPPURCH266;PTP
KPPURCH267;PTP
KPPURCH268;PLANTP
KPPURCH268;PTP
KPPURCH273;PTP
KPPURCH290;PTP
KPPURCH297;PTP
KPPURCH298;PTP
KPPURCH301;PTP
KPPURCH303;PTP
KPPURCH309;PTP
KPPURCH360;PLANTP
KPPURCH360;PTP
KPPURCH362;PLANTP
KPPURCH362;PTP
KPPURCH404;PTP
KPPURCH404;RTR
KPPURCH409;PTP
KPPURCH409;RTR
KPPURCH411;PTP
KPPURCH411;RTR
KPPURCH412;PTP
KPPURCH412;RTR
KPPURCH413;PTP
KPPURCH413;RTR
KPPURCH460;PTP
KPPURCH460;RTR
KPPURCH508;PTP
KPPURCH560;PLANTP
KPPURCH560;PTP
KPPURCH561;PLANTP
KPPURCH561;PTP
KPPURCH562;PTP
KPPURCH562;RTR
KPPURCH609;PLANTP
KPPURCH609;PTP
KPPURCH610;PLANTP
KPPURCH610;PTP
KPPURCH660;PTP
KPPURCH661;DTR
KPPURCH661;PTP
KPPURCH662;DTR
KPPURCH662;PTP
KPPURCH701;PTP
KPPURCH702;PTP
KPPURCH703;PTP
KPPURCH704;PTP
KPSD000133;DTR
KPSD000133;OTC
KPSD000171;OTC
KPSD000190;OTC
KPSD000194;OTC
KPSD000195;OTC
KPSD000201;OTC
KPSD000201;RTR
KPSD000207;OTC
KPSD000207;RTR
KPSD000208;OTC
KPSD000215;OTC
KPSD000215;RTR
KPSD000216;OTC
KPSD000216;RTR
KPSD000217;OTC
KPSD000217;RTR
KPSD000218;OTC
KPSD000260;OTC
KPSD000260;RTR
KPSD000271;OTC
KPSD000292;OTC
KPSD000293;OTC
KPSD000303;OTC
KPSD000304;OTC
KPSD000306;OTC
KPSD000307;OTC
KPSD000319;OTC
KPSD000321;OTC
KPSD000322;OTC
KPSD000323;OTC
KPSD000324;OTC
KPSD000326;OTC
KPSD000327;OTC
KPSD000360;OTC
KPSD000361;OTC
KPSD000362;OTC
KPSD000362;RTR
KPSD000363;OTC
KPSD000363;PTP
KPSD000364;OTC
KPSD000364;PTP
KPSD000365;OTC
KPSD000365;PLANTP
KPSD000366;OTC
KPSD000366;RTR
KPSD000367;OTC
KPSD000367;RTR
KPSD000368;OTC
KPSD000369;OTC
KPSD000380;DTR
KPSD000380;OTC
KPSD000392;OTC
KPSD000460;OTC
KPSD000460;RTR
KPSD000462;OTC
KPSD000462;RTR
KPWM000260;OTC
KPWM000260;PLANTP
KPWM000260;PTP
KPWM000260;RTS
KPWM000261;OTC
KPWM000261;PLANTP
KPWM000261;PTP
KPWM000261;RTS
KPWM000403;PLANTP
KPWM000560;OTC
KPWM000560;PLANTP
KPWM000560;PTP
KPWM000560;RTS
KPWM000561;OTC
KPWM000561;PLANTP
KPWM000561;PTP
KPWM000561;RTS
KWMD000107;DTR
KWMD000107;ITM
KWMD000109;ITM
KWMD000109;PLANTP
KWMD000110;ITM
KWMD000110;PLANTP
KWMD000110;PTP
KWMD000160;ITM
KWMD000160;PLANTP
KWMD000161;ITM
KWMD000161;PLANTP
KWMD000203;DTR
KWMD000203;OTC
KWMD000204;DTR
KWMD000204;OTC
KWMD000205;DTR
KWMD000205;OTC
KWMD000206;DTR
KWMD000206;OTC
KWMD000207;DTR
KWMD000207;OTC
KWMD000207;RTR
KWMD000260;OTC
KWMD000309;DTR
KWMD000309;PTP
KWMD000309;RTR
KWMD000311;DTR
KWMD000311;PTP
KWMD000312;DTR
KWMD000312;PTP
KWMD000313;DTR
KWMD000313;PTP
KWMD000314;DTR
KWMD000314;PTP
KWMD000314;RTR
KWMD000315;PTP
KWMD000360;PTP
KWMD000501;PTP
KWMD000501;RTR
KWMD000502;PTP
KWMD000502;RTR
KWMD000503;OTC
KWMD000503;RTR
KWMD000504;OTC
KWMD000504;RTR
KWPM000115;RTS
KWPM000116;PLANTP
KWPM000117;RTS
KWPM000118;PLANTP
KWPM000119;RTS
KWPM000120;PLANTP
KWPM000160;RTS
KWPM000161;PLANTP
KWPM000203;RTS
KWPM000204;PLANTP
KWPM000215;RTS
KWPM000216;PLANTP
KWPM000217;RTS
KWPM000218;PLANTP
KWPM000219;RTS
KWPM000220;PLANTP
KWPM000221;RTR
KWPM000221;RTS
KWPM000222;PLANTP
KWPM000222;RTR
KWPM000260;RTS
KWPM000261;RTR
KWPM000261;RTS
KWPM000262;PLANTP
KWPM000263;PLANTP
KWPM000263;RTR
KWPM000264;RTS
KWPM000265;PLANTP
KWPM000290;PLANTP
KWPM000290;RTS
KWPM000462;PLANTP
KWQM000101;PLANTP
KWQM000101;PTP
KWQM000102;PLANTP
KWQM000102;PTP
KWQM000102;RTS
KWQM000103;PLANTP
KWQM000103;PTP
KWQM000103;RTS
KWQM000161;DTR
KWQM000161;PLANTP
KWQM000161;PTP
KWQM000162;DTR
KWQM000162;PLANTP
KWQM000163;PLANTP
KWSERV0101;PLANTP
KWSERV0102;OTC
KWSERV0102;PLANTP
KWSERV0103;PLANTP
KWSERV0104;PLANTP
KWSERV0105;OTC
KWSERV0105;PLANTP
KWSERV0106;PLANTP
KWSERV0160;PLANTP
KXEWM00101;PLANTP
KXEWM00102;PLANTP
KXEWM00201;PLANTP
KXEWM00202;PLANTP
KXEWM00203;PLANTP
KXEWM00260;PLANTP
KXEWM00301;PLANTP
KXEWM00302;PLANTP
KXEWM00303;PLANTP
KXEWM00304;PLANTP
KXEWM00305;PLANTP
KXEWM00390;PLANTP
KXEWM00401;PLANTP
KXEWM00401;PTP
KXEWM00402;PLANTP
KXEWM00402;PTP
KXEWM00403;PLANTP
KXEWM00403;PTP
KXEWM00404;PLANTP
KXEWM00404;PTP
KXEWM00460;PLANTP
KXEWM00461;PLANTP
KXEWM00490;PTP
KXEWM00501;PLANTP
KXEWM00502;PLANTP
KXEWM00503;PLANTP
KXEWM00504;PLANTP
KXEWM00560;PLANTP
KXEWM00590;PLANTP
KXEWM00701;PLANTP
KXEWM00702;PLANTP
KXEWM00860;PLANTP
KXEWM00861;PLANTP
KXEWM00862;PLANTP
KXEWM00901;PLANTP
KXEWM00902;PLANTP
KXEWM00903;PLANTP