locale;enumName;id;text
zh_CN;timeAggregationType;WEEK;周
zh_CN;timeAggregationType;MONTH;月
zh_CN;topX;5;前 5 
zh_CN;topX;10;前 10
zh_CN;topX;20;前 20
zh_CN;trendMeasureType;MV_DOCUMENT;凭证数
zh_CN;trendMeasureType;MV_MONVALUE;货币价值
zh_CN;amountTimePeriod;8_WEEKS;8 周
zh_CN;amountTimePeriod;12_WEEKS;12 周
zh_CN;amountTimePeriod;24_WEEKS;24 周
zh_CN;amountTimePeriod;36_WEEKS;36 周
zh_CN;amountTimePeriod;48_WEEKS;48 周
zh_CN;amountTimePeriod;3_MONTHS;3 个月
zh_CN;amountTimePeriod;6_MONTHS;6 个月
zh_CN;amountTimePeriod;18_MONTHS;18 个月
zh_CN;amountTimePeriod;24_MONTHS;24 个月