locale;id;text
zh_CN;A2D_A2O;收购到上线
zh_CN;A2D_MA;管理资产
zh_CN;A2D_O2M;运营到维护
zh_CN;FIN_I2C;发票到现金
zh_CN;FIN_I2P;发票到付款
zh_CN;FIN_MRE;管理不动产
zh_CN;FIN_MT;管理资金
zh_CN;FIN_P2OF;计划到优化财务
zh_CN;FIN_R2R;记录到报告
zh_CN;GOV_MGRC;管理治理、风险与合规
zh_CN;GOV_MPO;管理投资组合和项目
zh_CN;GOV_MSO;管理可持续性
zh_CN;I2M_D2R;设计到发布
zh_CN;I2M_MPS;管理产品/服务
zh_CN;L2C_M2L;市场到潜在客户
zh_CN;L2C_MCC;管理客户和渠道
zh_CN;L2C_O2F;订单到履行
zh_CN;L2C_O2Q;机会到报价
zh_CN;L2C_R2S;请求到服务
zh_CN;P2F_DP2F;交付产品到履行
zh_CN;P2F_DS2F;交付服务到履行
zh_CN;P2F_M2I;生产到检验
zh_CN;P2F_MF;管理履行
zh_CN;P2F_P2OF;计划到优化履行
zh_CN;S2P_MSC;管理供应商和协作
zh_CN;S2P_P2R;采购到收货
zh_CN;S2P_S2C;货源到合同