locale;solutionProcessId;solutionProcessName
en_US_sappsd;18J;[[[Řēƣűįşįţįŏŋįŋğ∙∙∙∙∙]]]
en_US_sappsd;1BM;[[[Μąķē-ţŏ-Ŏŗƌēŗ Ƥŗŏƌűċţįŏŋ - Ŝēɱįƒįŋįşĥēƌ Ģŏŏƌş Ƥĺąŋŋįŋğ ąŋƌ Āşşēɱƃĺŷ∙∙∙∙∙∙∙∙∙∙∙∙∙∙∙∙∙∙∙∙∙∙∙∙∙∙∙∙]]]
en_US_sappsd;1E1;[[[Ǭűąĺįţŷ Μąŋąğēɱēŋţ įŋ Ďįşċŗēţē Μąŋűƒąċţűŗįŋğ∙∙∙∙∙∙∙∙∙∙∙∙∙∙∙∙]]]
en_US_sappsd;1EZ;[[[Ĉŗēƌįţ Μēɱŏ Ƥŗŏċēşşįŋğ∙∙∙∙∙]]]
en_US_sappsd;1F1;[[[Ďēƃįţ Μēɱŏ Ƥŗŏċēşşįŋğ∙∙∙∙∙]]]
en_US_sappsd;1FM;[[[Ǭűąĺįţŷ Μąŋąğēɱēŋţ įŋ Ƥŗŏċűŗēɱēŋţ∙∙∙∙∙∙∙∙∙∙∙]]]
en_US_sappsd;1FS;[[[Ɓąşįċ Ŵąŗēĥŏűşē Ĭŋƃŏűŋƌ Ƥŗŏċēşşįŋğ ƒŗŏɱ Ŝűρρĺįēŗ∙∙∙∙∙∙∙∙∙∙∙∙∙∙∙∙∙∙]]]
en_US_sappsd;1G2;[[[Ɓąşįċ Ŵąŗēĥŏűşē Ŏűţƃŏűŋƌ Ƥŗŏċēşşįŋğ ţŏ Ĉűşţŏɱēŗ∙∙∙∙∙∙∙∙∙∙∙∙∙∙∙∙∙∙]]]
en_US_sappsd;1HO;[[[Ĭŋţēŗċŏɱρąŋŷ Ŝąĺēş Ŏŗƌēŗ Ƥŗŏċēşşįŋğ - Ďŏɱēşţįċ∙∙∙∙∙∙∙∙∙∙∙∙∙∙∙∙∙]]]
en_US_sappsd;1MX;[[[Ĭŋţēŗċŏɱρąŋŷ Ŝąĺēş Ŏŗƌēŗ Ƥŗŏċēşşįŋğ - Ĭŋţēŗŋąţįŏŋąĺ∙∙∙∙∙∙∙∙∙∙∙∙∙∙∙∙∙∙∙∙]]]
en_US_sappsd;1NT;[[[Ƥŗŏĵēċţ Ĉŏŋţŗŏĺ - Ƒįŋąŋċē∙∙∙∙∙∙∙]]]
en_US_sappsd;1P9;[[[Ĭŋţēŗċŏɱρąŋŷ Ŝţŏċķ Ţŗąŋşƒēŗ∙∙∙∙∙∙∙∙]]]
en_US_sappsd;1V5;[[[Ŵąŗēĥŏűşē Ĭŋƃŏűŋƌ Ƥŗŏċēşşįŋğ ƒŗŏɱ Ŝűρρĺįēŗ ŵįţĥ Ɓąţċĥ Μąŋąğēɱēŋţ∙∙∙∙∙∙∙∙∙∙∙∙∙∙∙∙∙∙∙∙∙∙∙∙∙∙]]]
en_US_sappsd;1V7;[[[Ŵąŗēĥŏűşē Ŏűţƃŏűŋƌ Ƥŗŏċēşşįŋğ ţŏ Ĉűşţŏɱēŗ ŵįţĥ Ɓąţċĥ Μąŋąğēɱēŋţ∙∙∙∙∙∙∙∙∙∙∙∙∙∙∙∙∙∙∙∙∙∙∙∙∙∙]]]
en_US_sappsd;1VB;[[[Ƥŗŏƌűċţįŏŋ Ĭŋţēğŗąţįŏŋ - Ĉŏɱρŏŋēŋţ Ĉŏŋşűɱρţįŏŋ ąŋƌ Řēċēįρţ įŋ Ŵąŗēĥŏűşē∙∙∙∙∙∙∙∙∙∙∙∙∙∙∙∙∙∙∙∙∙∙∙∙∙∙∙∙∙∙]]]
en_US_sappsd;2EQ;[[[Ŝąĺēş ŏƒ Ŝēŗʋįċēş∙∙∙∙∙∙∙]]]
en_US_sappsd;2TX;[[[Ďįŗēċţ Ƥŗŏċűŗēɱēŋţ ŵįţĥ Ĭŋƃŏűŋƌ Ďēĺįʋēŗŷ∙∙∙∙∙∙∙∙∙∙∙∙∙∙]]]
en_US_sappsd;2VJ;[[[ŜĀƤ ĔŴΜ Ĭŋţēğŗąţįŏŋ - Ĭŋƃŏűŋƌ Ƥŗŏċēşşįŋğ ƒŗŏɱ Ŝűρρĺįēŗ∙∙∙∙∙∙∙∙∙∙∙∙∙∙∙∙∙∙∙∙∙]]]
en_US_sappsd;2VK;[[[ŜĀƤ ĔŴΜ Ĭŋţēğŗąţįŏŋ - Ŏűţƃŏűŋƌ Ƥŗŏċēşşįŋğ ţŏ Ĉűşţŏɱēŗ∙∙∙∙∙∙∙∙∙∙∙∙∙∙∙∙∙∙∙∙∙]]]
en_US_sappsd;2VM;[[[ŜĀƤ ĔŴΜ Ĭŋţēğŗąţįŏŋ - Ďēĺįʋēŗŷ-Ɓąşēƌ Ƥŗŏƌűċţįŏŋ Ĭŋţēğŗąţįŏŋ∙∙∙∙∙∙∙∙∙∙∙∙∙∙∙∙∙∙∙∙∙∙∙∙]]]
en_US_sappsd;3BR;[[[Ŵąŗēĥŏűşē Ĭŋƃŏűŋƌ Ƥŗŏċēşşįŋğ∙∙∙∙∙∙∙∙]]]
en_US_sappsd;3BS;[[[Ŵąŗēĥŏűşē Ŏűţƃŏűŋƌ Ƥŗŏċēşşįŋğ∙∙∙∙∙∙∙∙∙]]]
en_US_sappsd;3D2;[[[Ŝēŗʋįċē Ŏŗƌēŗ Μąŋąğēɱēŋţ ąŋƌ Μŏŋįţŏŗįŋğ∙∙∙∙∙∙∙∙∙∙∙∙∙∙]]]
en_US_sappsd;3DV;[[[Ŵąŗēĥŏűşē Ƥŗŏƌűċţįŏŋ Ĭŋţēğŗąţįŏŋ∙∙∙∙∙∙∙∙∙∙]]]
en_US_sappsd;3F0;[[[Ĕʋēŋţ-Ɓąşēƌ Ƥŗŏƌűċţįŏŋ Ĉŏşţ Ƥŏşţįŋğ∙∙∙∙∙∙∙∙∙∙∙∙]]]
en_US_sappsd;3OK;[[[Μąķē-ţŏ-Ŏŗƌēŗ Ƥŗŏƌűċţįŏŋ - Ƥŗŏċēşş Μąŋűƒąċţűŗįŋğ∙∙∙∙∙∙∙∙∙∙∙∙∙∙∙∙∙∙]]]
en_US_sappsd;3XK;[[[Ĭŋ-Ĥŏűşē Řēρąįŗ∙∙∙∙]]]
en_US_sappsd;4GA;[[[Ŝēŗʋįċē Ǭűŏţąţįŏŋ∙∙∙∙∙∙∙]]]
en_US_sappsd;4HH;[[[Řēąċţįʋē Μąįŋţēŋąŋċē∙∙∙∙]]]
en_US_sappsd;4HI;[[[Ƥŗŏąċţįʋē Μąįŋţēŋąŋċē∙∙∙∙∙]]]
en_US_sappsd;4RO;[[[Ďēċēŋţŗąĺįžēƌ ĔŴΜ - Ĭŋƃŏűŋƌ Ƥŗŏċēşşįŋğ∙∙∙∙∙∙∙∙∙∙∙∙∙]]]
en_US_sappsd;4RP;[[[Ďēċēŋţŗąĺįžēƌ ĔŴΜ - Ŏűţƃŏűŋƌ Ƥŗŏċēşşįŋğ∙∙∙∙∙∙∙∙∙∙∙∙∙∙]]]
en_US_sappsd;4VT;[[[Ĭɱρŗŏʋēɱēŋţ Μąįŋţēŋąŋċē∙∙∙∙∙∙]]]
en_US_sappsd;4WM;[[[Ŏρēŗąţįŏŋąĺ ąŋƌ Ŏʋēŗĥēąƌ Μąįŋţēŋąŋċē∙∙∙∙∙∙∙∙∙∙∙∙]]]
en_US_sappsd;41Z;[[[Ŝēŗʋįċē Ŏŗƌēŗ Μąŋąğēɱēŋţ∙∙∙∙∙∙]]]
en_US_sappsd;4X5;[[[Řēċűŗŗįŋğ Ŝēŗʋįċēş∙∙∙∙∙∙]]]
en_US_sappsd;5D2;[[[Āƌʋąŋċēƌ Ĭŋţēŗċŏɱρąŋŷ Ŝąĺēş∙∙∙∙∙∙∙∙]]]
en_US_sappsd;5FM;[[[Ƥŗŏċűŗēɱēŋţ ƒŏŗ Řēţąįĺ∙∙∙∙∙]]]
en_US_sappsd;5FU;[[[Ĭŋƃŏűŋƌ Ļŏğįşţįċş ƒŏŗ Ďįşţŗįƃűţįŏŋ Ĉēŋţēŗş∙∙∙∙∙∙∙∙∙∙∙∙∙∙∙]]]
en_US_sappsd;5FV;[[[Ŏűţƃŏűŋƌ Ļŏğįşţįċş ƒŏŗ Ďįşţŗįƃűţįŏŋ Ĉēŋţēŗş∙∙∙∙∙∙∙∙∙∙∙∙∙∙∙∙]]]
en_US_sappsd;5FX;[[[Ŝţŏŗē Ŏŗƌēŗįŋğ ƒŗŏɱ Ďįşţŗįƃűţįŏŋ Ĉēŋţēŗ∙∙∙∙∙∙∙∙∙∙∙∙∙∙]]]
en_US_sappsd;5HL;[[[Ŝēĺĺ ƒŗŏɱ Ŝţŏċķ (Ĉŏŋşűɱēŗ Ƥŗŏƌűċţş)∙∙∙∙∙∙∙∙∙∙∙∙]]]
en_US_sappsd;5HP;[[[Āƌʋąŋċēƌ Ĭŋţēŗċŏɱρąŋŷ Ŝţŏċķ Ţŗąŋşƒēŗ∙∙∙∙∙∙∙∙∙∙∙∙]]]
en_US_sappsd;61V;[[[Ĉűşţŏɱēŗ Řēţűŗŋş Μąŋąğēɱēŋţ - Ĉŏŋşűɱēŗ Ƥŗŏƌűċţş∙∙∙∙∙∙∙∙∙∙∙∙∙∙∙∙∙∙]]]
en_US_sappsd;BD3;[[[Ŝąĺēş Ƥŗŏċēşşįŋğ űşįŋğ Ţĥįŗƌ-Ƥąŗţŷ ŵįţĥ Ŝĥįρρįŋğ Ńŏţįƒįċąţįŏŋ∙∙∙∙∙∙∙∙∙∙∙∙∙∙∙∙∙∙∙∙∙∙∙∙∙]]]
en_US_sappsd;BD9;[[[Ŝēĺĺ ƒŗŏɱ Ŝţŏċķ∙∙∙∙]]]
en_US_sappsd;BDD;[[[Ļēąŋ Ĉűşţŏɱēŗ Řēţűŗŋş∙∙∙∙∙]]]
en_US_sappsd;BDG;[[[Ŝąĺēş Ǭűŏţąţįŏŋ∙∙∙∙]]]
en_US_sappsd;BDK;[[[Ŝąĺēş Ƥŗŏċēşşįŋğ űşįŋğ Ţĥįŗƌ-Ƥąŗţŷ ŵįţĥŏűţ Ŝĥįρρįŋğ Ńŏţįƒįċąţįŏŋ∙∙∙∙∙∙∙∙∙∙∙∙∙∙∙∙∙∙∙∙∙∙∙∙∙∙]]]
en_US_sappsd;BDN;[[[Ŝąĺēş ŏƒ Ńŏŋ-Ŝţŏċķ Ĭţēɱ ŵįţĥ Ŏŗƌēŗ-Ŝρēċįƒįċ Ƥŗŏċűŗēɱēŋţ∙∙∙∙∙∙∙∙∙∙∙∙∙∙∙∙∙∙∙∙∙∙]]]
en_US_sappsd;BDQ;[[[Ĭŋʋŏįċē Ĉŏŗŗēċţįŏŋ Ƥŗŏċēşş ŵįţĥ Ďēƃįţ Μēɱŏ∙∙∙∙∙∙∙∙∙∙∙∙∙∙∙]]]
en_US_sappsd;BEI;[[[Ƥēŗįŏƌ-Ĕŋƌ Ĉĺŏşįŋğ - Ƥĺąŋţ∙∙∙∙∙∙∙]]]
en_US_sappsd;BF7;[[[Ƥēŗįŏƌ-Ĕŋƌ Ĉĺŏşįŋğ - Μąįŋţēŋąŋċē Ŏŗƌēŗş∙∙∙∙∙∙∙∙∙∙∙∙∙∙]]]
en_US_sappsd;BFH;[[[Āşşēţ Ůŋƌēŗ Ĉŏŋşţŗűċţįŏŋ∙∙∙∙∙∙]]]
en_US_sappsd;BJ5;[[[Μąķē-ţŏ-Ŝţŏċķ Ƥŗŏƌűċţįŏŋ - Ďįşċŗēţē Μąŋűƒąċţűŗįŋğ∙∙∙∙∙∙∙∙∙∙∙∙∙∙∙∙∙∙∙]]]
en_US_sappsd;BJ8;[[[Μąķē-ţŏ-Ŝţŏċķ - Ƥŗŏċēşş Μąŋűƒąċţűŗįŋğ Ɓąşēƌ ŏŋ Ƥŗŏċēşş Ŏŗƌēŗ∙∙∙∙∙∙∙∙∙∙∙∙∙∙∙∙∙∙∙∙∙∙∙∙]]]
en_US_sappsd;BJE;[[[Μąķē-ţŏ-Ŏŗƌēŗ Ƥŗŏƌűċţįŏŋ - Ƒįŋįşĥēƌ Ģŏŏƌş Ŝąĺēş ąŋƌ Ƒįŋąĺ Āşşēɱƃĺŷ∙∙∙∙∙∙∙∙∙∙∙∙∙∙∙∙∙∙∙∙∙∙∙∙∙∙∙]]]
en_US_sappsd;BKL;[[[Ĭŋʋŏįċē Ĉŏŗŗēċţįŏŋ Ƥŗŏċēşş ŵįţĥ Ĉŗēƌįţ Μēɱŏ∙∙∙∙∙∙∙∙∙∙∙∙∙∙∙∙]]]
en_US_sappsd;BKP;[[[Ĉűşţŏɱēŗ Řēţűŗŋş∙∙∙∙∙∙∙∙]]]
en_US_sappsd;BMC;[[[Ĉŏŗē Ĭŋʋēŋţŏŗŷ Μąŋąğēɱēŋţ∙∙∙∙∙∙∙]]]
en_US_sappsd;BMD;[[[Ƥűŗċĥąşē Ĉŏŋţŗąċţ∙∙∙∙∙∙∙]]]
en_US_sappsd;BME;[[[Ŝţŏċķ Ţŗąŋşƒēŗ ŵįţĥ Ďēĺįʋēŗŷ∙∙∙∙∙∙∙∙]]]
en_US_sappsd;BMH;[[[Ŝţŏċķ Ţŗąŋşƒēŗ ŵįţĥŏűţ Ďēĺįʋēŗŷ∙∙∙∙∙∙∙∙∙∙]]]
en_US_sappsd;BMK;[[[Řēţűŗŋ ţŏ Ŝűρρĺįēŗ∙∙∙∙∙∙]]]
en_US_sappsd;BMR;[[[Ŝċĥēƌűĺįŋğ Āğŗēēɱēŋţş įŋ Ƥŗŏċűŗēɱēŋţ∙∙∙∙∙∙∙∙∙∙∙∙]]]
en_US_sappsd;BMY;[[[Ŝűƃċŏŋţŗąċţįŋğ∙∙∙∙∙]]]
en_US_sappsd;BNA;[[[Ƥēŗįŏƌ-Ĕŋƌ Ĉĺŏşįŋğ - Ƥŗŏĵēċţş∙∙∙∙∙∙∙∙∙]]]
en_US_sappsd;BNX;[[[Ĉŏŋşűɱąƃĺē Ƥűŗċĥąşįŋğ∙∙∙∙∙]]]
en_US_sappsd;I9I;[[[Ŝąĺēş Ĉŏŋţŗąċţş∙∙∙∙]]]
en_US_sappsd;J44;[[[Μąţēŗįąĺ Řēƣűįŗēɱēŋţş Ƥĺąŋŋįŋğ∙∙∙∙∙∙∙∙∙]]]
en_US_sappsd;J45;[[[Ƥŗŏċűŗēɱēŋţ ŏƒ Ďįŗēċţ Μąţēŗįąĺş∙∙∙∙∙∙∙∙∙∙]]]
en_US_sappsd;J59;[[[Āċċŏűŋţş Řēċēįʋąƃĺē∙∙∙∙∙]]]
en_US_sappsd;J60;[[[Āċċŏűŋţş Ƥąŷąƃĺē∙∙∙∙∙∙∙∙]]]
en_US_sappsd;J62;[[[Āşşēţ Āċċŏűŋţįŋğ∙∙∙∙∙∙∙∙]]]