locale;solutionProcessFlowDiagramId;solutionProcessFlowDiagramName
fr;SPFD-133;BFH - Immobilisation en cours
fr;SPFD-138;BJE - Fabrication à la commande - Vente de produits finis et assemblage final
fr;SPFD-141;BME - Transfert de stock avec livraison
fr;SPFD-142;BMH - Transfert de stock sans livraison
fr;SPFD-143;BMY - Sous-traitance
fr;SPFD-144;BNA - Clôture de période - Projets
fr;SPFD-163;BF7 - Clôture de période - Ordres de travail
fr;SPFD-165;18J - Gestion des demandes internes
fr;SPFD-168;1BM - Fabrication à la commande - Planification et assemblage de produits semi-finis
fr;SPFD-169;1EZ - Traitement des avoirs
fr;SPFD-170;1F1 - Traitement des notes de débit
fr;SPFD-185;BKP - 01 - Gestion des retours client
fr;SPFD-187;I9I - Acomptes basés sur contrat en quantité de vente
fr;SPFD-202;1E1 - Dans le cadre du processus de production
fr;SPFD-203;1E1 - Entrée de marchandises issue de la production
fr;SPFD-212;1FM - Contrôle qualité régulier
fr;SPFD-222;1HO - Traitement de commande client inter-sociétés - National
fr;SPFD-414;2TX - Approvisionnement direct avec livraison entrante
fr;SPFD-469;BD3 - 01 - Traitement des ventes par livraison directe avec avis de livraison
fr;SPFD-477;BD9 - 01 - Vente sur stock
fr;SPFD-480;BDD - Retours client simplifiés
fr;SPFD-481;BDG - Offre client
fr;SPFD-483;BDK - 01 - Traitement des ventes par livraison directe sans avis de livraison
fr;SPFD-485;BDN - Vente article non géré en stock avec approvisionnement propre à la commande
fr;SPFD-486;BDQ - Processus de correction de facture avec note de débit
fr;SPFD-489;BEI - Clôture de période - Division
fr;SPFD-492;BJ8 - Production sur stock - Production en process basée sur un ordre de process
fr;SPFD-500;BKL - Processus de correction de facture avec avoir
fr;SPFD-504;BMC - 02 - Gestion principale des stocks
fr;SPFD-506;BMD - Contrat d'achat
fr;SPFD-507;BMK - Retour fournisseur
fr;SPFD-509;BMR - 01 - Programme de livraisons avec documentation des appels pour l'approvisionnement standard
fr;SPFD-511;BMR - 03 - Programme de livraisons avec intégration EDI
fr;SPFD-512;BNX - Achat de consommables
fr;SPFD-513;J44 - Scénario principal de planification des besoins en composant
fr;SPFD-517;J45 - Approvisionnement d'articles directs
fr;SPFD-550;J59 - 01 - Principal
fr;SPFD-576;J62 - 05 - Comptabilité des immobilisations - Clôture mensuelle
fr;SPFD-644;1MX - Traitement de commande client inter-sociétés - International
fr;SPFD-651;1NT - Contrôle de projets - Finance
fr;SPFD-661;1P9 - Transfert de stock inter-sociétés - National
fr;SPFD-734;2EQ - Vente de services
fr;SPFD-811;2VJ - Intégration SAP EWM - Traitement des documents entrants du fournisseur
fr;SPFD-812;2VK - Intégration SAP EWM - Traitement des documents sortants pour le client
fr;SPFD-814;2VM - Intégration SAP EWM - Intégration de la production basée sur les livraisons
fr;SPFD-867;3BR - Traitement des entrées magasin
fr;SPFD-874;3D2 - 01 - Services à prix fixe
fr;SPFD-875;3DV - Intégration de la production magasin
fr;SPFD-877;3F0 - Enregistrement des coûts de production basés sur événements
fr;SPFD-955;3OK - Fabrication à la commande - Production en process
fr;SPFD-1002;4GA - Offre d'ordre de service
fr;SPFD-1009;4HI - Maintenance proactive
fr;SPFD-1028;4X5 - Services récurrents
fr;SPFD-1046;5HL - Vente sur stock - Biens de consommation
fr;SPFD-1081;4VT - Maintenance à des fins d'amélioration
fr;SPFD-1082;4WM - Maintenance opérationnelle
fr;SPFD-1083;4WM - Maintenance de type frais généraux
fr;SPFD-1090;5D2 - Vente directe inter-sociétés étendue
fr;SPFD-1091;5HP - Transfert de stock inter-sociétés étendu
fr;SPFD-1209;J62 - 05 - Comptabilité des immobilisations - Clôture mensuelle
fr;SPFD-2208;J60 - 01 - Principal
fr;SPFD-3522;3XK - Réparation d'atelier
fr;SPFD-3588;5FM - Approvisionnement pour la distribution de détail
fr;SPFD-3616;5FV - Logistique d'expédition pour les plateformes
fr;SPFD-3750;61V - Gestion des retours client - Biens de consommation
fr;SPFD-3831;3BS - Traitement des sorties magasin
fr;SPFD-4366;BJ5 - Production sur stock - Production discrète
fr;SPFD-4643;BJE - Fabrication à la commande - Vente de produits finis et assemblage final (OP)
fr;SPFD-4651;BJ5 - Production sur stock - Production discrète (OP)
fr;SPFD-4668;BJ8 - Production sur stock - Production en process basée sur un ordre de process (OP)
fr;SPFD-4671;1FS - Traitement de base des entrées magasin en provenance du fournisseur
fr;SPFD-4676;1G2 - Traitement de base des sorties magasin pour le client
fr;SPFD-4677;1V - Traitement des entrées magasin en provenance du fournisseur avec gestion des lots
fr;SPFD-4678;1V7 - Gestion des lots dans le traitement des documents sortants
fr;SPFD-4680;1VB - Intégration de la production - Consommation des composants et entrée au magasin
fr;SPFD-4687;3OK - Fabrication à la commande - Production en process
fr;SPFD-4713;3XK - Réparation d'atelier
fr;SPFD-4721;4RO - EWM décentralisé - Traitement des documents entrants
fr;SPFD-4722;4RP - EWM décentralisé - Traitement des documents sortants
fr;SPFD-4726;4X5 - Services récurrents
fr;SPFD-5160;5FX - Commande du point de vente depuis la plateforme
fr;SPFD-8185;4HH - Maintenance réactive
fr;SPFD-8292;5FU - Logistique de réception pour les plateformes
fr;SPFD-8411;4HH - Maintenance réactive
fr;SPFD-8414;4HI - Maintenance proactive
fr;SPFD-8426;41Z - Gestion des ordres de service