locale;id;name
fr;AERO;Aéronautique et défense
fr;AUTO;Industrie automobile
fr;BANK;Opérations bancaires
fr;BUILD;Produits de construction
fr;RAIL;Transport de fret et logistique
fr;CHEM;Chimie
fr;CP;Biens de consommation
fr;DEFAULT;Intersectoriel (non spécifique à un secteur)
fr;DEFSEC;Défense et sécurité
fr;ECO;Ingénierie, construction et opérations
fr;HEALTH;Santé
fr;HIGHTECH;Hautes technologies
fr;EDU;Enseignement supérieur et recherche
fr;IMC;Fabrication industrielle
fr;INSUR;Assurance
fr;LIFE;Sciences de la vie
fr;MEDIA;Médias
fr;MILL;Industries de transformation
fr;MINING;Exploitation minière
fr;OIL;Pétrole, gaz et énergie
fr;AIR;Transport de passagers et loisirs
fr;PROFSVC;Services professionnels
fr;PUBLIC;Secteur public
fr;RETAIL;Distribution de détail
fr;SPO;Sports
fr;TELE;Télécommunications
fr;UTILITY;Services publics
fr;WHOLE;Grande distribution