locale;enumName;id;text
en_US_sappsd;timeAggregationType;WEEK;[[[Ŵēēķ]]]
en_US_sappsd;timeAggregationType;MONTH;[[[Μŏŋţĥ∙∙∙∙∙∙∙∙∙]]]
en_US_sappsd;topX;5;[[[Ţŏρ 5∙∙∙∙∙∙∙∙∙]]]
en_US_sappsd;topX;10;[[[Ţŏρ 10∙∙∙∙∙∙∙∙]]]
en_US_sappsd;topX;20;[[[Ţŏρ 20∙∙∙∙∙∙∙∙]]]
en_US_sappsd;trendMeasureType;MV_DOCUMENT;[[[Ńűɱƃēŗ ŏƒ Ďŏċűɱēŋţş∙∙∙∙∙]]]
en_US_sappsd;trendMeasureType;MV_MONVALUE;[[[Μŏŋēţąŗŷ Ʋąĺűē∙∙∙∙∙]]]
en_US_sappsd;amountTimePeriod;8_WEEKS;[[[8 Ŵēēķş∙∙∙∙∙∙∙]]]
en_US_sappsd;amountTimePeriod;12_WEEKS;[[[12 Ŵēēķş∙∙∙∙∙∙]]]
en_US_sappsd;amountTimePeriod;24_WEEKS;[[[24 Ŵēēķş∙∙∙∙∙∙]]]
en_US_sappsd;amountTimePeriod;36_WEEKS;[[[36 Ŵēēķş∙∙∙∙∙∙]]]
en_US_sappsd;amountTimePeriod;48_WEEKS;[[[48 Ŵēēķş∙∙∙∙∙∙]]]
en_US_sappsd;amountTimePeriod;3_MONTHS;[[[3 Μŏŋţĥş∙∙∙∙∙∙]]]
en_US_sappsd;amountTimePeriod;6_MONTHS;[[[6 Μŏŋţĥş∙∙∙∙∙∙]]]
en_US_sappsd;amountTimePeriod;18_MONTHS;[[[18 Μŏŋţĥş∙∙∙∙∙]]]
en_US_sappsd;amountTimePeriod;24_MONTHS;[[[24 Μŏŋţĥş∙∙∙∙∙]]]