ID;ICON;TEXT;LONGTEXT
TREND_PPI;trend-up;Performance Indicator Trends;Add a trend analysis for a performance indicator.
CORRECTION_RECOMMENDATIONS;media-forward;Top Correction Recommendations;Add a list with the most relevant correction recommendations.
INNOVATION_RECOMMENDATIONS;create-session;Top Innovation Recommendations;Add a list with the most relevant innovation recommendations.
PROCESS_FLOWS;share-2;Top Process Flows;Add a list with the most relevant process flows.
PERFORMANCE_INDICATORS;kpi-corporate-performance;Top Performance Indicators;Add a list with the most relevant performance indicators.
PF_FAVORITES;unfavorite;Process Flow Favorites;Add a list with bookmarks to your favorite process flows.
PPI_FAVORITES;unfavorite;Performance Indicator Favorites;Add a list with bookmarks to your favorite performance indicators.
CR_FAVORITES;unfavorite;Correction Recommendation Favorites;Add a list with bookmarks to your favorite correction recommendations.