﻿ID;TEXT
A2D_A2O;Acquire to Onboard
A2D_MA;Manage Assets
A2D_O2M;Operate to Maintain
FIN_I2C;Invoice to Cash
FIN_I2P;Invoice to Pay
FIN_MRE;Manage Real Estate
FIN_MT;Manage Treasury
FIN_P2OF;Plan to Optimize Financials
FIN_R2R;Record to Report
GOV_MGRC;Manage Governance, Risk, and Compliance
GOV_MPO;Manage Portfolio and Projects
GOV_MSO;Manage Sustainability
I2M_D2R;Design to Release
I2M_MPS;Manage Products/Services
L2C_M2L;Market to Lead
L2C_MCC;Manage Customers and Channels
L2C_O2F;Order to Fulfill
L2C_O2Q;Opportunity to Quote
L2C_R2S;Request to Service
P2F_DP2F;Deliver Product to Fulfill
P2F_DS2F;Deliver Service to Fulfill
P2F_M2I;Make to Inspect
P2F_MF;Manage Fulfillment
P2F_P2OF;Plan to Optimize Fulfillment
S2P_MSC;Manage Suppliers and Collaboration
S2P_P2R;Procure to Receipt
S2P_S2C;Source to Contract
