locale;enumName;id;text
pt_BR;timeAggregationType;WEEK;Semana
pt_BR;timeAggregationType;MONTH;Mês
pt_BR;topX;5;5 principais
pt_BR;topX;10;10 principais
pt_BR;topX;20;20 principais
pt_BR;trendMeasureType;MV_DOCUMENT;Número de documentos
pt_BR;trendMeasureType;MV_MONVALUE;Valor monetário
pt_BR;amountTimePeriod;8_WEEKS;8 semanas
pt_BR;amountTimePeriod;12_WEEKS;12 semanas
pt_BR;amountTimePeriod;24_WEEKS;24 semanas
pt_BR;amountTimePeriod;36_WEEKS;36 semanas
pt_BR;amountTimePeriod;48_WEEKS;48 semanas
pt_BR;amountTimePeriod;3_MONTHS;3 meses
pt_BR;amountTimePeriod;6_MONTHS;6 meses
pt_BR;amountTimePeriod;18_MONTHS;18 meses
pt_BR;amountTimePeriod;24_MONTHS;24 meses