locale;id;text
ja;ACC;アカウント
ja;ACTIONS;アクション
ja;BATCHES;ロット
ja;CHN;変更
ja;COMBN;組み合わせ
ja;COND;条件
ja;CUST;顧客
ja;DATES;日付
ja;DAYS;日数
ja;DOC;文書
ja;DUMPS;ダンプ
ja;ENTRIES;エントリ
ja;EXCEP;例外
ja;FLD;フィールド
ja;H;時間
ja;ITEMS;項目
ja;ITEMSSL;納入日程行明細
ja;LEAVE_REQ;休暇申請
ja;MAT;品目
ja;MESSAGES;メッセージ
ja;MIN;分
ja;MS;ミリ秒
ja;NUMB_RANGE;番号範囲
ja;OBJECTS;オブジェクト
ja;PERCENT;割合
ja;QUANTS;保管ロット
ja;SEC;秒
ja;TRP;輸送
ja;TRP_REQ;輸送依頼
ja;USE;使用状況
ja;VEN;仕入先
ja;VHCL;車両