locale;solutionProcessId;solutionProcessName
ja;18J;購買依頼処理
ja;1BM;受注生産 - 半製品の計画および組立
ja;1E1;ディスクリート製造における品質管理
ja;1EZ;クレジットメモ処理
ja;1F1;デビットメモ処理
ja;1FM;調達の品質管理
ja;1FS;サプライヤからの基本倉庫入荷処理
ja;1G2;得意先への基本倉庫出荷処理
ja;1HO;会社間受注処理 - 国内
ja;1MX;会社間受注処理 - 国際
ja;1NT;プロジェクト管理 - 財務
ja;1P9;会社間在庫転送
ja;1V5;ロット管理によるサプライヤからの倉庫入荷処理
ja;1V7;ロット管理による得意先への倉庫出荷処理
ja;1VB;生産統合 - 倉庫における構成品目消費および入庫
ja;2EQ;サービス販売
ja;2TX;入荷伝票を使用する直接調達
ja;2VJ;SAP EWM 統合 - サプライヤからの入荷処理
ja;2VK;SAP EWM 統合 - 得意先への出荷処理
ja;2VM;SAP EWM 統合 - 出荷を基準にした製造統合
ja;3BR;倉庫入荷処理
ja;3BS;倉庫出荷処理
ja;3D2;サービスオーダー管理および監視
ja;3DV;倉庫生産統合
ja;3F0;イベントベース製造原価転記
ja;3OK;受注生産 - プロセス生産
ja;3XK;社内修理
ja;4GA;サービス見積
ja;4HH;事後保全
ja;4HI;事前対応型保全
ja;4RO;分散拡張倉庫管理 - 受信処理
ja;4RP;分散拡張倉庫管理 - 送信処理
ja;4VT;改良保全
ja;4WM;自主保全および共通保全
ja;41Z;サービスオーダー管理
ja;4X5;繰返サービス
ja;5D2;拡張会社間受注
ja;5FM;小売の調達
ja;5FU;物流センタの入荷ロジスティクス
ja;5FV;物流センタの出荷ロジスティクス
ja;5FX;物流センタからの店舗発注
ja;5HL;在庫販売 (消費財)
ja;5HP;拡張会社間在庫転送
ja;61V;返品管理 - 消費財
ja;BD3;仕入先直送を利用した受注処理 - 出荷通知あり
ja;BD9;在庫販売
ja;BDD;簡易返品
ja;BDG;販売見積
ja;BDK;仕入先直送を使用した販売処理 (出荷通知なし)
ja;BDN;受注固有調達による非在庫品目の販売
ja;BDQ;デビットメモによる請求書修正プロセス
ja;BEI;期末処理 - プラント
ja;BF7;期末処理 - 保全指図
ja;BFH;建設仮勘定
ja;BJ5;見込生産 – ディスクリート製造
ja;BJ8;見込生産 – プロセス指図に基づくプロセス生産
ja;BJE;受注生産 - 製品の販売および最終組立
ja;BKL;クレジットメモによる請求書修正プロセス
ja;BKP;返品
ja;BMC;コア在庫管理
ja;BMD;購買契約
ja;BME;出荷伝票を使用した在庫転送
ja;BMH;出荷伝票を使用しない在庫転送
ja;BMK;サプライヤへの返品
ja;BMR;調達における分納契約
ja;BMY;外注
ja;BNA;期末処理 - プロジェクト
ja;BNX;消耗品目購買
ja;I9I;販売契約
ja;J44;資材所要量計画
ja;J45;直接材調達
ja;J59;債権管理
ja;J60;債務管理
ja;J62;固定資産管理