locale;kpiId;phaseId;stepId;title;subtitle
de;CPACM00160;10;step_10_10;Vertragsarbeitsbereiche angelegt;
de;CPACM00160;10;step_10_20;Vertragsarbeitsbereiche veröffentlicht und gültig;
de;CPAOP00160;10;step_10_10;Bestellanforderungspositionen angelegt;
de;CPAOP00160;20;step_20_10;Bestellpositionen angelegt;
de;CPAOP00161;10;step_10_10;Bestellpositionen angelegt;
de;CPAOP00161;20;step_20_10;Wareneingänge angelegt;
de;CPAOP00161;30;step_30_10;Rechnungspositionen angelegt;
de;CPAOP00162;10;step_10_10;Rechnungspositionen übermittelt;
de;CPAOP00162;10;step_10_20;Rechnungspositionen abgestimmt;
de;CPAOP00162;20;step_20_10;Rechnungspositionen bezahlt;
de;CPAOP00163;10;step_10_10;Bestellpositionen angelegt;
de;CPAOP00163;20;step_20_10;Rechnungspositionen angelegt;
de;CPAOP00163;20;step_20_30;Rechnungspositionen bezahlt;
de;CPASC00160;10;step_10_10;Beschaffungsanforderungen angelegt;
de;CPASC00160;20;step_20_10;Vollständige Beschaffungsprojekte angelegt;
de;CPASC00160;30;step_30_10;Erstes Beschaffungsereignis angelegt;
de;CPASC00160;30;step_30_20;Letztes Beschaffungsereignis beendet;
de;CPASC00160;40;step_40_10;Vollständige Beschaffungsprojekte abgeschlossen;
de;CPASC00161;10;step_10_10;Vollständige Beschaffungsprojekte angelegt;
de;CPASC00161;20;step_20_10;Erstes Beschaffungsereignis angelegt;
de;CPASC00161;20;step_20_20;Letztes Beschaffungsereignis angelegt;
de;CPASC00161;30;step_30_10;Vollständige Beschaffungsprojekte abgeschlossen;
de;CPASC00163;10;step_10_10;Beschaffungsereignisse angelegt;
de;CPASC00163;20;step_20_10;Gebotsabgabe gestartet;
de;CPASC00163;20;step_20_20;Gebotsabgabe beendet;
de;CPASC00163;30;step_30_10;Beschaffungsereignisse beendet;
de;CPASC00164;10;step_10_10;Beschaffungsereignisse angelegt;
de;CPASC00164;20;step_20_10;Gebotsabgabe gestartet;
de;CPASC00164;20;step_20_20;Gebotsabgabe beendet;
de;CPASC00164;30;step_30_10;Beschaffungsereignisse beendet;
de;CPASC00165;10;step_10_10;Beschaffungsereignisse angelegt;
de;CPASC00165;20;step_20_10;Gebotsabgabe gestartet;
de;CPASC00165;20;step_20_20;Gebotsabgabe beendet;
de;CPASC00165;30;step_30_10;Beschaffungsereignisse beendet;
de;CPASM00160;10;step_10_10;Lieferantenanforderungen angelegt;
de;CPASM00160;10;step_10_20;Lieferantenanforderungen genehmigt;
de;CPASM00160;20;step_20_10;Lieferantenregistrierung gestartet;
de;CPASM00160;20;step_20_20;Fragebogen zur Lieferantenregistrierung eingereicht;
de;CPASM00160;20;step_20_30;Lieferantenregistrierung genehmigt;
de;CPASM00161;10;step_10_10;Positionen des Qualifizierungsprojekts für frühere Lieferanten angelegt;
de;CPASM00161;10;step_10_20;Fragebogen für Positionen des Qualifizierungsprojekts für frühere Lieferanten eingereicht;
de;CPASM00161;10;step_10_30;Positionen des Qualifizierungsprojekts für frühere Lieferanten genehmigt;
de;KBSRM00160;10;step_10_10;Einkaufswagenpositionen angelegt;
de;KBSRM00160;10;step_10_20;Einkaufswagenpositionen abgeschlossen;
de;KBSRM00160;10;step_10_30;Einkaufswagenpositionen genehmigt;
de;KBSRM00160;20;step_20_10;Einkaufswagenpositionen mit geplantem Lieferdatum und Nachfolgedokument angelegt;
de;KBSRM00760;10;step_10_10;Ausschreibungspositionen angelegt;
de;KBSRM00760;10;step_10_20;Ausschreibungspositionen angelegt und Genehmigung ausstehend;
de;KBSRM00760;10;step_10_30;Ausschreibungspositionen veröffentlicht;
de;KBSRM00760;20;step_20_10;Erstes Gebot abgegeben;
de;KBSRM00760;20;step_20_20;Abgabefrist der Ausschreibung erreicht;
de;KBSRM00760;20;step_20_30;Erstes Gebot akzeptiert;
de;KBSRM00761;10;step_10_10;Auktionspositionen angelegt;
de;KBSRM00761;10;step_10_20;Auktionspositionen abgeschlossen und bereit;
de;KBSRM00761;10;step_10_30;Auktionspositionen aktiviert;
de;KBSRM00761;20;step_20_10;Erstes Gebot abgegeben;
de;KBSRM00761;20;step_20_20;Auktionspositionen beendet;
de;KBSRM00761;20;step_20_30;Erstes Gebot akzeptiert;
de;KCSAL00660;10;step_10_10;Opportunitys angelegt;
de;KCSAL00660;10;step_10_20;"Opportunitys auf „In Bearbeitung“ gesetzt";
de;KCSAL00660;40;step_40_10;Opportunitys abgeschlossen;
de;KFFI000960;10;step_10_10;Lieferantenrechnungen ausgestellt;
de;KFFI000960;10;step_10_20;Lieferantenrechnungen angelegt und gebucht;
de;KFFI000960;10;step_10_30;FI-AP-Posten zur Zahlung freigegeben;
de;KFFI000960;20;step_20_10;FI-AP-Ausgleichsbelege angelegt;
de;KFFI000960;20;step_20_20;FI-AP-Posten ausgeglichen;
de;KFFI000961;10;step_10_10;Lieferantenrechnungen ausgestellt;
de;KFFI000961;10;step_10_20;Lieferantenrechnungen angelegt und gebucht;
de;KFFI000961;10;step_10_30;FI-AP-Posten zur Zahlung freigegeben;
de;KFFI000961;20;step_20_10;FI-AP-Ausgleichsbelege angelegt;
de;KFFI000961;20;step_20_20;FI-AP-Posten ausgeglichen;
de;KFFI001060;10;step_10_10;Kundenrechnungen ausgestellt;
de;KFFI001060;20;step_20_10;FI-AR-Posten ausgeglichen;
de;KFFI001061;10;step_10_10;Kundenrechnungen ausgestellt;
de;KFFI001061;20;step_20_10;FI-AR-Posten ausgeglichen;
de;KFFI001860;10;step_10_10;Anlagenstamm angelegt;
de;KFFI001860;20;step_20_10;Erste Zugangsbuchung angelegt;
de;KFFI001860;30;step_30_10;Erste Abrechnung auf Endanlage oder Nicht-Anlagen-Empfänger;
de;KFFI001860;40;step_40_10;Anlagenstamm deaktiviert;
de;KFFI001861;10;step_10_10;Anlagenstamm angelegt;
de;KFFI001861;20;step_20_10;Erste Zugangsbuchung angelegt;
de;KFFI001861;30;step_30_10;Abschreibungsrechnung begonnen;
de;KFFI001861;50;step_50_10;Anlagenstamm deaktiviert;
de;KFFI001960;10;step_10_10;Rechnungen der Versorgungswirtschaft angelegt;
de;KFFI001960;20;step_20_10;FI-CA-Posten ausgeglichen;
de;KFFI002260;10;step_10_10;Konvergente Rechnungen angelegt;
de;KFFI002260;20;step_20_10;FI-CA-Posten ausgeglichen;
de;KFFI002360;10;step_10_10;Produktkostensammler angelegt;
de;KFFI002360;20;step_20_10;Produktkostensammler erstmals bestätigt;
de;KFFI002360;30;step_30_10;Produktkostensammler erstmals abgerechnet;
de;KFFI002660;10;step_10_10;Provider-Vertrag angelegt;
de;KFFI002660;10;step_10_20;Vertrag hat begonnen;
de;KFFI002660;20;step_20_10;Erster Abrechnungsbeleg angelegt;
de;KFFI002660;30;step_30_10;Erster Fakturierungsbeleg angelegt;
de;KIAUT00160;10;step_10_10;Eckstarttermin von Produktionseinteilungskomponente;
de;KIAUT00160;10;step_10_20;Bedarfstermin von Produktionseinteilungskomponente;
de;KIAUT00160;40;step_40_10;Produktionseinteilungskomponente mit Auftrags-Eckendtermin in der Zukunft;
de;KIISU00160;10;step_10_10;Verträge angelegt;
de;KIISU00160;30;step_30_10;Erster Abrechnungsbeleg zu Vertrag angelegt;
de;KIISU00160;40;step_40_10;Erster Druckbeleg zu Vertrag angelegt;
de;KIISU00160;50;step_50_10;Erster Vertragskontokorrentbeleg zu Vertrag angelegt;
de;KIISU00160;50;step_50_20;Erster Vertragskontokorrentposition zu Vertrag ausgegleichen;
de;KIISU00260;10;step_10_10;Abrechnungsbelege angelegt;
de;KIISU00260;20;step_20_10;Druckbelege angelegt und gebucht;
de;KIISU00261;10;step_10_10;Aussortierte Abrechnungsbelege angelegt;
de;KIISU00261;10;step_10_20;Aussortierte Abrechnungsbelege freigegeben;
de;KIISU00261;20;step_20_10;Druckbelege angelegt und gebucht;
de;KIISU00261;20;step_20_20;Druckbelege gedruckt;
de;KIISU00161;10;step_10_10;Abrechnungsaufträge angelegt;
de;KIISU00161;40;step_40_10;Abrechnungsaufträge mit geplantem Abrechnungsdatum in der Zukunft;
de;KIISU00162;10;step_10_10;Abrechnungsaufträge angelegt;
de;KIISU00162;20;step_20_10;Ableseergebnisse für Abrechnungsaufträge gespeichert;
de;KIISU00162;40;step_40_10;Abrechnungsaufträge mit geplantem Abrechnungsdatum in der Zukunft;
de;KIISU00360;10;step_10_10;Druckbelege angelegt;
de;KIISU00360;20;step_20_10;Offene Posten in Rechnungswesen angelegt;
de;KIISU00360;20;step_20_20;Offene Posten in Rechnungswesen ausgeglichen;
de;KIISU00361;10;step_10_10;Aussortierte Druckbelege angelegt;
de;KIISU00361;10;step_10_20;Aussortierte Druckbelege freigegeben;
de;KIISU00361;20;step_20_10;Offene Posten in Rechnungswesen angelegt;
de;KIISU00361;20;step_20_20;Offene Posten in Rechnungswesen ausgeglichen;
de;KIRET00460;10;step_10_10;Umlagerungsauftragspositionen angelegt;
de;KIRET00460;20;step_20_10;Umlagerungsauftragspositionen geliefert;
de;KIRET00460;20;step_20_20;Umlagerungsauftragspositionen ausgegeben;
de;KIRET00460;30;step_30_10;Umlagerungsauftragspositionen empfangen;
de;KIRET00461;10;step_10_10;Umlagerungsauftragspositionen angelegt;
de;KIRET00461;20;step_20_10;Umlagerungsauftragspositionen geliefert;
de;KIRET00461;20;step_20_20;Umlagerungsauftragspositionen ausgegeben;
de;KIRET00461;30;step_30_10;Umlagerungsauftragspositionen empfangen;
de;KIRET00462;10;step_10_10;Umlagerungsauftragspositionen angelegt;
de;KIRET00462;20;step_20_10;Umlagerungsauftragspositionen geliefert;
de;KIRET00462;20;step_20_20;Umlagerungsauftragspositionen ausgegeben;
de;KIRET00462;30;step_30_10;Umlagerungsauftragspositionen empfangen;
de;KIRET00463;10;step_10_10;Umlagerungsauftragspositionen angelegt;
de;KIRET00463;20;step_20_10;Umlagerungsauftragspositionen geliefert;
de;KIRET00463;20;step_20_20;Umlagerungsauftragspositionen ausgegeben;
de;KIRET00463;30;step_30_10;Umlagerungsauftragspositionen empfangen;
de;KIRET00464;10;step_10_10;Umlagerungsauftragspositionen angelegt;
de;KIRET00464;20;step_20_10;Umlagerungsauftragspositionen geliefert;
de;KIRET00464;20;step_20_20;Umlagerungsauftragspositionen ausgegeben;
de;KIRET00464;30;step_30_10;Umlagerungsauftragspositionen empfangen;
de;KIRET00464;40;step_40_10;FI-AR-Posten angelegt;
de;KIRET00464;40;step_40_20;FI-AP-Posten angelegt;
de;KIRET00464;40;step_40_30;FI-AP-Posten ausgeglichen;
de;KIRET00464;40;step_40_40;FI-AR-Posten ausgeglichen;
de;KIRET00465;10;step_10_10;Umlagerungsauftragspositionen angelegt;
de;KIRET00465;20;step_20_10;Umlagerungsauftragspositionen geliefert;
de;KIRET00465;20;step_20_20;Umlagerungsauftragspositionen ausgegeben;
de;KIRET00465;30;step_30_10;Umlagerungsauftragspositionen empfangen;
de;KIRET00465;40;step_40_10;FI-AR-Posten angelegt;
de;KIRET00465;40;step_40_20;FI-AP-Posten angelegt;
de;KIRET00465;40;step_40_30;FI-AP-Posten ausgeglichen;
de;KIRET00465;40;step_40_40;FI-AR-Posten ausgeglichen;
de;KIRET00466;10;step_10_10;Umlagerungsauftragspositionen angelegt;
de;KIRET00466;20;step_20_10;Umlagerungsauftragspositionen geliefert;
de;KIRET00466;20;step_20_20;Umlagerungsauftragspositionen ausgegeben;
de;KIRET00466;30;step_30_10;Umlagerungsauftragspositionen empfangen;
de;KIRET00466;40;step_40_10;FI-AR-Posten angelegt;
de;KIRET00466;40;step_40_20;FI-AP-Posten angelegt;
de;KIRET00466;40;step_40_30;FI-AP-Posten ausgeglichen;
de;KIRET00466;40;step_40_40;FI-AR-Posten ausgeglichen;
de;KIRET00467;10;step_10_10;Umlagerungsauftragspositionen angelegt;
de;KIRET00467;20;step_20_10;Umlagerungsauftragspositionen geliefert;
de;KIRET00467;20;step_20_20;Umlagerungsauftragspositionen ausgegeben;
de;KIRET00467;30;step_30_10;Umlagerungsauftragspositionen empfangen;
de;KIRET00467;40;step_40_10;FI-AR-Posten angelegt;
de;KIRET00467;40;step_40_20;FI-AP-Posten angelegt;
de;KIRET00467;40;step_40_30;FI-AP-Posten ausgeglichen;
de;KIRET00467;40;step_40_40;FI-AR-Posten ausgeglichen;
de;KIRET00560;10;step_10_10;Bestellpositionen angelegt;
de;KIRET00560;20;step_20_10;Wareneingänge angelegt;
de;KIRET00560;30;step_30_10;Lieferantenrechnung angelegt;
de;KIRET00561;10;step_10_10;Bestellpositionen angelegt;
de;KIRET00561;20;step_20_10;Wareneingänge angelegt;
de;KIRET00561;30;step_30_10;Lieferantenrechnung angelegt;
de;KIRET00562;10;step_10_10;Bestellpositionen angelegt;
de;KIRET00562;20;step_20_10;Wareneingänge angelegt;
de;KIRET00562;30;step_30_10;Lieferantenrechnung angelegt;
de;KIRET00563;10;step_10_10;Bestellpositionen angelegt;
de;KIRET00563;20;step_20_10;Wareneingänge angelegt;
de;KIRET00563;30;step_30_10;Lieferantenrechnung angelegt;
de;KPIM000160;10;step_10_10;Kombinationen aus Material/Werk/Lagerort mit Bestand;
de;KPIM000160;20;step_20_10;Kombinationen mit letztem Warentransport vor mehr als 1 Jahr;
de;KPIM000160;20;step_20_20;Kombinationen mit letztem Warentransport vor mehr als 7–12 Perioden;
de;KPIM000160;20;step_20_30;Kombinationen mit letztem Warentransport vor mehr als 4–6 Perioden;
de;KPIM000160;20;step_20_40;Kombinationen mit letztem Warentransport vor mehr als 2–3 Perioden;
de;KPIM000160;20;step_20_50;Kombinationen mit letztem Warentransport in vorheriger Periode;
de;KPIM000160;20;step_20_60;Kombinationen mit letztem Warentransport in dieser Periode;
de;KPIM000161;10;step_10_10;Kombinationen aus Material/Werk/Lagerort/Charge mit Bestand;
de;KPIM000161;20;step_20_10;Kombinationen mit letztem Warentransport vor mehr als 1 Jahr;
de;KPIM000161;20;step_20_20;Kombinationen mit letztem Warentransport vor mehr als 7–12 Perioden;
de;KPIM000161;20;step_20_30;Kombinationen mit letztem Warentransport vor mehr als 4–6 Perioden;
de;KPIM000161;20;step_20_40;Kombinationen mit letztem Warentransport vor mehr als 2–3 Perioden;
de;KPIM000161;20;step_20_50;Kombinationen mit letztem Warentransport in vorheriger Periode;
de;KPIM000161;20;step_20_60;Kombinationen mit letztem Warentransport in dieser Periode;
de;KPIM000162;10;step_10_10;Kombinationen aus Material/Werk/Lagerort mit Bestand;
de;KPIM000162;20;step_20_10;Kombinationen mit letztem Warentransport vor mehr als 1 Jahr;
de;KPIM000162;20;step_20_20;Kombinationen mit letztem Warentransport vor mehr als 7–12 Perioden;
de;KPIM000162;20;step_20_30;Kombinationen mit letztem Warentransport vor mehr als 4–6 Perioden;
de;KPIM000162;20;step_20_40;Kombinationen mit letztem Warentransport vor mehr als 2–3 Perioden;
de;KPIM000162;20;step_20_50;Kombinationen mit letztem Warentransport in vorheriger Periode;
de;KPIM000162;20;step_20_60;Kombinationen mit letztem Warentransport in dieser Periode;
de;KPIM000163;10;step_10_10;Kombinationen aus Material/Werk/Lagerort/Charge mit Bestand;
de;KPIM000163;20;step_20_10;Kombinationen mit letztem Warentransport vor mehr als 1 Jahr;
de;KPIM000163;20;step_20_20;Kombinationen mit letztem Warentransport vor mehr als 7–12 Perioden;
de;KPIM000163;20;step_20_30;Kombinationen mit letztem Warentransport vor mehr als 4–6 Perioden;
de;KPIM000163;20;step_20_40;Kombinationen mit letztem Warentransport vor mehr als 2–3 Perioden;
de;KPIM000163;20;step_20_50;Kombinationen mit letztem Warentransport in vorheriger Periode;
de;KPIM000163;20;step_20_60;Kombinationen mit letztem Warentransport in dieser Periode;
de;KPLE000360;10;step_10_10;Lieferpositionen angelegt;
de;KPLE000360;10;step_10_20;Lieferpositionen kommissioniert;
de;KPLE000360;40;step_40_10;Lieferpositionen mit Warenausgang gebucht;
de;KPLE000361;10;step_10_10;Lieferpositionen angelegt;
de;KPLE000361;20;step_20_10;Lieferpositionen mit Transportauftragsposition angelegt und bestätigt;
de;KPLE000361;50;step_50_10;Lieferpositionen mit Warenausgang gebucht;
de;KPLE000362;10;step_10_10;Lieferpositionen angelegt;
de;KPLE000362;50;step_50_10;Lieferpositionen mit Wareneingang gebucht;
de;KPMRP00260;10;step_10_10;Kombinationen aus Material/Werk, die letzte Woche in der MRP verarbeitet wurden;
de;KPMRP00260;15;step_15_10;Kombinationen aus Material/Werk ohne überfälligen Verkaufsrückstand;
de;KPMRP00260;20;step_20_10;Kombinationen aus Material/Werk ohne überfälligen Planauftragsrückstand;
de;KPMRP00260;30;step_30_10;Kombinationen aus Material/Werk ohne überfälligen Produktionsrückstand;
de;KPMRP00260;40;step_40_10;Kombinationen aus Material/Werk ohne überfälligen Einkaufsrückstand;
de;KPMRP00260;50;step_50_10;Kombinationen aus Material/Werk ohne MRP-Ausnahme;
de;KPMRP00260;60;step_60_10;Kombinationen aus Material/Werk, die letzte Woche in Produktionsauftrag verwendet wurden;
de;KPMRP00260;70;step_70_10;Kombinationen aus Material/Werk, die letzte Woche in Bestellposition verwendet wurden;
de;KPPP000160;10;step_10_10;Fertigungsaufträge angelegt;
de;KPPP000160;10;step_10_20;Fertigungsaufträge freigegeben;
de;KPPP000160;20;step_20_10;Fertigungsaufträge erstmals bestätigt;
de;KPPP000160;30;step_30_10;Fertigungsaufträge geliefert;
de;KPPP000160;40;step_40_10;Gelieferte Fertigungsaufträge technisch abgeschlossen;
de;KPPP000161;10;step_10_10;Fertigungsaufträge angelegt;
de;KPPP000161;10;step_10_20;Fertigungsaufträge freigegeben;
de;KPPP000161;20;step_20_10;Fertigungsaufträge erstmals bestätigt;
de;KPPP000161;30;step_30_10;Fertigungsaufträge geliefert;
de;KPPP000161;40;step_40_10;Gelieferte Fertigungsaufträge erstmals abgerechnet;
de;KPPP000162;10;step_10_10;Fertigungsauftragskomponenten angelegt;
de;KPPP000162;10;step_10_20;Fertigungsauftrag freigegeben für Komponenten;
de;KPPP000162;50;step_50_10;Erster Warenausgang gebucht für Komponenten;
de;KPPP000163;10;step_10_10;Fertigungsauftragskomponenten angelegt;
de;KPPP000163;20;step_20_10;Bestellanforderungspositionen angelegt;
de;KPPP000163;30;step_30_10;Bestellpositionen angelegt;
de;KPPP000163;40;step_40_10;Wareneingang gebucht für Bestellpositionen;
de;KPPP000164;10;step_10_10;Fertigungsauftragsvorgänge angelegt;
de;KPPP000164;45;step_45_10;Vorgänge mit freigegebenem Fertigungsauftrag;
de;KPPP000164;50;step_50_10;Startdatum der Vorgangsausführung bestätigt;
de;KPPP000164;50;step_50_20;Abschlussdatum der Vorgangsausführung endgültig bestätigt;
de;KPPP000260;10;step_10_10;Prozessaufträge angelegt;
de;KPPP000260;10;step_10_20;Prozessaufträge freigegeben;
de;KPPP000260;20;step_20_10;Prozessaufträge erstmals bestätigt;
de;KPPP000260;30;step_30_10;Prozessaufträge geliefert;
de;KPPP000260;40;step_40_10;Gelieferte Prozessaufträge technisch abgeschlossen;
de;KPPP000261;10;step_10_10;Prozessaufträge angelegt;
de;KPPP000261;10;step_10_20;Prozessaufträge freigegeben;
de;KPPP000261;20;step_20_10;Prozessaufträge erstmals bestätigt;
de;KPPP000261;30;step_30_10;Prozessaufträge geliefert;
de;KPPP000261;40;step_40_10;Gelieferte Prozessaufträge erstmals abgerechnet;
de;KPPP000262;10;step_10_10;Prozessauftragskomponenten angelegt;
de;KPPP000262;10;step_10_20;Prozessauftrag freigegeben für Komponenten;
de;KPPP000262;50;step_50_10;Erster Warenausgang gebucht für Komponenten;
de;KPPP000263;10;step_10_10;Prozessauftragskomponenten angelegt;
de;KPPP000263;20;step_20_10;Bestellanforderungspositionen angelegt;
de;KPPP000263;30;step_30_10;Bestellpositionen angelegt;
de;KPPP000263;40;step_40_10;Wareneingang gebucht für Bestellpositionen;
de;KPPP000264;10;step_10_10;Prozessauftragsvorgänge angelegt;
de;KPPP000264;45;step_45_10;Vorgänge mit freigegebenem Prozessauftrag;
de;KPPP000264;50;step_50_10;Startdatum der Vorgangsausführung bestätigt;
de;KPPP000264;50;step_50_20;Abschlussdatum der Vorgangsausführung endgültig bestätigt;
de;KPPROJ0360;10;step_10_10;PSP-Elemente angelegt;
de;KPPROJ0360;10;step_10_20;PSP-Elemente freigegeben;
de;KPPROJ0360;20;step_20_10;PSP-Elemente erstmals abgerechnet;
de;KPPROJ0360;20;step_20_20;PSP-Elemente geschlossen;
de;KPPROJ0361;10;step_10_10;PSP-Elemente angelegt;
de;KPPROJ0361;10;step_10_20;PSP-Elemente freigegeben;
de;KPPROJ0361;20;step_20_10;PSP-Elemente erstmals abgerechnet;
de;KPPROJ0361;20;step_20_20;PSP-Elemente geschlossen;
de;KPPURCH260;10;step_10_10;Bestellpositionen angelegt;
de;KPPURCH260;20;step_20_10;Wareneingänge angelegt;
de;KPPURCH260;30;step_30_10;Lieferantenrechnung angelegt;
de;KPPURCH260;40;step_40_10;FI-AP-Posten ausgeglichen;
de;KPPURCH261;10;step_10_10;Bestellpositionen angelegt;
de;KPPURCH261;20;step_20_10;Wareneingänge angelegt;
de;KPPURCH261;30;step_30_10;Lieferantenrechnung angelegt;
de;KPPURCH263;10;step_10_10;Bestellpositionen angelegt;
de;KPPURCH263;20;step_20_10;Kundenauftragspositionen angelegt;
de;KPPURCH263;30;step_30_10;Lieferpositionen angelegt;
de;KPPURCH263;40;step_40_10;Warenausgänge gebucht;
de;KPPURCH263;40;step_40_20;Wareneingänge angelegt;
de;KPPURCH263;50;step_50_10;Lieferantenrechnung angelegt;
de;KPPURCH265;10;step_10_10;Bestellpositionen angelegt;
de;KPPURCH265;20;step_20_10;Lieferantenrechnung angelegt;
de;KPPURCH265;30;step_30_10;FI-AP-Posten angelegt;
de;KPPURCH265;30;step_30_20;FI-AP-Ausgleichsbelege angelegt;
de;KPPURCH266;10;step_10_10;Bestellpositionen angelegt;
de;KPPURCH266;20;step_20_10;Wareneingänge angelegt;
de;KPPURCH266;30;step_30_10;Lieferantenrechnung angelegt;
de;KPPURCH267;10;step_10_10;Bestellpositionen angelegt;
de;KPPURCH267;20;step_20_10;Erstes Leistungserfassungsblatt für Bestellpositionen angelegt;
de;KPPURCH267;20;step_20_20;Erstes Leistungserfassungsblatt für Bestellpositionen akzeptiert;
de;KPPURCH267;30;step_30_10;Erste Rechnung für das Leistungserfassungsblatt angelegt;
de;KPPURCH268;10;step_10_10;Bestellpositionen angelegt;
de;KPPURCH268;20;step_20_10;Wareneingänge angelegt;
de;KPPURCH268;30;step_30_10;Lieferantenrechnung angelegt;
de;KPPURCH360;10;step_10_10;Bestellanforderungspositionen angelegt;
de;KPPURCH360;20;step_20_10;Bestellpositionen angelegt;
de;KPPURCH362;10;step_10_10;Umlagerungsbestellanforderung – Positionen angelegt;
de;KPPURCH362;20;step_20_10;Umlagerungsauftragspositionen angelegt;
de;KPPURCH460;10;step_10_10;Lieferantenrechnungen ausgestellt;
de;KPPURCH460;10;step_10_20;Lieferantenrechnungen angelegt und gebucht;
de;KPPURCH460;20;step_20_10;FI-AP-Posten zur Zahlung freigegeben;
de;KPPURCH460;20;step_20_20;FI-AP-Ausgleichsbelege angelegt;
de;KPPURCH460;20;step_20_30;FI-AP-Posten ausgeglichen;
de;KPPURCH560;10;step_10_10;Umlagerungsauftragspositionen angelegt;
de;KPPURCH560;20;step_20_10;Umlagerungsauftragspositionen ausgegeben;
de;KPPURCH560;20;step_20_20;Umlagerungsauftragspositionen empfangen;
de;KPPURCH561;10;step_10_10;Umlagerungsauftragspositionen angelegt;
de;KPPURCH561;20;step_20_10;Umlagerungsauftragspositionen geliefert;
de;KPPURCH561;20;step_20_20;Umlagerungsauftragspositionen ausgegeben;
de;KPPURCH561;30;step_30_10;Umlagerungsauftragspositionen empfangen;
de;KPPURCH562;10;step_10_10;Umlagerungsauftragspositionen angelegt;
de;KPPURCH562;20;step_20_10;Umlagerungsauftragspositionen geliefert;
de;KPPURCH562;20;step_20_20;Umlagerungsauftragspositionen ausgegeben;
de;KPPURCH562;30;step_30_10;Umlagerungsauftragspositionen empfangen;
de;KPPURCH562;40;step_40_03;FI-AR-Posten angelegt;
de;KPPURCH562;40;step_40_07;FI-AP-Posten angelegt;
de;KPPURCH562;40;step_40_10;FI-AP-Posten ausgeglichen;
de;KPPURCH562;40;step_40_20;FI-AR-Posten ausgeglichen;
de;KPPURCH660;10;step_10_10;Lieferplanpositionen angelegt;
de;KPPURCH660;10;step_10_20;Laufzeitbeginn von Lieferplänen;
de;KPPURCH660;20;step_20_10;Laufzeitende von Lieferplänen in der Vergangenheit;
de;KPPURCH661;10;step_10_10;Mengenkontraktpositionen angelegt;
de;KPPURCH661;10;step_10_20;Laufzeitbeginn von Mengenkontrakten;
de;KPPURCH661;20;step_20_10;Erster Kontraktabruf angelegt für Kontraktpositionen;
de;KPPURCH661;20;step_20_20;Laufzeitende von Mengenkontrakten in der Vergangenheit;
de;KPPURCH662;10;step_10_10;Wertkontraktpositionen angelegt;
de;KPPURCH662;10;step_10_20;Laufzeitbeginn von Wertkontrakten;
de;KPPURCH662;20;step_20_10;Erster Kontraktabruf angelegt für Kontraktpositionen;
de;KPPURCH662;20;step_20_20;Laufzeitende von Wertkontrakten in der Vergangenheit;
de;KPSD000260;10;step_10_10;Vertriebsfakturabelege angelegt;
de;KPSD000260;20;step_20_10;FI-AR-Posten angelegt;
de;KPSD000260;20;step_20_20;FI-AR-Posten ausgeglichen;
de;KPSD000360;10;step_10_10;Kundenauftragspositionen angelegt;
de;KPSD000360;20;step_20_10;Lieferpositionen angelegt;
de;KPSD000361;10;step_10_10;Kundenauftragspositionen angelegt;
de;KPSD000361;20;step_20_10;Lieferpositionen angelegt;
de;KPSD000361;30;step_30_10;Warenausgang gebucht;
de;KPSD000361;40;step_40_10;Kundenrechnungspositionen angelegt;
de;KPSD000362;10;step_10_10;Kundenauftragspositionen angelegt;
de;KPSD000362;20;step_20_10;Lieferpositionen angelegt;
de;KPSD000362;30;step_30_10;Warenausgang gebucht;
de;KPSD000362;40;step_40_10;Kundenrechnungspositionen angelegt;
de;KPSD000362;50;step_50_10;FI-AR-Posten angelegt;
de;KPSD000362;50;step_50_20;FI-AR-Posten ausgeglichen;
de;KPSD000363;10;step_10_10;Kundenauftragspositionen angelegt;
de;KPSD000363;20;step_20_10;Bestellanforderungspositionen angelegt;
de;KPSD000363;30;step_30_10;Bestellpositionen angelegt;
de;KPSD000363;40;step_40_10;Lieferantenrechnung angelegt;
de;KPSD000363;50;step_50_10;Angelegte Kundenrechnungspositionen;
de;KPSD000364;10;step_10_10;Kundenauftragspositionen angelegt;
de;KPSD000364;20;step_20_10;Bestellanforderungspositionen angelegt;
de;KPSD000364;30;step_30_10;Bestellpositionen angelegt;
de;KPSD000364;40;step_40_10;Wareneingang gebucht;
de;KPSD000364;40;step_40_20;Warenausgang gebucht;
de;KPSD000364;50;step_50_10;Angelegte Kundenrechnungspositionen;
de;KPSD000365;10;step_10_10;Kundenauftragspositionen angelegt;
de;KPSD000365;20;step_20_10;Produktionsaufträge angelegt;
de;KPSD000365;20;step_20_20;Produktionsaufträge freigegeben;
de;KPSD000365;30;step_30_10;Produktionsaufträge erstmals bestätigt;
de;KPSD000365;40;step_40_10;Produktionsaufträge geliefert;
de;KPSD000365;40;step_40_20;Kundenauftragspositionen mit gebuchtem Warenausgang;
de;KPSD000365;50;step_50_10;Kundenrechnungspositionen angelegt;
de;KPSD000366;10;step_10_10;Kundenauftragspositionen angelegt;
de;KPSD000366;20;step_20_10;Lieferpositionen angelegt;
de;KPSD000366;30;step_30_10;Warenausgang gebucht;
de;KPSD000366;40;step_40_10;Kundenrechnungspositionen angelegt;
de;KPSD000366;50;step_50_10;Debitorenposten (FI-AR) angelegt;
de;KPSD000366;60;step_60_10;Buchungskreisübergreifende Belege angelegt;
de;KPSD000366;70;step_70_10;Buchungskreisübergreifende FI-AR-Posten angelegt;
de;KPSD000366;70;step_70_20;Buchungskreisübergreifende FI-AP-Posten angelegt;
de;KPSD000367;10;step_10_10;Kundenauftragspositionen angelegt;
de;KPSD000367;20;step_20_10;Kundenrechnungen angelegt;
de;KPSD000367;30;step_30_10;FI-AR-Posten angelegt;
de;KPSD000367;30;step_30_20;FI-AR-Posten ausgeglichen;
de;KPSD000368;10;step_10_10;Angebotspositionen angelegt;
de;KPSD000368;20;step_20_10;Erste Kundenauftragspositionen angelegt mit referenzierter Angebotsposition;
de;KPSD000368;20;step_20_20;Angebotspositionen vollständig verarbeitet;
de;KPSD000369;10;step_10_10;Kundenauftragspositionen angelegt;
de;KPSD000369;50;step_50_10;Lieferpositionen angelegt;
de;KPSD000380;10;step_10_10;Retourenauftragspositionen angelegt;
de;KPSD000380;20;step_20_10;Rücklieferungspositionen angelegt;
de;KPSD000380;30;step_30_10;Wareneingang gebucht;
de;KPSD000380;40;step_40_10;Gutschriftspositionen angelegt;
de;KPSD000460;10;step_10_10;Lastschriftanforderungspositionen angelegt;
de;KPSD000460;20;step_20_10;Lastschriftpositionen angelegt;
de;KPSD000460;30;step_30_10;FI-AR-Posten angelegt;
de;KPSD000460;30;step_30_20;FI-AR-Posten ausgeglichen;
de;KPSD000462;10;step_10_10;Gutschriftanforderungspositionen angelegt;
de;KPSD000462;20;step_20_10;Gutschriftspositionen angelegt;
de;KPSD000462;30;step_30_10;FI-AR-Posten angelegt;
de;KPSD000462;30;step_30_20;FI-AR-Posten ausgeglichen;
de;KWMD000160;10;step_10_10;Arbeitsvorbereitungssicht in Materialstamm angelegt;
de;KWMD000160;20;step_20_10;Materialstückliste angelegt;
de;KWMD000160;30;step_30_10;Arbeitsplan angelegt;
de;KWMD000160;40;step_40_10;Kalkulation angelegt ohne Fehler;
de;KWMD000160;40;step_40_20;Kalkulation freigegeben;
de;KWMD000160;50;step_50_10;Erster Fertigungsauftrag angelegt;
de;KWMD000160;50;step_50_20;Erster Fertigungsauftrag geliefert;
de;KWMD000161;10;step_10_10;Arbeitsvorbereitungssicht in Materialstamm angelegt;
de;KWMD000161;20;step_20_10;Materialstückliste angelegt;
de;KWMD000161;30;step_30_10;Planungsrezept angelegt;
de;KWMD000161;40;step_40_10;Kalkulation angelegt ohne Fehler;
de;KWMD000161;40;step_40_20;Kalkulation freigegeben;
de;KWMD000161;50;step_50_10;Erster Prozessauftrag angelegt;
de;KWMD000161;50;step_50_20;Erster Prozessauftrag geliefert;
de;KWMD000260;10;step_10_10;Kundenstammdaten angelegt für Vertriebsbereich;
de;KWMD000260;30;step_30_10;Erster Kundenauftrag angelegt für Kunde;
de;KWMD000260;40;step_40_10;Erste Rechnung angelegt für ersten Kundenauftrag;
de;KWMD000260;50;step_50_10;Erste Rechnung ausgeglichen für ersten Kundenauftrag;
de;KWMD000360;10;step_10_10;Lieferantenstammdaten angelegt für Einkaufsorganisation;
de;KWMD000360;30;step_30_10;Erste Bestellung angelegt für Lieferant;
de;KWMD000360;40;step_40_10;Erste Rechnung angelegt für erste Bestellung;
de;KWMD000360;40;step_40_20;Erste Rechnung ausgeglichen für erste Bestellung;
de;KWPM000160;10;step_10_10;Instandhaltungsmeldungen angelegt;
de;KWPM000160;10;step_10_20;Instandhaltungsmeldungen – Verarbeitung begonnen;
de;KWPM000160;10;step_10_30;Verarbeitete Instandhaltungsmeldungen abgeschlossen;
de;KWPM000161;10;step_10_10;Servicemeldungen angelegt;
de;KWPM000161;10;step_10_20;Servicemeldungen – Verarbeitung begonnen;
de;KWPM000161;10;step_10_30;Verarbeitete Servicemeldungen abgeschlossen;
de;KWPM000260;10;step_10_10;Instandhaltungsaufträge angelegt;
de;KWPM000260;10;step_10_20;Instandhaltungsaufträge freigegeben;
de;KWPM000260;20;step_20_10;Instandhaltungsaufträge erstmals bestätigt;
de;KWPM000260;20;step_20_20;Instandhaltungsaufträge endgültig bestätigt;
de;KWPM000260;30;step_30_10;Instandhaltungsaufträge bestätigt und technisch abgeschlossen;
de;KWPM000260;30;step_30_20;Instandhaltungsaufträge bestätigt und geschlossen;
de;KWPM000261;10;step_10_10;Instandhaltungsaufträge angelegt;
de;KWPM000261;10;step_10_20;Instandhaltungsaufträge freigegeben;
de;KWPM000261;20;step_20_10;Instandhaltungsaufträge erstmals bestätigt;
de;KWPM000261;30;step_30_10;Instandhaltungsaufträge technisch abgeschlossen;
de;KWPM000261;40;step_40_10;Instandhaltungsaufträge erstmals abgerechnet;
de;KWPM000262;10;step_10_10;Serviceaufträge angelegt;
de;KWPM000262;10;step_10_20;Serviceaufträge freigegeben;
de;KWPM000262;20;step_20_10;Serviceaufträge erstmals bestätigt;
de;KWPM000262;20;step_20_20;Serviceaufträge endgültig bestätigt;
de;KWPM000262;30;step_30_10;Serviceaufträge bestätigt und technisch abgeschlossen;
de;KWPM000262;30;step_30_20;Serviceaufträge bestätigt und geschlossen;
de;KWPM000263;10;step_10_10;Serviceaufträge angelegt;
de;KWPM000263;10;step_10_20;Serviceaufträge freigegeben;
de;KWPM000263;20;step_20_10;Serviceaufträge erstmals bestätigt;
de;KWPM000263;30;step_30_10;Serviceaufträge technisch abgeschlossen;
de;KWPM000263;40;step_40_10;Serviceaufträge erstmals abgerechnet;
de;KWPM000264;10;step_10_10;Instandhaltungsauftragskomponenten angelegt;
de;KWPM000264;10;step_10_20;Instandhaltungsauftrag freigegeben für Komponenten;
de;KWPM000264;40;step_40_10;Erster Warenausgang gebucht für Komponenten;
de;KWPM000265;10;step_10_10;Serviceauftragskomponenten angelegt;
de;KWPM000265;10;step_10_20;Serviceauftrag freigegeben für Komponenten;
de;KWPM000265;40;step_40_10;Erster Warenausgang gebucht für Komponenten;
de;KWPM000462;10;step_10_10;Wartungspositionen erstellt;
de;KWPM000462;20;step_20_10;Erster Serviceauftrag für Wartungspositionen angelegt;
de;KWPM000462;20;step_20_20;Erster Serviceauftrag für Wartungspositionen erledigt;
de;KWPM000462;30;step_30_10;Wartungspositionen, bei denen das Enddatum des Servicevertrags erreicht wurde;
de;KWQM000161;10;step_10_10;Prüflose angelegt;
de;KWQM000161;50;step_50_10;Prüflose mit Verwendungsentscheid;
de;KWQM000162;10;step_10_10;Prüflose angelegt;
de;KWQM000162;50;step_50_10;Prüflose mit Verwendungsentscheid;
de;KWQM000163;10;step_10_10;Prüflose angelegt;
de;KWQM000163;40;step_40_10;Prüflose mit Verwendungsentscheid;
de;KWSERV0160;10;step_10_10;Angelegte Serviceaufträge;
de;KWSERV0160;10;step_10_20;Zuerst freigegebene Serviceaufträge;
de;KWSERV0160;30;step_30_10;Zuletzt nach Freigabe abgeschlossene Serviceaufträge;
de;KXEWM00260;10;step_10_10;Angelegte Lageraufträge;
de;KXEWM00260;10;step_10_20;Gestartete Lageraufträge;
de;KXEWM00260;20;step_20_10;Quittierte Lageraufträge;
de;KXEWM00460;10;step_10_10;Angelegte Lieferpositionen;
de;KXEWM00460;20;step_20_10;Lieferpositionen mit Wareneingang gebucht;
de;KXEWM00460;30;step_30_10;Lieferpositionen mit geplanter Einlagerung;
de;KXEWM00460;30;step_30_20;Lieferpositionen mit abgeschlossener Einlagerung;
de;KXEWM00461;10;step_10_10;Angelegte Lieferpositionen;
de;KXEWM00461;20;step_20_10;Lieferpositionen mit Wareneingang gebucht;
de;KXEWM00461;30;step_30_10;Lieferpositionen mit geplanter Einlagerung;
de;KXEWM00461;30;step_30_20;Lieferpositionen mit abgeschlossener Einlagerung;
de;KXEWM00560;10;step_10_10;Angelegte Lieferungsauftragspositionen;
de;KXEWM00560;20;step_20_10;Kommissionierte Lieferungsauftragspositionen;
de;KXEWM00560;30;step_30_10;Lieferungsauftragspositionen mit gebuchtem Warenausgang;
de;KXEWM00560;40;step_40_10;Lieferungsauftragspositionen mit angelegter Lieferung;
de;KXEWM00860;10;step_10_10;Angelegte Lieferungsbenachrichtigungspositionen;
de;KXEWM00860;20;step_20_10;Angelegte Lieferpositionen;
de;KXEWM00860;30;step_30_10;Lieferpositionen mit Wareneingang gebucht;
de;KXEWM00860;40;step_40_10;Lieferpositionen mit geplanter Einlagerung;
de;KXEWM00860;40;step_40_20;Lieferpositionen mit abgeschlossener Einlagerung;
de;KXEWM00861;10;step_10_10;Angelegte Lieferungsbenachrichtigungspositionen;
de;KXEWM00861;20;step_20_10;Angelegte Lieferpositionen;
de;KXEWM00861;30;step_30_10;Lieferpositionen mit Wareneingang gebucht;
de;KXEWM00861;40;step_40_10;Lieferpositionen mit geplanter Einlagerung;
de;KXEWM00861;40;step_40_20;Lieferpositionen mit abgeschlossener Einlagerung;
de;KXEWM00862;10;step_10_10;Angelegte Lieferungsanforderungspositionen;
de;KXEWM00862;20;step_20_10;Angelegte Lieferungsauftragspositionen;
de;KXEWM00862;30;step_30_10;Kommissionierte Lieferungsauftragspositionen;
de;KXEWM00862;40;step_40_10;Lieferungsauftragspositionen mit gebuchtem Warenausgang;
de;KXEWM00862;50;step_50_10;Lieferungsauftragspositionen mit angelegter Lieferung;