locale;id;text
de;ASS_COST;Kosten für Anlagenverwaltung verringern
de;CASH_FOREC;Genauigkeit der Liquiditätsvorschau erhöhen
de;CHURN;Kundenabwanderung verringern
de;CMPLXTY;Kosten für Datenmanagement verringern
de;DII;Tage im Bestand verringern
de;DPO;Kreditorenlaufzeit verbessern
de;DSO;Außenstandsdauer der Forderungen verringern
de;FORECACC;Genauigkeit der Bedarfsprognose verbessern
de;FSSC;Finanzkosten verringern
de;GRC_COST;Kosten für Compliance und Risikomanagement verringern
de;INC_BP_HRM;Geschäftsprozessharmonisierung verbessern
de;INC_BP_STD;Befolgung standardisierter SAP-Geschäftsprozesse fördern
de;LOG_COST;Gesamte Logistikkosten verringern
de;MANCYCL;Zykluszeit für Fertigung verringern
de;MARKET;Wirksamkeit der Marketingaktionen steigern
de;MAVERICK;Benutzer-Compliance verbessern
de;METREAD;Zählerstand bis Rechnungszykluszeit verringern
de;MFGCOST;Gesamte Fertigungskosten verringern
de;MROF;Ungeplante Ausfallzeiten oder Ausfälle verringern
de;OIP;FTE-Produktivität in der Beschaffung verbessern
de;PEC;Tage bis zum Jahresabschluss verringern
de;POF;Liefertermintreue verbessern
de;SALE_COST;Vertriebskosten verringern
de;SC_COST;Gesamtkosten der Supply-Chain-Planung verringern
de;SERV_PROC;Ausgaben für nicht konforme Services verringern
de;SOF;Service- und Supportkosten verringern
de;STOCK_OUT;Umsatzverluste aufgrund von Fehlbestand verringern
de;SUST_EMISS;Emissionskosten verringern
de;SUST_WASTE;Kosten der Abfallerzeugung verringern
de;T2M;Schnellere Markteinführung neuer Produkte
de;UNCOLL_AR;Uneinbringliche Debitorenabschreibungen verringern