locale;enumName;id;text
de;timeAggregationType;WEEK;Woche
de;timeAggregationType;MONTH;Monat
de;topX;5;Top 5
de;topX;10;Top 10
de;topX;20;Top 20
de;trendMeasureType;MV_DOCUMENT;Anzahl der Dokumente
de;trendMeasureType;MV_MONVALUE;Geldwert
de;amountTimePeriod;8_WEEKS;8 Wochen
de;amountTimePeriod;12_WEEKS;12 Wochen
de;amountTimePeriod;24_WEEKS;24 Wochen
de;amountTimePeriod;36_WEEKS;36 Wochen
de;amountTimePeriod;48_WEEKS;48 Wochen
de;amountTimePeriod;3_MONTHS;3 Monate
de;amountTimePeriod;6_MONTHS;6 Monate
de;amountTimePeriod;18_MONTHS;18 Monate
de;amountTimePeriod;24_MONTHS;24 Monate