locale;id;text
es;ASS_COST;Reducir el coste de mantenimiento de activos
es;CASH_FOREC;Aumentar la precisión de la previsión de efectivo
es;CHURN;Reducir la pérdida de clientes
es;CMPLXTY;Reducir el coste de gestión de datos
es;DII;Reducir los días de inventario
es;DPO;Mejorar el tiempo de demora de las deudas
es;DSO;Reducir el tiempo de demora de cobro del crédito
es;FORECACC;Mejorar la precisión de la previsión de la demanda
es;FSSC;Reducir los costes financieros
es;GRC_COST;Reducir el coste de gestión de riesgos y cumplimiento
es;INC_BP_HRM;Aumentar la armonización de los procesos empresariales
es;INC_BP_STD;Aumentar el cumplimiento de los procesos empresariales de SAP estandarizados
es;LOG_COST;Reducir el coste logístico total
es;MANCYCL;Reducir la duración del ciclo de fabricación
es;MARKET;Aumentar la efectividad de las promociones de marketing
es;MAVERICK;Mejorar el cumplimiento del usuario
es;METREAD;Reducir la lectura del contador para la duración del ciclo de facturación
es;MFGCOST;Reducir el coste total de fabricación
es;MROF;Reducir tiempos de parada o inactividad no planificados
es;OIP;Mejorar la productividad de ETC de aprovisionamiento
es;PEC;Reducir los días para cerrar los libros anuales
es;POF;Mejorar el rendimiento de las entregas a tiempo
es;SALE_COST;Reducir el coste de ventas
es;SC_COST;Reducir los costes generales de planificación de la cadena de suministro
es;SERV_PROC;Reducir el gasto en servicios no conformes
es;SOF;Reducir los costes de servicio y soporte
es;STOCK_OUT;Reducir la pérdida de ingresos por falta de stock
es;SUST_EMISS;Reducir el coste de las emisiones
es;SUST_WASTE;Reducir el coste de generación de residuos
es;T2M;Reducir el tiempo de comercialización de nuevos productos
es;UNCOLL_AR;Reducir las liquidaciones de deudores incobrables