locale;id;text;longText
en_US_sappsd;R3;[[[ŜĀƤ ĔĈĈ∙∙∙∙∙∙∙]]];[[[ŜĀƤ ĔŘƤ Ĉēŋţŗąĺ Ĉŏɱρŏŋēŋţ∙∙∙∙∙∙∙]]]
en_US_sappsd;S4_OP;[[[ŜĀƤ Ŝ/4ĤĀŃĀ∙∙∙∙∙∙∙∙]]];[[[ŜĀƤ Ŝ/4ĤĀŃĀ∙∙∙∙∙∙∙∙]]]
en_US_sappsd;S4_CE;[[[ŜĀƤ Ŝ/4ĤĀŃĀ Ĉĺŏűƌ∙∙∙∙∙∙∙]]];[[[ŜĀƤ Ŝ/4ĤĀŃĀ Ĉĺŏűƌ∙∙∙∙∙∙∙]]]
en_US_sappsd;ARIBA;[[[ŜĀƤ Āŗįƃą∙∙∙∙∙]]];[[[ŜĀƤ Āŗįƃą∙∙∙∙∙]]]
en_US_sappsd;SRM;[[[ŜĀƤ ŜŘΜ∙∙∙∙∙∙∙]]];[[[ŜĀƤ Ŝűρρĺįēŗ Řēĺąţįŏŋşĥįρ Μąŋąğēɱēŋţ∙∙∙∙∙∙∙∙∙∙∙∙]]]
en_US_sappsd;CRM;[[[ŜĀƤ ĈŘΜ∙∙∙∙∙∙∙]]];[[[ŜĀƤ Ĉűşţŏɱēŗ Řēĺąţįŏŋşĥįρ Μąŋąğēɱēŋţ∙∙∙∙∙∙∙∙∙∙∙∙]]]
en_US_sappsd;TM;[[[ŜĀƤ ŢΜ∙∙∙∙∙∙∙∙]]];[[[ŜĀƤ Ţŗąŋşρŏŗţąţįŏŋ Μąŋąğēɱēŋţ∙∙∙∙∙∙∙∙∙]]]
en_US_sappsd;EWM;[[[ŜĀƤ ĔŴΜ∙∙∙∙∙∙∙]]];[[[ŜĀƤ Ĕχţēŋƌēƌ Ŵąŗēĥŏűşē Μąŋąğēɱēŋţ∙∙∙∙∙∙∙∙∙∙∙]]]