ID;TEXT
valueDriverAffected;Value Driver Affected
rootCause;Root Cause
lmsId;Source System
topX;Number of Entries on Widget
lobId;Line of Business
businessProcessId;End-to-End Process
recommendationCategoryId;Innovation Recommendation Category
kpiId;Performance Indicator
timeAggregationType;Period for Analysis
amountTimePeriod;Time Period
kpiKindId;Performance Indicator Category
improvementOpportunityId;Improvement Opportunity
contextInformationId;Process Flow Blocker
aggregationGranularity;Time Unit for Visualization