locale;id;text
de;valueDriverAffected;Betroffener Werttreiber
de;rootCause;Ursache
de;lmsId;Quellsystem
de;topX;Anzahl der Einträge im Widget
de;lobId;Geschäftsbereich
de;businessProcessId;End-to-End-Prozess
de;recommendationCategoryId;Innovationsempfehlungskategorie
de;kpiId;Performance-Indikator
de;timeAggregationType;Analysezeitraum
de;amountTimePeriod;Zeitraum
de;kpiKindId;Performance-Indikator-Kategorie
de;improvementOpportunityId;Verbesserungsmöglichkeit
de;contextInformationId;Prozessablauf-Blocker