locale;solutionProcessFlowDiagramId;solutionProcessFlowDiagramName
pt_BR;SPFD-133;BFH – Imobilizado em andamento
pt_BR;SPFD-138;BJE – Produção sob encomenda – Venda de produtos acabados e montagem final
pt_BR;SPFD-141;BME – Transferência de estoque com remessa
pt_BR;SPFD-142;BMH – Transferência de estoque sem remessa
pt_BR;SPFD-143;BMY – Subcontratação
pt_BR;SPFD-144;BNA – Encerramento do período – Projetos
pt_BR;SPFD-163;BF7 – Encerramento do período – Ordens de manutenção
pt_BR;SPFD-165;18J – Requisição
pt_BR;SPFD-168;1BM – Produção sob encomenda – Planejamento e montagem de produtos semiacabados
pt_BR;SPFD-169;1EZ – Processamento de notas de crédito
pt_BR;SPFD-170;1F1 – Processamento de notas de débito
pt_BR;SPFD-185;BKP – 01 – Administração de devoluções de cliente
pt_BR;SPFD-187;I9I – Adiantamentos em contratos por quantidade de venda
pt_BR;SPFD-202;1E1 - Dentro do processo de produção
pt_BR;SPFD-203;1E1 – Entrada de mercadorias da produção
pt_BR;SPFD-212;1FM – Processo de controle de qualidade regular
pt_BR;SPFD-222;1HO – Processamento da ordem do cliente interempresarial – Nacional
pt_BR;SPFD-414;2TX – Compras diretas com recebimento
pt_BR;SPFD-469;BD3 – 01 – Processamento de vendas através de terceiros com aviso de entrega
pt_BR;SPFD-477;BD9 – 01 – Venda do depósito
pt_BR;SPFD-480;BDD – Devoluções de cliente enxutas
pt_BR;SPFD-481;BDG – Oferta de venda
pt_BR;SPFD-483;BDK – 01 – Processamento de vendas através de terceiros sem aviso de entrega
pt_BR;SPFD-485;BDN – Vendas de item não estocado com suprimento específico da ordem
pt_BR;SPFD-486;BDQ – Processo de correção de fatura com nota de débito
pt_BR;SPFD-489;BEI – Encerramento do período – Centro
pt_BR;SPFD-492;BJ8 – Produção para estoque – Produção por processos baseada em ordem de processo
pt_BR;SPFD-500;BKL – Processo de correção de fatura com nota de crédito
pt_BR;SPFD-504;BMC – 02 – Administração de estoques central
pt_BR;SPFD-506;BMD – Contrato de compra
pt_BR;SPFD-507;BMK – Devolução ao fornecedor
pt_BR;SPFD-509;BMR – 01 – Programa de remessas com documento de liberação para suprimento padrão
pt_BR;SPFD-511;BMR – 03 – Programa de remessas com integração EDI
pt_BR;SPFD-512;BNX – Compra de bens de consumo
pt_BR;SPFD-513;J44 – Cenário principal do planejamento de necessidades de material
pt_BR;SPFD-517;J45 – Compra de materiais diretos
pt_BR;SPFD-550;J59 – 01 – Principal
pt_BR;SPFD-576;J62 – 05 – Contabilidade do imobilizado – Encerramento do mês
pt_BR;SPFD-644;1MX – Processamento da ordem do cliente interempresarial – Internacional
pt_BR;SPFD-651;1NT – Controle de projetos – Finanças
pt_BR;SPFD-661;1P9 – Transferência de estoque interempresarial – Nacional
pt_BR;SPFD-734;2EQ – Venda de serviços
pt_BR;SPFD-811;2VJ – Integração do SAP EWM – Processamento de entrada do fornecedor
pt_BR;SPFD-812;2VK – Integração do SAP EWM – Processamento de saída para o cliente
pt_BR;SPFD-814;2VM – Integração do SAP EWM – Integração da produção baseada no fornecimento
pt_BR;SPFD-867;3BR – Processamento de entrada no depósito
pt_BR;SPFD-874;3D2 – 01 – Serviços de preço fixo
pt_BR;SPFD-875;3DV – Integração de produção do depósito
pt_BR;SPFD-877;3F0 – Lançamento de custos de produção baseados em evento
pt_BR;SPFD-955;3OK – Produção sob encomenda – Produção por processos
pt_BR;SPFD-1002;4GA – Cotação de serviços
pt_BR;SPFD-1009;4HI – Manutenção proativa
pt_BR;SPFD-1028;4X5 – Serviços recorrentes
pt_BR;SPFD-1046;5HL – Venda do depósito – Bens de consumo
pt_BR;SPFD-1081;4VT – Manutenção de melhorias
pt_BR;SPFD-1082;4WM – Manutenção operacional
pt_BR;SPFD-1083;4WM – Manutenção de custos indiretos
pt_BR;SPFD-1090;5D2 – Vendas interempresariais avançadas
pt_BR;SPFD-1091;5HP – Transferência de estoque interempresarial avançada
pt_BR;SPFD-1209;J62 – 05 – Contabilidade do imobilizado – Encerramento do mês
pt_BR;SPFD-2208;J60 – 01 – Principal
pt_BR;SPFD-3522;3XK – Conserto em oficina
pt_BR;SPFD-3588;5FM – Suprimento para varejo
pt_BR;SPFD-3616;5FV – Logística de distribuição para centros de distribuição
pt_BR;SPFD-3750;61V – Administração de devolução de cliente – Bens de consumo
pt_BR;SPFD-3831;3BS – Processamento de saída do depósito
pt_BR;SPFD-4366;BJ5 – Produção para estoque de redes de ordens – Produção discreta
pt_BR;SPFD-4643;BJE – Produção sob encomenda – Venda de produtos acabados e montagem final (OP)
pt_BR;SPFD-4651;BJ5 – Produção para estoque – Produção discreta (OP)
pt_BR;SPFD-4668;BJ8 – Produção para estoque – Produção por processos baseada em ordem de processo (OP)
pt_BR;SPFD-4671;1FS – Processamento básico de entrada no depósito do fornecedor
pt_BR;SPFD-4676;1G2 – Processamento básico de saída do depósito para cliente
pt_BR;SPFD-4677;1V5 – Processamento de entrada no depósito do fornecedor com administração de lotes
pt_BR;SPFD-4678;1V7 – Administração de lotes no processamento de saída
pt_BR;SPFD-4680;1VB – Integração da produção – Consumo de componentes e entrada no depósito
pt_BR;SPFD-4687;3OK – Produção sob encomenda – Produção por processos
pt_BR;SPFD-4713;3XK – Conserto em oficina
pt_BR;SPFD-4721;4RO – EWM descentralizado – Processamento de entrada
pt_BR;SPFD-4722;4RP – EWM descentralizado – Processamento de saída
pt_BR;SPFD-4726;4X5 – Serviços recorrentes
pt_BR;SPFD-5160;5FX – Pedido de loja do centro de distribuição
pt_BR;SPFD-8185;4HH – Manutenção reativa
pt_BR;SPFD-8292;5FU – Logística de suprimentos para centros de distribuição
pt_BR;SPFD-8411;4HH – Manutenção reativa
pt_BR;SPFD-8414;4HI – Manutenção proativa
pt_BR;SPFD-8426;41Z – Administração de ordens de serviço