﻿ID;NAME
AERO;Aerospace and Defense
AUTO;Automotive
BANK;Banking
BUILD;Building Products
RAIL;Cargo Transportation and Logistics
CHEM;Chemicals
CP;Consumer Products
DEFAULT;Cross-Industry (Not industry-specific)
DEFSEC;Defense and Security
ECO;Engineering, Construction, and Operations
HEALTH;Healthcare
HIGHTECH;High Tech
EDU;Higher Education and Research
IMC;Industrial Manufacturing
INSUR;Insurance
LIFE;Life Sciences
MEDIA;Media
MILL;Mill Products
MINING;Mining
OIL;Oil, Gas, and Energy
AIR;Passenger Travel and Leisure
PROFSVC;Professional Services
PUBLIC;Public Sector
RETAIL;Retail
SPO;Sports
TELE;Telecommunications
UTILITY;Utilities
WHOLE;Wholesale Distribution
