kpi_id;VALUEDRIVER_ID
CPACM00101;SERV_PROC
CPACM00102;SERV_PROC
CPACM00160;SERV_PROC
CPAOP00110;OIP
CPAOP00111;STOCK_OUT
CPAOP00112;STOCK_OUT
CPAOP00113;OIP
CPAOP00114;OIP
CPAOP00116;STOCK_OUT
CPAOP00117;DPO
CPAOP00117;FSSC
CPAOP00118;DPO
CPAOP00118;FSSC
CPAOP00119;DPO
CPAOP00119;FSSC
CPAOP00160;OIP
CPAOP00161;OIP
CPAOP00162;DPO
CPAOP00162;FSSC
CPAOP00163;SERV_PROC
CPASC00101;OIP
CPASC00102;OIP
CPASC00103;OIP
CPASC00104;OIP
CPASC00105;OIP
CPASC00106;OIP
CPASC00110;OIP
CPASC00111;OIP
CPASC00112;OIP
CPASC00116;OIP
CPASC00117;OIP
CPASC00118;OIP
CPASC00160;GRC_COST
CPASC00160;SERV_PROC
CPASC00161;GRC_COST
CPASC00161;SERV_PROC
CPASC00163;OIP
CPASC00164;OIP
CPASC00165;OIP
CPASM00101;OIP
CPASM00102;OIP
CPASM00103;OIP
CPASM00104;OIP
CPASM00105;OIP
CPASM00160;OIP
CPASM00161;OIP
KBSRM00101;OIP
KBSRM00102;OIP
KBSRM00103;OIP
KBSRM00104;OIP
KBSRM00160;OIP
KBSRM00190;CMPLXTY
KBSRM00191;CMPLXTY
KBSRM00192;CMPLXTY
KBSRM00193;CMPLXTY
KBSRM00194;CMPLXTY
KBSRM00201;OIP
KBSRM00202;OIP
KBSRM00203;OIP
KBSRM00204;OIP
KBSRM00205;OIP
KBSRM00301;OIP
KBSRM00302;OIP
KBSRM00303;OIP
KBSRM00304;OIP
KBSRM00304;POF
KBSRM00305;OIP
KBSRM00401;OIP
KBSRM00402;OIP
KBSRM00403;OIP
KBSRM00404;DPO
KBSRM00404;OIP
KBSRM00405;OIP
KBSRM00601;OIP
KBSRM00602;OIP
KBSRM00690;OIP
KBSRM00701;OIP
KBSRM00702;OIP
KBSRM00703;OIP
KBSRM00760;OIP
KBSRM00761;OIP
KCSAL00190;INC_BP_HRM
KCSAL00190;INC_BP_STD
KCSAL00190;SALE_COST
KCSAL00201;SALE_COST
KCSAL00202;SALE_COST
KCSAL00501;MARKET
KCSAL00501;SALE_COST
KCSAL00502;MARKET
KCSAL00502;SALE_COST
KCSAL00503;MARKET
KCSAL00503;SALE_COST
KCSAL00504;MARKET
KCSAL00504;SALE_COST
KCSAL00560;MARKET
KCSAL00560;SALE_COST
KCSAL00601;SALE_COST
KCSAL00602;SALE_COST
KCSAL00603;SALE_COST
KCSAL00604;SALE_COST
KCSAL00660;SALE_COST
KCSAL00701;SALE_COST
KCSAL00702;SALE_COST
KCSAL00705;SALE_COST
KCSAL00707;SALE_COST
KCSAL00760;SALE_COST
KCSAL00901;SALE_COST
KCSAL00901;SOF
KCSAL00902;SALE_COST
KCSAL00902;SOF
KCSAL00903;SALE_COST
KCSAL00903;SOF
KCSAL00904;SALE_COST
KCSAL00904;SOF
KCSAL01001;SALE_COST
KCSAL01001;SOF
KCSAL01002;SALE_COST
KCSAL01002;SOF
KCSAL01003;SALE_COST
KCSAL01003;SOF
KCSAL01004;SALE_COST
KCSAL01004;SOF
KCSER00301;SOF
KCSER00302;SOF
KCSER00305;SOF
KCSER00307;SOF
KCSER00360;SOF
KCSER00401;SOF
KCSER00402;SOF
KCSER00403;SOF
KCSER00404;SOF
KFFI000104;FSSC
KFFI000104;PEC
KFFI000105;FSSC
KFFI000106;FSSC
KFFI000106;GRC_COST
KFFI000106;INC_BP_HRM
KFFI000106;INC_BP_STD
KFFI000106;PEC
KFFI000190;INC_BP_HRM
KFFI000190;INC_BP_STD
KFFI000191;CMPLXTY
KFFI000193;CMPLXTY
KFFI000193;INC_BP_HRM
KFFI000202;CASH_FOREC
KFFI000202;CMPLXTY
KFFI000202;DPO
KFFI000202;FSSC
KFFI000202;PEC
KFFI000212;DPO
KFFI000212;GRC_COST
KFFI000213;CASH_FOREC
KFFI000213;DPO
KFFI000214;CASH_FOREC
KFFI000214;DPO
KFFI000215;DPO
KFFI000215;GRC_COST
KFFI000216;CASH_FOREC
KFFI000216;DPO
KFFI000217;CASH_FOREC
KFFI000217;DPO
KFFI000302;CASH_FOREC
KFFI000302;CMPLXTY
KFFI000302;DSO
KFFI000302;PEC
KFFI000302;UNCOLL_AR
KFFI000310;CASH_FOREC
KFFI000310;DSO
KFFI000310;UNCOLL_AR
KFFI000311;CASH_FOREC
KFFI000311;DSO
KFFI000311;UNCOLL_AR
KFFI000312;CASH_FOREC
KFFI000312;DSO
KFFI000312;UNCOLL_AR
KFFI000313;CASH_FOREC
KFFI000313;DSO
KFFI000313;UNCOLL_AR
KFFI000405;DPO
KFFI000405;PEC
KFFI000406;DPO
KFFI000409;DPO
KFFI000409;PEC
KFFI000501;CASH_FOREC
KFFI000501;DSO
KFFI000501;FSSC
KFFI000501;UNCOLL_AR
KFFI000502;CASH_FOREC
KFFI000502;DSO
KFFI000502;FSSC
KFFI000502;UNCOLL_AR
KFFI000504;DSO
KFFI000705;CMPLXTY
KFFI000705;FSSC
KFFI000705;PEC
KFFI000706;FSSC
KFFI000706;PEC
KFFI000707;PEC
KFFI000708;PEC
KFFI000790;FSSC
KFFI000790;PEC
KFFI000940;DPO
KFFI000940;FSSC
KFFI000940;PEC
KFFI000960;DPO
KFFI000960;FSSC
KFFI000960;INC_BP_HRM
KFFI000960;INC_BP_STD
KFFI000960;PEC
KFFI000961;DPO
KFFI000961;FSSC
KFFI000961;INC_BP_HRM
KFFI000961;INC_BP_STD
KFFI000961;PEC
KFFI001040;DSO
KFFI001040;FSSC
KFFI001060;DSO
KFFI001060;FSSC
KFFI001060;INC_BP_HRM
KFFI001060;INC_BP_STD
KFFI001060;PEC
KFFI001061;DSO
KFFI001061;FSSC
KFFI001061;INC_BP_HRM
KFFI001061;INC_BP_STD
KFFI001061;PEC
KFFI001201;FSSC
KFFI001201;PEC
KFFI001303;CHURN
KFFI001303;DSO
KFFI001303;SOF
KFFI001303;UNCOLL_AR
KFFI001402;CHURN
KFFI001402;DSO
KFFI001402;SOF
KFFI001402;UNCOLL_AR
KFFI001460;CASH_FOREC
KFFI001460;DSO
KFFI001460;UNCOLL_AR
KFFI001501;FSSC
KFFI001501;PEC
KFFI001502;FSSC
KFFI001502;PEC
KFFI001601;FSSC
KFFI001601;PEC
KFFI001602;FSSC
KFFI001602;PEC
KFFI001603;FSSC
KFFI001603;PEC
KFFI001605;FSSC
KFFI001605;PEC
KFFI001609;FSSC
KFFI001609;PEC
KFFI001701;FSSC
KFFI001701;PEC
KFFI001801;ASS_COST
KFFI001801;FSSC
KFFI001801;PEC
KFFI001802;ASS_COST
KFFI001802;PEC
KFFI001803;ASS_COST
KFFI001803;PEC
KFFI001804;ASS_COST
KFFI001804;PEC
KFFI001805;ASS_COST
KFFI001805;PEC
KFFI001806;ASS_COST
KFFI001806;PEC
KFFI001807;ASS_COST
KFFI001807;PEC
KFFI001808;ASS_COST
KFFI001808;PEC
KFFI001860;ASS_COST
KFFI001860;INC_BP_HRM
KFFI001860;PEC
KFFI001861;ASS_COST
KFFI001861;INC_BP_HRM
KFFI001861;PEC
KFFI001890;ASS_COST
KFFI001890;INC_BP_HRM
KFFI001890;PEC
KFFI001891;ASS_COST
KFFI001891;INC_BP_HRM
KFFI001891;PEC
KFFI001960;DSO
KFFI002003;CASH_FOREC
KFFI002003;DPO
KFFI002003;PEC
KFFI002004;CASH_FOREC
KFFI002004;DPO
KFFI002004;PEC
KFFI002005;CASH_FOREC
KFFI002005;DPO
KFFI002005;PEC
KFFI002260;DSO
KFFI002260;FSSC
KFFI002305;FSSC
KFFI002306;FSSC
KFFI002308;FSSC
KFFI002309;FSSC
KFFI002309;MFGCOST
KFFI002309;PEC
KFFI002360;MFGCOST
KFFI002360;PEC
KFFI002395;INC_BP_HRM
KFFI002395;INC_BP_STD
KFFI002501;DSO
KFFI002601;DSO
KFFI002602;DSO
KFFI002603;DSO
KFFI002604;DSO
KFFI002605;DSO
KFFI002605;SALE_COST
KFFI002606;DSO
KFFI002606;SALE_COST
KFFI002607;DSO
KFFI002660;DSO
KFFI002660;SALE_COST
KFFI002801;FSSC
KFFI002802;FSSC
KFFI002803;FSSC
KIAUT00101;POF
KIAUT00101;STOCK_OUT
KIAUT00102;POF
KIAUT00102;STOCK_OUT
KIAUT00103;SC_COST
KIAUT00160;SC_COST
KIAUT00190;CMPLXTY
KIAUT00301;MFGCOST
KIAUT00302;MFGCOST
KIISU00101;METREAD
KIISU00102;METREAD
KIISU00103;METREAD
KIISU00104;METREAD
KIISU00160;DSO
KIISU00160;METREAD
KIISU00161;METREAD
KIISU00162;METREAD
KIISU00201;METREAD
KIISU00203;METREAD
KIISU00204;METREAD
KIISU00205;METREAD
KIISU00260;METREAD
KIISU00261;METREAD
KIISU00302;METREAD
KIISU00304;METREAD
KIISU00305;METREAD
KIISU00306;METREAD
KIISU00360;DSO
KIISU00360;METREAD
KIISU00361;DSO
KIISU00361;METREAD
KIPSM00101;PEC
KIPSM00102;PEC
KIPSM00103;PEC
KIPSM00104;PEC
KIPSM00105;PEC
KIPSM00106;PEC
KIRET00460;LOG_COST
KIRET00460;OIP
KIRET00460;POF
KIRET00460;STOCK_OUT
KIRET00461;LOG_COST
KIRET00461;OIP
KIRET00461;POF
KIRET00461;STOCK_OUT
KIRET00462;LOG_COST
KIRET00462;OIP
KIRET00462;POF
KIRET00462;STOCK_OUT
KIRET00463;LOG_COST
KIRET00463;OIP
KIRET00463;POF
KIRET00463;STOCK_OUT
KIRET00464;LOG_COST
KIRET00464;OIP
KIRET00464;POF
KIRET00464;STOCK_OUT
KIRET00465;LOG_COST
KIRET00465;OIP
KIRET00465;POF
KIRET00465;STOCK_OUT
KIRET00466;LOG_COST
KIRET00466;OIP
KIRET00466;POF
KIRET00466;STOCK_OUT
KIRET00467;LOG_COST
KIRET00467;OIP
KIRET00467;POF
KIRET00467;STOCK_OUT
KIRET00560;FSSC
KIRET00560;OIP
KIRET00561;FSSC
KIRET00561;OIP
KIRET00562;FSSC
KIRET00562;OIP
KIRET00563;FSSC
KIRET00563;OIP
KIRET00601;T2M
KIRET00602;T2M
KIRET00603;T2M
KITM000101;LOG_COST
KITM000102;LOG_COST
KITM000201;LOG_COST
KITM000202;LOG_COST
KITM000204;LOG_COST
KITM000260;LOG_COST
KITM000290;LOG_COST
KITM000291;LOG_COST
KITM000292;LOG_COST
KITM000293;LOG_COST
KITM000294;LOG_COST
KITM000295;LOG_COST
KITM000301;LOG_COST
KITM000302;LOG_COST
KITM000304;LOG_COST
KITM000305;LOG_COST
KPCONF0110;MFGCOST
KPCONF0120;ASS_COST
KPCONF0120;PEC
KPCONF0130;ASS_COST
KPCONF0130;SOF
KPCONF0140;MFGCOST
KPCONF0401;MFGCOST
KPCONF0401;SUST_WASTE
KPCONF0402;MFGCOST
KPCONF0402;SUST_WASTE
KPCONF0403;ASS_COST
KPCONF0403;MROF
KPCONF0405;MROF
KPCONF0405;SOF
KPGR000101;INC_BP_HRM
KPGR000101;INC_BP_STD
KPGR000101;LOG_COST
KPGR000102;INC_BP_HRM
KPGR000102;INC_BP_STD
KPGR000102;LOG_COST
KPIM000101;DII
KPIM000105;DII
KPIM000106;DII
KPIM000107;DII
KPIM000108;DII
KPIM000115;DII
KPIM000160;DII
KPIM000161;DII
KPIM000162;DII
KPIM000163;DII
KPLE000110;CHURN
KPLE000110;CMPLXTY
KPLE000110;LOG_COST
KPLE000110;POF
KPLE000111;CMPLXTY
KPLE000111;LOG_COST
KPLE000120;LOG_COST
KPLE000121;LOG_COST
KPLE000171;LOG_COST
KPLE000171;POF
KPLE000171;SUST_WASTE
KPLE000190;CMPLXTY
KPLE000204;LOG_COST
KPLE000205;LOG_COST
KPLE000205;POF
KPLE000206;LOG_COST
KPLE000206;STOCK_OUT
KPLE000207;LOG_COST
KPLE000207;POF
KPLE000260;LOG_COST
KPLE000305;CASH_FOREC
KPLE000305;CMPLXTY
KPLE000305;DSO
KPLE000305;FSSC
KPLE000305;PEC
KPLE000307;LOG_COST
KPLE000307;OIP
KPLE000307;SALE_COST
KPLE000360;INC_BP_HRM
KPLE000360;INC_BP_STD
KPLE000360;LOG_COST
KPLE000360;POF
KPLE000360;SUST_EMISS
KPLE000361;INC_BP_HRM
KPLE000361;INC_BP_STD
KPLE000361;LOG_COST
KPLE000361;POF
KPLE000361;SUST_EMISS
KPLE000362;INC_BP_HRM
KPLE000362;INC_BP_STD
KPLE000362;LOG_COST
KPLE000362;OIP
KPMRP00108;CMPLXTY
KPMRP00108;FORECACC
KPMRP00108;MANCYCL
KPMRP00108;MFGCOST
KPMRP00108;SC_COST
KPMRP00108;STOCK_OUT
KPMRP00109;MANCYCL
KPMRP00109;MFGCOST
KPMRP00109;POF
KPMRP00109;SC_COST
KPMRP00109;STOCK_OUT
KPMRP00201;CMPLXTY
KPMRP00201;SC_COST
KPMRP00202;CMPLXTY
KPMRP00202;SC_COST
KPMRP00205;CMPLXTY
KPMRP00205;SC_COST
KPMRP00206;CMPLXTY
KPMRP00206;SC_COST
KPMRP00260;DII
KPMRP00260;SC_COST
KPMRP00260;STOCK_OUT
KPPP000101;MANCYCL
KPPP000101;MFGCOST
KPPP000101;SC_COST
KPPP000101;STOCK_OUT
KPPP000103;MANCYCL
KPPP000103;MFGCOST
KPPP000103;SC_COST
KPPP000103;STOCK_OUT
KPPP000106;CMPLXTY
KPPP000106;PEC
KPPP000107;INC_BP_HRM
KPPP000107;INC_BP_STD
KPPP000107;MANCYCL
KPPP000107;MFGCOST
KPPP000107;SC_COST
KPPP000108;MANCYCL
KPPP000108;MFGCOST
KPPP000108;SC_COST
KPPP000111;SC_COST
KPPP000121;MANCYCL
KPPP000121;MFGCOST
KPPP000121;POF
KPPP000121;STOCK_OUT
KPPP000122;MANCYCL
KPPP000122;MFGCOST
KPPP000142;INC_BP_HRM
KPPP000142;INC_BP_STD
KPPP000142;MFGCOST
KPPP000160;MANCYCL
KPPP000160;MFGCOST
KPPP000161;INC_BP_HRM
KPPP000161;INC_BP_STD
KPPP000161;MANCYCL
KPPP000161;MFGCOST
KPPP000161;PEC
KPPP000162;MFGCOST
KPPP000162;SC_COST
KPPP000162;STOCK_OUT
KPPP000163;MFGCOST
KPPP000163;SC_COST
KPPP000163;STOCK_OUT
KPPP000164;MFGCOST
KPPP000164;SC_COST
KPPP000164;STOCK_OUT
KPPP000190;INC_BP_HRM
KPPP000190;INC_BP_STD
KPPP000192;CMPLXTY
KPPP000195;CMPLXTY
KPPP000201;MANCYCL
KPPP000201;MFGCOST
KPPP000201;SC_COST
KPPP000201;STOCK_OUT
KPPP000203;MANCYCL
KPPP000203;MFGCOST
KPPP000203;SC_COST
KPPP000203;STOCK_OUT
KPPP000206;CMPLXTY
KPPP000206;PEC
KPPP000207;INC_BP_HRM
KPPP000207;INC_BP_STD
KPPP000207;MANCYCL
KPPP000207;MFGCOST
KPPP000207;SC_COST
KPPP000208;MANCYCL
KPPP000208;MFGCOST
KPPP000208;SC_COST
KPPP000211;SC_COST
KPPP000222;MANCYCL
KPPP000222;MFGCOST
KPPP000222;POF
KPPP000223;MANCYCL
KPPP000223;MFGCOST
KPPP000242;INC_BP_HRM
KPPP000242;INC_BP_STD
KPPP000242;MFGCOST
KPPP000260;MANCYCL
KPPP000260;MFGCOST
KPPP000261;INC_BP_HRM
KPPP000261;INC_BP_STD
KPPP000261;MANCYCL
KPPP000261;MFGCOST
KPPP000261;PEC
KPPP000262;MFGCOST
KPPP000262;SC_COST
KPPP000262;STOCK_OUT
KPPP000263;MFGCOST
KPPP000263;SC_COST
KPPP000263;STOCK_OUT
KPPP000264;MFGCOST
KPPP000264;SC_COST
KPPP000264;STOCK_OUT
KPPP000290;INC_BP_HRM
KPPP000290;INC_BP_STD
KPPP000292;CMPLXTY
KPPP000295;CMPLXTY
KPPP000409;SC_COST
KPPP000410;DII
KPPP000410;SC_COST
KPPP000411;DII
KPPP000411;SC_COST
KPPP000411;STOCK_OUT
KPPROJ0105;T2M
KPPROJ0190;INC_BP_HRM
KPPROJ0190;INC_BP_STD
KPPROJ0205;T2M
KPPROJ0302;T2M
KPPROJ0305;ASS_COST
KPPROJ0305;T2M
KPPROJ0360;INC_BP_HRM
KPPROJ0360;INC_BP_STD
KPPROJ0360;PEC
KPPROJ0360;T2M
KPPROJ0361;ASS_COST
KPPROJ0361;INC_BP_HRM
KPPROJ0361;INC_BP_STD
KPPROJ0361;PEC
KPPROJ0361;T2M
KPPURCH201;INC_BP_HRM
KPPURCH201;INC_BP_STD
KPPURCH201;MAVERICK
KPPURCH201;OIP
KPPURCH201;SC_COST
KPPURCH203;CMPLXTY
KPPURCH203;OIP
KPPURCH203;SC_COST
KPPURCH203;STOCK_OUT
KPPURCH204;OIP
KPPURCH207;CASH_FOREC
KPPURCH207;CMPLXTY
KPPURCH207;OIP
KPPURCH212;GRC_COST
KPPURCH212;MAVERICK
KPPURCH212;OIP
KPPURCH221;GRC_COST
KPPURCH221;MAVERICK
KPPURCH221;OIP
KPPURCH222;GRC_COST
KPPURCH222;MAVERICK
KPPURCH222;OIP
KPPURCH223;OIP
KPPURCH223;STOCK_OUT
KPPURCH225;OIP
KPPURCH225;STOCK_OUT
KPPURCH228;OIP
KPPURCH228;SC_COST
KPPURCH228;STOCK_OUT
KPPURCH242;OIP
KPPURCH260;FSSC
KPPURCH260;OIP
KPPURCH260;PEC
KPPURCH261;MAVERICK
KPPURCH261;OIP
KPPURCH261;STOCK_OUT
KPPURCH263;OIP
KPPURCH265;DPO
KPPURCH265;OIP
KPPURCH266;MFGCOST
KPPURCH266;OIP
KPPURCH267;FSSC
KPPURCH267;OIP
KPPURCH267;PEC
KPPURCH267;SERV_PROC
KPPURCH268;FSSC
KPPURCH268;OIP
KPPURCH273;OIP
KPPURCH273;SUST_WASTE
KPPURCH290;CMPLXTY
KPPURCH290;OIP
KPPURCH297;INC_BP_HRM
KPPURCH297;INC_BP_STD
KPPURCH298;INC_BP_HRM
KPPURCH298;INC_BP_STD
KPPURCH301;CMPLXTY
KPPURCH301;OIP
KPPURCH301;SC_COST
KPPURCH303;CMPLXTY
KPPURCH303;OIP
KPPURCH303;SC_COST
KPPURCH303;STOCK_OUT
KPPURCH309;OIP
KPPURCH360;OIP
KPPURCH360;SC_COST
KPPURCH360;STOCK_OUT
KPPURCH362;OIP
KPPURCH362;SC_COST
KPPURCH362;STOCK_OUT
KPPURCH404;DPO
KPPURCH404;FSSC
KPPURCH409;DPO
KPPURCH411;DPO
KPPURCH411;FSSC
KPPURCH412;DPO
KPPURCH412;FSSC
KPPURCH413;FSSC
KPPURCH413;OIP
KPPURCH460;CASH_FOREC
KPPURCH460;DPO
KPPURCH460;FSSC
KPPURCH460;INC_BP_HRM
KPPURCH460;INC_BP_STD
KPPURCH460;MAVERICK
KPPURCH460;PEC
KPPURCH508;LOG_COST
KPPURCH508;POF
KPPURCH508;STOCK_OUT
KPPURCH560;OIP
KPPURCH560;POF
KPPURCH560;STOCK_OUT
KPPURCH561;INC_BP_HRM
KPPURCH561;INC_BP_STD
KPPURCH561;LOG_COST
KPPURCH561;OIP
KPPURCH561;POF
KPPURCH561;STOCK_OUT
KPPURCH562;INC_BP_HRM
KPPURCH562;INC_BP_STD
KPPURCH562;LOG_COST
KPPURCH562;OIP
KPPURCH562;POF
KPPURCH562;STOCK_OUT
KPPURCH609;OIP
KPPURCH609;POF
KPPURCH609;SC_COST
KPPURCH609;STOCK_OUT
KPPURCH610;OIP
KPPURCH610;POF
KPPURCH610;SC_COST
KPPURCH610;STOCK_OUT
KPPURCH660;OIP
KPPURCH660;STOCK_OUT
KPPURCH661;GRC_COST
KPPURCH661;MAVERICK
KPPURCH661;OIP
KPPURCH662;GRC_COST
KPPURCH662;MAVERICK
KPPURCH662;OIP
KPPURCH701;OIP
KPPURCH701;SERV_PROC
KPPURCH702;OIP
KPPURCH702;SERV_PROC
KPPURCH703;OIP
KPPURCH703;SERV_PROC
KPPURCH704;OIP
KPPURCH704;SERV_PROC
KPSD000133;SALE_COST
KPSD000133;SUST_EMISS
KPSD000171;POF
KPSD000171;SUST_WASTE
KPSD000190;INC_BP_HRM
KPSD000190;INC_BP_STD
KPSD000194;INC_BP_HRM
KPSD000194;INC_BP_STD
KPSD000195;INC_BP_HRM
KPSD000201;DSO
KPSD000201;FSSC
KPSD000201;PEC
KPSD000201;SALE_COST
KPSD000207;DSO
KPSD000208;DSO
KPSD000215;DSO
KPSD000215;SALE_COST
KPSD000216;DSO
KPSD000216;SALE_COST
KPSD000217;DSO
KPSD000217;SALE_COST
KPSD000218;DSO
KPSD000218;FSSC
KPSD000218;INC_BP_HRM
KPSD000218;INC_BP_STD
KPSD000218;SALE_COST
KPSD000260;CASH_FOREC
KPSD000260;DSO
KPSD000260;FSSC
KPSD000260;INC_BP_HRM
KPSD000260;INC_BP_STD
KPSD000260;PEC
KPSD000260;UNCOLL_AR
KPSD000271;DSO
KPSD000271;SUST_WASTE
KPSD000292;INC_BP_HRM
KPSD000292;INC_BP_STD
KPSD000293;INC_BP_HRM
KPSD000293;INC_BP_STD
KPSD000303;CHURN
KPSD000303;CMPLXTY
KPSD000303;POF
KPSD000303;SALE_COST
KPSD000304;CHURN
KPSD000304;POF
KPSD000304;STOCK_OUT
KPSD000306;FSSC
KPSD000306;LOG_COST
KPSD000306;POF
KPSD000306;SALE_COST
KPSD000307;CHURN
KPSD000307;SALE_COST
KPSD000319;DSO
KPSD000321;CMPLXTY
KPSD000321;DSO
KPSD000321;PEC
KPSD000321;SALE_COST
KPSD000322;POF
KPSD000323;SALE_COST
KPSD000324;POF
KPSD000324;SALE_COST
KPSD000326;CHURN
KPSD000326;LOG_COST
KPSD000326;POF
KPSD000327;CHURN
KPSD000327;SALE_COST
KPSD000360;CHURN
KPSD000360;INC_BP_HRM
KPSD000360;INC_BP_STD
KPSD000360;POF
KPSD000360;SALE_COST
KPSD000361;POF
KPSD000361;SALE_COST
KPSD000362;DSO
KPSD000362;POF
KPSD000362;SALE_COST
KPSD000363;POF
KPSD000363;SALE_COST
KPSD000364;CHURN
KPSD000364;POF
KPSD000364;SALE_COST
KPSD000364;STOCK_OUT
KPSD000365;CHURN
KPSD000365;POF
KPSD000365;SALE_COST
KPSD000365;STOCK_OUT
KPSD000366;FSSC
KPSD000366;POF
KPSD000366;SALE_COST
KPSD000367;DSO
KPSD000367;FSSC
KPSD000368;SALE_COST
KPSD000369;CHURN
KPSD000369;POF
KPSD000369;STOCK_OUT
KPSD000380;DII
KPSD000380;GRC_COST
KPSD000380;SALE_COST
KPSD000380;SUST_EMISS
KPSD000392;INC_BP_HRM
KPSD000460;CHURN
KPSD000460;DSO
KPSD000460;FSSC
KPSD000460;SOF
KPSD000462;CHURN
KPSD000462;FSSC
KPSD000462;SOF
KPWM000260;LOG_COST
KPWM000261;LOG_COST
KPWM000403;DII
KPWM000403;LOG_COST
KPWM000560;LOG_COST
KPWM000561;LOG_COST
KWMD000107;CMPLXTY
KWMD000107;GRC_COST
KWMD000107;T2M
KWMD000109;CMPLXTY
KWMD000109;MFGCOST
KWMD000109;POF
KWMD000109;SC_COST
KWMD000109;T2M
KWMD000110;CMPLXTY
KWMD000110;OIP
KWMD000110;POF
KWMD000110;SC_COST
KWMD000110;T2M
KWMD000160;MFGCOST
KWMD000160;SC_COST
KWMD000160;T2M
KWMD000161;MFGCOST
KWMD000161;SC_COST
KWMD000161;T2M
KWMD000203;GRC_COST
KWMD000203;SALE_COST
KWMD000204;CMPLXTY
KWMD000204;GRC_COST
KWMD000205;CMPLXTY
KWMD000205;GRC_COST
KWMD000206;CMPLXTY
KWMD000206;GRC_COST
KWMD000207;CMPLXTY
KWMD000207;GRC_COST
KWMD000260;FSSC
KWMD000260;SALE_COST
KWMD000309;CMPLXTY
KWMD000309;GRC_COST
KWMD000309;OIP
KWMD000311;CMPLXTY
KWMD000311;GRC_COST
KWMD000312;CMPLXTY
KWMD000312;GRC_COST
KWMD000313;CMPLXTY
KWMD000313;FSSC
KWMD000313;GRC_COST
KWMD000314;CMPLXTY
KWMD000314;GRC_COST
KWMD000315;CMPLXTY
KWMD000315;OIP
KWMD000360;FSSC
KWMD000360;OIP
KWMD000501;DPO
KWMD000501;INC_BP_HRM
KWMD000501;INC_BP_STD
KWMD000502;DPO
KWMD000502;INC_BP_HRM
KWMD000502;INC_BP_STD
KWMD000503;DSO
KWMD000503;INC_BP_HRM
KWMD000503;INC_BP_STD
KWMD000504;DSO
KWMD000504;INC_BP_HRM
KWMD000504;INC_BP_STD
KWPM000115;ASS_COST
KWPM000115;MROF
KWPM000116;MROF
KWPM000116;SOF
KWPM000117;ASS_COST
KWPM000117;CMPLXTY
KWPM000117;MROF
KWPM000118;CMPLXTY
KWPM000118;MROF
KWPM000118;SOF
KWPM000119;ASS_COST
KWPM000119;CMPLXTY
KWPM000119;MROF
KWPM000120;CMPLXTY
KWPM000120;MROF
KWPM000120;SOF
KWPM000160;ASS_COST
KWPM000160;INC_BP_HRM
KWPM000160;INC_BP_STD
KWPM000160;MROF
KWPM000161;ASS_COST
KWPM000161;INC_BP_HRM
KWPM000161;INC_BP_STD
KWPM000161;MROF
KWPM000203;ASS_COST
KWPM000203;MROF
KWPM000204;MROF
KWPM000204;SOF
KWPM000215;ASS_COST
KWPM000215;MROF
KWPM000216;MROF
KWPM000216;SOF
KWPM000217;ASS_COST
KWPM000217;CMPLXTY
KWPM000217;MROF
KWPM000218;MROF
KWPM000218;SOF
KWPM000219;ASS_COST
KWPM000219;CMPLXTY
KWPM000219;MROF
KWPM000220;CMPLXTY
KWPM000220;MROF
KWPM000220;SOF
KWPM000221;ASS_COST
KWPM000221;MROF
KWPM000222;MROF
KWPM000222;SOF
KWPM000260;ASS_COST
KWPM000260;MROF
KWPM000260;SUST_WASTE
KWPM000261;ASS_COST
KWPM000261;INC_BP_HRM
KWPM000261;INC_BP_STD
KWPM000261;MROF
KWPM000261;PEC
KWPM000262;MROF
KWPM000262;SOF
KWPM000262;SUST_WASTE
KWPM000263;INC_BP_HRM
KWPM000263;INC_BP_STD
KWPM000263;PEC
KWPM000263;SOF
KWPM000264;ASS_COST
KWPM000264;DII
KWPM000264;MROF
KWPM000264;STOCK_OUT
KWPM000265;DII
KWPM000265;MROF
KWPM000265;SOF
KWPM000265;STOCK_OUT
KWPM000290;INC_BP_HRM
KWPM000290;INC_BP_STD
KWPM000462;MROF
KWPM000462;SOF
KWQM000101;DII
KWQM000101;LOG_COST
KWQM000101;MFGCOST
KWQM000101;OIP
KWQM000102;DII
KWQM000102;LOG_COST
KWQM000102;MFGCOST
KWQM000102;MROF
KWQM000102;OIP
KWQM000103;DII
KWQM000103;LOG_COST
KWQM000103;MFGCOST
KWQM000103;MROF
KWQM000103;OIP
KWQM000161;DII
KWQM000161;OIP
KWQM000161;POF
KWQM000161;STOCK_OUT
KWQM000161;SUST_EMISS
KWQM000162;DII
KWQM000162;MFGCOST
KWQM000162;STOCK_OUT
KWQM000162;SUST_WASTE
KWQM000163;MFGCOST
KWSERV0101;SOF
KWSERV0102;SALE_COST
KWSERV0102;SOF
KWSERV0103;SOF
KWSERV0104;SOF
KWSERV0105;SALE_COST
KWSERV0105;SOF
KWSERV0106;SOF
KWSERV0160;MROF
KWSERV0160;SOF
KXEWM00101;LOG_COST
KXEWM00102;LOG_COST
KXEWM00201;LOG_COST
KXEWM00202;LOG_COST
KXEWM00203;LOG_COST
KXEWM00260;LOG_COST
KXEWM00301;LOG_COST
KXEWM00302;LOG_COST
KXEWM00303;LOG_COST
KXEWM00304;LOG_COST
KXEWM00305;LOG_COST
KXEWM00390;LOG_COST
KXEWM00401;LOG_COST
KXEWM00402;LOG_COST
KXEWM00403;LOG_COST
KXEWM00404;LOG_COST
KXEWM00460;LOG_COST
KXEWM00461;LOG_COST
KXEWM00490;LOG_COST
KXEWM00501;LOG_COST
KXEWM00502;LOG_COST
KXEWM00503;LOG_COST
KXEWM00504;LOG_COST
KXEWM00560;LOG_COST
KXEWM00590;LOG_COST
KXEWM00701;LOG_COST
KXEWM00702;LOG_COST
KXEWM00860;LOG_COST
KXEWM00861;LOG_COST
KXEWM00862;LOG_COST
KXEWM00901;DII
KXEWM00902;DII
KXEWM00903;DII