locale;solutionProcessFlowDiagramId;solutionProcessFlowDiagramName
en_US_sappsd;SPFD-133;[[[ƁƑĤ - Āşşēţ Ůŋƌēŗ Ĉŏŋşţŗűċţįŏŋ∙∙∙∙∙∙∙∙∙]]]
en_US_sappsd;SPFD-138;[[[ƁĴĔ - Μąķē-ţŏ-Ŏŗƌēŗ Ƥŗŏƌűċţįŏŋ - Ƒįŋįşĥēƌ Ģŏŏƌş Ŝąĺēş ąŋƌ Ƒįŋąĺ Āşşēɱƃĺŷ∙∙∙∙∙∙∙∙∙∙∙∙∙∙∙∙∙∙∙∙∙∙∙∙∙∙∙∙∙∙]]]
en_US_sappsd;SPFD-141;[[[ƁΜĔ - Ŝţŏċķ Ţŗąŋşƒēŗ ŵįţĥ Ďēĺįʋēŗŷ∙∙∙∙∙∙∙∙∙∙∙]]]
en_US_sappsd;SPFD-142;[[[ƁΜĤ - Ŝţŏċķ Ţŗąŋşƒēŗ ŵįţĥŏűţ Ďēĺįʋēŗŷ∙∙∙∙∙∙∙∙∙∙∙∙∙]]]
en_US_sappsd;SPFD-143;[[[ƁΜŶ - Ŝűƃċŏŋţŗąċţįŋğ∙∙∙∙]]]
en_US_sappsd;SPFD-144;[[[ƁŃĀ - Ƥēŗįŏƌ-Ĕŋƌ Ĉĺŏşįŋğ - Ƥŗŏĵēċţş∙∙∙∙∙∙∙∙∙∙∙∙]]]
en_US_sappsd;SPFD-163;[[[ƁƑ7 - Ƥēŗįŏƌ-Ĕŋƌ Ĉĺŏşįŋğ - Μąįŋţēŋąŋċē Ŏŗƌēŗş∙∙∙∙∙∙∙∙∙∙∙∙∙∙∙∙∙]]]
en_US_sappsd;SPFD-165;[[[18Ĵ - Řēƣűįşįţįŏŋįŋğ∙∙∙∙]]]
en_US_sappsd;SPFD-168;[[[1ƁΜ - Μąķē-ţŏ-Ŏŗƌēŗ Ƥŗŏƌűċţįŏŋ - Ŝēɱįƒįŋįşĥēƌ Ģŏŏƌş Ƥĺąŋŋįŋğ ąŋƌ Āşşēɱƃĺŷ∙∙∙∙∙∙∙∙∙∙∙∙∙∙∙∙∙∙∙∙∙∙∙∙∙∙∙∙∙∙∙]]]
en_US_sappsd;SPFD-169;[[[1ĔŻ - Ĉŗēƌįţ Μēɱŏ Ƥŗŏċēşşįŋğ∙∙∙∙∙∙∙∙]]]
en_US_sappsd;SPFD-170;[[[1Ƒ1 - Ďēƃįţ Μēɱŏ Ƥŗŏċēşşįŋğ∙∙∙∙∙∙∙∙]]]
en_US_sappsd;SPFD-185;[[[ƁĶƤ - 01 - Ĉűşţŏɱēŗ Řēţűŗŋş Μąŋąğēɱēŋţ∙∙∙∙∙∙∙∙∙∙∙∙∙]]]
en_US_sappsd;SPFD-187;[[[Ĭ9Ĭ - Ďŏŵŋ ρąŷɱēŋţş įŋ şąĺēş ƣűąŋţįţŷ ċŏŋţŗąċţş∙∙∙∙∙∙∙∙∙∙∙∙∙∙∙∙∙∙]]]
en_US_sappsd;SPFD-202;[[[1Ĕ1 - Ŵįţĥįŋ Ƥŗŏƌűċţįŏŋ Ƥŗŏċēşş∙∙∙∙∙∙∙∙∙∙]]]
en_US_sappsd;SPFD-203;[[[1Ĕ1 - Ģŏŏƌş Řēċēįρţ ƒŗŏɱ Ƥŗŏƌűċţįŏŋ∙∙∙∙∙∙∙∙∙∙∙∙]]]
en_US_sappsd;SPFD-212;[[[1ƑΜ - Řēğűĺąŗ Ǭűąĺįţŷ Ĭŋşρēċţįŏŋ Ƥŗŏċēşş∙∙∙∙∙∙∙∙∙∙∙∙∙∙]]]
en_US_sappsd;SPFD-222;[[[1ĤŎ - Ĭŋţēŗċŏɱρąŋŷ Ŝąĺēş Ŏŗƌēŗ Ƥŗŏċēşşįŋğ - Ďŏɱēşţįċ∙∙∙∙∙∙∙∙∙∙∙∙∙∙∙∙∙∙∙∙]]]
en_US_sappsd;SPFD-414;[[[2ŢΧ - Ďįŗēċţ Ƥŗŏċűŗēɱēŋţ ŵįţĥ Ĭŋƃŏűŋƌ Ďēĺįʋēŗŷ∙∙∙∙∙∙∙∙∙∙∙∙∙∙∙∙∙]]]
en_US_sappsd;SPFD-469;[[[ƁĎ3 - 01 - Ŝąĺēş Ƥŗŏċēşşįŋğ űşįŋğ Ţĥįŗƌ-Ƥąŗţŷ ŵįţĥ Ŝĥįρρįŋğ Ńŏţįƒįċąţįŏŋ∙∙∙∙∙∙∙∙∙∙∙∙∙∙∙∙∙∙∙∙∙∙∙∙∙∙∙∙∙∙]]]
en_US_sappsd;SPFD-477;[[[ƁĎ9 - 01 - Ŝēĺĺ ƒŗŏɱ Ŝţŏċķ∙∙∙∙∙∙∙]]]
en_US_sappsd;SPFD-480;[[[ƁĎĎ - Ļēąŋ Ĉűşţŏɱēŗ Řēţűŗŋş∙∙∙∙∙∙∙∙]]]
en_US_sappsd;SPFD-481;[[[ƁĎĢ - Ŝąĺēş Ǭűŏţąţįŏŋ∙∙∙∙∙]]]
en_US_sappsd;SPFD-483;[[[ƁĎĶ - 01 - Ŝąĺēş Ƥŗŏċēşşįŋğ űşįŋğ Ţĥįŗƌ-Ƥąŗţŷ ŵįţĥŏűţ Ŝĥįρρįŋğ Ńŏţįƒįċąţįŏŋ∙∙∙∙∙∙∙∙∙∙∙∙∙∙∙∙∙∙∙∙∙∙∙∙∙∙∙∙∙∙∙∙]]]
en_US_sappsd;SPFD-485;[[[ƁĎŃ - Ŝąĺēş ŏƒ Ńŏŋ-Ŝţŏċķ Ĭţēɱ ŵįţĥ Ŏŗƌēŗ-Ŝρēċįƒįċ Ƥŗŏċűŗēɱēŋţ∙∙∙∙∙∙∙∙∙∙∙∙∙∙∙∙∙∙∙∙∙∙∙∙∙]]]
en_US_sappsd;SPFD-486;[[[ƁĎǬ - Ĭŋʋŏįċē Ĉŏŗŗēċţįŏŋ Ƥŗŏċēşş ŵįţĥ Ďēƃįţ Μēɱŏ∙∙∙∙∙∙∙∙∙∙∙∙∙∙∙∙∙∙]]]
en_US_sappsd;SPFD-489;[[[ƁĔĬ - Ƥēŗįŏƌ-Ĕŋƌ Ĉĺŏşįŋğ - Ƥĺąŋţ∙∙∙∙∙∙∙∙∙∙]]]
en_US_sappsd;SPFD-492;[[[ƁĴ8 - Μąķē-ţŏ-Ŝţŏċķ - Ƥŗŏċēşş Μąŋűƒąċţűŗįŋğ Ɓąşēƌ ŏŋ Ƥŗŏċēşş Ŏŗƌēŗ∙∙∙∙∙∙∙∙∙∙∙∙∙∙∙∙∙∙∙∙∙∙∙∙∙∙∙]]]
en_US_sappsd;SPFD-500;[[[ƁĶĻ - Ĭŋʋŏįċē Ĉŏŗŗēċţįŏŋ Ƥŗŏċēşş ŵįţĥ Ĉŗēƌįţ Μēɱŏ∙∙∙∙∙∙∙∙∙∙∙∙∙∙∙∙∙∙∙]]]
en_US_sappsd;SPFD-504;[[[ƁΜĈ - 02 - Ĉŏŗē Ĭŋʋēŋţŏŗŷ Μąŋąğēɱēŋţ∙∙∙∙∙∙∙∙∙∙∙∙]]]
en_US_sappsd;SPFD-506;[[[ƁΜĎ - Ƥűŗċĥąşē Ĉŏŋţŗąċţ∙∙∙∙∙∙]]]
en_US_sappsd;SPFD-507;[[[ƁΜĶ - Řēţűŗŋ ţŏ Ŝűρρĺįēŗ∙∙∙∙∙∙]]]
en_US_sappsd;SPFD-509;[[[ƁΜŘ - 01 - Ŝċĥēƌűĺįŋğ ąğŗēēɱēŋţ ŵįţĥ Řēĺēąşē ƌŏċ ƒŏŗ Ŝţąŋƌąŗƌ Ƥŗŏċűŗēɱēŋţ∙∙∙∙∙∙∙∙∙∙∙∙∙∙∙∙∙∙∙∙∙∙∙∙∙∙∙∙∙∙∙]]]
en_US_sappsd;SPFD-511;[[[ƁΜŘ - 03 - Ŝċĥēƌűĺįŋğ ąğŗēēɱēŋţ ŵ ĔĎĬ įŋţēğŗąţįŏŋ∙∙∙∙∙∙∙∙∙∙∙∙∙∙∙∙∙∙∙]]]
en_US_sappsd;SPFD-512;[[[ƁŃΧ - Ĉŏŋşűɱąƃĺē Ƥűŗċĥąşįŋğ∙∙∙∙∙∙∙∙]]]
en_US_sappsd;SPFD-513;[[[Ĵ44 - Μąţēŗįąĺ Řēƣűįŗēɱēŋţş Ƥĺąŋŋįŋğ Μąįŋ şċēŋąŗįŏ∙∙∙∙∙∙∙∙∙∙∙∙∙∙∙∙∙∙∙]]]
en_US_sappsd;SPFD-517;[[[Ĵ45 - Ƥŗŏċűŗēɱēŋţ ŏƒ Ďįŗēċţ Μąţēŗįąĺş∙∙∙∙∙∙∙∙∙∙∙∙∙]]]
en_US_sappsd;SPFD-550;[[[Ĵ59 - 01 - Μąįŋ∙∙∙∙]]]
en_US_sappsd;SPFD-576;[[[Ĵ62 - 05 - Āşşēţ Āċċŏűŋţįŋğ - Μŏŋţĥ-Ĕŋƌ-Ĉĺŏşįŋğ∙∙∙∙∙∙∙∙∙∙∙∙∙∙∙∙∙∙]]]
en_US_sappsd;SPFD-644;[[[1ΜΧ - Ĭŋţēŗċŏɱρąŋŷ Ŝąĺēş Ŏŗƌēŗ Ƥŗŏċēşşįŋğ - Ĭŋţēŗŋąţįŏŋąĺ∙∙∙∙∙∙∙∙∙∙∙∙∙∙∙∙∙∙∙∙∙∙∙]]]
en_US_sappsd;SPFD-651;[[[1ŃŢ - Ƥŗŏĵēċţ Ĉŏŋţŗŏĺ - Ƒįŋąŋċē∙∙∙∙∙∙∙∙∙∙]]]
en_US_sappsd;SPFD-661;[[[1Ƥ9 - Ĭŋţēŗċŏɱρąŋŷ Ŝţŏċķ Ţŗąŋşƒēŗ - Ďŏɱēşţįċ∙∙∙∙∙∙∙∙∙∙∙∙∙∙∙∙]]]
en_US_sappsd;SPFD-734;[[[2ĔǬ - Ŝąĺē ŏƒ Ŝēŗʋįċēş∙∙∙∙∙]]]
en_US_sappsd;SPFD-811;[[[2ƲĴ - ŜĀƤ ĔŴΜ Ĭŋţēğŗąţįŏŋ - Ĭŋƃŏűŋƌ Ƥŗŏċēşşįŋğ ƒŗŏɱ Ŝűρρĺįēŗ∙∙∙∙∙∙∙∙∙∙∙∙∙∙∙∙∙∙∙∙∙∙∙∙]]]
en_US_sappsd;SPFD-812;[[[2ƲĶ - ŜĀƤ ĔŴΜ Ĭŋţēğŗąţįŏŋ - Ŏűţƃŏűŋƌ Ƥŗŏċēşşįŋğ ţŏ Ĉűşţŏɱēŗ∙∙∙∙∙∙∙∙∙∙∙∙∙∙∙∙∙∙∙∙∙∙∙∙]]]
en_US_sappsd;SPFD-814;[[[2ƲΜ - ŜĀƤ ĔŴΜ Ĭŋţēğŗąţįŏŋ - Ďēĺįʋēŗŷ-Ɓąşēƌ Ƥŗŏƌűċţįŏŋ Ĭŋţēğŗąţįŏŋ∙∙∙∙∙∙∙∙∙∙∙∙∙∙∙∙∙∙∙∙∙∙∙∙∙∙∙]]]
en_US_sappsd;SPFD-867;[[[3ƁŘ - Ŵąŗēĥŏűşē Ĭŋƃŏűŋƌ Ƥŗŏċēşşįŋğ∙∙∙∙∙∙∙∙∙∙∙]]]
en_US_sappsd;SPFD-874;[[[3Ď2 - 01 - Ƒįχēƌ Ƥŗįċē Ŝēŗʋįċēş∙∙∙∙∙∙∙∙∙∙]]]
en_US_sappsd;SPFD-875;[[[3ĎƲ - Ŵąŗēĥŏűşē Ƥŗŏƌűċţįŏŋ Ĭŋţēğŗąţįŏŋ∙∙∙∙∙∙∙∙∙∙∙∙∙]]]
en_US_sappsd;SPFD-877;[[[3Ƒ0 - Ĕʋēŋţ-Ɓąşēƌ Ƥŗŏƌűċţįŏŋ Ĉŏşţ Ƥŏşţįŋğ∙∙∙∙∙∙∙∙∙∙∙∙∙∙∙]]]
en_US_sappsd;SPFD-955;[[[3ŎĶ - Μąķē-ţŏ-Ŏŗƌēŗ Ƥŗŏƌűċţįŏŋ - Ƥŗŏċēşş Μąŋűƒąċţűŗįŋğ∙∙∙∙∙∙∙∙∙∙∙∙∙∙∙∙∙∙∙∙∙]]]
en_US_sappsd;SPFD-1002;[[[4ĢĀ - Ŝēŗʋįċē Ǭűŏţąţįŏŋ∙∙∙∙∙∙]]]
en_US_sappsd;SPFD-1009;[[[4ĤĬ - Ƥŗŏąċţįʋē Μąįŋţēŋąŋċē∙∙∙∙∙∙∙∙]]]
en_US_sappsd;SPFD-1028;[[[4Χ5 - Řēċűŗŗįŋğ Ŝēŗʋįċēş∙∙∙∙∙∙]]]
en_US_sappsd;SPFD-1046;[[[5ĤĻ - Ŝēĺĺ ƒŗŏɱ Ŝţŏċķ - Ĉŏŋşűɱēŗ Ƥŗŏƌűċţş∙∙∙∙∙∙∙∙∙∙∙∙∙∙∙]]]
en_US_sappsd;SPFD-1081;[[[4ƲŢ - Ĭɱρŗŏʋēɱēŋţ Μąįŋţēŋąŋċē∙∙∙∙∙∙∙∙∙]]]
en_US_sappsd;SPFD-1082;[[[4ŴΜ - Ŏρēŗąţįŏŋąĺ Μąįŋţēŋąŋċē∙∙∙∙∙∙∙∙∙]]]
en_US_sappsd;SPFD-1083;[[[4ŴΜ - Ŏʋēŗĥēąƌ Μąįŋţēŋąŋċē∙∙∙∙∙∙∙]]]
en_US_sappsd;SPFD-1090;[[[5Ď2 - Āƌʋąŋċēƌ Ĭŋţēŗċŏɱρąŋŷ Ŝąĺēş∙∙∙∙∙∙∙∙∙∙∙]]]
en_US_sappsd;SPFD-1091;[[[5ĤƤ - Āƌʋąŋċēƌ Ĭŋţēŗċŏɱρąŋŷ Ŝţŏċķ Ţŗąŋşƒēŗ∙∙∙∙∙∙∙∙∙∙∙∙∙∙∙]]]
en_US_sappsd;SPFD-1209;[[[Ĵ62 - 05 - Āşşēţ Āċċŏűŋţįŋğ - Μŏŋţĥ-Ĕŋƌ-Ĉĺŏşįŋğ∙∙∙∙∙∙∙∙∙∙∙∙∙∙∙∙∙∙]]]
en_US_sappsd;SPFD-2208;[[[Ĵ60 - 01 - Μąįŋ∙∙∙∙]]]
en_US_sappsd;SPFD-3522;[[[3ΧĶ - Ĭŋ-Ĥŏűşē Řēρąįŗ∙∙∙∙∙]]]
en_US_sappsd;SPFD-3588;[[[5ƑΜ - Ƥŗŏċűŗēɱēŋţ ƒŏŗ Řēţąįĺ∙∙∙∙∙∙∙∙]]]
en_US_sappsd;SPFD-3616;[[[5ƑƲ - Ŏűţƃŏűŋƌ Ļŏğįşţįċş ƒŏŗ Ďįşţŗįƃűţįŏŋ Ĉēŋţēŗş∙∙∙∙∙∙∙∙∙∙∙∙∙∙∙∙∙∙∙]]]
en_US_sappsd;SPFD-3750;[[[61Ʋ - Ĉűşţŏɱēŗ Řēţűŗŋş Μąŋąğēɱēŋţ - Ĉŏŋşűɱēŗ Ƥŗŏƌűċţş∙∙∙∙∙∙∙∙∙∙∙∙∙∙∙∙∙∙∙∙∙]]]
en_US_sappsd;SPFD-3831;[[[3ƁŜ - Ŵąŗēĥŏűşē Ŏűţƃŏűŋƌ Ƥŗŏċēşşįŋğ∙∙∙∙∙∙∙∙∙∙∙∙]]]
en_US_sappsd;SPFD-4366;[[[ƁĴ5 - Μąķē-ţŏ-Ŝţŏċķ Ƥŗŏƌűċţįŏŋ ƒŏŗ Ĉŏĺĺēċţįʋē Ŏŗƌēŗş - Ďįşċŗēţē Μąŋűƒąċţűŗįŋğ∙∙∙∙∙∙∙∙∙∙∙∙∙∙∙∙∙∙∙∙∙∙∙∙∙∙∙∙∙∙∙∙∙]]]
en_US_sappsd;SPFD-4643;[[[ƁĴĔ - Μąķē-ţŏ-Ŏŗƌēŗ Ƥŗŏƌűċţįŏŋ - Ƒįŋįşĥēƌ Ģŏŏƌş Ŝąĺēş ąŋƌ Ƒįŋąĺ Āşşēɱƃĺŷ (ŎƤ)∙∙∙∙∙∙∙∙∙∙∙∙∙∙∙∙∙∙∙∙∙∙∙∙∙∙∙∙∙∙∙∙∙]]]
en_US_sappsd;SPFD-4651;[[[ƁĴ5 - Μąķē-ţŏ-Ŝţŏċķ Ƥŗŏƌűċţįŏŋ - Ďįşċŗēţē Μąŋűƒąċţűŗįŋğ (ŎƤ)∙∙∙∙∙∙∙∙∙∙∙∙∙∙∙∙∙∙∙∙∙∙∙∙]]]
en_US_sappsd;SPFD-4668;[[[ƁĴ8 - Μąķē-ţŏ-Ŝţŏċķ - Ƥŗŏċēşş Μąŋűƒąċţűŗįŋğ Ɓąşēƌ ŏŋ Ƥŗŏċēşş Ŏŗƌēŗ (ŎƤ)∙∙∙∙∙∙∙∙∙∙∙∙∙∙∙∙∙∙∙∙∙∙∙∙∙∙∙∙∙∙]]]
en_US_sappsd;SPFD-4671;[[[1ƑŜ - Ɓąşįċ Ŵąŗēĥŏűşē Ĭŋƃŏűŋƌ Ƥŗŏċēşşįŋğ ƒŗŏɱ Ŝűρρĺįēŗ∙∙∙∙∙∙∙∙∙∙∙∙∙∙∙∙∙∙∙∙∙]]]
en_US_sappsd;SPFD-4676;[[[1Ģ2 - Ɓąşįċ Ŵąŗēĥŏűşē Ŏűţƃŏűŋƌ Ƥŗŏċēşşįŋğ ţŏ Ĉűşţŏɱēŗ∙∙∙∙∙∙∙∙∙∙∙∙∙∙∙∙∙∙∙∙∙]]]
en_US_sappsd;SPFD-4677;[[[1Ʋ5 - Ŵąŗēĥŏűşē Ĭŋƃŏűŋƌ Ƥŗŏċēşşįŋğ ƒŗŏɱ Ŝűρρĺįēŗ ŵįţĥ Ɓąţċĥ Μąŋąğēɱēŋţ∙∙∙∙∙∙∙∙∙∙∙∙∙∙∙∙∙∙∙∙∙∙∙∙∙∙∙∙∙]]]
en_US_sappsd;SPFD-4678;[[[1Ʋ7 - Ɓąţċĥ Μąŋąğēɱēŋţ įŋ Ŏűţƃŏűŋƌ Ƥŗŏċēşşįŋğ∙∙∙∙∙∙∙∙∙∙∙∙∙∙∙∙∙]]]
en_US_sappsd;SPFD-4680;[[[1ƲƁ - Ƥŗŏƌűċţįŏŋ Ĭŋţēğŗąţįŏŋ - Ĉŏɱρŏŋēŋţ Ĉŏŋşűɱρţįŏŋ ąŋƌ Řēċēįρţ įŋ Ŵąŗēĥŏűşē∙∙∙∙∙∙∙∙∙∙∙∙∙∙∙∙∙∙∙∙∙∙∙∙∙∙∙∙∙∙∙∙∙]]]
en_US_sappsd;SPFD-4687;[[[3ŎĶ - Μąķē-ţŏ-Ŏŗƌēŗ Ƥŗŏƌűċţįŏŋ - Ƥŗŏċēşş Μąŋűƒąċţűŗįŋğ∙∙∙∙∙∙∙∙∙∙∙∙∙∙∙∙∙∙∙∙∙]]]
en_US_sappsd;SPFD-4713;[[[3ΧĶ - Ĭŋ-Ĥŏűşē Řēρąįŗ∙∙∙∙∙]]]
en_US_sappsd;SPFD-4721;[[[4ŘŎ - Ďēċēŋţŗąĺįžēƌ ĔŴΜ - Ĭŋƃŏűŋƌ Ƥŗŏċēşşįŋğ∙∙∙∙∙∙∙∙∙∙∙∙∙∙∙∙]]]
en_US_sappsd;SPFD-4722;[[[4ŘƤ - Ďēċēŋţŗąĺįžēƌ ĔŴΜ - Ŏűţƃŏűŋƌ Ƥŗŏċēşşįŋğ∙∙∙∙∙∙∙∙∙∙∙∙∙∙∙∙∙]]]
en_US_sappsd;SPFD-4726;[[[4Χ5 - Řēċűŗŗįŋğ Ŝēŗʋįċēş∙∙∙∙∙∙]]]
en_US_sappsd;SPFD-5160;[[[5ƑΧ - Ŝţŏŗē Ŏŗƌēŗįŋğ ƒŗŏɱ Ďįşţŗįƃűţįŏŋ Ĉēŋţēŗ∙∙∙∙∙∙∙∙∙∙∙∙∙∙∙∙∙]]]
en_US_sappsd;SPFD-8185;[[[4ĤĤ - Řēąċţįʋē Μąįŋţēŋąŋċē∙∙∙∙∙∙∙]]]
en_US_sappsd;SPFD-8292;[[[5ƑŮ - Ĭŋƃŏűŋƌ Ļŏğįşţįċş ƒŏŗ Ďįşţŗįƃűţįŏŋ Ĉēŋţēŗş∙∙∙∙∙∙∙∙∙∙∙∙∙∙∙∙∙∙]]]
en_US_sappsd;SPFD-8411;[[[4ĤĤ - Řēąċţįʋē Μąįŋţēŋąŋċē∙∙∙∙∙∙∙]]]
en_US_sappsd;SPFD-8414;[[[4ĤĬ - Ƥŗŏąċţįʋē Μąįŋţēŋąŋċē∙∙∙∙∙∙∙∙]]]
en_US_sappsd;SPFD-8426;[[[41Ż - Ŝēŗʋįċē Ŏŗƌēŗ Μąŋąğēɱēŋţ∙∙∙∙∙∙∙∙∙]]]