locale;id;title;longTextWhat;textPpis;textWhy;textHow
es;ANALYZE_IR_BEFORE_GR;Analizar recepciones de facturas creadas antes de las entradas de mercancías;;;;
es;ANALYZE_PO_ITEMS_WO_PR_REF;Analizar posiciones de pedido sin referencia de solicitud de pedido;;;;
es;ANALYZE_REJECT_REASON;Analizar motivos de rechazo y mejorar rendimiento de verificación de crédito;;;;
es;ANALYZE_USER_BEH;Analizar comportamiento del usuario para identificar el potencial de mejora;;;;
es;ASSESS_COMPL_RATE_LEADTIME;Porcentajes de finalización de activos fijos y ciclos de fabricación;;;;
es;ASSESS_DELAYS_CUST_INV;Retrasos de activos fijos en creación de factura de cliente;;;;
es;ASSESS_DELAYS_PURCH;Retrasos de activos fijos en compras;;;;
es;ASSESS_DEVIATION_PAYTERM_DS_INV;Desviaciones de condiciones de pago de los activos fijos en el documento de facturación y la factura;;;;
es;ASSESS_LT_SO_TO_INV;Ciclo de fabricación de activo fijo desde la creación de la posición del pedido de cliente a la creación de la factura;;;;
es;ASSESS_STOCKLEVEL_TIME;Niveles de stock de activos en diferentes intervalos de tiempo;;;;
es;AVOID_COMPLIANCE_ISSUES;Evitar problemas de cumplimiento;;;;
es;AVOID_EARLY_PAY;Evitar pagos anticipados;;;;
es;AVOID_IV_BYPASS;Evitar liberación de pago que omita la verificación de factura;;;;
es;AVOID_LATE_PAY;Evitar pagos atrasados;;;;
es;AVOID_MAVERICK_BUY;Identificar y evitar compras irregulares;;;;
es;AVOID_MANUAL_CHANGES;Evitar modificaciones manuales;;;;
es;AVOID_PC_EXC_QUANT;Evitar contratos de compra que excedan la cantidad prevista;;;;
es;AVOID_PC_EXC_VALUE;Evitar contratos de compra que excedan el valor previsto;;;;
es;AVOID_PC_NOT_USED;Evitar contratos de compra que no se utilicen adecuadamente;;;;
es;AVOID_REDUCE_STOCK;Evitar y reducir stock de pedido de cliente innecesario;;;;
es;AVOID_SCHED_AGR_EXC_QUANT;Evitar planes de entregas que excedan la cantidad prevista;;;;
es;ENSURE_USE_QM_IN_MAUFACT;Garantizar el uso correcto de SAP Quality Managmente en el proceso de fabricación;;;;
es;ENSURE_CONSIST_PROC_COMPL;Garantizar una finalización del proceso consistente;;;;
es;HARMONIZE_MASTER_DATA;Armonizar datos maestros;;;;
es;IDENTIFY_AUTOM_OPP;Identificar las oportunidades de automatización;;;;
es;IDENTIFY_BLOCKS_IN_FI;Identificar el bloqueo de pago fijado solamente en Finanzas;;;;
es;IDENTIFY_BOTTLENECKS;Identificar los cuellos de botella con el máximo potencial de mejora;;;;
es;IDENTIFY_CAT_ITEMS_REJECTED;Identificar las posiciones de catálogo rechazadas con frecuencia;;;;
es;IDENTIFY_CAT_ITEMS_W_EXCEP;Identificar las posiciones de factura de catálogo que contienen excepciones con frecuencia;;;;
es;IDENTIFY_DELAY_REASONS;Identificar los motivos de los retrasos en el proceso;;;;
es;IDENTIFY_DEV_PAYTERM_PO_IV;Identificar la desviación de las condiciones de pago en los pedidos y las facturas;;;;
es;IDENTIFY_GENERAL_IMP;Identificar el potencial de mejora general;;;;
es;IDENTIFY_MISSED_AUTOM_OPP_ERS;Identificar las oportunidades de automatización con ERS que faltan;;;;
es;IDENTIFY_MAN_ACT_PO_ITEMS;Identificar actividades manuales en las posiciones de pedido;;;;
es;IDENTIFY_NON_CAT_ITEMS_REQU;Identificar las solicitudes de posición que no están en el catálogo con frecuencia;;;;
es;IDENTIFY_NON_CAT_PO_ITEMS;Identificar posiciones de pedido no de catálogo que sean frecuentes;;;;
es;IDENTIFY_PAR_RCVD_PO_ITEMS;Identificar posiciones de pedido recibidas parcialmente;;;;
es;IMPROVE_ASSET_CAPITAL_PERF;Mejorar el rendimiento del proceso de capitalización de activos;;;;
es;IMPROVE_COMPL_RATE;Mejorar las tasas de terminación;;;;
es;IMPROVE_COM_RATE_DSO;Mejorar la tasa de terminación y reducir el tiempo de demora de cobro del crédito (DSO);;;;
es;IMPROVE_COMP_AVAIL;Mejorar la disponibilidad de componente;;;;
es;IMPROVE_CONSIST_EVENT;Mejorar la consistencia en el contenido de evento;;;;
es;IMPROVE_CONSIST_ACC_ASSIG;Mejorar la consistencia en la utilización de objetos de imputación;;;;
es;IMPROVE_CUST_ORDER_FULF;Mejorar el cumplimiento del pedido de cliente;;;;
es;IMPROVE_DEL_RATE;Mejorar la tasa de entrega y reducir los retrasos;;;;
es;IMPROVE_DEL_SCHED;Mejorar el plan de entregas;;;;
es;IMPROVE_IH_ORDER_FULF;Mejorar el cumplimiento del pedido interno;;;;
es;IMPROVE_MAINT_EXEC_CONF;Mejorar la confirmación de ejecución de mantenimiento;;;;
es;IMPROVE_MANUFACT_PERF;Mejorar el rendimiento del proceso de fabricación discreta;;;;
es;IMPROVE_MD_QUAL;Mejorar la calidad de los datos maestros;;;;
es;IMPROVE_OTIF_DEL_RATE;Mejorar la tasa de entrega completa y en la fecha prevista;;;;
es;IMPROVE_OTP_DPO;Mejorar el pago único y el tiempo de demora de las deudas (DPO);;;;
es;IMPROVE_OTP_DSO;Mejorar el pago único y reducir el tiempo de demora de cobro del crédito (DSO);;;;
es;IMPROVE_PROC_MANUFACT_PERF;Mejorar el rendimiento del proceso de fabricación por procesos;;;;
es;IMPROVE_QUAL_MANUF_REL_TRANS_DATA;Mejorar la calidad de entrada de los datos transaccionales relacionados con la fabricación;;;;
es;IMPROVE_QUAL_PLAN_REL_TRANS_DATA;Mejorar la calidad de entrada de los datos transaccionales relacionados con la planificación;;;;
es;IMPROVE_QUAL_PURCH_REL_TRANS_DATA;Mejorar la calidad de entrada de los datos transaccionales relacionados con las compras;;;;
es;IMPROVE_QUAL_SALES_REL_TRANS_DATA;Mejorar la calidad de entrada de los datos transaccionales relacionados con las ventas;;;;
es;IMPROVE_RUNTIME_MRP;Mejorar el tiempo de ejecución de las ejecuciones de planificación de las necesidades de material;;;;
es;IMPROVE_SERV_EXEC_CONF;Mejorar la confirmación de ejecución de servicio;;;;
es;IMPROVE_STOCK_AVAILABILITY;Mejorar la disponibilidad de stock;;;;
es;IMPROVE_SUPP_ORDER_FULLFM;Mejorar el cumplimiento del pedido de proveedor;;;;
es;IMPROVE_USAGE_PLAN_RESULTS;Mejorar el uso de los resultados de planificación para un procesamiento posterior;;;;
es;IMPROVE_USE_DISCOUNTS;Mejorar el uso de los descuentos por pronto pago;;;;
es;IMPROVE_WH_INV_CYCLE_COUNT;Mejorar el recuento del ciclo de inventario de almacén;;;;
es;IMPROVE_WH_IS_CYCLE_TM;Mejorar la duración del ciclo de salida de mercancías de almacén;;;;
es;IMPROVE_WH_REC_CYCLE_TM;Mejorar la duración del ciclo de entrada de mercancías de almacén;;;;
es;IMPROVE_WBS_MD_QUAL;Mejorar la calidad de los datos maestros del elemento PEP;;;;
es;INCREASE_ACC_CASH_ALL;Aumentar la precisión en la asignación de efectivo;;;;
es;INCREASE_ACC_DEL_QUANT_SCHED;Aumentar la precisión de cantidades y el plan de entregas;;;;
es;INCREASE_ACC_GI_PLAN_RED_LATE_SH;Aumentar la precisión de la planificación de salida de mercancías y reducir los envíos tardíos;;;;
es;INCREASE_ADH_EXP_DATES;Aumentar el cumplimiento de las fechas previstas;;;;
es;INCREASE_ADH_MAINT_SCHED;Aumentar el cumplimiento de la programación de mantenimiento;;;;
es;INCREASE_ADH_SERV_SCHED;Aumentar el cumplimiento de la programación de servicio;;;;
es;INCREASE_ADHERENCE_SD_MANUF;Aumentar el cumplimiento de las fechas programadas entre las ventas y la fabricación;;;;
es;INCREASE_ADHERENCE_SD_PURCH;Aumentar el cumplimiento de las fechas programadas entre las ventas y las compras;;;;
es;INCREASE_AUTOMATIC_STOCK_POST;Mejorar la contabilización de stock automática;;;;
es;INCREASE_AUTOMATIC_USAGE_DECIS;Mejorar la decisión de utilización automática;;;;
es;INCREASE_AUTOM_CUST_INV;Aumentar la tasa de automatización para las facturas de cliente;;;;
es;INCREASE_AUTOM_OUTB_DEL_ITEM;Aumentar la tasa de automatización para la creación de posición de entrega de salida;;;;
es;INCREASE_AUTOM_RATE_INSPECTION_LOT;Aumentar la tasa de automatización de los lotes de inspección;;;;
es;INCREASE_AUTOM_ROP;Aumentar la tasa de automatización del pago;;;;
es;INCREASE_AUTOM_SCHED_LINES;Aumentar las posibilidades de automatización para los repartos;;;;
es;INCREASE_AUTOM_SD_DOCS;Aumentar la tasa de automatización para los documentos de facturación;;;;
es;INCREASE_AUTOMATION;Aumentar las tasas de automatización ;;;;
es;INCREASE_SCHEDULE_ADHERENCE;Aumentar el cumplimiento de la programación;;;;
es;INCREASE_DATE_ADHERENCE;Aumentar el cumplimiento de las fechas programadas durante todo el proceso de fabricación;;;;
es;INCREASE_MAINT_COMPL;Aumentar y mejorar la finalización del mantenimiento;;;;
es;INCREASE_SCP_AUTOMATION;Aumentar el nivel de automatización y el cumplimiento de los resultados de planificación de la cadena de suministro;;;;
es;INCREASE_SERV_COMPL;Aumentar y mejorar la finalización del servicio;;;;
es;INCREASE_SUPP_PART_ANS_RATE;Aumentar la tasa de participación de proveedor y de respuesta;;;;
es;MONITOR_EVENT_BEH;Supervisar el comportamiento de la creación de eventos;;;;
es;MONITOR_PROJ_EVENT_PEND;Supervisar proyectos con selección pendiente de eventos;;;;
es;MONITOR_SOURC_CO;Supervisar cumplimiento de aprovisionamiento;;;;
es;REDUCE_BACKLOG;Reducir el retraso;;;;
es;REDUCE_COMPLIANCE;Reducir el riesgo de problemas de cumplimiento;;;;
es;REDUCE_DEL_CONV_PR_PO;Reducir los retrasos al convertir las solicitudes de pedido en pedidos;;;;
es;REDUCE_DEL_CONV_STPR_STO;Reducir los retrasos al convertir las solicitudes de pedido de traslado en órdenes de traslado de stock;;;;
es;REDUCE_EXCEP_PLAN_EXEC;Reducir la cantidad de excepciones durante la ejecución de planificación;;;;
es;REDUCE_INCOMP_SOS;Reducir los pedidos de cliente incompletos y valorar la cuota de rechazos de pedidos de cliente;;;;
es;REDUCE_INV_NOT_TRASF;Reducir las facturas no transferidas a contabilidad;;;;
es;REDUCE_LATE_CUST_PAY;Reducir los pagos de cliente atrasados;;;;
es;REDUCE_LATE_DEL;Reducir las entregas retrasadas;;;;
es;REDUCE_LATE_SUPP_PAY;Reducir los pagos de acreedor atrasados;This dashboard lets you analyze if you’re paying your suppliers too late and learn how to reduce these late payments. Late payments can occur when your master data is incomplete, such as bank data, missing payment methods, or missing address information, when the supplier is blocked for postings and payments or when there are errors during payment runs. A payment is considered late if the FI-AP item of the supplier invoice was cleared after the calculated net due date.;"This dashboard visualizes metrics that are based on data from the following process flows:
1. Supplier invoice issuing (with purchase order) to FI-AP clearing
2. Supplier invoice issuing (without purchase order) to FI-AP clearing";From a working capital perspective, late payments might not necessarily be an issue since they increase DPO. However, paying late not only prevents you from making use of cash discounts, but it also risks damaging your supplier relationships or even paying penalty interest. To ensure that your customers receive their goods or services on time, it's essential for you to have good relationships with your suppliers and make sure that your suppliers deliver on time. It's therefore in your best interests to avoid paying your suppliers late.;The correction recommendations for this improvement opportunity focus on entering missing master data, on checking whether postings and payment blocks can be removed, and on training users to set the correct parameters in the payment run.
es;REDUCE_MAN_ACT;Reducir actividades manuales;;;;
es;REDUCE_MAN_ACT_IMPR_USER_PROD;Reducir actividades manuales y mejorar la productividad del usuario;;;;
es;REDUCE_MAN_ADJ_MRP_RUN;Reducir los ajustes manuales en los resultados de ejecución de planificación ;;;;
es;REDUCE_MAN_ADJ_APP_PR;Reducir los ajustes manuales en las solicitudes de pedido aprobadas;;;;
es;REDUCE_MAN_ADJ_APP_STR;Reducir los ajustes manuales en las solicitudes de traslado de stock aprobadas;;;;
es;REDUCE_NO_RETURNS_TO_SUPPL;Reducir el número de devoluciones a los proveedores;;;;
es;REDUCE_NOT_USED_SCHED_AGR;Reducir los planes de entregas válidos nunca utilizados o que ya no se utilizan;;;;
es;REDUCE_OPEN_PAY_IMPR_DEL_SCH;Reducir los pagos pendientes y mejorar el plan de entregas;;;;
es;REDUCE_OPEN_PURCH_COM_ITEMS;Reducir las posiciones presupuestarias de compras abiertas y obsoletas;;;;
es;REDUCE_OPEN_COM_ITEMS;Reducir las posiciones presupuestarias abiertas;;;;
es;REDUCE_PROBL_BL_MANUF;Reducir los problemas con los retrasos en la fabricación;;;;
es;REDUCE_PROBL_BL_PURCH;Reducir los problemas con los retrasos en las compras;;;;
es;REDUCE_STOCKLEVEL_DELETED;Reducir los niveles de stock para las combinaciones que se van a eliminar o desabastecer;;;;
es;REDUCE_STOCKLEVEL_MOVE;Reducir los niveles de stock para las combinaciones que no se han movido recientemente;;;;
es;REDUCE_WH_MGMT_COST_INBOUND;Reducir el coste de gestión de almacenes de los procesos de entrada;;;;
es;REDUCE_WH_MGMT_COST_INTERNAL;Reducir el coste interno de la gestión de almacenes;;;;
es;REDUCE_WH_MGMT_COST_OUTBOUND;Reducir el coste de gestión de almacenes de los procesos de salida;;;;
es;USE_AUTOMATION;Utilizar las oportunidades de automatización;;;;
es;USE_DUNNING;Utilizar la reclamación eficazmente;;;;