locale;id;title;longTextWhat;textPpis;textWhy;textHow
en_US_sappsd;ANALYZE_IR_BEFORE_GR;[[[Āŋąĺŷžē įŋʋŏįċē ŗēċēįρţş ċŗēąţēƌ ƃēƒŏŗē ğŏŏƌş ŗēċēįρţş∙∙∙∙∙∙∙∙∙∙∙∙∙∙∙∙∙∙∙∙∙]]];;;;
en_US_sappsd;ANALYZE_PO_ITEMS_WO_PR_REF;[[[Āŋąĺŷžē ρűŗċĥąşē ŏŗƌēŗ įţēɱş ŵįţĥŏűţ ρűŗċĥąşē ŗēƣűįşįţįŏŋ ŗēƒēŗēŋċē∙∙∙∙∙∙∙∙∙∙∙∙∙∙∙∙∙∙∙∙∙∙∙∙∙∙∙∙]]];;;;
en_US_sappsd;ANALYZE_REJECT_REASON;[[[Āŋąĺŷžē ŗēĵēċţįŏŋ ŗēąşŏŋş ąŋƌ įɱρŗŏʋē ċŗēƌįţ ċĥēċķ ρēŗƒŏŗɱąŋċē∙∙∙∙∙∙∙∙∙∙∙∙∙∙∙∙∙∙∙∙∙∙∙∙∙]]];;;;
en_US_sappsd;ANALYZE_USER_BEH;[[[Āŋąĺŷžē űşēŗ ƃēĥąʋįŏŗ ţŏ įƌēŋţįƒŷ įɱρŗŏʋēɱēŋţ ρŏţēŋţįąĺ∙∙∙∙∙∙∙∙∙∙∙∙∙∙∙∙∙∙∙∙∙∙]]];;;;
en_US_sappsd;ASSESS_COMPL_RATE_LEADTIME;[[[Āşşēşş ċŏɱρĺēţįŏŋ ŗąţēş ąŋƌ ĺēąƌ ţįɱēş∙∙∙∙∙∙∙∙∙∙∙∙∙]]];;;;
en_US_sappsd;ASSESS_DELAYS_CUST_INV;[[[Āşşēşş ƌēĺąŷş įŋ ċűşţŏɱēŗ įŋʋŏįċē ċŗēąţįŏŋ∙∙∙∙∙∙∙∙∙∙∙∙∙∙∙]]];;;;
en_US_sappsd;ASSESS_DELAYS_PURCH;[[[Āşşēşş ƌēĺąŷş įŋ ρűŗċĥąşįŋğ∙∙∙∙∙∙∙∙]]];;;;
en_US_sappsd;ASSESS_DEVIATION_PAYTERM_DS_INV;[[[Āşşēşş ƌēʋįąţįŏŋş ŏƒ ρąŷɱēŋţ ţēŗɱş įŋ şąĺēş ƃįĺĺįŋğ ƌŏċűɱēŋţ ąŋƌ įŋʋŏįċē∙∙∙∙∙∙∙∙∙∙∙∙∙∙∙∙∙∙∙∙∙∙∙∙∙∙∙∙∙∙]]];;;;
en_US_sappsd;ASSESS_LT_SO_TO_INV;[[[Āşşēşş ĺēąƌ ţįɱē ƒŗŏɱ şąĺēş ŏŗƌēŗ įţēɱ ċŗēąţįŏŋ ţŏ įŋʋŏįċē ċŗēąţįŏŋ∙∙∙∙∙∙∙∙∙∙∙∙∙∙∙∙∙∙∙∙∙∙∙∙∙∙∙∙]]];;;;
en_US_sappsd;ASSESS_STOCKLEVEL_TIME;[[[Āşşēşş şţŏċķ ĺēʋēĺş ąċŗŏşş ƌįƒƒēŗēŋţ ţįɱē ƃűċķēţş∙∙∙∙∙∙∙∙∙∙∙∙∙∙∙∙∙∙∙]]];;;;
en_US_sappsd;AVOID_COMPLIANCE_ISSUES;[[[Āʋŏįƌ ċŏɱρĺįąŋċē įşşűēş∙∙∙∙∙∙]]];;;;
en_US_sappsd;AVOID_EARLY_PAY;[[[Āʋŏįƌ ēąŗĺŷ ρąŷɱēŋţş∙∙∙∙]]];;;;
en_US_sappsd;AVOID_IV_BYPASS;[[[Āʋŏįƌ ρąŷɱēŋţ ŗēĺēąşē ţĥąţ ƃŷρąşşēş įŋʋŏįċē ʋēŗįƒįċąţįŏŋ∙∙∙∙∙∙∙∙∙∙∙∙∙∙∙∙∙∙∙∙∙∙]]];;;;
en_US_sappsd;AVOID_LATE_PAY;[[[Āʋŏįƌ ĺąţē ρąŷɱēŋţş∙∙∙∙∙]]];;;;
en_US_sappsd;AVOID_MAVERICK_BUY;[[[Ĭƌēŋţįƒŷ ąŋƌ ąʋŏįƌ ɱąʋēŗįċķ ƃűŷįŋğ∙∙∙∙∙∙∙∙∙∙∙]]];;;;
en_US_sappsd;AVOID_MANUAL_CHANGES;[[[Āʋŏįƌ ɱąŋűąĺ ċĥąŋğēş∙∙∙∙]]];;;;
en_US_sappsd;AVOID_PC_EXC_QUANT;[[[Āʋŏįƌ ρűŗċĥąşįŋğ ċŏŋţŗąċţş ēχċēēƌįŋğ ţąŗğēţ ƣűąŋţįţŷ∙∙∙∙∙∙∙∙∙∙∙∙∙∙∙∙∙∙∙∙]]];;;;
en_US_sappsd;AVOID_PC_EXC_VALUE;[[[Āʋŏįƌ ρűŗċĥąşįŋğ ċŏŋţŗąċţş ēχċēēƌįŋğ ţąŗğēţ ʋąĺűē∙∙∙∙∙∙∙∙∙∙∙∙∙∙∙∙∙∙∙]]];;;;
en_US_sappsd;AVOID_PC_NOT_USED;[[[Āʋŏįƌ ρűŗċĥąşįŋğ ċŏŋţŗąċţş ŋŏţ ƃēįŋğ űşēƌ ρŗŏρēŗĺŷ∙∙∙∙∙∙∙∙∙∙∙∙∙∙∙∙∙∙∙]]];;;;
en_US_sappsd;AVOID_REDUCE_STOCK;[[[Āʋŏįƌ ąŋƌ ŗēƌűċē űŋŋēċēşşąŗŷ şąĺēş ŏŗƌēŗ şţŏċķ∙∙∙∙∙∙∙∙∙∙∙∙∙∙∙∙∙]]];;;;
en_US_sappsd;AVOID_SCHED_AGR_EXC_QUANT;[[[Āʋŏįƌ şċĥēƌűĺįŋğ ąğŗēēɱēŋţş ēχċēēƌįŋğ ţąŗğēţ ƣűąŋţįţŷ∙∙∙∙∙∙∙∙∙∙∙∙∙∙∙∙∙∙∙∙∙]]];;;;
en_US_sappsd;ENSURE_USE_QM_IN_MAUFACT;[[[Ĕŋşűŗē ţĥē ċŏŗŗēċţ űşē ŏƒ ŜĀƤ Ǭűąĺįţŷ Μąŋąğēɱēŋţ ŵįţĥįŋ ţĥē ɱąŋűƒąċţűŗįŋğ ρŗŏċēşş∙∙∙∙∙∙∙∙∙∙∙∙∙∙∙∙∙∙∙]]];;;;
en_US_sappsd;ENSURE_CONSIST_PROC_COMPL;[[[Ĕŋşűŗē ċŏŋşįşţēŋţ ρŗŏċēşş ċŏɱρĺēţįŏŋ∙∙∙∙∙∙∙∙∙∙∙∙]]];;;;
en_US_sappsd;HARMONIZE_MASTER_DATA;[[[Ĥąŗɱŏŋįžē ɱąşţēŗ ƌąţą∙∙∙∙∙]]];;;;
en_US_sappsd;IDENTIFY_AUTOM_OPP;[[[Ĭƌēŋţįƒŷ ąűţŏɱąţįŏŋ ŏρρŏŗţűŋįţįēş∙∙∙∙∙∙∙∙∙∙∙]]];;;;
en_US_sappsd;IDENTIFY_BLOCKS_IN_FI;[[[Ĭƌēŋţįƒŷ ρąŷɱēŋţ ƃĺŏċķ şēţ įŋ ƒįŋąŋċē ŏŋĺŷ∙∙∙∙∙∙∙∙∙∙∙∙∙∙∙]]];;;;
en_US_sappsd;IDENTIFY_BOTTLENECKS;[[[Ĭƌēŋţįƒŷ ƃŏţţĺēŋēċķş ŵįţĥ ɱŏşţ įɱρŗŏʋēɱēŋţ ρŏţēŋţįąĺ∙∙∙∙∙∙∙∙∙∙∙∙∙∙∙∙∙∙∙∙]]];;;;
en_US_sappsd;IDENTIFY_CAT_ITEMS_REJECTED;[[[Ĭƌēŋţįƒŷ ƒŗēƣűēŋţ ċąţąĺŏğ įţēɱş ƃēįŋğ ŗēĵēċţēƌ∙∙∙∙∙∙∙∙∙∙∙∙∙∙∙∙∙]]];;;;
en_US_sappsd;IDENTIFY_CAT_ITEMS_W_EXCEP;[[[Ĭƌēŋţįƒŷ ƒŗēƣűēŋţ ċąţąĺŏğ įŋʋŏįċē įţēɱş ŵįţĥ ēχċēρţįŏŋş∙∙∙∙∙∙∙∙∙∙∙∙∙∙∙∙∙∙∙∙∙∙]]];;;;
en_US_sappsd;IDENTIFY_DELAY_REASONS;[[[Ĭƌēŋţįƒŷ ŗēąşŏŋş ƒŏŗ ρŗŏċēşş ƌēĺąŷş∙∙∙∙∙∙∙∙∙∙∙∙]]];;;;
en_US_sappsd;IDENTIFY_DEV_PAYTERM_PO_IV;[[[Ĭƌēŋţįƒŷ ƌēʋįąţįŏŋ ŏƒ ρąŷɱēŋţ ţēŗɱş įŋ ρűŗċĥąşē ŏŗƌēŗş ąŋƌ įŋʋŏįċēş∙∙∙∙∙∙∙∙∙∙∙∙∙∙∙∙∙∙∙∙∙∙∙∙∙∙∙∙]]];;;;
en_US_sappsd;IDENTIFY_GENERAL_IMP;[[[Ĭƌēŋţįƒŷ ğēŋēŗąĺ įɱρŗŏʋēɱēŋţ ρŏţēŋţįąĺ∙∙∙∙∙∙∙∙∙∙∙∙∙]]];;;;
en_US_sappsd;IDENTIFY_MISSED_AUTOM_OPP_ERS;[[[Ĭƌēŋţįƒŷ ɱįşşįŋğ ąűţŏɱąţįŏŋ ŏρρŏŗţűŋįţįēş ŵįţĥ ĔŘŜ∙∙∙∙∙∙∙∙∙∙∙∙∙∙∙∙∙∙∙]]];;;;
en_US_sappsd;IDENTIFY_MAN_ACT_PO_ITEMS;[[[Ĭƌēŋţįƒŷ ɱąŋűąĺ ąċţįʋįţįēş ŵįţĥįŋ ρűŗċĥąşē ŏŗƌēŗ įţēɱş∙∙∙∙∙∙∙∙∙∙∙∙∙∙∙∙∙∙∙∙∙]]];;;;
en_US_sappsd;IDENTIFY_NON_CAT_ITEMS_REQU;[[[Ĭƌēŋţįƒŷ ƒŗēƣűēŋţ ŋŏŋ-ċąţąĺŏğ įţēɱ ŗēƣűįşįţįŏŋş∙∙∙∙∙∙∙∙∙∙∙∙∙∙∙∙∙∙]]];;;;
en_US_sappsd;IDENTIFY_NON_CAT_PO_ITEMS;[[[Ĭƌēŋţįƒŷ ƒŗēƣűēŋţ ŋŏŋ-ċąţąĺŏğ ρűŗċĥąşē ŏŗƌēŗ įţēɱş∙∙∙∙∙∙∙∙∙∙∙∙∙∙∙∙∙∙∙]]];;;;
en_US_sappsd;IDENTIFY_PAR_RCVD_PO_ITEMS;[[[Ĭƌēŋţįƒŷ ρąŗţįąĺĺŷ ŗēċēįʋēƌ ρűŗċĥąşē ŏŗƌēŗ įţēɱş∙∙∙∙∙∙∙∙∙∙∙∙∙∙∙∙∙∙]]];;;;
en_US_sappsd;IMPROVE_ASSET_CAPITAL_PERF;[[[Ĭɱρŗŏʋē ąşşēţ ċąρįţąĺįžąţįŏŋ ρŗŏċēşş ρēŗƒŏŗɱąŋċē∙∙∙∙∙∙∙∙∙∙∙∙∙∙∙∙∙∙]]];;;;
en_US_sappsd;IMPROVE_COMPL_RATE;[[[Ĭɱρŗŏʋē ċŏɱρĺēţįŏŋ ŗąţēş∙∙∙∙∙∙]]];;;;
en_US_sappsd;IMPROVE_COM_RATE_DSO;[[[Ĭɱρŗŏʋē ċŏɱρĺēţįŏŋ ŗąţē ąŋƌ ŗēƌűċē ƌąŷş şąĺēş ŏűţşţąŋƌįŋğ (ĎŜŎ)∙∙∙∙∙∙∙∙∙∙∙∙∙∙∙∙∙∙∙∙∙∙∙∙∙∙]]];;;;
en_US_sappsd;IMPROVE_COMP_AVAIL;[[[Ĭɱρŗŏʋē ċŏɱρŏŋēŋţ ąʋąįĺąƃįĺįţŷ∙∙∙∙∙∙∙∙∙]]];;;;
en_US_sappsd;IMPROVE_CONSIST_EVENT;[[[Ĭɱρŗŏʋē ċŏŋşįşţēŋċŷ įŋ ēʋēŋţ ċŏŋţēŋţ∙∙∙∙∙∙∙∙∙∙∙∙]]];;;;
en_US_sappsd;IMPROVE_CONSIST_ACC_ASSIG;[[[Ĭɱρŗŏʋē ċŏŋşįşţēŋċŷ įŋ ąċċŏűŋţ ąşşįğŋɱēŋţ ŏƃĵēċţ űşąğē∙∙∙∙∙∙∙∙∙∙∙∙∙∙∙∙∙∙∙∙∙]]];;;;
en_US_sappsd;IMPROVE_CUST_ORDER_FULF;[[[Ĭɱρŗŏʋē ċűşţŏɱēŗ ŏŗƌēŗ ƒűĺƒįĺĺɱēŋţ∙∙∙∙∙∙∙∙∙∙∙]]];;;;
en_US_sappsd;IMPROVE_DEL_RATE;[[[Ĭɱρŗŏʋē ƌēĺįʋēŗŷ ŗąţē ąŋƌ ŗēƌűċē ƃąċķĺŏğ∙∙∙∙∙∙∙∙∙∙∙∙∙∙]]];;;;
en_US_sappsd;IMPROVE_DEL_SCHED;[[[Ĭɱρŗŏʋē ƌēĺįʋēŗŷ şċĥēƌűĺįŋğ∙∙∙∙∙∙∙∙]]];;;;
en_US_sappsd;IMPROVE_IH_ORDER_FULF;[[[Ĭɱρŗŏʋē įŋ-ĥŏűşē ŏŗƌēŗ ƒűĺƒįĺĺɱēŋţ∙∙∙∙∙∙∙∙∙∙∙]]];;;;
en_US_sappsd;IMPROVE_MAINT_EXEC_CONF;[[[Ĭɱρŗŏʋē ɱąįŋţēŋąŋċē ēχēċűţįŏŋ ċŏŋƒįŗɱąţįŏŋ∙∙∙∙∙∙∙∙∙∙∙∙∙∙∙]]];;;;
en_US_sappsd;IMPROVE_MANUFACT_PERF;[[[Ĭɱρŗŏʋē ƌįşċŗēţē ɱąŋűƒąċţűŗįŋğ ρŗŏċēşş ρēŗƒŏŗɱąŋċē∙∙∙∙∙∙∙∙∙∙∙∙∙∙∙∙∙∙∙]]];;;;
en_US_sappsd;IMPROVE_MD_QUAL;[[[Ĭɱρŗŏʋē ɱąşţēŗ ƌąţą ƣűąĺįţŷ∙∙∙∙∙∙∙∙]]];;;;
en_US_sappsd;IMPROVE_OTIF_DEL_RATE;[[[Ĭɱρŗŏʋē ŏŋ-ţįɱē įŋ-ƒűĺĺ ƌēĺįʋēŗŷ ŗąţē∙∙∙∙∙∙∙∙∙∙∙∙∙]]];;;;
en_US_sappsd;IMPROVE_OTP_DPO;[[[Ĭɱρŗŏʋē ŏŋ-ţįɱē ρąŷɱēŋţ ąŋƌ ƌąŷş ρąŷąƃĺē ŏűţşţąŋƌįŋğ (ĎƤŎ)∙∙∙∙∙∙∙∙∙∙∙∙∙∙∙∙∙∙∙∙∙∙∙]]];;;;
en_US_sappsd;IMPROVE_OTP_DSO;[[[Ĭɱρŗŏʋē ŏŋ-ţįɱē ρąŷɱēŋţ ąŋƌ ŗēƌűċē ƌąŷş şąĺēş ŏűţşţąŋƌįŋğ (ĎŜŎ)∙∙∙∙∙∙∙∙∙∙∙∙∙∙∙∙∙∙∙∙∙∙∙∙∙∙]]];;;;
en_US_sappsd;IMPROVE_PROC_MANUFACT_PERF;[[[Ĭɱρŗŏʋē ρŗŏċēşş ɱąŋűƒąċţűŗįŋğ ρŗŏċēşş ρēŗƒŏŗɱąŋċē∙∙∙∙∙∙∙∙∙∙∙∙∙∙∙∙∙∙∙]]];;;;
en_US_sappsd;IMPROVE_QUAL_MANUF_REL_TRANS_DATA;[[[Ĭɱρŗŏʋē įŋρűţ ƣűąĺįţŷ ŏƒ ɱąŋűƒąċţűŗįŋğ-ŗēĺąţēƌ ţŗąŋşąċţįŏŋąĺ ƌąţą∙∙∙∙∙∙∙∙∙∙∙∙∙∙∙∙∙∙∙∙∙∙∙∙∙∙∙]]];;;;
en_US_sappsd;IMPROVE_QUAL_PLAN_REL_TRANS_DATA;[[[Ĭɱρŗŏʋē įŋρűţ ƣűąĺįţŷ ŏƒ ρĺąŋŋįŋğ-ŗēĺąţēƌ ţŗąŋşąċţįŏŋąĺ ƌąţą∙∙∙∙∙∙∙∙∙∙∙∙∙∙∙∙∙∙∙∙∙∙∙∙]]];;;;
en_US_sappsd;IMPROVE_QUAL_PURCH_REL_TRANS_DATA;[[[Ĭɱρŗŏʋē įŋρűţ ƣűąĺįţŷ ŏƒ ρűŗċĥąşįŋğ-ŗēĺąţēƌ ţŗąŋşąċţįŏŋąĺ ƌąţą∙∙∙∙∙∙∙∙∙∙∙∙∙∙∙∙∙∙∙∙∙∙∙∙∙]]];;;;
en_US_sappsd;IMPROVE_QUAL_SALES_REL_TRANS_DATA;[[[Ĭɱρŗŏʋē įŋρűţ ƣűąĺįţŷ ŏƒ şąĺēş-ŗēĺąţēƌ ţŗąŋşąċţįŏŋąĺ ƌąţą∙∙∙∙∙∙∙∙∙∙∙∙∙∙∙∙∙∙∙∙∙∙∙]]];;;;
en_US_sappsd;IMPROVE_RUNTIME_MRP;[[[Ĭɱρŗŏʋē ţĥē ŗűŋţįɱē ŏƒ ɱąţēŗįąĺ ŗēƣűįŗēɱēŋţş ρĺąŋŋįŋğ ŗűŋş∙∙∙∙∙∙∙∙∙∙∙∙∙∙∙∙∙∙∙∙∙∙∙]]];;;;
en_US_sappsd;IMPROVE_SERV_EXEC_CONF;[[[Ĭɱρŗŏʋē şēŗʋįċē ēχēċűţįŏŋ ċŏŋƒįŗɱąţįŏŋ∙∙∙∙∙∙∙∙∙∙∙∙∙]]];;;;
en_US_sappsd;IMPROVE_STOCK_AVAILABILITY;[[[Ĭɱρŗŏʋē şţŏċķ ąʋąįĺąƃįĺįţŷ∙∙∙∙∙∙∙]]];;;;
en_US_sappsd;IMPROVE_SUPP_ORDER_FULLFM;[[[Ĭɱρŗŏʋē şűρρĺįēŗ ŏŗƌēŗ ƒűĺƒįĺĺɱēŋţ∙∙∙∙∙∙∙∙∙∙∙]]];;;;
en_US_sappsd;IMPROVE_USAGE_PLAN_RESULTS;[[[Ĭɱρŗŏʋē ţĥē űşąğē ŏƒ ρĺąŋŋįŋğ ŗēşűĺţş ƒŏŗ ƒűŗţĥēŗ ρŗŏċēşşįŋğ∙∙∙∙∙∙∙∙∙∙∙∙∙∙∙∙∙∙∙∙∙∙∙∙]]];;;;
en_US_sappsd;IMPROVE_USE_DISCOUNTS;[[[Ĭɱρŗŏʋē űşē ŏƒ ċąşĥ ƌįşċŏűŋţş∙∙∙∙∙∙∙∙∙]]];;;;
en_US_sappsd;IMPROVE_WH_INV_CYCLE_COUNT;[[[Ĭɱρŗŏʋē ŵąŗēĥŏűşē įŋʋēŋţŏŗŷ ċŷċĺē ċŏűŋţ∙∙∙∙∙∙∙∙∙∙∙∙∙∙]]];;;;
en_US_sappsd;IMPROVE_WH_IS_CYCLE_TM;[[[Ĭɱρŗŏʋē ŵąŗēĥŏűşē įşşűįŋğ ċŷċĺē ţįɱē∙∙∙∙∙∙∙∙∙∙∙∙]]];;;;
en_US_sappsd;IMPROVE_WH_REC_CYCLE_TM;[[[Ĭɱρŗŏʋē ŵąŗēĥŏűşē ŗēċēįʋįŋğ ċŷċĺē ţįɱē∙∙∙∙∙∙∙∙∙∙∙∙∙]]];;;;
en_US_sappsd;IMPROVE_WBS_MD_QUAL;[[[Ĭɱρŗŏʋē ŴƁŜ ēĺēɱēŋţ ɱąşţēŗ ƌąţą ƣűąĺįţŷ∙∙∙∙∙∙∙∙∙∙∙∙∙∙]]];;;;
en_US_sappsd;INCREASE_ACC_CASH_ALL;[[[Ĭŋċŗēąşē ąċċűŗąċŷ įŋ ċąşĥ ąĺĺŏċąţįŏŋ∙∙∙∙∙∙∙∙∙∙∙∙]]];;;;
en_US_sappsd;INCREASE_ACC_DEL_QUANT_SCHED;[[[Ĭŋċŗēąşē ąċċűŗąċŷ ŏƒ ƌēĺįʋēŗŷ ƣűąŋţįţįēş ąŋƌ şċĥēƌűĺįŋğ∙∙∙∙∙∙∙∙∙∙∙∙∙∙∙∙∙∙∙∙∙∙]]];;;;
en_US_sappsd;INCREASE_ACC_GI_PLAN_RED_LATE_SH;[[[Ĭŋċŗēąşē ąċċűŗąċŷ ŏƒ ğŏŏƌş įşşűē ρĺąŋŋįŋğ ąŋƌ ŗēƌűċē ĺąţē şĥįρɱēŋţş∙∙∙∙∙∙∙∙∙∙∙∙∙∙∙∙∙∙∙∙∙∙∙∙∙∙∙∙]]];;;;
en_US_sappsd;INCREASE_ADH_EXP_DATES;[[[Ĭŋċŗēąşē ąƌĥēŗēŋċē ţŏ ēχρēċţēƌ ƌąţēş∙∙∙∙∙∙∙∙∙∙∙∙]]];;;;
en_US_sappsd;INCREASE_ADH_MAINT_SCHED;[[[Ĭŋċŗēąşē ąƌĥēŗēŋċē ţŏ ɱąįŋţēŋąŋċē şċĥēƌűĺįŋğ∙∙∙∙∙∙∙∙∙∙∙∙∙∙∙∙]]];;;;
en_US_sappsd;INCREASE_ADH_SERV_SCHED;[[[Ĭŋċŗēąşē ąƌĥēŗēŋċē ţŏ şēŗʋįċē şċĥēƌűĺįŋğ∙∙∙∙∙∙∙∙∙∙∙∙∙∙]]];;;;
en_US_sappsd;INCREASE_ADHERENCE_SD_MANUF;[[[Ĭŋċŗēąşē ąƌĥēŗēŋċē ţŏ şċĥēƌűĺēƌ ƌąţēş ƃēţŵēēŋ şąĺēş ąŋƌ ɱąŋűƒąċţűŗįŋğ∙∙∙∙∙∙∙∙∙∙∙∙∙∙∙∙∙∙∙∙∙∙∙∙∙∙∙∙∙]]];;;;
en_US_sappsd;INCREASE_ADHERENCE_SD_PURCH;[[[Ĭŋċŗēąşē ąƌĥēŗēŋċē ţŏ şċĥēƌűĺēƌ ƌąţēş ƃēţŵēēŋ şąĺēş ąŋƌ ρűŗċĥąşįŋğ∙∙∙∙∙∙∙∙∙∙∙∙∙∙∙∙∙∙∙∙∙∙∙∙∙∙∙]]];;;;
en_US_sappsd;INCREASE_AUTOMATIC_STOCK_POST;[[[Ĭŋċŗēąşē ąűţŏɱąţįċ şţŏċķ ρŏşţįŋğ∙∙∙∙∙∙∙∙∙∙]]];;;;
en_US_sappsd;INCREASE_AUTOMATIC_USAGE_DECIS;[[[Ĭŋċŗēąşē ąűţŏɱąţįċ űşąğē ƌēċįşįŏŋ∙∙∙∙∙∙∙∙∙∙∙]]];;;;
en_US_sappsd;INCREASE_AUTOM_CUST_INV;[[[Ĭŋċŗēąşē ąűţŏɱąţįŏŋ ŗąţē ƒŏŗ ċűşţŏɱēŗ įŋʋŏįċēş∙∙∙∙∙∙∙∙∙∙∙∙∙∙∙∙∙]]];;;;
en_US_sappsd;INCREASE_AUTOM_OUTB_DEL_ITEM;[[[Ĭŋċŗēąşē ąűţŏɱąţįŏŋ ŗąţē ŏƒ ŏűţƃŏűŋƌ ƌēĺįʋēŗŷ įţēɱ ċŗēąţįŏŋ∙∙∙∙∙∙∙∙∙∙∙∙∙∙∙∙∙∙∙∙∙∙∙∙]]];;;;
en_US_sappsd;INCREASE_AUTOM_RATE_INSPECTION_LOT;[[[Ĭŋċŗēąşē ąűţŏɱąţįŏŋ ŗąţē ŏƒ įŋşρēċţįŏŋ ĺŏţş∙∙∙∙∙∙∙∙∙∙∙∙∙∙∙∙]]];;;;
en_US_sappsd;INCREASE_AUTOM_ROP;[[[Ĭŋċŗēąşē ąűţŏɱąţįŏŋ ŗąţē ŏƒ ρąŷɱēŋţ∙∙∙∙∙∙∙∙∙∙∙∙]]];;;;
en_US_sappsd;INCREASE_AUTOM_SCHED_LINES;[[[Ĭŋċŗēąşē ąűţŏɱąţįŏŋ ρŏşşįƃįĺįţįēş ƒŏŗ şċĥēƌűĺįŋğ ĺįŋēş∙∙∙∙∙∙∙∙∙∙∙∙∙∙∙∙∙∙∙∙∙]]];;;;
en_US_sappsd;INCREASE_AUTOM_SD_DOCS;[[[Ĭŋċŗēąşē ąűţŏɱąţįŏŋ ŗąţē ƒŏŗ şąĺēş ƃįĺĺįŋğ ƌŏċűɱēŋţş∙∙∙∙∙∙∙∙∙∙∙∙∙∙∙∙∙∙∙∙]]];;;;
en_US_sappsd;INCREASE_AUTOMATION;[[[Ĭŋċŗēąşē ąűţŏɱąţįŏŋ ŗąţēş∙∙∙∙∙∙∙]]];;;;
en_US_sappsd;INCREASE_SCHEDULE_ADHERENCE;[[[Ĭŋċŗēąşē ąƌĥēŗēŋċē ţŏ şċĥēƌűĺē∙∙∙∙∙∙∙∙∙]]];;;;
en_US_sappsd;INCREASE_DATE_ADHERENCE;[[[Ĭŋċŗēąşē ąƌĥēŗēŋċē ţŏ şċĥēƌűĺēƌ ƌąţēş ţĥŗŏűğĥŏűţ ţĥē ɱąŋűƒąċţűŗįŋğ ρŗŏċēşş∙∙∙∙∙∙∙∙∙∙∙∙∙∙∙∙∙∙∙∙∙∙∙∙∙∙∙∙∙∙∙]]];;;;
en_US_sappsd;INCREASE_MAINT_COMPL;[[[Ĭŋċŗēąşē ąŋƌ įɱρŗŏʋē ɱąįŋţēŋąŋċē ċŏɱρĺēţįŏŋ∙∙∙∙∙∙∙∙∙∙∙∙∙∙∙∙]]];;;;
en_US_sappsd;INCREASE_SCP_AUTOMATION;[[[Ĭŋċŗēąşē ƌēğŗēē ŏƒ ąűţŏɱąţįŏŋ ąŋƌ ąƌĥēŗēŋċē ţŏ şűρρĺŷ ċĥąįŋ ρĺąŋŋįŋğ ŗēşűĺţş∙∙∙∙∙∙∙∙∙∙∙∙∙∙∙∙∙∙∙∙∙∙∙∙∙∙∙∙∙∙∙∙]]];;;;
en_US_sappsd;INCREASE_SERV_COMPL;[[[Ĭŋċŗēąşē ąŋƌ įɱρŗŏʋē şēŗʋįċē ċŏɱρĺēţįŏŋ∙∙∙∙∙∙∙∙∙∙∙∙∙∙]]];;;;
en_US_sappsd;INCREASE_SUPP_PART_ANS_RATE;[[[Ĭŋċŗēąşē şűρρĺįēŗ ρąŗţįċįρąţįŏŋ ąŋƌ ąŋşŵēŗ ŗąţēş∙∙∙∙∙∙∙∙∙∙∙∙∙∙∙∙∙∙]]];;;;
en_US_sappsd;MONITOR_EVENT_BEH;[[[Μŏŋįţŏŗ ēʋēŋţ ċŗēąţįŏŋ ƃēĥąʋįŏŗ∙∙∙∙∙∙∙∙∙∙]]];;;;
en_US_sappsd;MONITOR_PROJ_EVENT_PEND;[[[Μŏŋįţŏŗ ρŗŏĵēċţş ŵįţĥ ēʋēŋţş ρēŋƌįŋğ şēĺēċţįŏŋ∙∙∙∙∙∙∙∙∙∙∙∙∙∙∙∙∙]]];;;;
en_US_sappsd;MONITOR_SOURC_CO;[[[Μŏŋįţŏŗ şŏűŗċįŋğ ċŏɱρĺįąŋċē∙∙∙∙∙∙∙∙]]];;;;
en_US_sappsd;REDUCE_BACKLOG;[[[Řēƌűċē ƃąċķĺŏğ∙∙∙∙∙]]];;;;
en_US_sappsd;REDUCE_COMPLIANCE;[[[Řēƌűċē ţĥē ŗįşķ ŏƒ ċŏɱρĺįąŋċē įşşűēş∙∙∙∙∙∙∙∙∙∙∙∙]]];;;;
en_US_sappsd;REDUCE_DEL_CONV_PR_PO;[[[Řēƌűċē ƌēĺąŷş įŋ ċŏŋʋēŗţįŋğ ρűŗċĥąşē ŗēƣűįşįţįŏŋş įŋţŏ ρűŗċĥąşē ŏŗƌēŗş∙∙∙∙∙∙∙∙∙∙∙∙∙∙∙∙∙∙∙∙∙∙∙∙∙∙∙∙∙]]];;;;
en_US_sappsd;REDUCE_DEL_CONV_STPR_STO;[[[Řēƌűċē ƌēĺąŷş įŋ ċŏŋʋēŗţįŋğ şţŏċķ ţŗąŋşρŏŗţ ρűŗċĥąşē ŗēƣűįşįţįŏŋş įŋţŏ şţŏċķ ţŗąŋşρŏŗţ ŏŗƌēŗş∙∙∙∙∙∙∙∙∙∙∙∙∙∙∙∙∙∙∙∙∙∙]]];;;;
en_US_sappsd;REDUCE_EXCEP_PLAN_EXEC;[[[Řēƌűċē ţĥē ŋűɱƃēŗ ŏƒ ēχēċēρţįŏŋş ƌűŗįŋğ ρĺąŋŋįŋğ ēχēċűţįŏŋ∙∙∙∙∙∙∙∙∙∙∙∙∙∙∙∙∙∙∙∙∙∙∙]]];;;;
en_US_sappsd;REDUCE_INCOMP_SOS;[[[Řēƌűċē įŋċŏɱρĺēţē şąĺēş ŏŗƌēŗş ąŋƌ ąşşēşş şąĺēş ŏŗƌēŗ ŗēĵēċţįŏŋ ŗąţē∙∙∙∙∙∙∙∙∙∙∙∙∙∙∙∙∙∙∙∙∙∙∙∙∙∙∙∙]]];;;;
en_US_sappsd;REDUCE_INV_NOT_TRASF;[[[Řēƌűċē įŋʋŏįċēş ŋŏţ ţŗąŋşƒēŗŗēƌ ţŏ ąċċŏűŋţįŋğ∙∙∙∙∙∙∙∙∙∙∙∙∙∙∙∙∙]]];;;;
en_US_sappsd;REDUCE_LATE_CUST_PAY;[[[Řēƌűċē ĺąţē ċűşţŏɱēŗ ρąŷɱēŋţş∙∙∙∙∙∙∙∙∙]]];;;;
en_US_sappsd;REDUCE_LATE_DEL;[[[Řēƌűċē ĺąţē ƌēĺįʋēŗįēş∙∙∙∙∙]]];;;;
en_US_sappsd;REDUCE_LATE_SUPP_PAY;[[[Řēƌűċē ĺąţē şűρρĺįēŗ ρąŷɱēŋţş∙∙∙∙∙∙∙∙∙]]];This dashboard lets you analyze if you’re paying your suppliers too late and learn how to reduce these late payments. Late payments can occur when your master data is incomplete, such as bank data, missing payment methods, or missing address information, when the supplier is blocked for postings and payments or when there are errors during payment runs. A payment is considered late if the FI-AP item of the supplier invoice was cleared after the calculated net due date.;"This dashboard visualizes metrics that are based on data from the following process flows:
1. Supplier invoice issuing (with purchase order) to FI-AP clearing
2. Supplier invoice issuing (without purchase order) to FI-AP clearing";From a working capital perspective, late payments might not necessarily be an issue since they increase DPO. However, paying late not only prevents you from making use of cash discounts, but it also risks damaging your supplier relationships or even paying penalty interest. To ensure that your customers receive their goods or services on time, it's essential for you to have good relationships with your suppliers and make sure that your suppliers deliver on time. It's therefore in your best interests to avoid paying your suppliers late.;The correction recommendations for this improvement opportunity focus on entering missing master data, on checking whether postings and payment blocks can be removed, and on training users to set the correct parameters in the payment run.
en_US_sappsd;REDUCE_MAN_ACT;[[[Řēƌűċē ɱąŋűąĺ ąċţįʋįţįēş∙∙∙∙∙∙]]];;;;
en_US_sappsd;REDUCE_MAN_ACT_IMPR_USER_PROD;[[[Řēƌűċē ɱąŋűąĺ ąċţįʋįţįēş ąŋƌ įɱρŗŏʋē űşēŗ ρŗŏƌűċţįʋįţŷ∙∙∙∙∙∙∙∙∙∙∙∙∙∙∙∙∙∙∙∙∙]]];;;;
en_US_sappsd;REDUCE_MAN_ADJ_MRP_RUN;[[[Řēƌűċē ɱąŋűąĺ ąƌĵűşţɱēŋţş ţŏ ΜŘƤ ŗűŋ ŗēşűĺţş∙∙∙∙∙∙∙∙∙∙∙∙∙∙∙∙]]];;;;
en_US_sappsd;REDUCE_MAN_ADJ_APP_PR;[[[Řēƌűċē ɱąŋűąĺ ąƌĵűşţɱēŋţş įŋ ąρρŗŏʋēƌ ρűŗċĥąşē ŗēƣűįşįţįŏŋş∙∙∙∙∙∙∙∙∙∙∙∙∙∙∙∙∙∙∙∙∙∙∙∙]]];;;;
en_US_sappsd;REDUCE_MAN_ADJ_APP_STR;[[[Řēƌűċē ɱąŋűąĺ ąƌĵűşţɱēŋţş įŋ ąρρŗŏʋēƌ şţŏċķ ţŗąŋşρŏŗţ ŗēƣűįşįţįŏŋş∙∙∙∙∙∙∙∙∙∙∙∙∙∙∙∙∙∙∙∙∙∙∙∙∙∙∙]]];;;;
en_US_sappsd;REDUCE_NO_RETURNS_TO_SUPPL;[[[Řēƌűċē ŋűɱƃēŗ ŏƒ ŗēţűŗŋş ţŏ şűρρĺįēŗş∙∙∙∙∙∙∙∙∙∙∙∙∙]]];;;;
en_US_sappsd;REDUCE_NOT_USED_SCHED_AGR;[[[Řēƌűċē ʋąĺįƌ şċĥēƌűĺįŋğ ąğŗēēɱēŋţş ŋēʋēŗ ŏŗ ŋŏ ĺŏŋğēŗ űşēƌ∙∙∙∙∙∙∙∙∙∙∙∙∙∙∙∙∙∙∙∙∙∙∙]]];;;;
en_US_sappsd;REDUCE_OPEN_PAY_IMPR_DEL_SCH;[[[Řēƌűċē ŏρēŋ ρąŷɱēŋţş ąŋƌ įɱρŗŏʋē ƌēĺįʋēŗŷ şċĥēƌűĺįŋğ∙∙∙∙∙∙∙∙∙∙∙∙∙∙∙∙∙∙∙∙]]];;;;
en_US_sappsd;REDUCE_OPEN_PURCH_COM_ITEMS;[[[Řēƌűċē ŏρēŋ ąŋƌ ŏƃşŏĺēţē ρűŗċĥąşįŋğ ċŏɱɱįţɱēŋţ įţēɱş∙∙∙∙∙∙∙∙∙∙∙∙∙∙∙∙∙∙∙∙]]];;;;
en_US_sappsd;REDUCE_OPEN_COM_ITEMS;[[[Řēƌűċē ŏρēŋ ċŏɱɱįţɱēŋţ įţēɱş∙∙∙∙∙∙∙∙]]];;;;
en_US_sappsd;REDUCE_PROBL_BL_MANUF;[[[Řēƌűċē ρŗŏƃĺēɱş ŵįţĥ ƃąċķĺŏğş įŋ ɱąŋűƒąċţűŗįŋğ∙∙∙∙∙∙∙∙∙∙∙∙∙∙∙∙∙]]];;;;
en_US_sappsd;REDUCE_PROBL_BL_PURCH;[[[Řēƌűċē ρŗŏƃĺēɱş ŵįţĥ ƃąċķĺŏğş įŋ ρűŗċĥąşįŋğ∙∙∙∙∙∙∙∙∙∙∙∙∙∙∙∙]]];;;;
en_US_sappsd;REDUCE_STOCKLEVEL_DELETED;[[[Řēƌűċē şţŏċķ ĺēʋēĺş ƒŏŗ ċŏɱƃįŋąţįŏŋş ţŏ ƃē ƌēĺēţēƌ ŏŗ ƌēşţŏċķēƌ∙∙∙∙∙∙∙∙∙∙∙∙∙∙∙∙∙∙∙∙∙∙∙∙∙∙]]];;;;
en_US_sappsd;REDUCE_STOCKLEVEL_MOVE;[[[Řēƌűċē şţŏċķ ĺēʋēĺş ƒŏŗ ċŏɱƃįŋąţįŏŋş ţĥąţ ĥąʋē ŋŏţ ŗēċēŋţĺŷ ɱŏʋēƌ∙∙∙∙∙∙∙∙∙∙∙∙∙∙∙∙∙∙∙∙∙∙∙∙∙∙∙]]];;;;
en_US_sappsd;REDUCE_WH_MGMT_COST_INBOUND;[[[Řēƌűċē ŵąŗēĥŏűşē ɱąŋąğēɱēŋţ ċŏşţ ŏƒ įŋƃŏűŋƌ ρŗŏċēşşēş∙∙∙∙∙∙∙∙∙∙∙∙∙∙∙∙∙∙∙∙∙]]];;;;
en_US_sappsd;REDUCE_WH_MGMT_COST_INTERNAL;[[[Řēƌűċē ŵąŗēĥŏűşē ɱąŋąğēɱēŋţ įŋţēŗŋąĺ ċŏşţ∙∙∙∙∙∙∙∙∙∙∙∙∙∙∙]]];;;;
en_US_sappsd;REDUCE_WH_MGMT_COST_OUTBOUND;[[[Řēƌűċē ŵąŗēĥŏűşē ɱąŋąğēɱēŋţ ċŏşţ įŋ ŏűţƃŏűŋƌ ρŗŏċēşşēş∙∙∙∙∙∙∙∙∙∙∙∙∙∙∙∙∙∙∙∙∙]]];;;;
en_US_sappsd;USE_AUTOMATION;[[[Ůşē ąűţŏɱąţįŏŋ ŏρρŏŗţűŋįţįēş∙∙∙∙∙∙∙∙]]];;;;
en_US_sappsd;USE_DUNNING;[[[Ůşē ƌűŋŋįŋğ ēƒƒēċţįʋēĺŷ∙∙∙∙∙∙]]];;;;