locale;kpiId;phaseId;stepId;title;subtitle
es;CPACM00160;10;step_10_10;Áreas de trabajo de contrato creadas;
es;CPACM00160;10;step_10_20;Áreas de trabajo de contrato publicadas y en vigor;
es;CPAOP00160;10;step_10_10;Posiciones de solicitud de pedido creadas;
es;CPAOP00160;20;step_20_10;Posiciones de pedido creadas;
es;CPAOP00161;10;step_10_10;Posiciones de pedido creadas;
es;CPAOP00161;20;step_20_10;Entradas de mercancías creadas;
es;CPAOP00161;30;step_30_10;Posiciones de factura creadas;
es;CPAOP00162;10;step_10_10;Posiciones de factura enviadas;
es;CPAOP00162;10;step_10_20;Posiciones de factura reconciliadas;
es;CPAOP00162;20;step_20_10;Posiciones de factura pagadas;
es;CPAOP00163;10;step_10_10;Posiciones de pedido creadas;
es;CPAOP00163;20;step_20_10;Posiciones de factura creadas;
es;CPAOP00163;20;step_20_30;Posiciones de factura pagadas;
es;CPASC00160;10;step_10_10;Solicitudes de aprovisionamiento creadas;
es;CPASC00160;20;step_20_10;Proyectos de aprovisionamiento completo creados;
es;CPASC00160;30;step_30_10;Evento de aprovisionamiento completo creado;
es;CPASC00160;30;step_30_20;Último evento de aprovisionamiento finalizado;
es;CPASC00160;40;step_40_10;Proyectos de aprovisionamiento completo completados;
es;CPASC00161;10;step_10_10;Proyectos de aprovisionamiento completo creados;
es;CPASC00161;20;step_20_10;Primer evento de aprovisionamiento creado;
es;CPASC00161;20;step_20_20;Último evento de aprovisionamiento creado;
es;CPASC00161;30;step_30_10;Proyectos de aprovisionamiento completo completados;
es;CPASC00163;10;step_10_10;Eventos de aprovisionamiento creados;
es;CPASC00163;20;step_20_10;Subasta iniciada;
es;CPASC00163;20;step_20_20;Subasta finalizada;
es;CPASC00163;30;step_30_10;Eventos de aprovisionamiento finalizados;
es;CPASC00164;10;step_10_10;Eventos de aprovisionamiento creados;
es;CPASC00164;20;step_20_10;Subasta iniciada;
es;CPASC00164;20;step_20_20;Subasta finalizada;
es;CPASC00164;30;step_30_10;Eventos de aprovisionamiento finalizados;
es;CPASC00165;10;step_10_10;Eventos de aprovisionamiento creados;
es;CPASC00165;20;step_20_10;Subasta iniciada;
es;CPASC00165;20;step_20_20;Subasta finalizada;
es;CPASC00165;30;step_30_10;Eventos de aprovisionamiento finalizados;
es;CPASM00160;10;step_10_10;Solicitudes de proveedor creadas;
es;CPASM00160;10;step_10_20;Solicitudes de proveedor aprobadas;
es;CPASM00160;20;step_20_10;Registro de proveedor iniciado;
es;CPASM00160;20;step_20_20;Cuestionario de registro de proveedor enviado;
es;CPASM00160;20;step_20_30;Registro de proveedor aprobado;
es;CPASM00161;10;step_10_10;Posiciones de proyecto de cualificación de proveedor anterior creadas;
es;CPASM00161;10;step_10_20;Cuestionario de posiciones de proyecto de cualificación de proveedor anterior enviado;
es;CPASM00161;10;step_10_30;Posiciones de proyecto de cualificación de proveedor anterior aprobadas;
es;KBSRM00160;10;step_10_10;Posiciones de la cesta de la compra creadas;
es;KBSRM00160;10;step_10_20;Posiciones de la cesta de la compra completadas;
es;KBSRM00160;10;step_10_30;Posiciones de la cesta de la compra aprobadas;
es;KBSRM00160;20;step_20_10;Posiciones de la cesta de la compra con fecha de entrega planificada y documento subsiguiente creado;
es;KBSRM00760;10;step_10_10;Posiciones de licitación creadas;
es;KBSRM00760;10;step_10_20;Posiciones de licitación completadas y pendientes de aprobación;
es;KBSRM00760;10;step_10_30;Posiciones de licitación publicadas;
es;KBSRM00760;20;step_20_10;Primera oferta presentada;
es;KBSRM00760;20;step_20_20;Plazo de presentación de licitación alcanzado;
es;KBSRM00760;20;step_20_30;Primera oferta aceptada;
es;KBSRM00761;10;step_10_10;Objetos de subasta creados;
es;KBSRM00761;10;step_10_20;Objetos de subasta completados y preparados;
es;KBSRM00761;10;step_10_30;Objetos de subasta activados;
es;KBSRM00761;20;step_20_10;Primera oferta presentada;
es;KBSRM00761;20;step_20_20;Objetos de subasta finalizados;
es;KBSRM00761;20;step_20_30;Primera oferta aceptada;
es;KCSAL00660;10;step_10_10;Oportunidades creadas;
es;KCSAL00660;10;step_10_20;"Oportunidades fijadas en ""En proceso""";
es;KCSAL00660;40;step_40_10;Oportunidades completadas;
es;KFFI000960;10;step_10_10;Facturas de proveedor emitidas;
es;KFFI000960;10;step_10_20;Facturas de proveedor creadas y contabilizadas;
es;KFFI000960;10;step_10_30;Partidas FI-AP liberadas para el pago;
es;KFFI000960;20;step_20_10;Documentos de compensación FI-AP creados;
es;KFFI000960;20;step_20_20;Partidas FI-AP compensadas;
es;KFFI000961;10;step_10_10;Facturas de proveedor emitidas;
es;KFFI000961;10;step_10_20;Facturas de proveedor creadas y contabilizadas;
es;KFFI000961;10;step_10_30;Partidas FI-AP liberadas para el pago;
es;KFFI000961;20;step_20_10;Documentos de compensación FI-AP creados;
es;KFFI000961;20;step_20_20;Partidas FI-AP compensadas;
es;KFFI001060;10;step_10_10;Facturas de cliente emitidas;
es;KFFI001060;20;step_20_10;Partidas FI-AR compensadas;
es;KFFI001061;10;step_10_10;Facturas de cliente emitidas;
es;KFFI001061;20;step_20_10;Partidas FI-AR compensadas;
es;KFFI001860;10;step_10_10;Maestro de activo fijo creado;
es;KFFI001860;20;step_20_10;Primera contabilización de alta creada;
es;KFFI001860;30;step_30_10;Primera liquidación para receptor final de activo fijo o de no activo fijo ;
es;KFFI001860;40;step_40_10;Maestro de activo fijo desactivado;
es;KFFI001861;10;step_10_10;Maestro de activo fijo creado;
es;KFFI001861;20;step_20_10;Primera contabilización de alta creada;
es;KFFI001861;30;step_30_10;Cálculo de amortización iniciado;
es;KFFI001861;50;step_50_10;Maestro de activo fijo desactivado;
es;KFFI001960;10;step_10_10;Facturas de suministros creadas ;
es;KFFI001960;20;step_20_10;Partidas FI-CA compensadas;
es;KFFI002260;10;step_10_10;Facturas convergentes creadas;
es;KFFI002260;20;step_20_10;Partidas FI-CA compensadas;
es;KFFI002360;10;step_10_10;Colectores de costes del producto creados;
es;KFFI002360;20;step_20_10;Colectores de costes del producto confirmados inicialmente;
es;KFFI002360;30;step_30_10;Colectores de costes del producto liquidados por primera vez;
es;KFFI002660;10;step_10_10;Contrato de proveedor creado;
es;KFFI002660;10;step_10_20;El contrato ha entrado en vigor;
es;KFFI002660;20;step_20_10;Primer documento de liquidación creado;
es;KFFI002660;30;step_30_10;Primer documento de facturación creado;
es;KIAUT00160;10;step_10_10;Fecha de inicio extrema de componente de cantidad de orden repetitiva;
es;KIAUT00160;10;step_10_20;Fecha de necesidad de componente de cantidad de orden repetitiva;
es;KIAUT00160;40;step_40_10;Componente de cantidad de orden repetitiva con fecha fin extrema de orden en el futuro;
es;KIISU00160;10;step_10_10;Contratos creados;
es;KIISU00160;30;step_30_10;Primer documento de facturación relacionado con contrato creado;
es;KIISU00160;40;step_40_10;Primer documento de impresión relacionado con contrato creado;
es;KIISU00160;50;step_50_10;Primer documento de cuenta corriente contractual relacionado con contrato creado;
es;KIISU00160;50;step_50_20;Primera posición de cuenta corriente contractual relacionada con contrato compensada;
es;KIISU00260;10;step_10_10;Documentos de facturación creados;
es;KIISU00260;20;step_20_10;Documentos de impresión creados y contabilizados;
es;KIISU00261;10;step_10_10;Documentos de facturación con errores creados;
es;KIISU00261;10;step_10_20;Se han liberado documentos de facturación con errores;
es;KIISU00261;20;step_20_10;Documentos de impresión creados y contabilizados;
es;KIISU00261;20;step_20_20;Documentos de impresión impresos;
es;KIISU00161;10;step_10_10;Órdenes de cálculo creadas;
es;KIISU00161;40;step_40_10;Órdenes de cálculo con fecha de cálculo planificada en el futuro;
es;KIISU00162;10;step_10_10;Órdenes de cálculo creadas;
es;KIISU00162;20;step_20_10;Resultado de lectura de contadores guardado para órdenes de cálculo;
es;KIISU00162;40;step_40_10;Órdenes de cálculo con fecha de cálculo planificada en el futuro;
es;KIISU00360;10;step_10_10;Documentos de impresión creados;
es;KIISU00360;20;step_20_10;Partidas abiertas creadas en contabilidad;
es;KIISU00360;20;step_20_20;Partidas abiertas compensadas en contabilidad;
es;KIISU00361;10;step_10_10;Documentos de impresión con errores creados;
es;KIISU00361;10;step_10_20;Se han liberado documentos de impresión con errores;
es;KIISU00361;20;step_20_10;Partidas abiertas creadas en contabilidad;
es;KIISU00361;20;step_20_20;Partidas abiertas compensadas en contabilidad;
es;KIRET00460;10;step_10_10;Posiciones de pedido de traslado creadas;
es;KIRET00460;20;step_20_10;Posiciones de pedido de traslado entregadas;
es;KIRET00460;20;step_20_20;Posiciones de pedido de traslado emitidas;
es;KIRET00460;30;step_30_10;Posiciones de pedido de traslado recibidas;
es;KIRET00461;10;step_10_10;Posiciones de pedido de traslado creadas;
es;KIRET00461;20;step_20_10;Posiciones de pedido de traslado entregadas;
es;KIRET00461;20;step_20_20;Posiciones de pedido de traslado emitidas;
es;KIRET00461;30;step_30_10;Posiciones de pedido de traslado recibidas;
es;KIRET00462;10;step_10_10;Posiciones de pedido de traslado creadas;
es;KIRET00462;20;step_20_10;Posiciones de pedido de traslado entregadas;
es;KIRET00462;20;step_20_20;Posiciones de pedido de traslado emitidas;
es;KIRET00462;30;step_30_10;Posiciones de pedido de traslado recibidas;
es;KIRET00463;10;step_10_10;Posiciones de pedido de traslado creadas;
es;KIRET00463;20;step_20_10;Posiciones de pedido de traslado entregadas;
es;KIRET00463;20;step_20_20;Posiciones de pedido de traslado emitidas;
es;KIRET00463;30;step_30_10;Posiciones de pedido de traslado recibidas;
es;KIRET00464;10;step_10_10;Posiciones de pedido de traslado creadas;
es;KIRET00464;20;step_20_10;Posiciones de pedido de traslado entregadas;
es;KIRET00464;20;step_20_20;Posiciones de pedido de traslado emitidas;
es;KIRET00464;30;step_30_10;Posiciones de pedido de traslado recibidas;
es;KIRET00464;40;step_40_10;Partidas FI-AR creadas;
es;KIRET00464;40;step_40_20;Partidas FI-AP creadas;
es;KIRET00464;40;step_40_30;Partidas FI-AP compensadas;
es;KIRET00464;40;step_40_40;Partidas FI-AR compensadas;
es;KIRET00465;10;step_10_10;Posiciones de pedido de traslado creadas;
es;KIRET00465;20;step_20_10;Posiciones de pedido de traslado entregadas;
es;KIRET00465;20;step_20_20;Posiciones de pedido de traslado emitidas;
es;KIRET00465;30;step_30_10;Posiciones de pedido de traslado recibidas;
es;KIRET00465;40;step_40_10;Partidas FI-AR creadas;
es;KIRET00465;40;step_40_20;Partidas FI-AP creadas;
es;KIRET00465;40;step_40_30;Partidas FI-AP compensadas;
es;KIRET00465;40;step_40_40;Partidas FI-AR compensadas;
es;KIRET00466;10;step_10_10;Posiciones de pedido de traslado creadas;
es;KIRET00466;20;step_20_10;Posiciones de pedido de traslado entregadas;
es;KIRET00466;20;step_20_20;Posiciones de pedido de traslado emitidas;
es;KIRET00466;30;step_30_10;Posiciones de pedido de traslado recibidas;
es;KIRET00466;40;step_40_10;Partidas FI-AR creadas;
es;KIRET00466;40;step_40_20;Partidas FI-AP creadas;
es;KIRET00466;40;step_40_30;Partidas FI-AP compensadas;
es;KIRET00466;40;step_40_40;Partidas FI-AR compensadas;
es;KIRET00467;10;step_10_10;Posiciones de pedido de traslado creadas;
es;KIRET00467;20;step_20_10;Posiciones de pedido de traslado entregadas;
es;KIRET00467;20;step_20_20;Posiciones de pedido de traslado emitidas;
es;KIRET00467;30;step_30_10;Posiciones de pedido de traslado recibidas;
es;KIRET00467;40;step_40_10;Partidas FI-AR creadas;
es;KIRET00467;40;step_40_20;Partidas FI-AP creadas;
es;KIRET00467;40;step_40_30;Partidas FI-AP compensadas;
es;KIRET00467;40;step_40_40;Partidas FI-AR compensadas;
es;KIRET00560;10;step_10_10;Posiciones de pedido creadas;
es;KIRET00560;20;step_20_10;Entradas de mercancías creadas;
es;KIRET00560;30;step_30_10;Facturas de proveedor creadas;
es;KIRET00561;10;step_10_10;Posiciones de pedido creadas;
es;KIRET00561;20;step_20_10;Entradas de mercancías creadas;
es;KIRET00561;30;step_30_10;Facturas de proveedor creadas;
es;KIRET00562;10;step_10_10;Posiciones de pedido creadas;
es;KIRET00562;20;step_20_10;Entradas de mercancías creadas;
es;KIRET00562;30;step_30_10;Facturas de proveedor creadas;
es;KIRET00563;10;step_10_10;Posiciones de pedido creadas;
es;KIRET00563;20;step_20_10;Entradas de mercancías creadas;
es;KIRET00563;30;step_30_10;Facturas de proveedor creadas;
es;KPIM000160;10;step_10_10;Combinaciones de material/centro/almacén con stock;
es;KPIM000160;20;step_20_10;Combinaciones con último movimiento de mercancías efectuado hace 1 año;
es;KPIM000160;20;step_20_20;Combinaciones con último movimiento de mercancías efectuado hace 7-12 períodos;
es;KPIM000160;20;step_20_30;Combinaciones con último movimiento de mercancías efectuado hace 4-6 períodos;
es;KPIM000160;20;step_20_40;Combinaciones con último movimiento de mercancías efectuado hace 2-3 períodos;
es;KPIM000160;20;step_20_50;Combinaciones con último movimiento de mercancías efectuado en el período anterior;
es;KPIM000160;20;step_20_60;Combinaciones con último movimiento de mercancías efectuado en este período ;
es;KPIM000161;10;step_10_10;Combinaciones de material/centro/almacén/lote con stock;
es;KPIM000161;20;step_20_10;Combinaciones con último movimiento de mercancías efectuado hace 1 año;
es;KPIM000161;20;step_20_20;Combinaciones con último movimiento de mercancías efectuado hace 7-12 períodos;
es;KPIM000161;20;step_20_30;Combinaciones con último movimiento de mercancías efectuado hace 4-6 períodos;
es;KPIM000161;20;step_20_40;Combinaciones con último movimiento de mercancías efectuado hace 2-3 períodos;
es;KPIM000161;20;step_20_50;Combinaciones con último movimiento de mercancías efectuado en el período anterior;
es;KPIM000161;20;step_20_60;Combinaciones con último movimiento de mercancías efectuado en este período ;
es;KPIM000162;10;step_10_10;Combinaciones de material/centro/almacén con stock;
es;KPIM000162;20;step_20_10;Combinaciones con último movimiento de mercancías efectuado hace 1 año;
es;KPIM000162;20;step_20_20;Combinaciones con último movimiento de mercancías efectuado hace 7-12 períodos;
es;KPIM000162;20;step_20_30;Combinaciones con último movimiento de mercancías efectuado hace 4-6 períodos;
es;KPIM000162;20;step_20_40;Combinaciones con último movimiento de mercancías efectuado hace 2-3 períodos;
es;KPIM000162;20;step_20_50;Combinaciones con último movimiento de mercancías efectuado en el período anterior;
es;KPIM000162;20;step_20_60;Combinaciones con último movimiento de mercancías efectuado en este período ;
es;KPIM000163;10;step_10_10;Combinaciones de material/centro/almacén/lote con stock;
es;KPIM000163;20;step_20_10;Combinaciones con último movimiento de mercancías efectuado hace 1 año;
es;KPIM000163;20;step_20_20;Combinaciones con último movimiento de mercancías efectuado hace 7-12 períodos;
es;KPIM000163;20;step_20_30;Combinaciones con último movimiento de mercancías efectuado hace 4-6 períodos;
es;KPIM000163;20;step_20_40;Combinaciones con último movimiento de mercancías efectuado hace 2-3 períodos;
es;KPIM000163;20;step_20_50;Combinaciones con último movimiento de mercancías efectuado en el período anterior;
es;KPIM000163;20;step_20_60;Combinaciones con último movimiento de mercancías efectuado en este período ;
es;KPLE000360;10;step_10_10;Posiciones de entrega creadas;
es;KPLE000360;10;step_10_20;Posiciones de entrega de picking;
es;KPLE000360;40;step_40_10;Posiciones de entrega con salida de mercancías contabilizada;
es;KPLE000361;10;step_10_10;Posiciones de entrega creadas;
es;KPLE000361;20;step_20_10;Posiciones de entrega con posición de orden de transporte creada y confirmada;
es;KPLE000361;50;step_50_10;Posiciones de entrega con salida de mercancías contabilizada;
es;KPLE000362;10;step_10_10;Posiciones de entrega creadas;
es;KPLE000362;50;step_50_10;Posiciones de entrega con entrada de mercancías contabilizada;
es;KPMRP00260;10;step_10_10;Combinaciones de material/centro procesadas la semana pasada por MRP;
es;KPMRP00260;15;step_15_10;Combinaciones de material/centro sin retraso de ventas atrasadas;
es;KPMRP00260;20;step_20_10;Combinaciones de material/centro sin retraso de orden previsional atrasada;
es;KPMRP00260;30;step_30_10;Combinaciones de material/centro sin retraso de fabricación atrasada;
es;KPMRP00260;40;step_40_10;Combinaciones de material/centro sin retraso de compras atrasadas;
es;KPMRP00260;50;step_50_10;Combinaciones de material/centro sin excepción MRP;
es;KPMRP00260;60;step_60_10;Combinaciones de material/centro utilizadas en la orden de producción la semana pasada;
es;KPMRP00260;70;step_70_10;Combinaciones de material/centro utilizadas en la posición de pedido la semana pasada;
es;KPPP000160;10;step_10_10;Órdenes de fabricación creadas;
es;KPPP000160;10;step_10_20;Órdenes de fabricación liberadas;
es;KPPP000160;20;step_20_10;Órdenes de fabricación confirmadas inicialmente;
es;KPPP000160;30;step_30_10;Órdenes de fabricación entregadas;
es;KPPP000160;40;step_40_10;Órdenes de fabricación entregadas completadas técnicamente;
es;KPPP000161;10;step_10_10;Órdenes de fabricación creadas;
es;KPPP000161;10;step_10_20;Órdenes de fabricación liberadas;
es;KPPP000161;20;step_20_10;Órdenes de fabricación confirmadas inicialmente;
es;KPPP000161;30;step_30_10;Órdenes de fabricación entregadas;
es;KPPP000161;40;step_40_10;Órdenes de fabricación entregadas liquidadas por primera vez;
es;KPPP000162;10;step_10_10;Componentes de orden de fabricación creados;
es;KPPP000162;10;step_10_20;Orden de fabricación liberada para componentes;
es;KPPP000162;50;step_50_10;Primera salida de mercancías contabilizada para componentes;
es;KPPP000163;10;step_10_10;Componentes de orden de fabricación creados;
es;KPPP000163;20;step_20_10;Posiciones de solicitud de pedido creadas;
es;KPPP000163;30;step_30_10;Posiciones de pedido creadas;
es;KPPP000163;40;step_40_10;Entrada de mercancías contabilizada para posiciones de pedido;
es;KPPP000164;10;step_10_10;Operaciones de orden de fabricación creadas;
es;KPPP000164;45;step_45_10;Operaciones con orden de fabricación liberada;
es;KPPP000164;50;step_50_10;Fecha de inicio de la ejecución de la operación confirmada;
es;KPPP000164;50;step_50_20;Fecha de finalización de la ejecución de la operaciones finalmente confirmada;
es;KPPP000260;10;step_10_10;Órdenes de proceso creadas;
es;KPPP000260;10;step_10_20;Órdenes de proceso liberadas;
es;KPPP000260;20;step_20_10;Órdenes de proceso confirmadas inicialmente;
es;KPPP000260;30;step_30_10;Órdenes de proceso entregadas;
es;KPPP000260;40;step_40_10;Órdenes de proceso entregadas completadas técnicamente;
es;KPPP000261;10;step_10_10;Órdenes de proceso creadas;
es;KPPP000261;10;step_10_20;Órdenes de proceso liberadas;
es;KPPP000261;20;step_20_10;Órdenes de proceso confirmadas inicialmente;
es;KPPP000261;30;step_30_10;Órdenes de proceso entregadas;
es;KPPP000261;40;step_40_10;Órdenes de proceso entregadas liquidadas por primera vez;
es;KPPP000262;10;step_10_10;Componentes de orden de proceso creados;
es;KPPP000262;10;step_10_20;Orden de proceso liberada para componentes;
es;KPPP000262;50;step_50_10;Primera salida de mercancías contabilizada para componentes;
es;KPPP000263;10;step_10_10;Componentes de orden de proceso creados;
es;KPPP000263;20;step_20_10;Posiciones de solicitud de pedido creadas;
es;KPPP000263;30;step_30_10;Posiciones de pedido creadas;
es;KPPP000263;40;step_40_10;Entrada de mercancías contabilizada para posiciones de pedido;
es;KPPP000264;10;step_10_10;Operaciones de orden de proceso creadas;
es;KPPP000264;45;step_45_10;Operaciones con orden de proceso liberada;
es;KPPP000264;50;step_50_10;Fecha de inicio de la ejecución de la operación confirmada;
es;KPPP000264;50;step_50_20;Fecha de finalización de la ejecución de la operaciones finalmente confirmada;
es;KPPROJ0360;10;step_10_10;Elementos PEP creados;
es;KPPROJ0360;10;step_10_20;Elementos PEP liberados;
es;KPPROJ0360;20;step_20_10;Elementos PEP liquidados por primera vez;
es;KPPROJ0360;20;step_20_20;Elementos PEP cerrados;
es;KPPROJ0361;10;step_10_10;Elementos PEP creados;
es;KPPROJ0361;10;step_10_20;Elementos PEP liberados;
es;KPPROJ0361;20;step_20_10;Elementos PEP liquidados por primera vez;
es;KPPROJ0361;20;step_20_20;Elementos PEP cerrados;
es;KPPURCH260;10;step_10_10;Posiciones de pedido creadas;
es;KPPURCH260;20;step_20_10;Entradas de mercancías creadas;
es;KPPURCH260;30;step_30_10;Facturas de proveedor creadas;
es;KPPURCH260;40;step_40_10;Partidas FI-AP compensadas;
es;KPPURCH261;10;step_10_10;Posiciones de pedido creadas;
es;KPPURCH261;20;step_20_10;Entradas de mercancías creadas;
es;KPPURCH261;30;step_30_10;Facturas de proveedor creadas;
es;KPPURCH263;10;step_10_10;Posiciones de pedido creadas;
es;KPPURCH263;20;step_20_10;Posiciones de pedido de cliente creadas;
es;KPPURCH263;30;step_30_10;Posiciones de entrega creadas;
es;KPPURCH263;40;step_40_10;Salidas de mercancías contabilizadas;
es;KPPURCH263;40;step_40_20;Entradas de mercancías creadas;
es;KPPURCH263;50;step_50_10;Facturas de proveedor creadas;
es;KPPURCH265;10;step_10_10;Posiciones de pedido creadas;
es;KPPURCH265;20;step_20_10;Facturas de proveedor creadas;
es;KPPURCH265;30;step_30_10;Partidas FI-AP creadas;
es;KPPURCH265;30;step_30_20;Documentos de compensación FI-AP creados;
es;KPPURCH266;10;step_10_10;Posiciones de pedido creadas;
es;KPPURCH266;20;step_20_10;Entradas de mercancías creadas;
es;KPPURCH266;30;step_30_10;Facturas de proveedor creadas;
es;KPPURCH267;10;step_10_10;Posiciones de pedido creadas;
es;KPPURCH267;20;step_20_10;Primera hoja de entrada de servicios creada para posiciones de pedido;
es;KPPURCH267;20;step_20_20;Primera hoja de entrada de servicios aceptada para posiciones de pedido;
es;KPPURCH267;30;step_30_10;Primera factura creada para hoja de entrada de servicios;
es;KPPURCH268;10;step_10_10;Posiciones de pedido creadas;
es;KPPURCH268;20;step_20_10;Entradas de mercancías creadas;
es;KPPURCH268;30;step_30_10;Facturas de proveedor creadas;
es;KPPURCH360;10;step_10_10;Posiciones de solicitud de pedido creadas;
es;KPPURCH360;20;step_20_10;Posiciones de pedido creadas;
es;KPPURCH362;10;step_10_10;Posiciones de solicitud de pedido de traslado creadas;
es;KPPURCH362;20;step_20_10;Posiciones de pedido de traslado creadas;
es;KPPURCH460;10;step_10_10;Facturas de proveedor emitidas;
es;KPPURCH460;10;step_10_20;Facturas de proveedor creadas y contabilizadas;
es;KPPURCH460;20;step_20_10;Partidas FI-AP liberadas para el pago;
es;KPPURCH460;20;step_20_20;Documentos de compensación FI-AP creados;
es;KPPURCH460;20;step_20_30;Partidas FI-AP compensadas;
es;KPPURCH560;10;step_10_10;Posiciones de pedido de traslado creadas;
es;KPPURCH560;20;step_20_10;Posiciones de pedido de traslado emitidas;
es;KPPURCH560;20;step_20_20;Posiciones de pedido de traslado recibidas;
es;KPPURCH561;10;step_10_10;Posiciones de pedido de traslado creadas;
es;KPPURCH561;20;step_20_10;Posiciones de pedido de traslado entregadas;
es;KPPURCH561;20;step_20_20;Posiciones de pedido de traslado emitidas;
es;KPPURCH561;30;step_30_10;Posiciones de pedido de traslado recibidas;
es;KPPURCH562;10;step_10_10;Posiciones de pedido de traslado creadas;
es;KPPURCH562;20;step_20_10;Posiciones de pedido de traslado entregadas;
es;KPPURCH562;20;step_20_20;Posiciones de pedido de traslado emitidas;
es;KPPURCH562;30;step_30_10;Posiciones de pedido de traslado recibidas;
es;KPPURCH562;40;step_40_03;Partidas FI-AR creadas;
es;KPPURCH562;40;step_40_07;Partidas FI-AP creadas;
es;KPPURCH562;40;step_40_10;Partidas FI-AP compensadas;
es;KPPURCH562;40;step_40_20;Partidas FI-AR compensadas;
es;KPPURCH660;10;step_10_10;Posiciones del plan de entregas creadas;
es;KPPURCH660;10;step_10_20;Inicio de validez de los planes de entregas;
es;KPPURCH660;20;step_20_10;Fin de validez de los planes de entregas situado en el pasado;
es;KPPURCH661;10;step_10_10;Posiciones del contrato por cantidad creadas;
es;KPPURCH661;10;step_10_20;Inicio de validez de los contratos por cantidad;
es;KPPURCH661;20;step_20_10;Primera orden de liberación creada para posiciones de contrato;
es;KPPURCH661;20;step_20_20;Fin de validez de contratos por cantidad situado en el pasado;
es;KPPURCH662;10;step_10_10;Posiciones del contrato en valor creadas;
es;KPPURCH662;10;step_10_20;Inicio de validez de los contratos en valor;
es;KPPURCH662;20;step_20_10;Primera orden de liberación creada para posiciones de contrato;
es;KPPURCH662;20;step_20_20;Fin de validez de contratos en valor situado en el pasado;
es;KPSD000260;10;step_10_10;Documentos de facturación creados;
es;KPSD000260;20;step_20_10;Partidas FI-AR creadas;
es;KPSD000260;20;step_20_20;Partidas FI-AR compensadas;
es;KPSD000360;10;step_10_10;Posiciones de pedido de cliente creadas;
es;KPSD000360;20;step_20_10;Posiciones de entrega creadas;
es;KPSD000361;10;step_10_10;Posiciones de pedido de cliente creadas;
es;KPSD000361;20;step_20_10;Posiciones de entrega creadas;
es;KPSD000361;30;step_30_10;Salida de mercancías contabilizada;
es;KPSD000361;40;step_40_10;Posiciones de factura de cliente creadas;
es;KPSD000362;10;step_10_10;Posiciones de pedido de cliente creadas;
es;KPSD000362;20;step_20_10;Posiciones de entrega creadas;
es;KPSD000362;30;step_30_10;Salida de mercancías contabilizada;
es;KPSD000362;40;step_40_10;Posiciones de factura de cliente creadas;
es;KPSD000362;50;step_50_10;Partidas FI-AR creadas;
es;KPSD000362;50;step_50_20;Partidas FI-AR compensadas;
es;KPSD000363;10;step_10_10;Posiciones de pedido de cliente creadas;
es;KPSD000363;20;step_20_10;Posiciones de solicitud de pedido creadas;
es;KPSD000363;30;step_30_10;Posiciones de pedido creadas;
es;KPSD000363;40;step_40_10;Factura de proveedor creada;
es;KPSD000363;50;step_50_10;Posiciones de factura de cliente creadas;
es;KPSD000364;10;step_10_10;Posiciones de pedido de cliente creadas;
es;KPSD000364;20;step_20_10;Posiciones de solicitud de pedido creadas;
es;KPSD000364;30;step_30_10;Posiciones de pedido creadas;
es;KPSD000364;40;step_40_10;Entrada de mercancías contabilizada;
es;KPSD000364;40;step_40_20;Salida de mercancías contabilizada;
es;KPSD000364;50;step_50_10;Posiciones de factura de cliente creadas;
es;KPSD000365;10;step_10_10;Posiciones de pedido de cliente creadas;
es;KPSD000365;20;step_20_10;Órdenes de producción creadas;
es;KPSD000365;20;step_20_20;Órdenes de producción liberadas;
es;KPSD000365;30;step_30_10;Órdenes de producción confirmadas inicialmente;
es;KPSD000365;40;step_40_10;Órdenes de producción entregadas;
es;KPSD000365;40;step_40_20;Posiciones de pedido de cliente con salida de mercancías contabilizada;
es;KPSD000365;50;step_50_10;Posiciones de factura de cliente creadas;
es;KPSD000366;10;step_10_10;Posiciones de pedido de cliente creadas;
es;KPSD000366;20;step_20_10;Posiciones de entrega creadas;
es;KPSD000366;30;step_30_10;Salida de mercancías contabilizada;
es;KPSD000366;40;step_40_10;Posiciones de factura de cliente creadas;
es;KPSD000366;50;step_50_10;Partidas FI-AR de cliente creadas;
es;KPSD000366;60;step_60_10;Documentos multisociedad creados;
es;KPSD000366;70;step_70_10;Partidas FI-AR multisociedad creadas;
es;KPSD000366;70;step_70_20;Partidas FI-AP multisociedad creadas;
es;KPSD000367;10;step_10_10;Posiciones de pedido de cliente creadas;
es;KPSD000367;20;step_20_10;Facturas de cliente creadas;
es;KPSD000367;30;step_30_10;Partidas FI-AR creadas;
es;KPSD000367;30;step_30_20;Partidas FI-AR compensadas;
es;KPSD000368;10;step_10_10;Posiciones de oferta creadas;
es;KPSD000368;20;step_20_10;Primeras posiciones de pedido de cliente creadas con referencia a posición de oferta;
es;KPSD000368;20;step_20_20;Posiciones de oferta totalmente procesadas;
es;KPSD000369;10;step_10_10;Posiciones de pedido de cliente creadas;
es;KPSD000369;50;step_50_10;Posiciones de entrega creadas;
es;KPSD000380;10;step_10_10;Posiciones de orden de devolución creadas;
es;KPSD000380;20;step_20_10;Posiciones de entrega de devoluciones creadas;
es;KPSD000380;30;step_30_10;Entrada de mercancías contabilizada;
es;KPSD000380;40;step_40_10;Posiciones de abono creadas;
es;KPSD000460;10;step_10_10;Posiciones de solicitud de nota de cargo creadas;
es;KPSD000460;20;step_20_10;Posiciones de nota de cargo creadas;
es;KPSD000460;30;step_30_10;Partidas FI-AR creadas;
es;KPSD000460;30;step_30_20;Partidas FI-AR compensadas;
es;KPSD000462;10;step_10_10;Posiciones de solicitud de abono creadas;
es;KPSD000462;20;step_20_10;Posiciones de abono creadas;
es;KPSD000462;30;step_30_10;Partidas FI-AR creadas;
es;KPSD000462;30;step_30_20;Partidas FI-AR compensadas;
es;KWMD000160;10;step_10_10;Vista de preparación de trabajo creada en maestro de materiales;
es;KWMD000160;20;step_20_10;Lista de materiales creada;
es;KWMD000160;30;step_30_10;Hoja de ruta creada;
es;KWMD000160;40;step_40_10;Cálculo del coste creado sin errores;
es;KWMD000160;40;step_40_20;Cálculo del coste liberado;
es;KWMD000160;50;step_50_10;Primera orden de fabricación creada;
es;KWMD000160;50;step_50_20;Primera orden de fabricación entregada;
es;KWMD000161;10;step_10_10;Vista de preparación de trabajo creada en maestro de materiales;
es;KWMD000161;20;step_20_10;Lista de materiales creada;
es;KWMD000161;30;step_30_10;Receta de planificación creada;
es;KWMD000161;40;step_40_10;Cálculo del coste creado sin errores;
es;KWMD000161;40;step_40_20;Cálculo del coste liberado;
es;KWMD000161;50;step_50_10;Primera orden de proceso creada;
es;KWMD000161;50;step_50_20;Primera orden de proceso entregada;
es;KWMD000260;10;step_10_10;Datos maestros de cliente creados para área de ventas;
es;KWMD000260;30;step_30_10;Primer pedido de cliente creado para cliente;
es;KWMD000260;40;step_40_10;Primera factura creada para primer pedido de cliente;
es;KWMD000260;50;step_50_10;Primera factura compensada para primer pedido de cliente;
es;KWMD000360;10;step_10_10;Datos maestros de proveedor creados para organización de compras;
es;KWMD000360;30;step_30_10;Primer pedido creado para proveedor;
es;KWMD000360;40;step_40_10;Primera factura creada para primer pedido ;
es;KWMD000360;40;step_40_20;Primera factura compensada para primer pedido ;
es;KWPM000160;10;step_10_10;Avisos de mantenimiento creados;
es;KWPM000160;10;step_10_20;Procesamiento de avisos de mantenimiento iniciado;
es;KWPM000160;10;step_10_30;Proceso de avisos de mantenimiento completado;
es;KWPM000161;10;step_10_10;Avisos de servicio creados;
es;KWPM000161;10;step_10_20;Procesamiento de avisos de servicio iniciado;
es;KWPM000161;10;step_10_30;Proceso de avisos de servicio completado;
es;KWPM000260;10;step_10_10;Órdenes de mantenimiento creadas;
es;KWPM000260;10;step_10_20;Órdenes de mantenimiento liberadas;
es;KWPM000260;20;step_20_10;Órdenes de mantenimiento confirmadas inicialmente;
es;KWPM000260;20;step_20_20;Órdenes de mantenimiento confirmadas finalmente;
es;KWPM000260;30;step_30_10;Órdenes de mantenimiento confirmadas y completadas técnicamente;
es;KWPM000260;30;step_30_20;Órdenes de mantenimiento confirmadas y cerradas;
es;KWPM000261;10;step_10_10;Órdenes de mantenimiento creadas;
es;KWPM000261;10;step_10_20;Órdenes de mantenimiento liberadas;
es;KWPM000261;20;step_20_10;Órdenes de mantenimiento confirmadas inicialmente;
es;KWPM000261;30;step_30_10;Órdenes de mantenimiento completadas técnicamente;
es;KWPM000261;40;step_40_10;Órdenes de mantenimiento liquidadas por primera vez;
es;KWPM000262;10;step_10_10;Órdenes de servicio creadas;
es;KWPM000262;10;step_10_20;Órdenes de servicio liberadas;
es;KWPM000262;20;step_20_10;Órdenes de servicio confirmadas inicialmente;
es;KWPM000262;20;step_20_20;Órdenes de servicio confirmadas finalmente;
es;KWPM000262;30;step_30_10;Órdenes de servicio confirmadas y completadas técnicamente;
es;KWPM000262;30;step_30_20;Órdenes de servicio confirmadas y cerradas;
es;KWPM000263;10;step_10_10;Órdenes de servicio creadas;
es;KWPM000263;10;step_10_20;Órdenes de servicio liberadas;
es;KWPM000263;20;step_20_10;Órdenes de servicio confirmadas inicialmente;
es;KWPM000263;30;step_30_10;Órdenes de servicio completadas técnicamente;
es;KWPM000263;40;step_40_10;Órdenes de servicio liquidadas por primera vez;
es;KWPM000264;10;step_10_10;Componentes de orden de mantenimiento creados;
es;KWPM000264;10;step_10_20;Orden de mantenimiento liberada para componentes;
es;KWPM000264;40;step_40_10;Primera salida de mercancías contabilizada para componentes;
es;KWPM000265;10;step_10_10;Componentes de orden de servicio creados;
es;KWPM000265;10;step_10_20;Orden de servicio liberada para componentes;
es;KWPM000265;40;step_40_10;Primera salida de mercancías contabilizada para componentes;
es;KWPM000462;10;step_10_10;Posiciones de mantenimiento creadas;
es;KWPM000462;20;step_20_10;Primera orden de servicio creada para posiciones de mantenimiento;
es;KWPM000462;20;step_20_20;Primera orden de servicio finalizada para posiciones de mantenimiento;
es;KWPM000462;30;step_30_10;Posiciones de mantenimiento en las que se ha alcanzado la fecha de fin del contrato de servicio;
es;KWQM000161;10;step_10_10;Lotes de inspección creados;
es;KWQM000161;50;step_50_10;Lotes de inspección con decisión de empleo tomada;
es;KWQM000162;10;step_10_10;Lotes de inspección creados;
es;KWQM000162;50;step_50_10;Lotes de inspección con decisión de empleo tomada;
es;KWQM000163;10;step_10_10;Lotes de inspección creados;
es;KWQM000163;40;step_40_10;Lotes de inspección con decisión de empleo tomada;
es;KWSERV0160;10;step_10_10;Órdenes de servicio creadas;
es;KWSERV0160;10;step_10_20;Órdenes de servicio liberadas por primera vez;
es;KWSERV0160;30;step_30_10;Órdenes de servicio completadas por última vez tras la liberación;
es;KXEWM00260;10;step_10_10;Órdenes de almacén creadas;
es;KXEWM00260;10;step_10_20;Órdenes de almacén iniciadas;
es;KXEWM00260;20;step_20_10;Órdenes de almacén confirmadas;
es;KXEWM00460;10;step_10_10;Posiciones de entrega creadas;
es;KXEWM00460;20;step_20_10;Posiciones de entrega con entrada de mercancías contabilizada;
es;KXEWM00460;30;step_30_10;Posiciones de entrega con entrada en stock planificada;
es;KXEWM00460;30;step_30_20;Posiciones de entrega con entrada de stock completada;
es;KXEWM00461;10;step_10_10;Posiciones de entrega creadas;
es;KXEWM00461;20;step_20_10;Posiciones de entrega con entrada de mercancías contabilizada;
es;KXEWM00461;30;step_30_10;Posiciones de entrega con entrada en stock planificada;
es;KXEWM00461;30;step_30_20;Posiciones de entrega con entrada de stock completada;
es;KXEWM00560;10;step_10_10;Posiciones de orden de entrega creadas;
es;KXEWM00560;20;step_20_10;Posiciones de orden de entrega de picking;
es;KXEWM00560;30;step_30_10;Posiciones de orden de entrega con salida de mercancías contabilizada;
es;KXEWM00560;40;step_40_10;Posiciones de orden de entrega con entrega creada;
es;KXEWM00860;10;step_10_10;Posiciones de notificación de entrega creadas;
es;KXEWM00860;20;step_20_10;Posiciones de entrega creadas;
es;KXEWM00860;30;step_30_10;Posiciones de entrega con entrada de mercancías contabilizada;
es;KXEWM00860;40;step_40_10;Posiciones de entrega con entrada en stock planificada;
es;KXEWM00860;40;step_40_20;Posiciones de entrega con entrada de stock completada;
es;KXEWM00861;10;step_10_10;Posiciones de notificación de entrega creadas;
es;KXEWM00861;20;step_20_10;Posiciones de entrega creadas;
es;KXEWM00861;30;step_30_10;Posiciones de entrega con entrada de mercancías contabilizada;
es;KXEWM00861;40;step_40_10;Posiciones de entrega con entrada en stock planificada;
es;KXEWM00861;40;step_40_20;Posiciones de entrega con entrada de stock completada;
es;KXEWM00862;10;step_10_10;Posiciones de solicitud de entrega creadas;
es;KXEWM00862;20;step_20_10;Posiciones de orden de entrega creadas;
es;KXEWM00862;30;step_30_10;Posiciones de orden de entrega de picking;
es;KXEWM00862;40;step_40_10;Posiciones de orden de entrega con salida de mercancías contabilizada;
es;KXEWM00862;50;step_50_10;Posiciones de orden de entrega con entrega creada;