kpiId;phaseId;stepId;xPosition;title;subtitle
CPACM00160;10;step_10_10;1;Contract workspaces created;
CPACM00160;10;step_10_20;4;Contract workspaces published and effective;
CPAOP00160;10;step_10_10;1;Purchase requisition items created;
CPAOP00160;20;step_20_10;1;Purchase order items created;
CPAOP00161;10;step_10_10;1;Purchase order items created;
CPAOP00161;20;step_20_10;1;Goods receipts created;
CPAOP00161;30;step_30_10;1;Invoice items created;
CPAOP00162;10;step_10_10;1;Invoice items submitted;
CPAOP00162;10;step_10_20;2;Invoice items reconciled;
CPAOP00162;20;step_20_10;1;Invoice items paid;
CPAOP00163;10;step_10_10;1;Purchase order items created;
CPAOP00163;20;step_20_10;1;Invoice items created;
CPAOP00163;20;step_20_30;3;Invoice items paid;
CPASC00160;10;step_10_10;1;Sourcing requests created;
CPASC00160;20;step_20_10;1;Full sourcing projects created;
CPASC00160;30;step_30_10;1;First sourcing event created;
CPASC00160;30;step_30_20;2;Last sourcing event ended;
CPASC00160;40;step_40_10;1;Full sourcing projects completed;
CPASC00161;10;step_10_10;1;Full sourcing projects created;
CPASC00161;20;step_20_10;1;First sourcing event created;
CPASC00161;20;step_20_20;2;Last sourcing event created;
CPASC00161;30;step_30_10;1;Full sourcing projects completed;
CPASC00163;10;step_10_10;1;Sourcing events created;
CPASC00163;20;step_20_10;1;Bidding started;
CPASC00163;20;step_20_20;2;Bidding ended;
CPASC00163;30;step_30_10;1;Sourcing events ended;
CPASC00164;10;step_10_10;1;Sourcing events created;
CPASC00164;20;step_20_10;1;Bidding started;
CPASC00164;20;step_20_20;2;Bidding ended;
CPASC00164;30;step_30_10;1;Sourcing events ended;
CPASC00165;10;step_10_10;1;Sourcing events created;
CPASC00165;20;step_20_10;1;Bidding started;
CPASC00165;20;step_20_20;2;Bidding ended;
CPASC00165;30;step_30_10;1;Sourcing events ended;
CPASM00160;10;step_10_10;1;Supplier requests created;
CPASM00160;10;step_10_20;2;Supplier requests approved;
CPASM00160;20;step_20_10;1;Supplier registration started;
CPASM00160;20;step_20_20;2;Supplier registration questionaire submitted;
CPASM00160;20;step_20_30;3;Supplier registration approved;
CPASM00161;10;step_10_10;1;Legacy supplier qualification project items created;
CPASM00161;10;step_10_20;2;Legacy supplier qualification project item questionnaire submitted;
CPASM00161;10;step_10_30;3;Legacy supplier qualification project items approved;
KBSRM00160;10;step_10_10;1;Shopping cart items created;
KBSRM00160;10;step_10_20;5;Shopping cart items completed;
KBSRM00160;10;step_10_30;6;Shopping cart items approved;
KBSRM00160;20;step_20_10;1;Shopping cart items with planned delivery date and follow-up document created;
KBSRM00760;10;step_10_10;1;Bid invitation items created;
KBSRM00760;10;step_10_20;3;Bid invitation items completed and awaiting approval;
KBSRM00760;10;step_10_30;4;Bid invitation items published;
KBSRM00760;20;step_20_10;1;First bid submitted;
KBSRM00760;20;step_20_20;2;Submission deadline of bid invitation reached;
KBSRM00760;20;step_20_30;3;First bid accepted;
KBSRM00761;10;step_10_10;1;Auction items created;
KBSRM00761;10;step_10_20;2;Auction items completed and ready;
KBSRM00761;10;step_10_30;3;Auction items activated;
KBSRM00761;20;step_20_10;1;First bid submitted;
KBSRM00761;20;step_20_20;2;Auction items ended;
KBSRM00761;20;step_20_30;3;First bid accepted;
KCSAL00560;10;step_10_10;1;Leads created;
KCSAL00560;40;step_40_10;1;Leads completed;
KCSAL00560;40;step_40_20;2;Leads completed with reached end date;
KCSAL00660;10;step_10_10;1;Opportunities created;
KCSAL00660;10;step_10_20;3;Opportunities set to "In Process";
KCSAL00660;40;step_40_10;1;Opportunities completed;
KCSAL00760;10;step_10_10;1;Sales orders created;
KCSAL00760;10;step_10_20;2;Sales orders in process;
KCSAL00760;30;step_30_10;1;Sales orders last completed;
KCSER00360;10;step_10_10;1;Service orders created;
KCSER00360;10;step_10_20;2;Service orders first released;
KCSER00360;30;step_30_10;1;Service orders last completed after release;
KFFI000960;10;step_10_10;1;Supplier invoices issued;
KFFI000960;10;step_10_20;3;Supplier invoices created and posted;
KFFI000960;10;step_10_30;5;FI-AP items released for payment;
KFFI000960;20;step_20_10;1;FI-AP clearing documents created;
KFFI000960;20;step_20_20;2;FI-AP items cleared;
KFFI000961;10;step_10_10;1;Supplier invoices issued;
KFFI000961;10;step_10_20;3;Supplier invoices created and posted;
KFFI000961;10;step_10_30;4;FI-AP items released for payment;
KFFI000961;20;step_20_10;1;FI-AP clearing documents created;
KFFI000961;20;step_20_20;2;FI-AP items cleared;
KFFI001060;10;step_10_10;1;Customer invoices issued;
KFFI001060;20;step_20_10;1;FI-AR items cleared;
KFFI001061;10;step_10_10;1;Customer invoices issued;
KFFI001061;20;step_20_10;1;FI-AR items cleared;
KFFI001460;10;step_10_10;1;Sales billing documents created;
KFFI001460;20;step_20_10;1;FI-AR items created;
KFFI001460;60;step_60_10;1;FI-AR items cleared;
KFFI001860;10;step_10_10;1;Asset master created;
KFFI001860;20;step_20_10;1;First acquisition posting created;
KFFI001860;30;step_30_10;1;First settlement to final asset or non-asset receiver;
KFFI001860;40;step_40_10;1;Asset master deactivated;
KFFI001861;10;step_10_10;1;Asset master created;
KFFI001861;20;step_20_10;1;First acquisition posting created;
KFFI001861;30;step_30_10;1;Depreciation calculation started;
KFFI001861;50;step_50_10;1;Asset master deactivated;
KFFI001960;10;step_10_10;1;Utilities invoices created;
KFFI001960;20;step_20_10;1;FI-CA items cleared;
KFFI002260;10;step_10_10;1;Convergent invoices created;
KFFI002260;20;step_20_10;1;FI-CA items cleared;
KFFI002360;10;step_10_10;1;Product cost collectors created;
KFFI002360;20;step_20_10;1;Product cost collectors initially confirmed;
KFFI002360;30;step_30_10;1;Product cost collectors first settled;
KFFI002660;10;step_10_10;1;Provider contract created;
KFFI002660;10;step_10_20;2;Contract has begun;
KFFI002660;20;step_20_10;1;First billing document created;
KFFI002660;30;step_30_10;1;First invoicing document created;
KIAUT00160;10;step_10_10;1;Basic start date of run schedule quantity component;
KIAUT00160;10;step_10_20;2;Requirement date of run schedule quantity component;
KIAUT00160;40;step_40_10;1;Run schedule quantity component with order basic finish date in the future;
KIISU00160;10;step_10_10;1;Contracts created;
KIISU00160;30;step_30_10;1;First billing document related to contract created;
KIISU00160;40;step_40_10;1;First print document related to contract created;
KIISU00160;50;step_50_10;1;First contract accounting document related to contract created;
KIISU00160;50;step_50_20;2;First contract accounting item related to contract cleared;
KIISU00260;10;step_10_10;1;Billing documents created;
KIISU00260;20;step_20_10;1;Print documents created and posted;
KIISU00261;10;step_10_10;1;Outsorted billing documents created;
KIISU00261;10;step_10_20;3;Outsorted billing documents released;
KIISU00261;20;step_20_10;1;Print documents created and posted;
KIISU00261;20;step_20_20;3;Print documents printed;
KIISU00161;10;step_10_10;1;Billing orders created;
KIISU00161;40;step_40_10;1;Billing orders with scheduled billing date in the future;
KIISU00162;10;step_10_10;1;Billing orders created;
KIISU00162;20;step_20_10;1;Meter reading result saved for billing orders;
KIISU00162;40;step_40_10;1;Billing orders with scheduled billing date in the future;
KIISU00360;10;step_10_10;1;Print documents created;
KIISU00360;20;step_20_10;1;Open items created in accounting;
KIISU00360;20;step_20_20;2;Open items cleared in accounting;
KIISU00361;10;step_10_10;1;Outsorted print documents created;
KIISU00361;10;step_10_20;2;Outsorted print documents released;
KIISU00361;20;step_20_10;1;Open items created in accounting;
KIISU00361;20;step_20_20;2;Open items cleared in accounting;
KIRET00460;10;step_10_10;1;Stock transport order items created;
KIRET00460;20;step_20_10;1;Stock transport order items delivered;
KIRET00460;20;step_20_20;2;Stock transport order items issued;
KIRET00460;30;step_30_10;1;Stock transport order items received;
KIRET00461;10;step_10_10;1;Stock transport order items created;
KIRET00461;20;step_20_10;1;Stock transport order items delivered;
KIRET00461;20;step_20_20;2;Stock transport order items issued;
KIRET00461;30;step_30_10;1;Stock transport order items received;
KIRET00462;10;step_10_10;1;Stock transport order items created;
KIRET00462;20;step_20_10;1;Stock transport order items delivered;
KIRET00462;20;step_20_20;2;Stock transport order items issued;
KIRET00462;30;step_30_10;1;Stock transport order items received;
KIRET00463;10;step_10_10;1;Stock transport order items created;
KIRET00463;20;step_20_10;1;Stock transport order items delivered;
KIRET00463;20;step_20_20;2;Stock transport order items issued;
KIRET00463;30;step_30_10;1;Stock transport order items received;
KIRET00464;10;step_10_10;1;Stock transport order items created;
KIRET00464;20;step_20_10;1;Stock transport order items delivered;
KIRET00464;20;step_20_20;2;Stock transport order items issued;
KIRET00464;30;step_30_10;1;Stock transport order items received;
KIRET00464;40;step_40_10;1;FI-AR items created;
KIRET00464;40;step_40_20;2;FI-AP items created;
KIRET00464;40;step_40_30;3;FI-AP items cleared;
KIRET00464;40;step_40_40;4;FI-AR items cleared;
KIRET00465;10;step_10_10;1;Stock transport order items created;
KIRET00465;20;step_20_10;1;Stock transport order items delivered;
KIRET00465;20;step_20_20;2;Stock transport order items issued;
KIRET00465;30;step_30_10;1;Stock transport order items received;
KIRET00465;40;step_40_10;1;FI-AR items created;
KIRET00465;40;step_40_20;2;FI-AP items created;
KIRET00465;40;step_40_30;3;FI-AP items cleared;
KIRET00465;40;step_40_40;4;FI-AR items cleared;
KIRET00466;10;step_10_10;1;Stock transport order items created;
KIRET00466;20;step_20_10;1;Stock transport order items delivered;
KIRET00466;20;step_20_20;2;Stock transport order items issued;
KIRET00466;30;step_30_10;1;Stock transport order items received;
KIRET00466;40;step_40_10;1;FI-AR items created;
KIRET00466;40;step_40_20;2;FI-AP items created;
KIRET00466;40;step_40_30;3;FI-AP items cleared;
KIRET00466;40;step_40_40;4;FI-AR items cleared;
KIRET00467;10;step_10_10;1;Stock transport order items created;
KIRET00467;20;step_20_10;1;Stock transport order items delivered;
KIRET00467;20;step_20_20;2;Stock transport order items issued;
KIRET00467;30;step_30_10;1;Stock transport order items received;
KIRET00467;40;step_40_10;1;FI-AR items created;
KIRET00467;40;step_40_20;2;FI-AP items created;
KIRET00467;40;step_40_30;3;FI-AP items cleared;
KIRET00467;40;step_40_40;4;FI-AR items cleared;
KIRET00560;10;step_10_10;1;Purchase order items created;
KIRET00560;20;step_20_10;1;Goods receipts created;
KIRET00560;30;step_30_10;1;Supplier invoices created;
KIRET00561;10;step_10_10;1;Purchase order items created;
KIRET00561;20;step_20_10;1;Goods receipts created;
KIRET00561;30;step_30_10;1;Supplier invoices created;
KIRET00562;10;step_10_10;1;Purchase order items created;
KIRET00562;20;step_20_10;1;Goods receipts created;
KIRET00562;30;step_30_10;1;Supplier invoices created;
KIRET00563;10;step_10_10;1;Purchase order items created;
KIRET00563;20;step_20_10;1;Goods receipts created;
KIRET00563;30;step_30_10;1;Supplier invoices created;
KITM000260;10;step_10_10;1;Freight orders created;
KITM000260;20;step_20_10;1;Freight orders being executed;
KITM000260;20;step_20_20;2;Freight orders executed;
KITM000260;40;step_40_10;1;Executed freight orders with purchase order and service entry sheet posted;
KPIM000160;10;step_10_10;1;Material/plant/storage location combinations with stock;
KPIM000160;20;step_20_10;1;Combinations with last goods moved over 1 year ago;
KPIM000160;20;step_20_20;2;Combinations with last goods moved 7-12 periods ago;
KPIM000160;20;step_20_30;3;Combinations with last goods moved 4-6 periods ago;
KPIM000160;20;step_20_40;4;Combinations with last goods moved 2-3 periods ago;
KPIM000160;20;step_20_50;5;Combinations with last goods moved in previous period;
KPIM000160;20;step_20_60;6;Combinations with last goods moved this period;
KPIM000161;10;step_10_10;1;Material/plant/storage location/batch combinations with stock;
KPIM000161;20;step_20_10;1;Combinations with last goods moved over 1 year ago;
KPIM000161;20;step_20_20;2;Combinations with last goods moved 7-12 periods ago;
KPIM000161;20;step_20_30;3;Combinations with last goods moved 4-6 periods ago;
KPIM000161;20;step_20_40;4;Combinations with last goods moved 2-3 periods ago;
KPIM000161;20;step_20_50;5;Combinations with last goods moved in previous period;
KPIM000161;20;step_20_60;6;Combinations with last goods moved this period;
KPIM000162;10;step_10_10;1;Material/plant/storage location combinations with stock;
KPIM000162;20;step_20_10;1;Combinations with last goods moved over 1 year ago;
KPIM000162;20;step_20_20;2;Combinations with last goods moved 7-12 periods ago;
KPIM000162;20;step_20_30;3;Combinations with last goods moved 4-6 periods ago;
KPIM000162;20;step_20_40;4;Combinations with last goods moved 2-3 periods ago;
KPIM000162;20;step_20_50;5;Combinations with last goods moved in previous period;
KPIM000162;20;step_20_60;6;Combinations with last goods moved this period;
KPIM000163;10;step_10_10;1;Material/plant/storage location/batch combinations with stock;
KPIM000163;20;step_20_10;1;Combinations with last goods moved over 1 year ago;
KPIM000163;20;step_20_20;2;Combinations with last goods moved 7-12 periods ago;
KPIM000163;20;step_20_30;3;Combinations with last goods moved 4-6 periods ago;
KPIM000163;20;step_20_40;4;Combinations with last goods moved 2-3 periods ago;
KPIM000163;20;step_20_50;5;Combinations with last goods moved in previous period;
KPIM000163;20;step_20_60;6;Combinations with last goods moved this period;
KPLE000260;10;step_10_10;1;Shipments created;
KPLE000260;20;step_20_10;1;Shipments planned;
KPLE000260;30;step_30_10;1;Shipments with check-in;
KPLE000260;30;step_30_20;2;Shipments with loading start;
KPLE000260;30;step_30_30;3;Shipments with loading end;
KPLE000260;30;step_30_40;4;Shipments completed;
KPLE000260;40;step_40_10;1;Shipments with shipment start;
KPLE000260;40;step_40_20;2;Shipments with shipment end;
KPLE000360;10;step_10_10;1;Delivery items created;
KPLE000360;10;step_10_20;3;Delivery items picked;
KPLE000360;40;step_40_10;1;Delivery items with goods issue posted;
KPLE000361;10;step_10_10;1;Delivery items created;
KPLE000361;20;step_20_10;1;Delivery items with transfer order item created and confirmed;
KPLE000361;50;step_50_10;1;Delivery items with goods issue posted;
KPLE000362;10;step_10_10;1;Delivery items created;
KPLE000362;50;step_50_10;1;Delivery items with goods receipt posted;
KPMRP00260;10;step_10_10;1;Material/plant combinations processed in last week by MRP;
KPMRP00260;15;step_15_10;1;Material/plant combinations without overdue sales backlog;
KPMRP00260;20;step_20_10;1;Material/plant combinations without overdue planned order backlog;
KPMRP00260;30;step_30_10;1;Material/plant combinations without overdue manufacturing backlog;
KPMRP00260;40;step_40_10;1;Material/plant combinations without overdue purchasing backlog;
KPMRP00260;50;step_50_10;1;Material/plant combinations without MRP exception;
KPMRP00260;60;step_60_10;1;Material/plant combinations used in manufacturing order in last week;
KPMRP00260;70;step_70_10;1;Material/plant combinations used in purchase order item in last week;
KPPP000160;10;step_10_10;1;Production orders created;
KPPP000160;10;step_10_20;3;Production orders released;
KPPP000160;20;step_20_10;1;Production orders initially confirmed;
KPPP000160;30;step_30_10;1;Production orders delivered;
KPPP000160;40;step_40_10;1;Delivered production orders technically completed;
KPPP000161;10;step_10_10;1;Production orders created;
KPPP000161;10;step_10_20;2;Production orders released;
KPPP000161;20;step_20_10;1;Production orders initially confirmed;
KPPP000161;30;step_30_10;1;Production orders delivered;
KPPP000161;40;step_40_10;1;Delivered production orders first settled;
KPPP000162;10;step_10_10;1;Production order components created;
KPPP000162;10;step_10_20;3;Production order released for components;
KPPP000162;50;step_50_10;1;First goods issue posted for components;
KPPP000163;10;step_10_10;1;Production order components created;
KPPP000163;20;step_20_10;1;Purchase requisition items created;
KPPP000163;30;step_30_10;1;Purchase order items created;
KPPP000163;40;step_40_10;1;Goods receipt posted for purchase order items;
KPPP000164;10;step_10_10;1;Production order operations created;
KPPP000164;45;step_45_10;1;Operations with production order released;
KPPP000164;50;step_50_10;1;Operation execution start date confirmed;
KPPP000164;50;step_50_20;3;Operation execution finish date finally confirmed;
KPPP000260;10;step_10_10;1;Process orders created;
KPPP000260;10;step_10_20;3;Process orders released;
KPPP000260;20;step_20_10;1;Process orders initially confirmed;
KPPP000260;30;step_30_10;1;Process orders delivered;
KPPP000260;40;step_40_10;1;Delivered process orders technically completed;
KPPP000261;10;step_10_10;1;Process orders created;
KPPP000261;10;step_10_20;2;Process orders released;
KPPP000261;20;step_20_10;1;Process orders initially confirmed;
KPPP000261;30;step_30_10;1;Process orders delivered;
KPPP000261;40;step_40_10;1;Delivered process orders first settled;
KPPP000262;10;step_10_10;1;Process order components created;
KPPP000262;10;step_10_20;3;Process order released for components;
KPPP000262;50;step_50_10;1;First goods issue posted for components;
KPPP000263;10;step_10_10;1;Process order components created;
KPPP000263;20;step_20_10;1;Purchase requisition items created;
KPPP000263;30;step_30_10;1;Purchase order items created;
KPPP000263;40;step_40_10;1;Goods receipt posted for purchase order items;
KPPP000264;10;step_10_10;1;Process order operations created;
KPPP000264;45;step_45_10;1;Operations with process order released;
KPPP000264;50;step_50_10;1;Operation execution start date confirmed;
KPPP000264;50;step_50_20;3;Operation execution finish date finally confirmed;
KPPROJ0360;10;step_10_10;1;WBS elements created;
KPPROJ0360;10;step_10_20;3;WBS elements released;
KPPROJ0360;20;step_20_10;1;WBS elements first settled;
KPPROJ0360;20;step_20_20;2;WBS elements closed;
KPPROJ0361;10;step_10_10;1;WBS elements created;
KPPROJ0361;10;step_10_20;3;WBS elements released;
KPPROJ0361;20;step_20_10;1;WBS elements first settled;
KPPROJ0361;20;step_20_20;2;WBS elements closed;
KPPURCH260;10;step_10_10;1;Purchase order items created;
KPPURCH260;20;step_20_10;1;Goods receipts created;
KPPURCH260;30;step_30_10;1;Supplier invoices created;
KPPURCH260;40;step_40_10;1;FI-AP items cleared;
KPPURCH261;10;step_10_10;1;Purchase order items created;
KPPURCH261;20;step_20_10;1;Goods receipts created;
KPPURCH261;30;step_30_10;1;Supplier invoices created;
KPPURCH263;10;step_10_10;1;Purchase order items created;
KPPURCH263;20;step_20_10;1;Sales order items created;
KPPURCH263;30;step_30_10;1;Delivery items created;
KPPURCH263;40;step_40_10;1;Goods issues posted;
KPPURCH263;40;step_40_20;2;Goods receipts created;
KPPURCH263;50;step_50_10;1;Supplier invoices created;
KPPURCH265;10;step_10_10;1;Purchase order items created;
KPPURCH265;20;step_20_10;1;Supplier invoices created;
KPPURCH265;30;step_30_10;1;FI-AP items created;
KPPURCH265;30;step_30_20;2;FI-AP clearing documents created;
KPPURCH266;10;step_10_10;1;Purchase order items created;
KPPURCH266;20;step_20_10;1;Goods receipts created;
KPPURCH266;30;step_30_10;1;Supplier invoices created;
KPPURCH267;10;step_10_10;1;Purchase order items created;
KPPURCH267;20;step_20_10;1;First service entry sheet created for purchase order items;
KPPURCH267;20;step_20_20;2;First service entry sheet accepted for purchase order items;
KPPURCH267;30;step_30_10;1;First invoice created for service entry sheet;
KPPURCH268;10;step_10_10;1;Purchase order items created;
KPPURCH268;20;step_20_10;1;Goods receipts created;
KPPURCH268;30;step_30_10;1;Supplier invoices created;
KPPURCH360;10;step_10_10;1;Purchase requisition items created;
KPPURCH360;20;step_20_10;1;Purchase order items created;
KPPURCH362;10;step_10_10;1;Stock transport requisition items created;
KPPURCH362;20;step_20_10;1;Stock transport order items created;
KPPURCH460;10;step_10_10;1;Supplier invoices issued;
KPPURCH460;10;step_10_20;3;Supplier invoices created and posted;
KPPURCH460;20;step_20_10;1;FI-AP items released for payment;
KPPURCH460;20;step_20_20;3;FI-AP clearing documents created;
KPPURCH460;20;step_20_30;4;FI-AP items cleared;
KPPURCH560;10;step_10_10;1;Stock transport order items created;
KPPURCH560;20;step_20_10;1;Stock transport order items issued;
KPPURCH560;20;step_20_20;2;Stock transport order items received;
KPPURCH561;10;step_10_10;1;Stock transport order items created;
KPPURCH561;20;step_20_10;1;Stock transport order items delivered;
KPPURCH561;20;step_20_20;2;Stock transport order items issued;
KPPURCH561;30;step_30_10;1;Stock transport order items received;
KPPURCH562;10;step_10_10;1;Stock transport order items created;
KPPURCH562;20;step_20_10;1;Stock transport order items delivered;
KPPURCH562;20;step_20_20;2;Stock transport order items issued;
KPPURCH562;30;step_30_10;1;Stock transport order items received;
KPPURCH562;40;step_40_03;1;FI-AR items created;
KPPURCH562;40;step_40_07;2;FI-AP items created;
KPPURCH562;40;step_40_10;3;FI-AP items cleared;
KPPURCH562;40;step_40_20;4;FI-AR items cleared;
KPPURCH660;10;step_10_10;1;Scheduling agreement items created;
KPPURCH660;10;step_10_20;4;Validity start of scheduling agreements;
KPPURCH660;20;step_20_10;1;Validity end of scheduling agreements in the past;
KPPURCH661;10;step_10_10;1;Quantity contract items created;
KPPURCH661;10;step_10_20;4;Validity start of quantity contracts;
KPPURCH661;20;step_20_10;1;First release order created for contract items;
KPPURCH661;20;step_20_20;2;Validity end of quantity contracts in the past;
KPPURCH662;10;step_10_10;1;Value contract items created;
KPPURCH662;10;step_10_20;4;Validity start of value contracts;
KPPURCH662;20;step_20_10;1;First release order created for contract items;
KPPURCH662;20;step_20_20;2;Validity end of value contracts in the past;
KPSD000260;10;step_10_10;1;Sales billing documents created;
KPSD000260;20;step_20_10;1;FI-AR items created;
KPSD000260;20;step_20_20;3;FI-AR items cleared;
KPSD000360;10;step_10_10;1;Sales order items created;
KPSD000360;20;step_20_10;1;Delivery items created;
KPSD000361;10;step_10_10;1;Sales order items created;
KPSD000361;20;step_20_10;1;Delivery items created;
KPSD000361;30;step_30_10;1;Goods issue posted;
KPSD000361;40;step_40_10;1;Customer invoice items created;
KPSD000362;10;step_10_10;1;Sales order items created;
KPSD000362;20;step_20_10;1;Delivery items created;
KPSD000362;30;step_30_10;1;Goods issue posted;
KPSD000362;40;step_40_10;1;Customer invoice items created;
KPSD000362;50;step_50_10;1;FI-AR items created;
KPSD000362;50;step_50_20;2;FI-AR items cleared;
KPSD000363;10;step_10_10;1;Sales order items created;
KPSD000363;20;step_20_10;1;Purchase requisition items created;
KPSD000363;30;step_30_10;1;Purchase order items created;
KPSD000363;40;step_40_10;1;Supplier invoice created;
KPSD000363;50;step_50_10;1;Customer invoice items created;
KPSD000364;10;step_10_10;1;Sales order items created;
KPSD000364;20;step_20_10;1;Purchase requisition items created;
KPSD000364;30;step_30_10;1;Purchase order items created;
KPSD000364;40;step_40_10;1;Goods receipt posted;
KPSD000364;40;step_40_20;2;Goods issue posted;
KPSD000364;50;step_50_10;1;Customer invoice items created;
KPSD000365;10;step_10_10;1;Sales order items created;
KPSD000365;20;step_20_10;1;Manufacturing orders created;
KPSD000365;20;step_20_20;2;Manufacturing orders released;
KPSD000365;30;step_30_10;1;Manufacturing orders initially confirmed;
KPSD000365;40;step_40_10;1;Manufacturing orders delivered;
KPSD000365;40;step_40_20;3;Sales order items with goods issue posted;
KPSD000365;50;step_50_10;1;Customer invoice items created;
KPSD000366;10;step_10_10;1;Sales order items created;
KPSD000366;20;step_20_10;1;Delivery items created;
KPSD000366;30;step_30_10;1;Goods issue posted;
KPSD000366;40;step_40_10;1;Customer invoice items created;
KPSD000366;50;step_50_10;1;Customer FI-AR items created;
KPSD000366;60;step_60_10;1;Intercompany documents created;
KPSD000366;70;step_70_10;1;Intercompany FI-AR items created;
KPSD000366;70;step_70_20;2;Intercompany FI-AP items created;
KPSD000367;10;step_10_10;1;Sales order items created;
KPSD000367;20;step_20_10;1;Customer invoices created;
KPSD000367;30;step_30_10;1;FI-AR items created;
KPSD000367;30;step_30_20;2;FI-AR items cleared;
KPSD000368;10;step_10_10;1;Quotation items created;
KPSD000368;20;step_20_10;1;First sales order items created referencing quotation item;
KPSD000368;20;step_20_20;2;Quotation items fully processed;
KPSD000369;10;step_10_10;1;Sales order items created;
KPSD000369;50;step_50_10;1;Delivery items created;
KPSD000380;10;step_10_10;1;Returns order items created;
KPSD000380;20;step_20_10;1;Returns delivery items created;
KPSD000380;30;step_30_10;1;Goods receipt posted;
KPSD000380;40;step_40_10;1;Credit memo items created;
KPSD000460;10;step_10_10;1;Debit memo request items created;
KPSD000460;20;step_20_10;1;Debit memo items created;
KPSD000460;30;step_30_10;1;FI-AR items created;
KPSD000460;30;step_30_20;2;FI-AR items cleared;
KPSD000462;10;step_10_10;1;Credit memo request items created;
KPSD000462;20;step_20_10;1;Credit memo items created;
KPSD000462;30;step_30_10;1;FI-AR items created;
KPSD000462;30;step_30_20;2;FI-AR items cleared;
KPWM000260;10;step_10_10;1;Transfer order items created;
KPWM000260;10;step_10_20;5;Transfer order items with confirmed pick;
KPWM000260;10;step_10_30;6;Transfer order items with confirmed transfer;
KPWM000261;10;step_10_10;1;Transfer order items created;
KPWM000261;10;step_10_20;5;Transfer order items with confirmed pick;
KPWM000261;10;step_10_30;6;Transfer order items confirmed;
KPWM000560;10;step_10_10;1;Transfer requirement items created;
KPWM000560;20;step_20_10;1;Transfer order items created;
KPWM000560;20;step_20_20;2;Transfer order items with confirmed pick;
KPWM000560;20;step_20_30;3;Transfer order items with confirmed transfer;
KPWM000561;10;step_10_10;1;Transfer requirement items created;
KPWM000561;20;step_20_10;1;Transfer order items created ;
KPWM000561;20;step_20_20;2;Transfer order items with confirmed pick;
KPWM000561;20;step_20_30;3;Transfer order items with confirmed transfer;
KWMD000160;10;step_10_10;1;Work scheduling view created in material master;
KWMD000160;20;step_20_10;1;Bill of material created;
KWMD000160;30;step_30_10;1;Routing created;
KWMD000160;40;step_40_10;1;Cost estimate created without errors;
KWMD000160;40;step_40_20;2;Cost estimate released;
KWMD000160;50;step_50_10;1;First production order created;
KWMD000160;50;step_50_20;2;First production order delivered;
KWMD000161;10;step_10_10;1;Work scheduling view created in material master;
KWMD000161;20;step_20_10;1;Bill of material created;
KWMD000161;30;step_30_10;1;Master recipe created;
KWMD000161;40;step_40_10;1;Cost estimate created without errors;
KWMD000161;40;step_40_20;2;Cost estimate released;
KWMD000161;50;step_50_10;1;First process order created;
KWMD000161;50;step_50_20;2;First process order delivered;
KWMD000260;10;step_10_10;1;Customer master data created for sales area;
KWMD000260;30;step_30_10;1;First sales order created for customer;
KWMD000260;40;step_40_10;1;First invoice created for first sales order;
KWMD000260;50;step_50_10;1;First invoice cleared for first sales order;
KWMD000360;10;step_10_10;1;Supplier master data created for purchasing organization;
KWMD000360;30;step_30_10;1;First purchase order created for supplier;
KWMD000360;40;step_40_10;1;First invoice created for first purchase order;
KWMD000360;40;step_40_20;2;First invoice cleared for first purchase order;
KWPM000160;10;step_10_10;1;Maintenance notifications created;
KWPM000160;10;step_10_20;3;Maintenance notifications processing started;
KWPM000160;10;step_10_30;5;Processed maintenance notifications completed;
KWPM000161;10;step_10_10;1;Service notifications created;
KWPM000161;10;step_10_20;3;Service notifications processing started;
KWPM000161;10;step_10_30;6;Processed service notifications completed;
KWPM000260;10;step_10_10;1;Maintenance orders created;
KWPM000260;10;step_10_20;2;Maintenance orders released;
KWPM000260;20;step_20_10;1;Maintenance orders initially confirmed;
KWPM000260;20;step_20_20;2;Maintenance orders finally confirmed;
KWPM000260;30;step_30_10;1;Maintenance orders confirmed and technically completed;
KWPM000260;30;step_30_20;2;Maintenance orders confirmed and closed;
KWPM000261;10;step_10_10;1;Maintenance orders created;
KWPM000261;10;step_10_20;2;Maintenance orders released;
KWPM000261;20;step_20_10;1;Maintenance orders initially confirmed;
KWPM000261;30;step_30_10;1;Maintenance orders technically completed;
KWPM000261;40;step_40_10;1;Maintenance orders first settled;
KWPM000262;10;step_10_10;1;Service orders created;
KWPM000262;10;step_10_20;2;Service orders released;
KWPM000262;20;step_20_10;1;Service orders initially confirmed;
KWPM000262;20;step_20_20;2;Service orders finally confirmed;
KWPM000262;30;step_30_10;1;Service orders confirmed and technically completed;
KWPM000262;30;step_30_20;2;Service orders confirmed and closed;
KWPM000263;10;step_10_10;1;Service orders created;
KWPM000263;10;step_10_20;3;Service orders released;
KWPM000263;20;step_20_10;1;Service orders initially confirmed;
KWPM000263;30;step_30_10;1;Service orders technically completed;
KWPM000263;40;step_40_10;1;Service orders first settled;
KWPM000264;10;step_10_10;1;Maintenance order components created;
KWPM000264;10;step_10_20;3;Maintenance order released for components;
KWPM000264;40;step_40_10;1;First goods issue posted for components;
KWPM000265;10;step_10_10;1;Service order components created;
KWPM000265;10;step_10_20;3;Service order released for components;
KWPM000265;40;step_40_10;1;First goods issue posted for components;
KWPM000462;10;step_10_10;1;Maintenance items created;
KWPM000462;20;step_20_10;1;First service order created for maintenance items;
KWPM000462;20;step_20_20;3;First service order completed for maintenance items;
KWPM000462;30;step_30_10;1;Maintenance items with end date of service contract reached;
KWQM000161;10;step_10_10;1;Inspection lots created;
KWQM000161;50;step_50_10;2;Inspection lots with usage decision taken;
KWQM000162;10;step_10_10;1;Inspection lots created;
KWQM000162;50;step_50_10;2;Inspection lots with usage decision taken;
KWQM000163;10;step_10_10;1;Inspection lots created;
KWQM000163;40;step_40_10;2;Inspection lots with usage decision taken;
KWSERV0160;10;step_10_10;1;Service orders created;
KWSERV0160;10;step_10_20;3;Service orders first released;
KWSERV0160;30;step_30_10;1;Service orders last completed after release;
KXEWM00260;10;step_10_10;1;Warehouse orders created;
KXEWM00260;10;step_10_20;5;Warehouse orders started;
KXEWM00260;20;step_20_10;1;Warehouse orders confirmed;
KXEWM00460;10;step_10_10;1;Delivery items created;
KXEWM00460;20;step_20_10;1;Delivery items with goods receipt posted;
KXEWM00460;30;step_30_10;1;Delivery items with putaway planned;
KXEWM00460;30;step_30_20;2;Delivery items with putaway completed;
KXEWM00461;10;step_10_10;1;Delivery items created;
KXEWM00461;20;step_20_10;1;Delivery items with goods receipt posted;
KXEWM00461;30;step_30_10;1;Delivery items with putaway planned;
KXEWM00461;30;step_30_20;2;Delivery items with putaway completed;
KXEWM00560;10;step_10_10;1;Delivery order items created;
KXEWM00560;20;step_20_10;1;Delivery order items picked;
KXEWM00560;30;step_30_10;1;Delivery order items with goods issue posted;
KXEWM00560;40;step_40_10;1;Delivery order items with delivery created;
KXEWM00860;10;step_10_10;1;Delivery notification items created;
KXEWM00860;20;step_20_10;1;Delivery items created;
KXEWM00860;30;step_30_10;1;Delivery items with goods receipt posted;
KXEWM00860;40;step_40_10;1;Delivery items with putaway planned;
KXEWM00860;40;step_40_20;2;Delivery items with putaway completed;
KXEWM00861;10;step_10_10;1;Delivery notification items created;
KXEWM00861;20;step_20_10;1;Delivery items created;
KXEWM00861;30;step_30_10;1;Delivery items with goods receipt posted;
KXEWM00861;40;step_40_10;1;Delivery items with putaway planned;
KXEWM00861;40;step_40_20;2;Delivery items with putaway completed;
KXEWM00862;10;step_10_10;1;Delivery request items created;
KXEWM00862;20;step_20_10;1;Delivery order items created;
KXEWM00862;30;step_30_10;1;Delivery order items picked;
KXEWM00862;40;step_40_10;1;Delivery order items with goods issue posted;
KXEWM00862;50;step_50_10;1;Delivery order items with delivery created;