locale;enumName;id;text
ja;timeAggregationType;WEEK;週
ja;timeAggregationType;MONTH;月
ja;topX;5;上位 5 件
ja;topX;10;上位 10 件
ja;topX;20;上位 20 件
ja;trendMeasureType;MV_DOCUMENT;文書の数
ja;trendMeasureType;MV_MONVALUE;金銭的価値
ja;amountTimePeriod;8_WEEKS;8 週間
ja;amountTimePeriod;12_WEEKS;12 週間
ja;amountTimePeriod;24_WEEKS;24 週間
ja;amountTimePeriod;36_WEEKS;36 週間
ja;amountTimePeriod;48_WEEKS;48 週間
ja;amountTimePeriod;3_MONTHS;3 カ月
ja;amountTimePeriod;6_MONTHS;6 カ月
ja;amountTimePeriod;18_MONTHS;18 カ月
ja;amountTimePeriod;24_MONTHS;24 カ月