locale;id;text
en_US_sappsd;TH;[[[Ţĥŗŏűğĥρűţ∙∙∙∙]]]
en_US_sappsd;BL;[[[Ɓąċķĺŏğ∙∙∙∙∙∙∙]]]
en_US_sappsd;LT;[[[Ļēąƌţįɱē∙∙∙∙∙∙]]]
en_US_sappsd;EX;[[[Ĕχċēρţįŏŋ∙∙∙∙∙]]]
en_US_sappsd;AR;[[[Āűţŏɱąţįŏŋ Řąţē∙∙∙∙]]]
en_US_sappsd;MD;[[[Μąşţēŗ Ďąţą∙∙∙∙∙∙∙∙]]]
en_US_sappsd;CH;[[[Ĉĥąŋğēş∙∙∙∙∙∙∙]]]
en_US_sappsd;PP;[[[Ƥŗŏċēşş Ƥŗŏğŗēşş∙∙∙∙∙∙∙∙]]]
en_US_sappsd;CC;[[[Ĉűşţŏɱįžįŋğ Ĉŏŋƒįğűŗąţįŏŋ∙∙∙∙∙∙∙]]]