kpiCharacteristic_kpi_id;kpiCharacteristic_id;transactionParameter_transaction_id;transactionParameter_screenField;detailListField
KFFI000104;BELNR;FB03;RF05L-BELNR;BELNR
KFFI000104;BELNR;FB03;RF05L-GJAHR;GJAHR
KFFI000104;BELNR;FB03;RF05L-BUKRS;BUKRS
KFFI000105;BELNR;FB03;RF05L-BELNR;BELNR
KFFI000105;BELNR;FB03;RF05L-GJAHR;GJAHR
KFFI000105;BELNR;FB03;RF05L-BUKRS;BUKRS
KFFI000105;BELNR_C;FB03;RF05L-BELNR;BELNR_C
KFFI000105;BELNR_C;FB03;RF05L-GJAHR;GJAHR
KFFI000105;BELNR_C;FB03;RF05L-BUKRS;BUKRS
KFFI000106;BELNR;FB03;RF05L-BELNR;BELNR
KFFI000106;BELNR;FB03;RF05L-GJAHR;GJAHR
KFFI000106;BELNR;FB03;RF05L-BUKRS;BUKRS
KFFI000202;BELNR;FB03;RF05L-BELNR;BELNR
KFFI000202;BELNR;FB03;RF05L-GJAHR;GJAHR
KFFI000202;BELNR;FB03;RF05L-BUKRS;BUKRS
KFFI000212;BELNR;FB03;RF05L-GJAHR;GJAHR
KFFI000212;BELNR;FB03;RF05L-BUKRS;BUKRS
KFFI000212;BELNR;FB03;RF05L-BELNR;BELNR
KFFI000213;BELNR;FB03;RF05L-BUKRS;BUKRS
KFFI000213;BELNR;FB03;RF05L-BELNR;BELNR
KFFI000213;BELNR;FB03;RF05L-GJAHR;GJAHR
KFFI000214;BELNR;FB03;RF05L-BUKRS;BUKRS
KFFI000214;BELNR;FB03;RF05L-BELNR;BELNR
KFFI000214;BELNR;FB03;RF05L-GJAHR;GJAHR
KFFI000215;BELNR;FB03;RF05L-BUKRS;BUKRS
KFFI000215;BELNR;FB03;RF05L-BELNR;BELNR
KFFI000215;BELNR;FB03;RF05L-GJAHR;GJAHR
KFFI000216;BELNR;FB03;RF05L-BUKRS;BUKRS
KFFI000216;BELNR;FB03;RF05L-GJAHR;GJAHR
KFFI000216;BELNR;FB03;RF05L-BELNR;BELNR
KFFI000217;BELNR;FB03;RF05L-GJAHR;GJAHR
KFFI000217;BELNR;FB03;RF05L-BUKRS;BUKRS
KFFI000217;BELNR;FB03;RF05L-BELNR;BELNR
KFFI000302;BELNR;FB03;RF05L-GJAHR;GJAHR
KFFI000302;BELNR;FB03;RF05L-BUKRS;BUKRS
KFFI000302;BELNR;FB03;RF05L-BELNR;BELNR
KFFI000310;BELNR;FB03;RF05L-GJAHR;GJAHR
KFFI000310;BELNR;FB03;RF05L-BUKRS;BUKRS
KFFI000310;BELNR;FB03;RF05L-BELNR;BELNR
KFFI000311;BELNR;FB03;RF05L-BELNR;BELNR
KFFI000311;BELNR;FB03;RF05L-BUKRS;BUKRS
KFFI000311;BELNR;FB03;RF05L-GJAHR;GJAHR
KFFI000312;BELNR;FB03;RF05L-BELNR;BELNR
KFFI000312;BELNR;FB03;RF05L-BUKRS;BUKRS
KFFI000312;BELNR;FB03;RF05L-GJAHR;GJAHR
KFFI000313;BELNR;FB03;RF05L-BELNR;BELNR
KFFI000313;BELNR;FB03;RF05L-BUKRS;BUKRS
KFFI000313;BELNR;FB03;RF05L-GJAHR;GJAHR
KFFI000405;BELNR;FB03;RF05L-BELNR;BELNR
KFFI000405;BELNR;FB03;RF05L-BUKRS;BUKRS
KFFI000405;BELNR;FB03;RF05L-GJAHR;GJAHR
KFFI000405;KUNNR;FD03;RF02D-BUKRS;ZBUKR
KFFI000405;KUNNR;FD03;RF02D-KUNNR;KUNNR
KFFI000405;LIFNR;FK03;RF02K-BUKRS;ZBUKR
KFFI000405;LIFNR;FK03;RF02K-LIFNR;LIFNR
KFFI000502;BELNR;FB03;RF05L-BELNR;BELNR
KFFI000502;BELNR;FB03;RF05L-BUKRS;BUKRS
KFFI000502;BELNR;FB03;RF05L-GJAHR;GJAHR
KFFI000706;BELNR;FB03;RF05L-BELNR;BELNR
KFFI000706;BELNR;FB03;RF05L-BUKRS;BUKRS
KFFI000706;BELNR;FB03;RF05L-GJAHR;GJAHR
KFFI000706;EBELN;ME23N;RM06E-BSTNR;EBELN
KFFI000707;BELNR;FB03;RF05L-BELNR;BELNR
KFFI000707;BELNR;FB03;RF05L-BUKRS;BUKRS
KFFI000707;BELNR;FB03;RF05L-GJAHR;GJAHR
KFFI000707;EBELN;ME23N;RM06E-BSTNR;EBELN
KFFI000708;BELNR;FB03;RF05L-BELNR;BELNR
KFFI000708;BELNR;FB03;RF05L-BUKRS;BUKRS
KFFI000708;BELNR;FB03;RF05L-GJAHR;GJAHR
KFFI000708;EBELN;ME23N;RM06E-BSTNR;EBELN
KFFI000790;HKONT;FS03;GLACCOUNT_SCREEN_KEY-SAKNR;SAKNR
KFFI000790;HKONT;FS03;GLACCOUNT_SCREEN_KEY-BUKRS;BUKNR
KFFI000940;AUGBL;FB03;RF05L-BUKRS;BUKRS
KFFI000940;AUGBL;FB03;RF05L-GJAHR;AUGGJ
KFFI000940;AUGBL;FB03;RF05L-BELNR;AUGBL
KFFI000940;BELNR;FB03;RF05L-GJAHR;GJAHR
KFFI000940;BELNR;FB03;RF05L-BUKRS;BUKRS
KFFI000940;BELNR;FB03;RF05L-BELNR;BELNR
KFFI000960;AUGBL;FB03;RF05L-BUKRS;BUKRS
KFFI000960;AUGBL;FB03;RF05L-GJAHR;AUGGJ
KFFI000960;AUGBL;FB03;RF05L-BELNR;AUGBL
KFFI000960;BELNR;FB03;RF05L-BUKRS;BUKRS
KFFI000960;BELNR;FB03;RF05L-GJAHR;GJAHR
KFFI000960;BELNR;FB03;RF05L-BELNR;BELNR
KFFI000961;AUGBL;FB03;RF05L-BUKRS;BUKRS
KFFI000961;AUGBL;FB03;RF05L-GJAHR;AUGGJ
KFFI000961;AUGBL;FB03;RF05L-BELNR;AUGBL
KFFI000961;BELNR;FB03;RF05L-BUKRS;BUKRS
KFFI000961;BELNR;FB03;RF05L-BELNR;BELNR
KFFI000961;BELNR;FB03;RF05L-GJAHR;GJAHR
KFFI001040;AUGBL;FB03;RF05L-BUKRS;BUKRS
KFFI001040;AUGBL;FB03;RF05L-BELNR;AUGBL
KFFI001040;AUGBL;FB03;RF05L-GJAHR;AUGGJ
KFFI001040;BELNR;FB03;RF05L-BELNR;BELNR
KFFI001040;BELNR;FB03;RF05L-BUKRS;BUKRS
KFFI001040;BELNR;FB03;RF05L-GJAHR;GJAHR
KFFI001060;AUGBL;FB03;RF05L-BELNR;AUGBL
KFFI001060;AUGBL;FB03;RF05L-BUKRS;BUKRS
KFFI001060;AUGBL;FB03;RF05L-GJAHR;AUGGJ
KFFI001060;BELNR;FB03;RF05L-BELNR;BELNR
KFFI001060;BELNR;FB03;RF05L-BUKRS;BUKRS
KFFI001060;BELNR;FB03;RF05L-GJAHR;GJAHR
KFFI001061;AUGBL;FB03;RF05L-BELNR;AUGBL
KFFI001061;AUGBL;FB03;RF05L-BUKRS;BUKRS
KFFI001061;AUGBL;FB03;RF05L-GJAHR;AUGGJ
KFFI001061;BELNR;FB03;RF05L-BELNR;BELNR
KFFI001061;BELNR;FB03;RF05L-BUKRS;BUKRS
KFFI001061;BELNR;FB03;RF05L-GJAHR;GJAHR
KFFI001460;AUGBL;FB03;RF05L-BELNR;AUGBL
KFFI001460;AUGBL;FB03;RF05L-BUKRS;BUKRS
KFFI001460;AUGBL;FB03;RF05L-GJAHR;AUGGJ
KFFI001460;BELNR;FB03;RF05L-BELNR;BELNR
KFFI001460;BELNR;FB03;RF05L-BUKRS;BUKRS
KFFI001460;BELNR;FB03;RF05L-GJAHR;GJAHR
KFFI001460;VBELN;VF03;VBRK-VBELN;VBELN
KFFI001502;MATNR;CK13N;CKI64A-WERKS;WERKS
KFFI001502;MATNR;CK13N;CKI64A-TVERS;TVERS
KFFI001502;MATNR;CK13N;CKI64A-MATNR;MATNR
KFFI001502;MATNR;CK13N;CKI64A-AMDAT;KADAT
KFFI001502;MATNR;CK13N;CKI64A-KLVAR;KLVAR
KFFI001601;AUFNR;CO03;CAUFVD-AUFNR;AUFNR
KFFI001601;AUFNR;COR3;CAUFVD-AUFNR;AUFNR
KFFI001601;AUFNR;IW33;CAUFVD-AUFNR;AUFNR
KFFI001601;AUFNR;KO03;COAS-AUFNR;AUFNR
KFFI001602;AUFNR;CO03;CAUFVD-AUFNR;AUFNR
KFFI001602;AUFNR;COR3;CAUFVD-AUFNR;AUFNR
KFFI001602;AUFNR;IW33;CAUFVD-AUFNR;AUFNR
KFFI001602;AUFNR;KO03;COAS-AUFNR;AUFNR
KFFI001603;AUFNR;CO03;CAUFVD-AUFNR;AUFNR
KFFI001603;AUFNR;COR3;CAUFVD-AUFNR;AUFNR
KFFI001603;AUFNR;IW33;CAUFVD-AUFNR;AUFNR
KFFI001603;AUFNR;KO03;COAS-AUFNR;AUFNR
KFFI001605;AUFNR;CO03;CAUFVD-AUFNR;AUFNR
KFFI001605;AUFNR;COR3;CAUFVD-AUFNR;AUFNR
KFFI001605;AUFNR;IW33;CAUFVD-AUFNR;AUFNR
KFFI001605;AUFNR;KO03;COAS-AUFNR;AUFNR
KFFI001609;AUFNR;CO03;CAUFVD-AUFNR;AUFNR
KFFI001609;AUFNR;COR3;CAUFVD-AUFNR;AUFNR
KFFI001609;AUFNR;IW33;CAUFVD-AUFNR;AUFNR
KFFI001609;AUFNR;KO03;COAS-AUFNR;AUFNR
KFFI001609;POSID;CJ13;*PRPS-POSID;POSID
KFFI001802;ANLN1;AS03;ANLA-BUKRS;BUKRS
KFFI001802;ANLN1;AS03;ANLA-ANLN2;ANLN2
KFFI001802;ANLN1;AS03;ANLA-ANLN1;ANLN1
KFFI001802;POSID;CJ13;*PRPS-POSID;POSID
KFFI001803;ANLN1;AS03;ANLA-BUKRS;BUKRS
KFFI001803;ANLN1;AS03;ANLA-ANLN2;ANLN2
KFFI001803;ANLN1;AS03;ANLA-ANLN1;ANLN1
KFFI001803;POSID;CJ13;*PRPS-POSID;POSID
KFFI001804;ANLN1;AS03;ANLA-ANLN1;ANLN1
KFFI001804;ANLN1;AS03;ANLA-ANLN2;ANLN2
KFFI001804;ANLN1;AS03;ANLA-BUKRS;BUKRS
KFFI001806;ANLN1;AS03;ANLA-BUKRS;BUKRS
KFFI001806;ANLN1;AS03;ANLA-ANLN1;ANLN1
KFFI001806;ANLN1;AS03;ANLA-ANLN2;ANLN2
KFFI001807;ANLN1;AS03;ANLA-BUKRS;BUKRS
KFFI001807;ANLN1;AS03;ANLA-ANLN1;ANLN1
KFFI001807;ANLN1;AS03;ANLA-ANLN2;ANLN2
KFFI001808;ANLN1;AS03;ANLA-ANLN1;ANLN1
KFFI001808;ANLN1;AS03;ANLA-BUKRS;BUKRS
KFFI001808;ANLN1;AS03;ANLA-ANLN2;ANLN2
KFFI001860;ANLN1;AS03;ANLA-BUKRS;BUKRS
KFFI001860;ANLN1;AS03;ANLA-ANLN2;ANLN2
KFFI001860;ANLN1;AS03;ANLA-ANLN1;ANLN1
KFFI001860;POSID;CJ13;*PRPS-POSID;POSID
KFFI001861;ANLN1;AS03;ANLA-ANLN2;ANLN2
KFFI001861;ANLN1;AS03;ANLA-BUKRS;BUKRS
KFFI001861;ANLN1;AS03;ANLA-ANLN1;ANLN1
KFFI001960;AUGBL;FPE3;RFPE1-OPBEL;AUGBL
KFFI001960;OPBEL;FPE3;RFPE1-OPBEL;OPBEL
KFFI001960;VKONT;CAA3;FKKVKP-VKONT;VKONT
KFFI001960;VKONT;CAA3;FKKVKP-GPART;GPART
KFFI002003;AUFNR;CN23;CAUFVD-AUFNR;AUFNR
KFFI002003;AUFNR;CO03;CAUFVD-AUFNR;AUFNR
KFFI002003;AUFNR;COR3;CAUFVD-AUFNR;AUFNR
KFFI002003;AUFNR;IW33;CAUFVD-AUFNR;AUFNR
KFFI002003;AUFNR;KO03;COAS-AUFNR;AUFNR
KFFI002003;AUFNR;QA03;QALS-PRUEFLOS;AUFNR
KFFI002003;REFBN;ME23N;RM06E-BSTNR;REFBN
KFFI002003;REFBN;ME33K;RM06E-EVRTN;REFBN
KFFI002003;REFBN;ME33L;RM06E-EVRTN;REFBN
KFFI002003;REFBN;ME43;RM06E-ANFNR;REFBN
KFFI002004;POSID;CJ13;*PRPS-POSID;POSID
KFFI002004;REFBN;ME23N;RM06E-BSTNR;REFBN
KFFI002004;REFBN;ME33K;RM06E-EVRTN;REFBN
KFFI002004;REFBN;ME33L;RM06E-EVRTN;REFBN
KFFI002004;REFBN;ME43;RM06E-ANFNR;REFBN
KFFI002005;REFBN;ME23N;RM06E-BSTNR;REFBN
KFFI002005;REFBN;ME33K;RM06E-EVRTN;REFBN
KFFI002005;REFBN;ME33L;RM06E-EVRTN;REFBN
KFFI002005;REFBN;ME43;RM06E-ANFNR;REFBN
KFFI002005;VBELN;VA03;VBAK-VBELN;VBELN
KFFI002005;VBELN;VA13;VBAK-VBELN;VBELN
KFFI002005;VBELN;VA23;VBAK-VBELN;VBELN
KFFI002005;VBELN;VA43;VBAK-VBELN;VBELN
KFFI002005;VBELN;VF03;VBRK-VBELN;VBELN
KFFI002260;AUGBL;FPE3;RFPE1-OPBEL;AUGBL
KFFI002260;OPBEL;FPE3;RFPE1-OPBEL;OPBEL
KFFI002260;VKONT;CAA3;FKKVKP-GPART;GPART
KFFI002260;VKONT;CAA3;FKKVKP-VKONT;VKONT
KFFI002305;AUFNR;KO03;COAS-AUFNR;AUFNR
KFFI002306;AUFNR;KO03;COAS-AUFNR;AUFNR
KFFI002308;AUFNR;KO03;COAS-AUFNR;AUFNR
KFFI002309;PROCNR;KKF8;PKOSA-WERKS;WERKS
KFFI002309;PROCNR;KKF8;PKOSA-PROCNR;PROCNR
KFFI002309;PROCNR;KKF8;PKOSA-MATNR;MATNR
KFFI002360;PROCNR;KKF8;PKOSA-WERKS;WERKS
KFFI002360;PROCNR;KKF8;PKOSA-PROCNR;PROCNR
KFFI002360;PROCNR;KKF8;PKOSA-MATNR;MATNR
KFFI002604;VTKEY;FP_VT3;DFKK_VT_H-VTKEY;VTKEY
KFFI002607;VBELN;VF03;VBRK-VBELN;VBELN
KFFI002660;VTKEY;FP_VT3;DFKK_VT_H-VTKEY;VTKEY
KIAUT00101;PLNUM;MD13;RM61P-PLNUM;PLNUM
KIAUT00102;PLNUM;MD13;RM61P-PLNUM;PLNUM
KIAUT00103;PLNUM;MD13;RM61P-PLNUM;PLNUM
KIAUT00160;BANFN_PURCH_REQ;ME53N;EBAN-BANFN;BANFN_PURCH_REQ
KIAUT00160;EBELN_BL_PURCH_ORD;ME23N;RM06E-BSTNR;EBELN_BL_PURCH_ORD
KIAUT00160;EBELN_BL_PURCH_ORD;ME33K;RM06E-EVRTN;EBELN_BL_PURCH_ORD
KIAUT00160;EBELN_BL_PURCH_ORD;ME33L;RM06E-EVRTN;EBELN_BL_PURCH_ORD
KIAUT00160;EBELN_BL_PURCH_ORD;ME43;RM06E-ANFNR;EBELN_BL_PURCH_ORD
KIAUT00160;EBELN_BL_SCHED_AGREE;ME23N;RM06E-BSTNR;EBELN_BL_SCHED_AGREE
KIAUT00160;EBELN_BL_SCHED_AGREE;ME33K;RM06E-EVRTN;EBELN_BL_SCHED_AGREE
KIAUT00160;EBELN_BL_SCHED_AGREE;ME33L;RM06E-EVRTN;EBELN_BL_SCHED_AGREE
KIAUT00160;EBELN_BL_SCHED_AGREE;ME43;RM06E-ANFNR;EBELN_BL_SCHED_AGREE
KIAUT00160;EBELN_OPEN_PURCH_ORD;ME23N;RM06E-BSTNR;EBELN_OPEN_PURCH_ORD
KIAUT00160;EBELN_OPEN_PURCH_ORD;ME33K;RM06E-EVRTN;EBELN_OPEN_PURCH_ORD
KIAUT00160;EBELN_OPEN_PURCH_ORD;ME33L;RM06E-EVRTN;EBELN_OPEN_PURCH_ORD
KIAUT00160;EBELN_OPEN_PURCH_ORD;ME43;RM06E-ANFNR;EBELN_OPEN_PURCH_ORD
KIAUT00160;EBELN_OPEN_SCHED_AGREE;ME23N;RM06E-BSTNR;EBELN_OPEN_SCHED_AGREE
KIAUT00160;EBELN_OPEN_SCHED_AGREE;ME33K;RM06E-EVRTN;EBELN_OPEN_SCHED_AGREE
KIAUT00160;EBELN_OPEN_SCHED_AGREE;ME33L;RM06E-EVRTN;EBELN_OPEN_SCHED_AGREE
KIAUT00160;EBELN_OPEN_SCHED_AGREE;ME43;RM06E-ANFNR;EBELN_OPEN_SCHED_AGREE
KIAUT00160;MATNR;MD04;RM61R-WERKS;PLWRK
KIAUT00160;MATNR;MD04;RM61R-MATNR;MATNR
KIAUT00160;PLNUM;MD13;RM61P-PLNUM;PLNUM
KIAUT00160;RSNUM;MB23;RM07M-RSNUM;RSNUM
KIAUT00190;MATNR;CA03;RC27M-MATNR;MATNR
KIAUT00190;MATNR;CA03;RC27M-WERKS;WERKS
KIAUT00190;MATNR;CA03;RC271-PLNNR;PLNNR
KIAUT00190;PLNNR;C223;MKAL-PLNNR;PLNNR
KIAUT00190;PLNNR;C223;RC27M-MATNR;MATNR
KIAUT00190;PLNNR;C223;RC27M-WERKS;WERKS
KIAUT00190;STLNR;CS03;RC29N-MATNR;MATNR
KIAUT00190;STLNR;CS03;RC29N-WERKS;WERKS
KIAUT00190;STLNR;CS03;RC29N-STLAN;STLAN
KIISU00103;ANLAGE;ES32;EANLD-ANLAGE;ANLAGE
KIISU00104;ANLAGE;ES32;EANLD-ANLAGE;ANLAGE
KIISU00161;ANLAGE;ES32;EANLD-ANLAGE;ANLAGE
KIISU00162;ANLAGE;ES32;EANLD-ANLAGE;ANLAGE
KIISU00201;BELNR;EA22;EA22_DTREE-BELNR;BELNR
KIISU00203;BELNR;EA22;EA22_DTREE-BELNR;BELNR
KIISU00204;BELNR;EA22;EA22_DTREE-BELNR;BELNR
KIISU00205;BELNR;EA22;EA22_DTREE-BELNR;BELNR
KIISU00260;BELNR;EA22;EA22_DTREE-BELNR;BELNR
KIISU00260;OPBEL;EA40;ERDK-OPBEL;OPBEL
KIISU00261;BELNR;EA22;EA22_DTREE-BELNR;BELNR
KIISU00261;OPBEL;EA40;ERDK-OPBEL;OPBEL
KIISU00302;OPBEL;EA40;ERDK-OPBEL;OPBEL
KIISU00304;INTOPBEL;EA40;ERDK-OPBEL;INTOPBEL
KIISU00304;OPBEL;EA40;ERDK-OPBEL;OPBEL
KIISU00305;INTOPBEL;EA40;ERDK-OPBEL;INTOPBEL
KIISU00305;OPBEL;EA40;ERDK-OPBEL;OPBEL
KIISU00306;OPBEL;EA40;ERDK-OPBEL;OPBEL
KIISU00360;INTOPBEL;EA40;ERDK-OPBEL;INTOPBEL
KIISU00360;OPBEL;EA40;ERDK-OPBEL;OPBEL
KIISU00361;INTOPBEL;EA40;ERDK-OPBEL;INTOPBEL
KIISU00361;OPBEL;EA40;ERDK-OPBEL;OPBEL
KIRET00460;BANFN;ME53N;EBAN-BANFN;BANFN
KIRET00460;EBELN;ME23N;RM06E-BSTNR;EBELN
KIRET00460;VBELN;VL03N;LIKP-VBELN;VBELN
KIRET00461;BANFN;ME53N;EBAN-BANFN;BANFN
KIRET00461;EBELN;ME23N;RM06E-BSTNR;EBELN
KIRET00461;VBELN;VL03N;LIKP-VBELN;VBELN
KIRET00462;BANFN;ME53N;EBAN-BANFN;BANFN
KIRET00462;EBELN;ME23N;RM06E-BSTNR;EBELN
KIRET00462;VBELN;VL03N;LIKP-VBELN;VBELN
KIRET00463;BANFN;ME53N;EBAN-BANFN;BANFN
KIRET00463;EBELN;ME23N;RM06E-BSTNR;EBELN
KIRET00463;VBELN;VL03N;LIKP-VBELN;VBELN
KIRET00464;BANFN;ME53N;EBAN-BANFN;BANFN
KIRET00464;BELNR_FIAP;FB03;RF05L-BUKRS;BUKRS_FIAP
KIRET00464;BELNR_FIAP;FB03;RF05L-GJAHR;GJAHR_FIAP
KIRET00464;BELNR_FIAP;FB03;RF05L-BELNR;BELNR_FIAP
KIRET00464;BELNR_FIAR;FB03;RF05L-BUKRS;BUKRS_FIAR
KIRET00464;BELNR_FIAR;FB03;RF05L-GJAHR;GJAHR_FIAR
KIRET00464;BELNR_FIAR;FB03;RF05L-BELNR;BELNR_FIAR
KIRET00464;BELNR_IR;MIR4;RBKP-BELNR;BELNR_IR
KIRET00464;BELNR_IR;MIR4;RBKP-GJAHR;GJAHR_IR
KIRET00464;EBELN;ME23N;RM06E-BSTNR;EBELN
KIRET00464;VBELN;VL03N;LIKP-VBELN;VBELN
KIRET00464;VBELN_INV;VF03;VBRK-VBELN;VBELN_INV
KIRET00465;BANFN;ME53N;EBAN-BANFN;BANFN
KIRET00465;BELNR_FIAP;FB03;RF05L-BUKRS;BUKRS_FIAP
KIRET00465;BELNR_FIAP;FB03;RF05L-BELNR;BELNR_FIAP
KIRET00465;BELNR_FIAP;FB03;RF05L-GJAHR;GJAHR_FIAP
KIRET00465;BELNR_FIAR;FB03;RF05L-BELNR;BELNR_FIAR
KIRET00465;BELNR_FIAR;FB03;RF05L-BUKRS;BUKRS_FIAR
KIRET00465;BELNR_FIAR;FB03;RF05L-GJAHR;GJAHR_FIAR
KIRET00465;BELNR_IR;MIR4;RBKP-BELNR;BELNR_IR
KIRET00465;BELNR_IR;MIR4;RBKP-GJAHR;GJAHR_IR
KIRET00465;EBELN;ME23N;RM06E-BSTNR;EBELN
KIRET00465;VBELN;VL03N;LIKP-VBELN;VBELN
KIRET00465;VBELN_INV;VF03;VBRK-VBELN;VBELN_INV
KIRET00466;BANFN;ME53N;EBAN-BANFN;BANFN
KIRET00466;BELNR_FIAP;FB03;RF05L-BELNR;BELNR_FIAP
KIRET00466;BELNR_FIAP;FB03;RF05L-BUKRS;BUKRS_FIAP
KIRET00466;BELNR_FIAP;FB03;RF05L-GJAHR;GJAHR_FIAP
KIRET00466;BELNR_FIAR;FB03;RF05L-BELNR;BELNR_FIAR
KIRET00466;BELNR_FIAR;FB03;RF05L-BUKRS;BUKRS_FIAR
KIRET00466;BELNR_FIAR;FB03;RF05L-GJAHR;GJAHR_FIAR
KIRET00466;BELNR_IR;MIR4;RBKP-GJAHR;GJAHR_IR
KIRET00466;BELNR_IR;MIR4;RBKP-BELNR;BELNR_IR
KIRET00466;EBELN;ME23N;RM06E-BSTNR;EBELN
KIRET00466;VBELN;VL03N;LIKP-VBELN;VBELN
KIRET00466;VBELN_INV;VF03;VBRK-VBELN;VBELN_INV
KIRET00467;BANFN;ME53N;EBAN-BANFN;BANFN
KIRET00467;BELNR_FIAP;FB03;RF05L-BUKRS;BUKRS_FIAP
KIRET00467;BELNR_FIAP;FB03;RF05L-BELNR;BELNR_FIAP
KIRET00467;BELNR_FIAP;FB03;RF05L-GJAHR;GJAHR_FIAP
KIRET00467;BELNR_FIAR;FB03;RF05L-BELNR;BELNR_FIAR
KIRET00467;BELNR_FIAR;FB03;RF05L-BUKRS;BUKRS_FIAR
KIRET00467;BELNR_FIAR;FB03;RF05L-GJAHR;GJAHR_FIAR
KIRET00467;BELNR_IR;MIR4;RBKP-BELNR;BELNR_IR
KIRET00467;BELNR_IR;MIR4;RBKP-GJAHR;GJAHR_IR
KIRET00467;EBELN;ME23N;RM06E-BSTNR;EBELN
KIRET00467;VBELN;VL03N;LIKP-VBELN;VBELN
KIRET00467;VBELN_INV;VF03;VBRK-VBELN;VBELN_INV
KIRET00560;EBELN;ME23N;RM06E-BSTNR;EBELN
KIRET00560;IR_BELNR;MIR4;RBKP-GJAHR;IR_GJAHR
KIRET00560;IR_BELNR;MIR4;RBKP-BELNR;IR_BELNR
KIRET00561;EBELN;ME23N;RM06E-BSTNR;EBELN
KIRET00561;IR_BELNR;MIR4;RBKP-GJAHR;IR_GJAHR
KIRET00561;IR_BELNR;MIR4;RBKP-BELNR;IR_BELNR
KIRET00562;EBELN;ME23N;RM06E-BSTNR;EBELN
KIRET00562;IR_BELNR;MIR4;RBKP-BELNR;IR_BELNR
KIRET00562;IR_BELNR;MIR4;RBKP-GJAHR;IR_GJAHR
KIRET00563;EBELN;ME23N;RM06E-BSTNR;EBELN
KIRET00563;IR_BELNR;MIR4;RBKP-BELNR;IR_BELNR
KIRET00563;IR_BELNR;MIR4;RBKP-GJAHR;IR_GJAHR
KIRET00601;MATNR;MM43;RMMW1-MATNR;MATNR
KIRET00602;MATNR;MM43;RMMW1-MATNR;MATNR
KIRET00603;MATNR;MM43;RMMW1-MATNR;MATNR
KPCONF0110;MATNR;MD04;RM61R-MATNR;MATNR
KPCONF0110;MATNR;MD04;RM61R-WERKS;WERKS
KPCONF0120;MATNR;MD04;RM61R-MATNR;MATNR
KPCONF0120;MATNR;MD04;RM61R-WERKS;WERKS
KPCONF0130;MATNR;MD04;RM61R-MATNR;MATNR
KPCONF0130;MATNR;MD04;RM61R-WERKS;WERKS
KPCONF0140;MATNR;MD04;RM61R-MATNR;MATNR
KPCONF0140;MATNR;MD04;RM61R-WERKS;WERKS
KPCONF0401;AUFNR;CN23;CAUFVD-AUFNR;AUFNR
KPCONF0401;AUFNR;CO03;CAUFVD-AUFNR;AUFNR
KPCONF0401;AUFNR;COR3;CAUFVD-AUFNR;AUFNR
KPCONF0401;AUFNR;IW33;CAUFVD-AUFNR;AUFNR
KPCONF0401;RUECK;CN28;CORUF-RUECK;RUECK
KPCONF0401;RUECK;CN28;CORUF-RMZHL;RMZHL
KPCONF0401;RUECK;CO14;CORUF-AUFNR;AUFNR
KPCONF0401;RUECK;CO14;CORUF-RUECK;RUECK
KPCONF0401;RUECK;CORT;CORUF-AUFNR;AUFNR
KPCONF0401;RUECK;CORT;CORUF-RUECK;RUECK
KPCONF0401;RUECK;IW43;CORUF-AUFNR;AUFNR
KPCONF0401;RUECK;IW43;CORUF-RUECK;RUECK
KPCONF0402;AUFNR;CN23;CAUFVD-AUFNR;AUFNR
KPCONF0402;AUFNR;CO03;CAUFVD-AUFNR;AUFNR
KPCONF0402;AUFNR;COR3;CAUFVD-AUFNR;AUFNR
KPCONF0402;AUFNR;IW33;CAUFVD-AUFNR;AUFNR
KPCONF0402;RUECK;CN28;CORUF-RUECK;RUECK
KPCONF0402;RUECK;CN28;CORUF-RMZHL;RMZHL
KPCONF0402;RUECK;CO14;CORUF-AUFNR;AUFNR
KPCONF0402;RUECK;CO14;CORUF-RUECK;RUECK
KPCONF0402;RUECK;CORT;CORUF-AUFNR;AUFNR
KPCONF0402;RUECK;CORT;CORUF-RUECK;RUECK
KPCONF0402;RUECK;IW43;CORUF-AUFNR;AUFNR
KPCONF0402;RUECK;IW43;CORUF-RUECK;RUECK
KPCONF0403;AUFNR;CN23;CAUFVD-AUFNR;AUFNR
KPCONF0403;AUFNR;CO03;CAUFVD-AUFNR;AUFNR
KPCONF0403;AUFNR;COR3;CAUFVD-AUFNR;AUFNR
KPCONF0403;AUFNR;IW33;CAUFVD-AUFNR;AUFNR
KPCONF0403;RUECK;CN28;CORUF-RMZHL;RMZHL
KPCONF0403;RUECK;CN28;CORUF-RUECK;RUECK
KPCONF0403;RUECK;CO14;CORUF-RUECK;RUECK
KPCONF0403;RUECK;CO14;CORUF-AUFNR;AUFNR
KPCONF0403;RUECK;CORT;CORUF-AUFNR;AUFNR
KPCONF0403;RUECK;CORT;CORUF-RUECK;RUECK
KPCONF0403;RUECK;IW43;CORUF-AUFNR;AUFNR
KPCONF0403;RUECK;IW43;CORUF-RUECK;RUECK
KPCONF0405;AUFNR;CN23;CAUFVD-AUFNR;AUFNR
KPCONF0405;AUFNR;CO03;CAUFVD-AUFNR;AUFNR
KPCONF0405;AUFNR;COR3;CAUFVD-AUFNR;AUFNR
KPCONF0405;AUFNR;IW33;CAUFVD-AUFNR;AUFNR
KPCONF0405;RUECK;CN28;CORUF-RUECK;RUECK
KPCONF0405;RUECK;CN28;CORUF-RMZHL;RMZHL
KPCONF0405;RUECK;CO14;CORUF-AUFNR;AUFNR
KPCONF0405;RUECK;CO14;CORUF-RUECK;RUECK
KPCONF0405;RUECK;CORT;CORUF-AUFNR;AUFNR
KPCONF0405;RUECK;CORT;CORUF-RUECK;RUECK
KPCONF0405;RUECK;IW43;CORUF-RUECK;RUECK
KPCONF0405;RUECK;IW43;CORUF-AUFNR;AUFNR
KPGR000101;MBLNR;MIGO;GODYNPRO-MAT_DOC;MBLNR
KPGR000101;MBLNR;MIGO;GODYNPRO-DOC_YEAR;MJAHR
KPGR000102;MBLNR;MIGO;GODYNPRO-MAT_DOC;MBLNR
KPGR000102;MBLNR;MIGO;GODYNPRO-DOC_YEAR;MJAHR
KPIM000101;MATNR;MMBE;MS_LGORT-LOW;LGORT
KPIM000101;MATNR;MMBE;MS_CHARG-LOW;CHARG
KPIM000101;MATNR;MMBE;MS_MATNR-LOW;MATNR
KPIM000101;MATNR;MMBE;MS_WERKS-LOW;WERKS
KPIM000101;WERKS;MD04;RM61R-MATNR;MATNR
KPIM000101;WERKS;MD04;RM61R-WERKS;WERKS
KPIM000105;CHARG;MSC3N;DFBATCH-MATNR;MATNR
KPIM000105;CHARG;MSC3N;DFBATCH-LGORT;LGORT
KPIM000105;CHARG;MSC3N;DFBATCH-CHARG;CHARG
KPIM000105;CHARG;MSC3N;DFBATCH-WERKS;WERKS
KPIM000105;MATNR;MMBE;MS_WERKS-LOW;WERKS
KPIM000105;MATNR;MMBE;MS_CHARG-LOW;CHARG
KPIM000105;MATNR;MMBE;MS_LGORT-LOW;LGORT
KPIM000105;MATNR;MMBE;MS_MATNR-LOW;MATNR
KPIM000105;VBELN;VA03;VBAK-VBELN;VBELN
KPIM000105;WERKS;MD04;RM61R-WERKS;WERKS
KPIM000105;WERKS;MD04;RM61R-MATNR;MATNR
KPIM000106;CHARG;MSC3N;DFBATCH-CHARG;CHARG
KPIM000106;CHARG;MSC3N;DFBATCH-WERKS;WERKS
KPIM000106;CHARG;MSC3N;DFBATCH-LGORT;LGORT
KPIM000106;CHARG;MSC3N;DFBATCH-MATNR;MATNR
KPIM000106;LE_VBELN_FILL_UP;VL03N;LIKP-VBELN;LE_VBELN_FILL_UP
KPIM000106;LE_VBELN_ISSUE;VL03N;LIKP-VBELN;LE_VBELN_ISSUE
KPIM000106;MATNR;MMBE;MS_WERKS-LOW;WERKS
KPIM000106;MATNR;MMBE;MS_CHARG-LOW;CHARG
KPIM000106;MATNR;MMBE;MS_LGORT-LOW;LGORT
KPIM000106;MATNR;MMBE;MS_MATNR-LOW;MATNR
KPIM000106;WERKS;MD04;RM61R-WERKS;WERKS
KPIM000106;WERKS;MD04;RM61R-MATNR;MATNR
KPIM000107;CHARG;MSC3N;DFBATCH-WERKS;WERKS
KPIM000107;CHARG;MSC3N;DFBATCH-LGORT;LGORT
KPIM000107;CHARG;MSC3N;DFBATCH-MATNR;MATNR
KPIM000107;CHARG;MSC3N;DFBATCH-CHARG;CHARG
KPIM000107;MATNR;MMBE;MS_MATNR-LOW;MATNR
KPIM000107;MATNR;MMBE;MS_LGORT-LOW;LGORT
KPIM000107;MATNR;MMBE;MS_CHARG-LOW;CHARG
KPIM000107;MATNR;MMBE;MS_WERKS-LOW;WERKS
KPIM000107;POSID;CJ13;*PRPS-POSID;POSID
KPIM000107;WERKS;MD04;RM61R-MATNR;MATNR
KPIM000107;WERKS;MD04;RM61R-WERKS;WERKS
KPIM000108;CHARG;MSC3N;DFBATCH-LGORT;LGORT
KPIM000108;CHARG;MSC3N;DFBATCH-CHARG;CHARG
KPIM000108;CHARG;MSC3N;DFBATCH-WERKS;WERKS
KPIM000108;CHARG;MSC3N;DFBATCH-MATNR;MATNR
KPIM000108;MATNR;MMBE;MS_CHARG-LOW;CHARG
KPIM000108;MATNR;MMBE;MS_MATNR-LOW;MATNR
KPIM000108;MATNR;MMBE;MS_LGORT-LOW;LGORT
KPIM000108;MATNR;MMBE;MS_WERKS-LOW;WERKS
KPIM000108;WERKS;MD04;RM61R-MATNR;MATNR
KPIM000108;WERKS;MD04;RM61R-WERKS;WERKS
KPIM000115;EBELN;ME23N;RM06E-BSTNR;EBELN
KPIM000115;MATNR;MMBE;MS_CHARG-LOW;CHARG
KPIM000115;MATNR;MMBE;MS_LGORT-LOW;LGORT
KPIM000115;MATNR;MMBE;MS_MATNR-LOW;MATNR
KPIM000115;MATNR;MMBE;MS_WERKS-LOW;WERKS
KPIM000115;WERKS;MD04;RM61R-MATNR;MATNR
KPIM000115;WERKS;MD04;RM61R-WERKS;WERKS
KPIM000160;MATNR;MMBE;MS_MATNR-LOW;MATNR
KPIM000160;MATNR;MMBE;MS_CHARG-LOW;CHARG
KPIM000160;MATNR;MMBE;MS_LGORT-LOW;LGORT
KPIM000160;MATNR;MMBE;MS_WERKS-LOW;WERKS
KPIM000160;WERKS;MD04;RM61R-WERKS;WERKS
KPIM000160;WERKS;MD04;RM61R-MATNR;MATNR
KPIM000161;CHARG;MSC3N;DFBATCH-WERKS;WERKS
KPIM000161;CHARG;MSC3N;DFBATCH-MATNR;MATNR
KPIM000161;CHARG;MSC3N;DFBATCH-LGORT;LGORT
KPIM000161;CHARG;MSC3N;DFBATCH-CHARG;CHARG
KPIM000161;MATNR;MMBE;MS_LGORT-LOW;LGORT
KPIM000161;MATNR;MMBE;MS_MATNR-LOW;MATNR
KPIM000161;MATNR;MMBE;MS_WERKS-LOW;WERKS
KPIM000161;MATNR;MMBE;MS_CHARG-LOW;CHARG
KPIM000161;WERKS;MD04;RM61R-MATNR;MATNR
KPIM000161;WERKS;MD04;RM61R-WERKS;WERKS
KPIM000162;MATNR;MMBE;MS_MATNR-LOW;MATNR
KPIM000162;MATNR;MMBE;MS_CHARG-LOW;CHARG
KPIM000162;MATNR;MMBE;MS_WERKS-LOW;WERKS
KPIM000162;MATNR;MMBE;MS_LGORT-LOW;LGORT
KPIM000162;WERKS;MD04;RM61R-WERKS;WERKS
KPIM000162;WERKS;MD04;RM61R-MATNR;MATNR
KPIM000163;CHARG;MSC3N;DFBATCH-CHARG;CHARG
KPIM000163;CHARG;MSC3N;DFBATCH-LGORT;LGORT
KPIM000163;CHARG;MSC3N;DFBATCH-MATNR;MATNR
KPIM000163;CHARG;MSC3N;DFBATCH-WERKS;WERKS
KPIM000163;MATNR;MMBE;MS_WERKS-LOW;WERKS
KPIM000163;MATNR;MMBE;MS_CHARG-LOW;CHARG
KPIM000163;MATNR;MMBE;MS_LGORT-LOW;LGORT
KPIM000163;MATNR;MMBE;MS_MATNR-LOW;MATNR
KPIM000163;WERKS;MD04;RM61R-WERKS;WERKS
KPIM000163;WERKS;MD04;RM61R-MATNR;MATNR
KPLE000110;VBELN;VL03N;LIKP-VBELN;VBELN
KPLE000111;VBELN;VL33N;LIKP-VBELN;VBELN
KPLE000120;VBELN;VL33N;LIKP-VBELN;VBELN
KPLE000121;VBELN;VL03N;LIKP-VBELN;VBELN
KPLE000171;VBELN;VL03N;LIKP-VBELN;VBELN
KPLE000204;EBELN;ME23N;RM06E-BSTNR;EBELN
KPLE000204;FKNUM;VI03;VFKK-FKNUM;FKNUM
KPLE000204;LBLNI;ML82;P_BSTNR;EBELN
KPLE000204;LBLNI;ML82;S_BSTPO-LOW;EBELP
KPLE000204;LBLNI;ML82;S_LBLNI-LOW;LBLNI
KPLE000204;REBEL;VT03N;VTTK-TKNUM;REBEL
KPLE000205;TKNUM;VT03N;VTTK-TKNUM;TKNUM
KPLE000206;TKNUM;VT03N;VTTK-TKNUM;TKNUM
KPLE000207;TKNUM;VT03N;VTTK-TKNUM;TKNUM
KPLE000305;VBELN;VL03N;LIKP-VBELN;VBELN
KPLE000307;VBELN;VL03N;LIKP-VBELN;VBELN
KPLE000307;VBELN;VL33N;LIKP-VBELN;VBELN
KPLE000360;VBELN;VL03N;LIKP-VBELN;VBELN
KPLE000361;TANUM;LT21;LTAK-TANUM;TANUM
KPLE000361;TANUM;LT21;LTAK-LGNUM;LGNUM
KPLE000361;VBELN;VL03N;LIKP-VBELN;VBELN
KPLE000361;VBELN;VL33N;LIKP-VBELN;VBELN
KPLE000362;VBELN;VL03N;LIKP-VBELN;VBELN
KPLE000362;VBELN;VL33N;LIKP-VBELN;VBELN
KPLE000362;VGBEL;ME23N;RM06E-BSTNR;VGBEL
KPLE000362;VGBEL;ME33K;RM06E-EVRTN;VGBEL
KPLE000362;VGBEL;ME33L;RM06E-EVRTN;VGBEL
KPLE000362;VGBEL;ME43;RM06E-ANFNR;VGBEL
KPMRP00108;MATNR;MD04;RM61R-WERKS;PLWRK
KPMRP00108;MATNR;MD04;RM61R-MATNR;MATNR
KPMRP00108;PLNUM;MD13;RM61P-PLNUM;PLNUM
KPMRP00109;KDAUF;MD83;VBAK-VBELN;KDAUF
KPMRP00109;KDAUF;VA03;VBAK-VBELN;KDAUF
KPMRP00109;KDAUF;VA13;VBAK-VBELN;KDAUF
KPMRP00109;KDAUF;VA23;VBAK-VBELN;KDAUF
KPMRP00109;KDAUF;VA43;VBAK-VBELN;KDAUF
KPMRP00109;KDAUF;VF03;VBRK-VBELN;KDAUF
KPMRP00109;MATNR;MD04;RM61R-WERKS;PLWRK
KPMRP00109;MATNR;MD04;RM61R-MATNR;MATNR
KPMRP00109;MATNR_PLAF;MD04;RM61R-WERKS;PLWRK
KPMRP00109;MATNR_PLAF;MD04;RM61R-MATNR;MATNR_PLAF
KPMRP00109;PLNUM;MD13;RM61P-PLNUM;PLNUM
KPMRP00201;BERID;MD21;P_BERID;BERID
KPMRP00201;BERID;MD21;P_MATNR;MATNR
KPMRP00202;BERID;MD21;P_MATNR;MATNR
KPMRP00202;BERID;MD21;P_BERID;BERID
KPMRP00205;WERKS;MD21;P_MATNR;MATNR
KPMRP00206;WERKS;MD21;P_MATNR;MATNR
KPMRP00260;MATNR;MD05;RM61R-MATNR;MATNR
KPMRP00260;MATNR;MD05;RM61R-WERKS;PLWRK
KPPP000101;AUFNR;CO03;CAUFVD-AUFNR;AUFNR
KPPP000103;AUFNR;CO03;CAUFVD-AUFNR;AUFNR
KPPP000106;AUFNR;CO03;CAUFVD-AUFNR;AUFNR
KPPP000107;AUFNR;CO03;CAUFVD-AUFNR;AUFNR
KPPP000108;AUFNR;CO03;CAUFVD-AUFNR;AUFNR
KPPP000111;AUFNR;CO03;CAUFVD-AUFNR;AUFNR
KPPP000111;MATNR;MMBE;MS_LGORT-LOW;LGORT
KPPP000111;MATNR;MMBE;MS_MATNR-LOW;MATNR
KPPP000111;MATNR;MMBE;MS_WERKS-LOW;WERKS
KPPP000121;KDAUF;VA03;VBAK-VBELN;KDAUF
KPPP000121;KDAUF;VA13;VBAK-VBELN;KDAUF
KPPP000121;KDAUF;VA23;VBAK-VBELN;KDAUF
KPPP000121;KDAUF;VA43;VBAK-VBELN;KDAUF
KPPP000121;KDAUF;VF03;VBRK-VBELN;KDAUF
KPPP000122;AUFNR;CO03;CAUFVD-AUFNR;AUFNR
KPPP000142;AUFNR;CO03;CAUFVD-AUFNR;AUFNR
KPPP000160;AUFNR;CO03;CAUFVD-AUFNR;AUFNR
KPPP000161;AUFNR;CO03;CAUFVD-AUFNR;AUFNR
KPPP000161;PLNUM;MD13;RM61P-PLNUM;PLNUM
KPPP000162;AUFNR;CO03;CAUFVD-AUFNR;AUFNR
KPPP000162;AUFNR_BL_MANUF;CN23;CAUFVD-AUFNR;AUFNR_BL_MANUF
KPPP000162;AUFNR_BL_MANUF;CO03;CAUFVD-AUFNR;AUFNR_BL_MANUF
KPPP000162;AUFNR_BL_MANUF;COR3;CAUFVD-AUFNR;AUFNR_BL_MANUF
KPPP000162;AUFNR_BL_MANUF;IW33;CAUFVD-AUFNR;AUFNR_BL_MANUF
KPPP000162;AUFNR_OPEN_MANUF;CN23;CAUFVD-AUFNR;AUFNR_OPEN_MANUF
KPPP000162;AUFNR_OPEN_MANUF;CO03;CAUFVD-AUFNR;AUFNR_OPEN_MANUF
KPPP000162;AUFNR_OPEN_MANUF;COR3;CAUFVD-AUFNR;AUFNR_OPEN_MANUF
KPPP000162;AUFNR_OPEN_MANUF;IW33;CAUFVD-AUFNR;AUFNR_OPEN_MANUF
KPPP000162;BANFN_PURCH_REQ;ME53N;EBAN-BANFN;BANFN_PURCH_REQ
KPPP000162;EBELN_BL_PURCH_ORD;ME23N;RM06E-BSTNR;EBELN_BL_PURCH_ORD
KPPP000162;EBELN_BL_PURCH_ORD;ME33K;RM06E-EVRTN;EBELN_BL_PURCH_ORD
KPPP000162;EBELN_BL_PURCH_ORD;ME33L;RM06E-EVRTN;EBELN_BL_PURCH_ORD
KPPP000162;EBELN_BL_PURCH_ORD;ME43;RM06E-ANFNR;EBELN_BL_PURCH_ORD
KPPP000162;EBELN_OPEN_PURCH_ORD;ME23N;RM06E-BSTNR;EBELN_OPEN_PURCH_ORD
KPPP000162;EBELN_OPEN_PURCH_ORD;ME33K;RM06E-EVRTN;EBELN_OPEN_PURCH_ORD
KPPP000162;EBELN_OPEN_PURCH_ORD;ME33L;RM06E-EVRTN;EBELN_OPEN_PURCH_ORD
KPPP000162;EBELN_OPEN_PURCH_ORD;ME43;RM06E-ANFNR;EBELN_OPEN_PURCH_ORD
KPPP000162;MATNR;MD04;RM61R-WERKS;WERKS
KPPP000162;MATNR;MD04;RM61R-MATNR;MATNR
KPPP000162;MBLNR;MIGO;GODYNPRO-DOC_YEAR;MJAHR
KPPP000162;MBLNR;MIGO;GODYNPRO-MAT_DOC;MBLNR
KPPP000162;PLNUM_LA;MD13;RM61P-PLNUM;PLNUM_LA
KPPP000162;RSNUM;MB23;RM07M-RSNUM;RSNUM
KPPP000163;AUFNR;CO03;CAUFVD-AUFNR;AUFNR
KPPP000163;BANFN;ME53N;EBAN-BANFN;BANFN
KPPP000163;EBELN;ME23N;RM06E-BSTNR;EBELN
KPPP000163;MATNR;MD04;RM61R-WERKS;WERKS
KPPP000163;MATNR;MD04;RM61R-MATNR;MATNR
KPPP000192;PLNNR;CA03;RC27M-WERKS;WERKS
KPPP000192;PLNNR;CA03;RC27M-MATNR;MATNR
KPPP000192;PLNNR;CA03;RC271-PLNNR;PLNNR
KPPP000195;MATNR;C223;MKAL-WERKS;WERKS
KPPP000195;MATNR;C223;MKAL-MATNR;MATNR
KPPP000195;PLNNR;CA03;RC271-PLNNR;PLNNR
KPPP000195;PLNNR;CA03;RC27M-MATNR;MATNR
KPPP000195;PLNNR;CA03;RC27M-WERKS;WERKS
KPPP000195;STLNR;CS03;RC29N-MATNR;MATNR
KPPP000195;STLNR;CS03;RC29N-STLAN;STLAN
KPPP000195;STLNR;CS03;RC29N-WERKS;WERKS
KPPP000201;AUFNR;COR3;CAUFVD-AUFNR;AUFNR
KPPP000203;AUFNR;COR3;CAUFVD-AUFNR;AUFNR
KPPP000206;AUFNR;COR3;CAUFVD-AUFNR;AUFNR
KPPP000207;AUFNR;COR3;CAUFVD-AUFNR;AUFNR
KPPP000208;AUFNR;COR3;CAUFVD-AUFNR;AUFNR
KPPP000211;AUFNR;COR3;CAUFVD-AUFNR;AUFNR
KPPP000211;MATNR;MMBE;MS_LGORT-LOW;LGORT
KPPP000211;MATNR;MMBE;MS_WERKS-LOW;WERKS
KPPP000211;MATNR;MMBE;MS_MATNR-LOW;MATNR
KPPP000222;KDAUF;VA03;VBAK-VBELN;KDAUF
KPPP000222;KDAUF;VA13;VBAK-VBELN;KDAUF
KPPP000222;KDAUF;VA23;VBAK-VBELN;KDAUF
KPPP000222;KDAUF;VA43;VBAK-VBELN;KDAUF
KPPP000222;KDAUF;VF03;VBRK-VBELN;KDAUF
KPPP000223;AUFNR;COR3;CAUFVD-AUFNR;AUFNR
KPPP000242;AUFNR;COR3;CAUFVD-AUFNR;AUFNR
KPPP000260;AUFNR;COR3;CAUFVD-AUFNR;AUFNR
KPPP000261;AUFNR;COR3;CAUFVD-AUFNR;AUFNR
KPPP000261;PLNUM;MD13;RM61P-PLNUM;PLNUM
KPPP000262;AUFNR;COR3;CAUFVD-AUFNR;AUFNR
KPPP000262;AUFNR_BL_MANUF;CN23;CAUFVD-AUFNR;AUFNR_BL_MANUF
KPPP000262;AUFNR_BL_MANUF;CO03;CAUFVD-AUFNR;AUFNR_BL_MANUF
KPPP000262;AUFNR_BL_MANUF;COR3;CAUFVD-AUFNR;AUFNR_BL_MANUF
KPPP000262;AUFNR_BL_MANUF;IW33;CAUFVD-AUFNR;AUFNR_BL_MANUF
KPPP000262;AUFNR_OPEN_MANUF;CN23;CAUFVD-AUFNR;AUFNR_OPEN_MANUF
KPPP000262;AUFNR_OPEN_MANUF;CO03;CAUFVD-AUFNR;AUFNR_OPEN_MANUF
KPPP000262;AUFNR_OPEN_MANUF;COR3;CAUFVD-AUFNR;AUFNR_OPEN_MANUF
KPPP000262;AUFNR_OPEN_MANUF;IW33;CAUFVD-AUFNR;AUFNR_OPEN_MANUF
KPPP000262;BANFN_PURCH_REQ;ME53N;EBAN-BANFN;BANFN_PURCH_REQ
KPPP000262;EBELN_BL_PURCH_ORD;ME23N;RM06E-BSTNR;EBELN_BL_PURCH_ORD
KPPP000262;EBELN_BL_PURCH_ORD;ME33K;RM06E-EVRTN;EBELN_BL_PURCH_ORD
KPPP000262;EBELN_BL_PURCH_ORD;ME33L;RM06E-EVRTN;EBELN_BL_PURCH_ORD
KPPP000262;EBELN_BL_PURCH_ORD;ME43;RM06E-ANFNR;EBELN_BL_PURCH_ORD
KPPP000262;EBELN_OPEN_PURCH_ORD;ME23N;RM06E-BSTNR;EBELN_OPEN_PURCH_ORD
KPPP000262;EBELN_OPEN_PURCH_ORD;ME33K;RM06E-EVRTN;EBELN_OPEN_PURCH_ORD
KPPP000262;EBELN_OPEN_PURCH_ORD;ME33L;RM06E-EVRTN;EBELN_OPEN_PURCH_ORD
KPPP000262;EBELN_OPEN_PURCH_ORD;ME43;RM06E-ANFNR;EBELN_OPEN_PURCH_ORD
KPPP000262;MATNR;MD04;RM61R-MATNR;MATNR
KPPP000262;MATNR;MD04;RM61R-WERKS;WERKS
KPPP000262;MBLNR;MIGO;GODYNPRO-MAT_DOC;MBLNR
KPPP000262;MBLNR;MIGO;GODYNPRO-DOC_YEAR;MJAHR
KPPP000262;PLNUM_LA;MD13;RM61P-PLNUM;PLNUM_LA
KPPP000262;RSNUM;MB23;RM07M-RSNUM;RSNUM
KPPP000263;AUFNR;COR3;CAUFVD-AUFNR;AUFNR
KPPP000263;BANFN;ME53N;EBAN-BANFN;BANFN
KPPP000263;EBELN;ME23N;RM06E-BSTNR;EBELN
KPPP000263;MATNR;MD04;RM61R-WERKS;WERKS
KPPP000263;MATNR;MD04;RM61R-MATNR;MATNR
KPPP000292;PLNNR;C203;RC271-PLNNR;PLNNR
KPPP000292;PLNNR;C203;RC27M-MATNR;MATNR
KPPP000292;PLNNR;C203;RC27M-WERKS;WERKS
KPPP000295;MATNR;C223;MKAL-WERKS;WERKS
KPPP000295;MATNR;C223;MKAL-MATNR;MATNR
KPPP000295;PLNNR;CA03;RC271-PLNNR;PLNNR
KPPP000295;PLNNR;CA03;RC27M-WERKS;WERKS
KPPP000295;PLNNR;CA03;RC27M-MATNR;MATNR
KPPP000295;STLNR;CS03;RC29N-WERKS;WERKS
KPPP000295;STLNR;CS03;RC29N-STLAN;STLAN
KPPP000295;STLNR;CS03;RC29N-MATNR;MATNR
KPPP000409;MATNR;MD05;RM61R-MATNR;MATNR
KPPP000409;MATNR;MD05;RM61R-WERKS;PLWRK
KPPP000410;ELEMNT_DATA;CO03;CAUFVD-AUFNR;ELEMNT_DATA
KPPP000410;ELEMNT_DATA;COR3;CAUFVD-AUFNR;ELEMNT_DATA
KPPP000410;ELEMNT_DATA;MB23;RM07M-RSNUM;ELEMNT_DATA
KPPP000410;ELEMNT_DATA;MD13;RM61P-PLNUM;ELEMNT_DATA
KPPP000410;ELEMNT_DATA;ME23N;RM06E-BSTNR;ELEMNT_DATA
KPPP000410;ELEMNT_DATA;ME33L;RM06E-EVRTN;ELEMNT_DATA
KPPP000410;ELEMNT_DATA;ME53N;EBAN-BANFN;ELEMNT_DATA
KPPP000410;ELEMNT_DATA;QA03;QALS-PRUEFLOS;ELEMNT_DATA
KPPP000410;MATNR;MD05;RM61R-WERKS;PLWRK
KPPP000410;MATNR;MD05;RM61R-MATNR;MATNR
KPPP000411;ELEMNT_DATA;CO03;CAUFVD-AUFNR;ELEMNT_DATA
KPPP000411;ELEMNT_DATA;COR3;CAUFVD-AUFNR;ELEMNT_DATA
KPPP000411;ELEMNT_DATA;MB23;RM07M-RSNUM;ELEMNT_DATA
KPPP000411;ELEMNT_DATA;MD13;RM61P-PLNUM;ELEMNT_DATA
KPPP000411;ELEMNT_DATA;ME23N;RM06E-BSTNR;ELEMNT_DATA
KPPP000411;ELEMNT_DATA;ME33L;RM06E-EVRTN;ELEMNT_DATA
KPPP000411;ELEMNT_DATA;ME53N;EBAN-BANFN;ELEMNT_DATA
KPPP000411;ELEMNT_DATA;QA03;QALS-PRUEFLOS;ELEMNT_DATA
KPPP000411;MATNR;MD05;RM61R-MATNR;MATNR
KPPP000411;MATNR;MD05;RM61R-WERKS;PLWRK
KPPROJ0105;AUFNR;CN23;CAUFVD-AUFNR;AUFNR
KPPROJ0205;COUNT_NO_DEL;CJ03;*PROJ-PSPID;PSPID
KPPROJ0205;PSPID;CJ08;*PROJ-PSPID;PSPID
KPPROJ0302;ANLN1;AS03;ANLA-ANLN1;ANLN1
KPPROJ0302;ANLN1;AS03;ANLA-BUKRS;PBUKR
KPPROJ0302;POSID;CJ13;*PRPS-POSID;POSID
KPPROJ0302;PSPID;CJ08;*PROJ-PSPID;PSPID
KPPROJ0305;POSID;CJ13;*PROJ-PSPID;PSPID
KPPROJ0305;POSID;CJ13;*PRPS-POSID;POSID
KPPROJ0305;PSPID;CJ08;*PROJ-PSPID;PSPID
KPPROJ0360;POSID;CJ13;*PRPS-POSID;POSID
KPPROJ0360;POSID;CJ13;*PROJ-PSPID;PSPID
KPPROJ0360;PSPID;CJ08;*PROJ-PSPID;PSPID
KPPROJ0361;POSID;CJ13;*PRPS-POSID;POSID
KPPROJ0361;POSID;CJ13;*PROJ-PSPID;PSPID
KPPROJ0361;PSPID;CJ08;*PROJ-PSPID;PSPID
KPPURCH201;EBELN;ME23N;RM06E-BSTNR;EBELN
KPPURCH201;EBELN;ME33K;RM06E-EVRTN;EBELN
KPPURCH201;EBELN;ME33L;RM06E-EVRTN;EBELN
KPPURCH201;EBELN;ME43;RM06E-ANFNR;EBELN
KPPURCH203;BANFN;ME53N;EBAN-BANFN;BANFN
KPPURCH203;EBELN;ME23N;RM06E-BSTNR;EBELN
KPPURCH203;EBELN;ME33K;RM06E-EVRTN;EBELN
KPPURCH203;EBELN;ME33L;RM06E-EVRTN;EBELN
KPPURCH203;EBELN;ME43;RM06E-ANFNR;EBELN
KPPURCH204;EBELN;ME23N;RM06E-BSTNR;EBELN
KPPURCH204;EBELN;ME33K;RM06E-EVRTN;EBELN
KPPURCH204;EBELN;ME33L;RM06E-EVRTN;EBELN
KPPURCH204;EBELN;ME43;RM06E-ANFNR;EBELN
KPPURCH207;EBELN;ME23N;RM06E-BSTNR;EBELN
KPPURCH207;EBELN;ME33K;RM06E-EVRTN;EBELN
KPPURCH207;EBELN;ME33L;RM06E-EVRTN;EBELN
KPPURCH207;EBELN;ME43;RM06E-ANFNR;EBELN
KPPURCH212;EBELN;ME23N;RM06E-BSTNR;EBELN
KPPURCH212;EBELN;ME33K;RM06E-EVRTN;EBELN
KPPURCH212;EBELN;ME33L;RM06E-EVRTN;EBELN
KPPURCH212;EBELN;ME43;RM06E-ANFNR;EBELN
KPPURCH221;EBELN;ME23N;RM06E-BSTNR;EBELN
KPPURCH221;EBELN;ME33K;RM06E-EVRTN;EBELN
KPPURCH221;EBELN;ME33L;RM06E-EVRTN;EBELN
KPPURCH221;EBELN;ME43;RM06E-ANFNR;EBELN
KPPURCH222;EBELN;ME23N;RM06E-BSTNR;EBELN
KPPURCH222;EBELN;ME33K;RM06E-EVRTN;EBELN
KPPURCH222;EBELN;ME33L;RM06E-EVRTN;EBELN
KPPURCH222;EBELN;ME43;RM06E-ANFNR;EBELN
KPPURCH223;EBELN;ME23N;RM06E-BSTNR;EBELN
KPPURCH223;EBELN;ME33K;RM06E-EVRTN;EBELN
KPPURCH223;EBELN;ME33L;RM06E-EVRTN;EBELN
KPPURCH223;EBELN;ME43;RM06E-ANFNR;EBELN
KPPURCH225;EBELN;ME23N;RM06E-BSTNR;EBELN
KPPURCH225;EBELN;ME33K;RM06E-EVRTN;EBELN
KPPURCH225;EBELN;ME33L;RM06E-EVRTN;EBELN
KPPURCH225;EBELN;ME43;RM06E-ANFNR;EBELN
KPPURCH225;VBELN_DEL;VL33N;LIKP-VBELN;VBELN_DEL
KPPURCH228;EBELN;ME23N;RM06E-BSTNR;EBELN
KPPURCH228;EBELN;ME33K;RM06E-EVRTN;EBELN
KPPURCH228;EBELN;ME33L;RM06E-EVRTN;EBELN
KPPURCH228;EBELN;ME43;RM06E-ANFNR;EBELN
KPPURCH260;EBELN;ME23N;RM06E-BSTNR;EBELN
KPPURCH260;EBELN;ME33K;RM06E-EVRTN;EBELN
KPPURCH260;EBELN;ME33L;RM06E-EVRTN;EBELN
KPPURCH260;EBELN;ME43;RM06E-ANFNR;EBELN
KPPURCH260;GR_AUGBL_GRIR;FB03;RF05L-BUKRS;BUKRS
KPPURCH260;GR_AUGBL_GRIR;FB03;RF05L-GJAHR;GR_AUGGJ_GRIR
KPPURCH260;GR_AUGBL_GRIR;FB03;RF05L-BELNR;GR_AUGBL_GRIR
KPPURCH260;GR_BELNR;FB03;RF05L-GJAHR;GR_GJAHR
KPPURCH260;GR_BELNR;FB03;RF05L-BUKRS;BUKRS
KPPURCH260;GR_BELNR;FB03;RF05L-BELNR;GR_BELNR
KPPURCH260;IR_AUGBL;FB03;RF05L-GJAHR;IR_AUGGJ
KPPURCH260;IR_AUGBL;FB03;RF05L-BELNR;IR_AUGBL
KPPURCH260;IR_AUGBL;FB03;RF05L-BUKRS;BUKRS
KPPURCH260;IR_AUGBL_GRIR;FB03;RF05L-GJAHR;IR_AUGGJ_GRIR
KPPURCH260;IR_AUGBL_GRIR;FB03;RF05L-BUKRS;BUKRS
KPPURCH260;IR_AUGBL_GRIR;FB03;RF05L-BELNR;IR_AUGBL_GRIR
KPPURCH260;IR_BELNR;FB03;RF05L-BELNR;IR_BELNR
KPPURCH260;IR_BELNR;FB03;RF05L-GJAHR;IR_GJAHR
KPPURCH260;IR_BELNR;FB03;RF05L-BUKRS;BUKRS
KPPURCH260;IR_MBLNR;MIR4;RBKP-BELNR;IR_MBLNR
KPPURCH260;IR_MBLNR;MIR4;RBKP-GJAHR;IR_MJAHR
KPPURCH261;BANFN;ME53N;EBAN-BANFN;BANFN
KPPURCH261;EBELN;ME23N;RM06E-BSTNR;EBELN
KPPURCH261;EBELN;ME33K;RM06E-EVRTN;EBELN
KPPURCH261;EBELN;ME33L;RM06E-EVRTN;EBELN
KPPURCH261;EBELN;ME43;RM06E-ANFNR;EBELN
KPPURCH261;IR_MBLNR;MIR4;RBKP-GJAHR;IR_MJAHR
KPPURCH261;IR_MBLNR;MIR4;RBKP-BELNR;IR_MBLNR
KPPURCH263;EBELN;ME23N;RM06E-BSTNR;EBELN
KPPURCH263;EBELN;ME33K;RM06E-EVRTN;EBELN
KPPURCH263;EBELN;ME33L;RM06E-EVRTN;EBELN
KPPURCH263;EBELN;ME43;RM06E-ANFNR;EBELN
KPPURCH263;IR_MBLNR;MIR4;RBKP-GJAHR;IR_MJAHR
KPPURCH263;IR_MBLNR;MIR4;RBKP-BELNR;IR_MBLNR
KPPURCH263;VBELN;VA03;VBAK-VBELN;VBELN
KPPURCH263;VBELN;VA13;VBAK-VBELN;VBELN
KPPURCH263;VBELN;VA23;VBAK-VBELN;VBELN
KPPURCH263;VBELN;VA43;VBAK-VBELN;VBELN
KPPURCH263;VBELN_DEL;VL33N;LIKP-VBELN;VBELN_DEL
KPPURCH263;VBELN_INV;VF03;VBRK-VBELN;VBELN_INV
KPPURCH265;AUGBL_FIAP;FB03;RF05L-BUKRS;BUKRS
KPPURCH265;AUGBL_FIAP;FB03;RF05L-BELNR;AUGBL_FIAP
KPPURCH265;AUGBL_FIAP;FB03;RF05L-GJAHR;AUGGJ_FIAP
KPPURCH265;BELNR_FIAP;FB03;RF05L-BUKRS;BUKRS
KPPURCH265;BELNR_FIAP;FB03;RF05L-BELNR;BELNR_FIAP
KPPURCH265;BELNR_FIAP;FB03;RF05L-GJAHR;GJAHR_FIAP
KPPURCH265;EBELN;ME23N;RM06E-BSTNR;EBELN
KPPURCH265;EBELN;ME33K;RM06E-EVRTN;EBELN
KPPURCH265;EBELN;ME33L;RM06E-EVRTN;EBELN
KPPURCH265;EBELN;ME43;RM06E-ANFNR;EBELN
KPPURCH265;IR_MBLNR;MIR4;RBKP-BELNR;IR_MBLNR
KPPURCH265;IR_MBLNR;MIR4;RBKP-GJAHR;IR_MJAHR
KPPURCH266;EBELN;ME23N;RM06E-BSTNR;EBELN
KPPURCH266;EBELN;ME33K;RM06E-EVRTN;EBELN
KPPURCH266;EBELN;ME33L;RM06E-EVRTN;EBELN
KPPURCH266;EBELN;ME43;RM06E-ANFNR;EBELN
KPPURCH266;IR_MBLNR;MIR4;RBKP-BELNR;IR_MBLNR
KPPURCH266;IR_MBLNR;MIR4;RBKP-GJAHR;IR_MJAHR
KPPURCH267;BANFN;ME53N;EBAN-BANFN;BANFN
KPPURCH267;LBLNI;ML82;P_BSTNR;EBELN
KPPURCH267;LBLNI;ML82;S_BSTPO-LOW;EBELP
KPPURCH267;LBLNI;ML82;S_LBLNI-LOW;LBLNI
KPPURCH268;EBELN;ME23N;RM06E-BSTNR;EBELN
KPPURCH268;EBELN;ME33K;RM06E-EVRTN;EBELN
KPPURCH268;EBELN;ME33L;RM06E-EVRTN;EBELN
KPPURCH268;EBELN;ME43;RM06E-ANFNR;EBELN
KPPURCH268;IR_MBLNR;MIR4;RBKP-GJAHR;IR_MBLNR
KPPURCH268;IR_MBLNR;MIR4;RBKP-BELNR;IR_MJAHR
KPPURCH273;EBELN;ME23N;RM06E-BSTNR;EBELN
KPPURCH273;EBELN;ME33K;RM06E-EVRTN;EBELN
KPPURCH273;EBELN;ME33L;RM06E-EVRTN;EBELN
KPPURCH273;EBELN;ME43;RM06E-ANFNR;EBELN
KPPURCH301;BANFN;ME53N;EBAN-BANFN;BANFN
KPPURCH303;BANFN;ME53N;EBAN-BANFN;BANFN
KPPURCH309;BANFN;ME53N;EBAN-BANFN;BANFN
KPPURCH360;BANFN;ME53N;EBAN-BANFN;BANFN
KPPURCH360;EBELN;ME23N;RM06E-BSTNR;EBELN
KPPURCH362;BANFN;ME53N;EBAN-BANFN;BANFN
KPPURCH362;EBELN;ME23N;RM06E-BSTNR;EBELN
KPPURCH404;BELNR;MIR4;RBKP-BELNR;BELNR
KPPURCH404;BELNR;MIR4;RBKP-GJAHR;GJAHR
KPPURCH409;BELNR;MIR4;RBKP-BELNR;BELNR
KPPURCH409;BELNR;MIR4;RBKP-GJAHR;GJAHR
KPPURCH409;BELNR_BSIK;FB03;RF05L-BELNR;BELNR_BSIK
KPPURCH409;BELNR_BSIK;FB03;RF05L-GJAHR;GJAHR
KPPURCH409;BELNR_BSIK;FB03;RF05L-BUKRS;BUKRS
KPPURCH409;EBELN;ME23N;RM06E-BSTNR;EBELN
KPPURCH411;BELNR;MIR4;RBKP-GJAHR;GJAHR
KPPURCH411;BELNR;MIR4;RBKP-BELNR;BELNR
KPPURCH411;BELNR_BSIK;FB03;RF05L-GJAHR;GJAHR
KPPURCH411;BELNR_BSIK;FB03;RF05L-BELNR;BELNR_BSIK
KPPURCH411;BELNR_BSIK;FB03;RF05L-BUKRS;BUKRS
KPPURCH411;STBLG;MIR4;RBKP-GJAHR;STJAH
KPPURCH411;STBLG;MIR4;RBKP-BELNR;STBLG
KPPURCH412;BELNR;MIR4;RBKP-GJAHR;GJAHR
KPPURCH412;BELNR;MIR4;RBKP-BELNR;BELNR
KPPURCH413;BELNR;MIR4;RBKP-GJAHR;GJAHR
KPPURCH413;BELNR;MIR4;RBKP-BELNR;BELNR
KPPURCH413;BELNR_C;MIR4;RBKP-BELNR;BELNR_C
KPPURCH413;BELNR_C;MIR4;RBKP-GJAHR;GJAHR_C
KPPURCH460;AUGBL_FIAP;FB03;RF05L-BELNR;AUGBL_FIAP
KPPURCH460;AUGBL_FIAP;FB03;RF05L-BUKRS;BUKRS
KPPURCH460;AUGBL_FIAP;FB03;RF05L-GJAHR;AUGGJ_FIAP
KPPURCH460;BELNR;MIR4;RBKP-BELNR;BELNR
KPPURCH460;BELNR;MIR4;RBKP-GJAHR;GJAHR
KPPURCH460;BELNR_FIAP;FB03;RF05L-BELNR;BELNR_FIAP
KPPURCH460;BELNR_FIAP;FB03;RF05L-BUKRS;BUKRS
KPPURCH460;BELNR_FIAP;FB03;RF05L-GJAHR;GJAHR_FIAP
KPPURCH460;EBELN;ME23N;RM06E-BSTNR;EBELN
KPPURCH508;VBELN;ME23N;RM06E-BSTNR;VBELN
KPPURCH560;BANFN;ME53N;EBAN-BANFN;BANFN
KPPURCH560;EBELN;ME23N;RM06E-BSTNR;EBELN
KPPURCH560;EBELN;ME33K;RM06E-EVRTN;EBELN
KPPURCH560;EBELN;ME33L;RM06E-EVRTN;EBELN
KPPURCH560;EBELN;ME43;RM06E-ANFNR;EBELN
KPPURCH561;BANFN;ME53N;EBAN-BANFN;BANFN
KPPURCH561;EBELN;ME23N;RM06E-BSTNR;EBELN
KPPURCH561;EBELN;ME33K;RM06E-EVRTN;EBELN
KPPURCH561;EBELN;ME33L;RM06E-EVRTN;EBELN
KPPURCH561;EBELN;ME43;RM06E-ANFNR;EBELN
KPPURCH561;VBELN;VL03N;LIKP-VBELN;VBELN
KPPURCH562;BANFN;ME53N;EBAN-BANFN;BANFN
KPPURCH562;BELNR_FIAP;FB03;RF05L-GJAHR;GJAHR_FIAP
KPPURCH562;BELNR_FIAP;FB03;RF05L-BUKRS;BUKRS_FIAP
KPPURCH562;BELNR_FIAP;FB03;RF05L-BELNR;BELNR_FIAP
KPPURCH562;BELNR_FIAR;FB03;RF05L-GJAHR;GJAHR_FIAR
KPPURCH562;BELNR_FIAR;FB03;RF05L-BUKRS;BUKRS_FIAR
KPPURCH562;BELNR_FIAR;FB03;RF05L-BELNR;BELNR_FIAR
KPPURCH562;BELNR_IR;MIR4;RBKP-GJAHR;GJAHR_IR
KPPURCH562;BELNR_IR;MIR4;RBKP-BELNR;BELNR_IR
KPPURCH562;EBELN;ME23N;RM06E-BSTNR;EBELN
KPPURCH562;EBELN;ME33K;RM06E-EVRTN;EBELN
KPPURCH562;EBELN;ME33L;RM06E-EVRTN;EBELN
KPPURCH562;EBELN;ME43;RM06E-ANFNR;EBELN
KPPURCH562;VBELN;VL03N;LIKP-VBELN;VBELN
KPPURCH562;VBELN_INV;VF03;VBRK-VBELN;VBELN_INV
KPPURCH609;EBELN;ME39;RM06E-EVRTN;EBELN
KPPURCH610;EBELN;ME39;RM06E-EVRTN;EBELN
KPPURCH660;EBELN;ME39;RM06E-EVRTN;EBELN
KPPURCH660;VDATU;ME03;EORD-MATNR;MATNR
KPPURCH660;VDATU;ME03;EORD-WERKS;WERKS
KPPURCH661;EBELN;ME23N;RM06E-BSTNR;EBELN
KPPURCH661;EBELN;ME33K;RM06E-EVRTN;EBELN
KPPURCH661;EBELN;ME33L;RM06E-EVRTN;EBELN
KPPURCH661;EBELN;ME39;RM06E-EVRTN;EBELN
KPPURCH661;EBELN_PO;ME23N;RM06E-BSTNR;EBELN_PO
KPPURCH661;EBELN_PO;ME33K;RM06E-EVRTN;EBELN_PO
KPPURCH661;EBELN_PO;ME33L;RM06E-EVRTN;EBELN_PO
KPPURCH662;EBELN;ME23N;RM06E-BSTNR;EBELN
KPPURCH662;EBELN;ME33K;RM06E-EVRTN;EBELN
KPPURCH662;EBELN;ME33L;RM06E-EVRTN;EBELN
KPPURCH662;EBELN;ME39;RM06E-EVRTN;EBELN
KPPURCH662;EBELN_PO;ME23N;RM06E-BSTNR;EBELN_PO
KPPURCH662;EBELN_PO;ME33K;RM06E-EVRTN;EBELN_PO
KPPURCH662;EBELN_PO;ME33L;RM06E-EVRTN;EBELN_PO
KPPURCH701;EBELN;ME23N;RM06E-BSTNR;EBELN
KPPURCH702;EBELN;ME23N;RM06E-BSTNR;EBELN
KPPURCH702;FKNUM;VI03;VFKK-FKNUM;FKNUM
KPPURCH702;LBLNI;ML82;P_BSTNR;EBELN
KPPURCH702;LBLNI;ML82;S_BSTPO-LOW;EBELP
KPPURCH702;LBLNI;ML82;S_LBLNI-LOW;LBLNI
KPPURCH703;EBELN;ME23N;RM06E-BSTNR;EBELN
KPPURCH703;FKNUM;VI03;VFKK-FKNUM;FKNUM
KPPURCH703;LBLNI;ML82;P_BSTNR;EBELN
KPPURCH703;LBLNI;ML82;S_BSTPO-LOW;EBELP
KPPURCH703;LBLNI;ML82;S_LBLNI-LOW;LBLNI
KPPURCH704;EBELN;ME23N;RM06E-BSTNR;EBELN
KPPURCH704;FKNUM;VI03;VFKK-FKNUM;FKNUM
KPPURCH704;LBLNI;ML82;P_BSTNR;EBELN
KPPURCH704;LBLNI;ML82;S_BSTPO-LOW;EBELP
KPPURCH704;LBLNI;ML82;S_LBLNI-LOW;LBLNI
KPSD000133;VBELN;VA03;VBAK-VBELN;VBELN
KPSD000133;VBELN;VA13;VBAK-VBELN;VBELN
KPSD000133;VBELN;VA23;VBAK-VBELN;VBELN
KPSD000133;VBELN;VA43;VBAK-VBELN;VBELN
KPSD000133;VBELN;VF03;VBRK-VBELN;VBELN
KPSD000133;VGBEL;VA03;VBAK-VBELN;VGBEL
KPSD000133;VGBEL;VA13;VBAK-VBELN;VGBEL
KPSD000133;VGBEL;VA23;VBAK-VBELN;VGBEL
KPSD000133;VGBEL;VA43;VBAK-VBELN;VGBEL
KPSD000133;VGBEL;VF03;VBRK-VBELN;VGBEL
KPSD000171;VBELN;VA03;VBAK-VBELN;VBELN
KPSD000171;VBELN;VA13;VBAK-VBELN;VBELN
KPSD000171;VBELN;VA23;VBAK-VBELN;VBELN
KPSD000171;VBELN;VA43;VBAK-VBELN;VBELN
KPSD000171;VBELN;VF03;VBRK-VBELN;VBELN
KPSD000201;VBELN;VF03;VBRK-VBELN;VBELN
KPSD000207;VBELN;VA03;VBAK-VBELN;VBELN
KPSD000207;VBELN;VA13;VBAK-VBELN;VBELN
KPSD000207;VBELN;VA23;VBAK-VBELN;VBELN
KPSD000207;VBELN;VA33;VBAK-VBELN;VBELN
KPSD000207;VBELN;VA43;VBAK-VBELN;VBELN
KPSD000207;VBELN;VF03;VBRK-VBELN;VBELN
KPSD000207;VBELN;VF23;VBRK-VBELN;VBELN
KPSD000207;VBELN;VFR3;VBRK-VBELN;VBELN
KPSD000207;VBELN;VL03N;LIKP-VBELN;VBELN
KPSD000208;BELNR;FB03;RF05L-GJAHR;GJAHR
KPSD000208;BELNR;FB03;RF05L-BUKRS;BUKRS
KPSD000208;BELNR;FB03;RF05L-BELNR;BELNR
KPSD000208;VBELN;VF03;VBRK-VBELN;VBELN
KPSD000215;VBELN;VA03;VBAK-VBELN;VBELN
KPSD000215;VBELN;VA13;VBAK-VBELN;VBELN
KPSD000215;VBELN;VA23;VBAK-VBELN;VBELN
KPSD000215;VBELN;VA33;VBAK-VBELN;VBELN
KPSD000215;VBELN;VA43;VBAK-VBELN;VBELN
KPSD000215;VBELN;VF03;VBRK-VBELN;VBELN
KPSD000215;VBELN;VF23;VBRK-VBELN;VBELN
KPSD000215;VBELN;VFR3;VBRK-VBELN;VBELN
KPSD000215;VBELN;VL03N;LIKP-VBELN;VBELN
KPSD000215;VBELN_C;VA03;VBAK-VBELN;VBELN_C
KPSD000215;VBELN_C;VA13;VBAK-VBELN;VBELN_C
KPSD000215;VBELN_C;VA23;VBAK-VBELN;VBELN_C
KPSD000215;VBELN_C;VA33;VBAK-VBELN;VBELN_C
KPSD000215;VBELN_C;VA43;VBAK-VBELN;VBELN_C
KPSD000215;VBELN_C;VF03;VBRK-VBELN;VBELN_C
KPSD000215;VBELN_C;VF23;VBRK-VBELN;VBELN_C
KPSD000215;VBELN_C;VFR3;VBRK-VBELN;VBELN_C
KPSD000215;VBELN_C;VL03N;LIKP-VBELN;VBELN_C
KPSD000216;VBELN;VA03;VBAK-VBELN;VBELN
KPSD000216;VBELN;VA13;VBAK-VBELN;VBELN
KPSD000216;VBELN;VA23;VBAK-VBELN;VBELN
KPSD000216;VBELN;VA33;VBAK-VBELN;VBELN
KPSD000216;VBELN;VA43;VBAK-VBELN;VBELN
KPSD000216;VBELN;VF03;VBRK-VBELN;VBELN
KPSD000216;VBELN;VF23;VBRK-VBELN;VBELN
KPSD000216;VBELN;VFR3;VBRK-VBELN;VBELN
KPSD000216;VBELN;VL03N;LIKP-VBELN;VBELN
KPSD000217;VBELN;VA03;VBAK-VBELN;VBELN
KPSD000217;VBELN;VA13;VBAK-VBELN;VBELN
KPSD000217;VBELN;VA23;VBAK-VBELN;VBELN
KPSD000217;VBELN;VA33;VBAK-VBELN;VBELN
KPSD000217;VBELN;VA43;VBAK-VBELN;VBELN
KPSD000217;VBELN;VF03;VBRK-VBELN;VBELN
KPSD000217;VBELN;VF23;VBRK-VBELN;VBELN
KPSD000217;VBELN;VFR3;VBRK-VBELN;VBELN
KPSD000217;VBELN;VL03N;LIKP-VBELN;VBELN
KPSD000218;VBELN;VA03;VBAK-VBELN;VBELN
KPSD000218;VBELN;VA13;VBAK-VBELN;VBELN
KPSD000218;VBELN;VA23;VBAK-VBELN;VBELN
KPSD000218;VBELN;VA33;VBAK-VBELN;VBELN
KPSD000218;VBELN;VA43;VBAK-VBELN;VBELN
KPSD000218;VBELN;VF03;VBRK-VBELN;VBELN
KPSD000218;VBELN;VF23;VBRK-VBELN;VBELN
KPSD000218;VBELN;VFR3;VBRK-VBELN;VBELN
KPSD000218;VBELN;VL03N;LIKP-VBELN;VBELN
KPSD000260;AUGBL;FB03;RF05L-BUKRS;BUKRS
KPSD000260;AUGBL;FB03;RF05L-GJAHR;AUGGJ
KPSD000260;AUGBL;FB03;RF05L-BELNR;AUGBL
KPSD000260;BELNR;FB03;RF05L-BUKRS;BUKRS
KPSD000260;BELNR;FB03;RF05L-BELNR;BELNR
KPSD000260;BELNR;FB03;RF05L-GJAHR;GJAHR
KPSD000260;VBELN;VF03;VBRK-VBELN;VBELN
KPSD000271;VBELN;VA03;VBAK-VBELN;VBELN
KPSD000271;VBELN;VA13;VBAK-VBELN;VBELN
KPSD000271;VBELN;VA23;VBAK-VBELN;VBELN
KPSD000271;VBELN;VA33;VBAK-VBELN;VBELN
KPSD000271;VBELN;VA43;VBAK-VBELN;VBELN
KPSD000271;VBELN;VF03;VBRK-VBELN;VBELN
KPSD000271;VBELN;VF23;VBRK-VBELN;VBELN
KPSD000271;VBELN;VFR3;VBRK-VBELN;VBELN
KPSD000271;VBELN;VL03N;LIKP-VBELN;VBELN
KPSD000303;VBELN;VA03;VBAK-VBELN;VBELN
KPSD000304;VBELN;VA03;VBAK-VBELN;VBELN
KPSD000306;VBELN;VA03;VBAK-VBELN;VBELN
KPSD000307;VBELN;VA03;VBAK-VBELN;VBELN
KPSD000319;VBELN;VA03;VBAK-VBELN;VBELN
KPSD000321;VBELN;VA03;VBAK-VBELN;VBELN
KPSD000322;VBELN;VA03;VBAK-VBELN;VBELN
KPSD000323;VBELN;VA03;VBAK-VBELN;VBELN
KPSD000324;VBELN;VA03;VBAK-VBELN;VBELN
KPSD000326;VBELN;VA03;VBAK-VBELN;VBELN
KPSD000327;VBELN;VA03;VBAK-VBELN;VBELN
KPSD000360;VBELN;VA03;VBAK-VBELN;VBELN
KPSD000360;VBELN_DEL;VL03N;LIKP-VBELN;VBELN_DEL
KPSD000361;VBELN;VA03;VBAK-VBELN;VBELN
KPSD000361;VBELN_DEL;VL03N;LIKP-VBELN;VBELN_DEL
KPSD000361;VBELN_GI;MIGO;GODYNPRO-MAT_DOC;VBELN_GI
KPSD000361;VBELN_GI;MIGO;GODYNPRO-DOC_YEAR;MJAHR
KPSD000361;VBELN_INV;VF03;VBRK-VBELN;VBELN_INV
KPSD000362;BELNR;FB03;RF05L-BUKRS;BUKRS
KPSD000362;BELNR;FB03;RF05L-GJAHR;GJAHR
KPSD000362;BELNR;FB03;RF05L-BELNR;BELNR
KPSD000362;VBELN;VA03;VBAK-VBELN;VBELN
KPSD000362;VBELN_DEL;VL03N;LIKP-VBELN;VBELN_DEL
KPSD000362;VBELN_GI;MIGO;GODYNPRO-DOC_YEAR;MJAHR
KPSD000362;VBELN_GI;MIGO;GODYNPRO-MAT_DOC;VBELN_GI
KPSD000362;VBELN_INV;VF03;VBRK-VBELN;VBELN_INV
KPSD000363;BANFN;ME53N;EBAN-BANFN;BANFN
KPSD000363;EBELN;ME23N;RM06E-BSTNR;EBELN
KPSD000363;IR_MBLNR;MIR4;RBKP-BELNR;IR_MBLNR
KPSD000363;IR_MBLNR;MIR4;RBKP-GJAHR;IR_MJAHR
KPSD000363;VBELN;VA03;VBAK-VBELN;VBELN
KPSD000363;VBELN_INV;VF03;VBRK-VBELN;VBELN_INV
KPSD000364;BANFN;ME53N;EBAN-BANFN;BANFN
KPSD000364;EBELN;ME23N;RM06E-BSTNR;EBELN
KPSD000364;GR_MBLNR;MIGO;GODYNPRO-DOC_YEAR;GR_MJAHR
KPSD000364;GR_MBLNR;MIGO;GODYNPRO-MAT_DOC;GR_MBLNR
KPSD000364;IR_MBLNR;MIR4;RBKP-GJAHR;IR_MJAHR
KPSD000364;IR_MBLNR;MIR4;RBKP-BELNR;IR_MBLNR
KPSD000364;VBELN;VA03;VBAK-VBELN;VBELN
KPSD000364;VBELN_DEL;VL03N;LIKP-VBELN;VBELN_DEL
KPSD000364;VBELN_GI;MIGO;GODYNPRO-DOC_YEAR;MJAHR
KPSD000364;VBELN_GI;MIGO;GODYNPRO-MAT_DOC;VBELN_GI
KPSD000364;VBELN_INV;VF03;VBRK-VBELN;VBELN_INV
KPSD000365;AUFNR_PP;CO03;CAUFVD-AUFNR;AUFNR_PP
KPSD000365;AUFNR_PP;COR3;CAUFVD-AUFNR;AUFNR_PP
KPSD000365;VBELN;VA03;VBAK-VBELN;VBELN
KPSD000365;VBELN_DEL;VL03N;LIKP-VBELN;VBELN_DEL
KPSD000365;VBELN_INV;VF03;VBRK-VBELN;VBELN_INV
KPSD000366;BELNR_AP_ICO;FB03;RF05L-BUKRS;BUKRS_AP_ICO
KPSD000366;BELNR_AP_ICO;FB03;RF05L-BELNR;BELNR_AP_ICO
KPSD000366;BELNR_AP_ICO;FB03;RF05L-GJAHR;GJAHR_AP_ICO
KPSD000366;BELNR_AR;FB03;RF05L-BUKRS;BUKRS_AR
KPSD000366;BELNR_AR;FB03;RF05L-BELNR;BELNR_AR
KPSD000366;BELNR_AR;FB03;RF05L-GJAHR;GJAHR_AR
KPSD000366;BELNR_AR_ICO;FB03;RF05L-BUKRS;BUKRS_AR_ICO
KPSD000366;BELNR_AR_ICO;FB03;RF05L-BELNR;BELNR_AR_ICO
KPSD000366;BELNR_AR_ICO;FB03;RF05L-GJAHR;GJAHR_AR_ICO
KPSD000366;VBELN;VA03;VBAK-VBELN;VBELN
KPSD000366;VBELN_DEL;VL03N;LIKP-VBELN;VBELN_DEL
KPSD000366;VBELN_GI;MIGO;GODYNPRO-DOC_YEAR;MJAHR
KPSD000366;VBELN_GI;MIGO;GODYNPRO-MAT_DOC;VBELN_GI
KPSD000366;VBELN_INV;VF03;VBRK-VBELN;VBELN_INV
KPSD000366;VBELN_INV_ICO;VF03;VBRK-VBELN;VBELN_INV_ICO
KPSD000367;AUGBL;FB03;RF05L-GJAHR;AUGGJ
KPSD000367;AUGBL;FB03;RF05L-BELNR;AUGBL
KPSD000367;AUGBL;FB03;RF05L-BUKRS;BUKRS
KPSD000367;BELNR;FB03;RF05L-BELNR;BELNR
KPSD000367;BELNR;FB03;RF05L-GJAHR;GJAHR
KPSD000367;BELNR;FB03;RF05L-BUKRS;BUKRS
KPSD000367;VBELN;VA03;VBAK-VBELN;VBELN
KPSD000367;VBELN_INV;VF03;VBRK-VBELN;VBELN_INV
KPSD000368;FIRST_ORDER;VA03;VBAK-VBELN;FIRST_ORDER
KPSD000368;LAST_ORDER;VA03;VBAK-VBELN;LAST_ORDER
KPSD000368;VBELN;VA23;VBAK-VBELN;VBELN
KPSD000369;AUFNR_BL_MANUF;CN23;CAUFVD-AUFNR;AUFNR_BL_MANUF
KPSD000369;AUFNR_BL_MANUF;CO03;CAUFVD-AUFNR;AUFNR_BL_MANUF
KPSD000369;AUFNR_BL_MANUF;COR3;CAUFVD-AUFNR;AUFNR_BL_MANUF
KPSD000369;AUFNR_BL_MANUF;IW33;CAUFVD-AUFNR;AUFNR_BL_MANUF
KPSD000369;AUFNR_OPEN_MANUF;CN23;CAUFVD-AUFNR;AUFNR_OPEN_MANUF
KPSD000369;AUFNR_OPEN_MANUF;CO03;CAUFVD-AUFNR;AUFNR_OPEN_MANUF
KPSD000369;AUFNR_OPEN_MANUF;COR3;CAUFVD-AUFNR;AUFNR_OPEN_MANUF
KPSD000369;AUFNR_OPEN_MANUF;IW33;CAUFVD-AUFNR;AUFNR_OPEN_MANUF
KPSD000369;BANFN_PURCH_REQ;ME53N;EBAN-BANFN;BANFN_PURCH_REQ
KPSD000369;EBELN_BL_PURCH_ORD;ME23N;RM06E-BSTNR;EBELN_BL_PURCH_ORD
KPSD000369;EBELN_BL_PURCH_ORD;ME33K;RM06E-EVRTN;EBELN_BL_PURCH_ORD
KPSD000369;EBELN_BL_PURCH_ORD;ME33L;RM06E-EVRTN;EBELN_BL_PURCH_ORD
KPSD000369;EBELN_BL_PURCH_ORD;ME43;RM06E-ANFNR;EBELN_BL_PURCH_ORD
KPSD000369;EBELN_OPEN_PURCH_ORD;ME23N;RM06E-BSTNR;EBELN_OPEN_PURCH_ORD
KPSD000369;EBELN_OPEN_PURCH_ORD;ME33K;RM06E-EVRTN;EBELN_OPEN_PURCH_ORD
KPSD000369;EBELN_OPEN_PURCH_ORD;ME33L;RM06E-EVRTN;EBELN_OPEN_PURCH_ORD
KPSD000369;EBELN_OPEN_PURCH_ORD;ME43;RM06E-ANFNR;EBELN_OPEN_PURCH_ORD
KPSD000369;MATNR;MD04;RM61R-MATNR;MATNR
KPSD000369;MATNR;MD04;RM61R-WERKS;WERKS
KPSD000369;PLNUM_LA;MD13;RM61P-PLNUM;PLNUM_LA
KPSD000369;VBELN;VA03;VBAK-VBELN;VBELN
KPSD000369;VBELN_DEL;VL03N;LIKP-VBELN;VBELN_DEL
KPSD000380;MBLNR_GI;MIGO;GODYNPRO-DOC_YEAR;MJAHR_GI
KPSD000380;MBLNR_GI;MIGO;GODYNPRO-MAT_DOC;MBLNR_GI
KPSD000380;VBELN;VA03;VBAK-VBELN;VBELN
KPSD000380;VBELN_DEL;VL03N;LIKP-VBELN;VBELN_DEL
KPSD000380;VBELN_INV;VF03;VBRK-VBELN;VBELN_INV
KPSD000460;AUGBL;FB03;RF05L-BELNR;AUGBL
KPSD000460;AUGBL;FB03;RF05L-BUKRS;BUKRS
KPSD000460;AUGBL;FB03;RF05L-GJAHR;AUGGJ
KPSD000460;BELNR;FB03;RF05L-BUKRS;BUKRS
KPSD000460;BELNR;FB03;RF05L-GJAHR;GJAHR
KPSD000460;BELNR;FB03;RF05L-BELNR;BELNR
KPSD000460;VBELN;VA03;VBAK-VBELN;VBELN
KPSD000460;VBELN_INV;VF03;VBRK-VBELN;VBELN_INV
KPSD000462;AUGBL;FB03;RF05L-GJAHR;AUGGJ
KPSD000462;AUGBL;FB03;RF05L-BUKRS;BUKRS
KPSD000462;AUGBL;FB03;RF05L-BELNR;AUGBL
KPSD000462;BELNR;FB03;RF05L-GJAHR;GJAHR
KPSD000462;BELNR;FB03;RF05L-BUKRS;BUKRS
KPSD000462;BELNR;FB03;RF05L-BELNR;BELNR
KPSD000462;VBELN;VA03;VBAK-VBELN;VBELN
KPSD000462;VBELN_INV;VF03;VBRK-VBELN;VBELN_INV
KPWM000260;AUFNR;CN23;CAUFVD-AUFNR;AUFNR
KPWM000260;AUFNR;CO03;CAUFVD-AUFNR;AUFNR
KPWM000260;AUFNR;COR3;CAUFVD-AUFNR;AUFNR
KPWM000260;AUFNR;IW33;CAUFVD-AUFNR;AUFNR
KPWM000260;TANUM;LT21;LTAK-LGNUM;LGNUM
KPWM000260;TANUM;LT21;LTAK-TANUM;TANUM
KPWM000260;TANUM;LT21;RL03T-TAPOS;TAPOS
KPWM000260;VBELN;VL03N;LIKP-VBELN;VBELN
KPWM000260;VBELN;VL33N;LIKP-VBELN;VBELN
KPWM000260;VBELN_LIKP;VL03N;LIKP-VBELN;VBELN_LIKP
KPWM000260;VBELN_LIKP;VL33N;LIKP-VBELN;VBELN_LIKP
KPWM000261;AUFNR;CN23;CAUFVD-AUFNR;AUFNR
KPWM000261;AUFNR;CO03;CAUFVD-AUFNR;AUFNR
KPWM000261;AUFNR;COR3;CAUFVD-AUFNR;AUFNR
KPWM000261;AUFNR;IW33;CAUFVD-AUFNR;AUFNR
KPWM000261;EBELN;ME23N;RM06E-BSTNR;EBELN
KPWM000261;EBELN;ME33K;RM06E-EVRTN;EBELN
KPWM000261;EBELN;ME33L;RM06E-EVRTN;EBELN
KPWM000261;EBELN;ME43;RM06E-ANFNR;EBELN
KPWM000261;TANUM;LT21;LTAK-LGNUM;LGNUM
KPWM000261;TANUM;LT21;LTAK-TANUM;TANUM
KPWM000261;TANUM;LT21;RL03T-TAPOS;TAPOS
KPWM000261;VBELN;VL03N;LIKP-VBELN;VBELN
KPWM000261;VBELN;VL33N;LIKP-VBELN;VBELN
KPWM000261;VBELN_LIKP;VL03N;LIKP-VBELN;VBELN_LIKP
KPWM000261;VBELN_LIKP;VL33N;LIKP-VBELN;VBELN_LIKP
KPWM000560;TBNUM;LB03;LTBK-LGNUM;LGNUM
KPWM000560;TBNUM;LB03;LTBK-TBNUM;TBNUM
KPWM000560;TBNUM;LB03;LTBP-TBPOS;TBPOS
KPWM000561;AUFNR;CN23;CAUFVD-AUFNR;AUFNR
KPWM000561;AUFNR;CO03;CAUFVD-AUFNR;AUFNR
KPWM000561;AUFNR;COR3;CAUFVD-AUFNR;AUFNR
KPWM000561;AUFNR;IW33;CAUFVD-AUFNR;AUFNR
KPWM000561;AUFNR;KKF6N;#NA#;AUFNR
KPWM000561;EBELN;ME23N;RM06E-BSTNR;EBELN
KPWM000561;EBELN;ME33K;RM06E-EVRTN;EBELN
KPWM000561;EBELN;ME33L;RM06E-EVRTN;EBELN
KPWM000561;EBELN;ME43;RM06E-ANFNR;EBELN
KPWM000561;TANUM;LT21;LTAK-LGNUM;LGNUM
KPWM000561;TANUM;LT21;LTAK-TANUM;TANUM
KPWM000561;TANUM;LT21;RL03T-TAPOS;TAPOS
KPWM000561;TBNUM;LB03;LTBK-LGNUM;LGNUM
KPWM000561;TBNUM;LB03;LTBK-TBNUM;TBNUM
KPWM000561;TBNUM;LB03;LTBP-TBPOS;TBPOS
KWMD000160;AUFNR;CO03;CAUFVD-AUFNR;AUFNR
KWMD000160;AUFNR;COR3;CAUFVD-AUFNR;AUFNR
KWMD000160;KALNR;CK13N;CKI64A-MATNR;MATNR
KWMD000160;KALNR;CK13N;CKI64A-KLVAR;KLVAR
KWMD000160;KALNR;CK13N;CKI64A-WERKS;WERKS
KWMD000160;KALNR;CK13N;CKI64A-TVERS;TVERS
KWMD000160;KALNR;CK13N;CKI64A-AMDAT;BIDAT
KWMD000160;PLNNR;CA03;RC27M-WERKS;WERKS
KWMD000160;PLNNR;CA03;RC27M-MATNR;MATNR
KWMD000160;PLNNR;CA03;RC271-PLNNR;PLNNR
KWMD000160;STLNR;CS03;RC29N-WERKS;WERKS
KWMD000160;STLNR;CS03;RC29N-STLAN;STLAN
KWMD000160;STLNR;CS03;RC29N-MATNR;MATNR
KWMD000160;VERID;C223;MKAL-WERKS;WERKS
KWMD000160;VERID;C223;MKAL-MATNR;MATNR
KWMD000161;AUFNR;CO03;CAUFVD-AUFNR;AUFNR
KWMD000161;AUFNR;COR3;CAUFVD-AUFNR;AUFNR
KWMD000161;KALNR;CK13N;CKI64A-TVERS;TVERS
KWMD000161;KALNR;CK13N;CKI64A-KLVAR;KLVAR
KWMD000161;KALNR;CK13N;CKI64A-MATNR;MATNR
KWMD000161;KALNR;CK13N;CKI64A-AMDAT;BIDAT
KWMD000161;KALNR;CK13N;CKI64A-WERKS;WERKS
KWMD000161;PLNNR;CA03;RC27M-WERKS;WERKS
KWMD000161;PLNNR;CA03;RC27M-MATNR;MATNR
KWMD000161;PLNNR;CA03;RC271-PLNNR;PLNNR
KWMD000161;STLNR;CS03;RC29N-MATNR;MATNR
KWMD000161;STLNR;CS03;RC29N-STLAN;STLAN
KWMD000161;STLNR;CS03;RC29N-WERKS;WERKS
KWMD000161;VERID;C223;MKAL-WERKS;WERKS
KWMD000161;VERID;C223;MKAL-MATNR;MATNR
KWMD000260;AUGBL;FB03;RF05L-GJAHR;AUGGJ
KWMD000260;AUGBL;FB03;RF05L-BUKRS;BUKRS
KWMD000260;AUGBL;FB03;RF05L-BELNR;AUGBL
KWMD000260;BELNR;FB03;RF05L-GJAHR;GJAHR
KWMD000260;BELNR;FB03;RF05L-BUKRS;BUKRS
KWMD000260;BELNR;FB03;RF05L-BELNR;BELNR
KWMD000260;KUNNR;VD03;RF02D-SPART;SPART
KWMD000260;KUNNR;VD03;RF02D-VKORG;VKORG
KWMD000260;KUNNR;VD03;RF02D-VTWEG;VTWEG
KWMD000260;KUNNR;VD03;RF02D-KUNNR;KUNNR
KWMD000260;VBELN_FIRST;VA03;VBAK-VBELN;VBELN_FIRST
KWMD000260;VBELN_INV;VF03;VBRK-VBELN;VBELN_INV
KWMD000260;VBELN_LAST;VA03;VBAK-VBELN;VBELN_LAST
KWMD000315;INFNR;ME13;EINA-INFNR;INFNR
KWMD000360;AUGBL;FB03;RF05L-GJAHR;AUGGJ
KWMD000360;AUGBL;FB03;RF05L-BELNR;AUGBL
KWMD000360;AUGBL;FB03;RF05L-BUKRS;BUKRS_FIAP
KWMD000360;BELNR_FIAP;FB03;RF05L-GJAHR;GJAHR_FIAP
KWMD000360;BELNR_FIAP;FB03;RF05L-BUKRS;BUKRS_FIAP
KWMD000360;BELNR_FIAP;FB03;RF05L-BELNR;BELNR_FIAP
KWMD000360;EBELN_FIRST;ME23N;RM06E-BSTNR;EBELN_FIRST
KWMD000360;EBELN_LAST;ME23N;RM06E-BSTNR;EBELN_LAST
KWMD000360;IR_MBLNR;MIR4;RBKP-GJAHR;IR_MJAHR
KWMD000360;IR_MBLNR;MIR4;RBKP-BELNR;IR_MBLNR
KWMD000360;LIFNR;XK03;RF02K-BUKRS;BUKRS
KWMD000360;LIFNR;XK03;RF02K-EKORG;EKORG
KWMD000360;LIFNR;XK03;RF02K-LIFNR;LIFNR
KWPM000115;AUFNR;IW33;CAUFVD-AUFNR;AUFNR
KWPM000115;QMNUM;IW23;RIWO00-QMNUM;QMNUM
KWPM000115;QMNUM;IW53;RIWO00-QMNUM;QMNUM
KWPM000115;VBELN;VA03;VBAK-VBELN;VBELN
KWPM000115;WARPL;IP03;RMIPM-WARPL;WARPL
KWPM000116;AUFNR;IW33;CAUFVD-AUFNR;AUFNR
KWPM000116;QMNUM;IW23;RIWO00-QMNUM;QMNUM
KWPM000116;QMNUM;IW53;RIWO00-QMNUM;QMNUM
KWPM000116;VBELN;VA03;VBAK-VBELN;VBELN
KWPM000116;WARPL;IP03;RMIPM-WARPL;WARPL
KWPM000117;AUFNR;IW33;CAUFVD-AUFNR;AUFNR
KWPM000117;QMNUM;IW23;RIWO00-QMNUM;QMNUM
KWPM000117;QMNUM;IW53;RIWO00-QMNUM;QMNUM
KWPM000117;VBELN;VA03;VBAK-VBELN;VBELN
KWPM000117;WARPL;IP03;RMIPM-WARPL;WARPL
KWPM000118;AUFNR;IW33;CAUFVD-AUFNR;AUFNR
KWPM000118;QMNUM;IW23;RIWO00-QMNUM;QMNUM
KWPM000118;QMNUM;IW53;RIWO00-QMNUM;QMNUM
KWPM000118;VBELN;VA03;VBAK-VBELN;VBELN
KWPM000118;WARPL;IP03;RMIPM-WARPL;WARPL
KWPM000119;AUFNR;IW33;CAUFVD-AUFNR;AUFNR
KWPM000119;QMNUM;IW23;RIWO00-QMNUM;QMNUM
KWPM000119;QMNUM;IW53;RIWO00-QMNUM;QMNUM
KWPM000119;VBELN;VA03;VBAK-VBELN;VBELN
KWPM000119;WARPL;IP03;RMIPM-WARPL;WARPL
KWPM000120;AUFNR;IW33;CAUFVD-AUFNR;AUFNR
KWPM000120;QMNUM;IW23;RIWO00-QMNUM;QMNUM
KWPM000120;QMNUM;IW53;RIWO00-QMNUM;QMNUM
KWPM000120;VBELN;VA03;VBAK-VBELN;VBELN
KWPM000120;WARPL;IP03;RMIPM-WARPL;WARPL
KWPM000160;AUFNR;IW33;CAUFVD-AUFNR;AUFNR
KWPM000160;QMNUM;IW23;RIWO00-QMNUM;QMNUM
KWPM000160;QMNUM;IW53;RIWO00-QMNUM;QMNUM
KWPM000160;VBELN;VA03;VBAK-VBELN;VBELN
KWPM000160;WARPL;IP03;RMIPM-WARPL;WARPL
KWPM000161;AUFNR;IW33;CAUFVD-AUFNR;AUFNR
KWPM000161;QMNUM;IW23;RIWO00-QMNUM;QMNUM
KWPM000161;QMNUM;IW53;RIWO00-QMNUM;QMNUM
KWPM000161;VBELN;VA03;VBAK-VBELN;VBELN
KWPM000161;WARPL;IP03;RMIPM-WARPL;WARPL
KWPM000203;AUFNR;IW33;CAUFVD-AUFNR;AUFNR
KWPM000203;KDAUF;IW33;CAUFVD-AUFNR;KDAUF
KWPM000204;AUFNR;IW33;CAUFVD-AUFNR;AUFNR
KWPM000204;KDAUF;IW33;CAUFVD-AUFNR;KDAUF
KWPM000215;AUFNR;IW33;CAUFVD-AUFNR;AUFNR
KWPM000215;KDAUF;IW33;CAUFVD-AUFNR;KDAUF
KWPM000216;AUFNR;IW33;CAUFVD-AUFNR;AUFNR
KWPM000216;KDAUF;IW33;CAUFVD-AUFNR;KDAUF
KWPM000217;AUFNR;IW33;CAUFVD-AUFNR;AUFNR
KWPM000217;KDAUF;IW33;CAUFVD-AUFNR;KDAUF
KWPM000218;AUFNR;IW33;CAUFVD-AUFNR;AUFNR
KWPM000218;KDAUF;IW33;CAUFVD-AUFNR;KDAUF
KWPM000219;AUFNR;IW33;CAUFVD-AUFNR;AUFNR
KWPM000219;KDAUF;IW33;CAUFVD-AUFNR;KDAUF
KWPM000220;AUFNR;IW33;CAUFVD-AUFNR;AUFNR
KWPM000220;KDAUF;IW33;CAUFVD-AUFNR;KDAUF
KWPM000221;AUFNR;IW33;CAUFVD-AUFNR;AUFNR
KWPM000221;KDAUF;IW33;CAUFVD-AUFNR;KDAUF
KWPM000222;AUFNR;IW33;CAUFVD-AUFNR;AUFNR
KWPM000222;KDAUF;IW33;CAUFVD-AUFNR;KDAUF
KWPM000260;AUFNR;IW33;CAUFVD-AUFNR;AUFNR
KWPM000260;KDAUF;IW33;CAUFVD-AUFNR;KDAUF
KWPM000261;AUFNR;IW33;CAUFVD-AUFNR;AUFNR
KWPM000261;KDAUF;IW33;CAUFVD-AUFNR;KDAUF
KWPM000262;AUFNR;IW33;CAUFVD-AUFNR;AUFNR
KWPM000262;KDAUF;IW33;CAUFVD-AUFNR;KDAUF
KWPM000263;AUFNR;IW33;CAUFVD-AUFNR;AUFNR
KWPM000263;KDAUF;IW33;CAUFVD-AUFNR;KDAUF
KWPM000264;AUFNR;IW33;CAUFVD-AUFNR;AUFNR
KWPM000264;BANFN_PURCH_REQ;ME53N;EBAN-BANFN;BANFN_PURCH_REQ
KWPM000264;EBELN_BL_PURCH_ORD;ME23N;RM06E-BSTNR;EBELN_BL_PURCH_ORD
KWPM000264;EBELN_BL_PURCH_ORD;ME33K;RM06E-EVRTN;EBELN_BL_PURCH_ORD
KWPM000264;EBELN_BL_PURCH_ORD;ME33L;RM06E-EVRTN;EBELN_BL_PURCH_ORD
KWPM000264;EBELN_BL_PURCH_ORD;ME43;RM06E-ANFNR;EBELN_BL_PURCH_ORD
KWPM000264;EBELN_OPEN_PURCH_ORD;ME23N;RM06E-BSTNR;EBELN_OPEN_PURCH_ORD
KWPM000264;EBELN_OPEN_PURCH_ORD;ME33K;RM06E-EVRTN;EBELN_OPEN_PURCH_ORD
KWPM000264;EBELN_OPEN_PURCH_ORD;ME33L;RM06E-EVRTN;EBELN_OPEN_PURCH_ORD
KWPM000264;EBELN_OPEN_PURCH_ORD;ME43;RM06E-ANFNR;EBELN_OPEN_PURCH_ORD
KWPM000264;MATNR;MD04;RM61R-MATNR;MATNR
KWPM000264;MATNR;MD04;RM61R-WERKS;WERKS
KWPM000264;MBLNR;MIGO;GODYNPRO-MAT_DOC;MBLNR
KWPM000264;MBLNR;MIGO;GODYNPRO-DOC_YEAR;MJAHR
KWPM000264;RSNUM;MB23;RM07M-RSNUM;RSNUM
KWPM000265;AUFNR;IW33;CAUFVD-AUFNR;AUFNR
KWPM000265;BANFN_PURCH_REQ;ME53N;EBAN-BANFN;BANFN_PURCH_REQ
KWPM000265;EBELN_BL_PURCH_ORD;ME23N;RM06E-BSTNR;EBELN_BL_PURCH_ORD
KWPM000265;EBELN_BL_PURCH_ORD;ME33K;RM06E-EVRTN;EBELN_BL_PURCH_ORD
KWPM000265;EBELN_BL_PURCH_ORD;ME33L;RM06E-EVRTN;EBELN_BL_PURCH_ORD
KWPM000265;EBELN_BL_PURCH_ORD;ME43;RM06E-ANFNR;EBELN_BL_PURCH_ORD
KWPM000265;EBELN_OPEN_PURCH_ORD;ME23N;RM06E-BSTNR;EBELN_OPEN_PURCH_ORD
KWPM000265;EBELN_OPEN_PURCH_ORD;ME33K;RM06E-EVRTN;EBELN_OPEN_PURCH_ORD
KWPM000265;EBELN_OPEN_PURCH_ORD;ME33L;RM06E-EVRTN;EBELN_OPEN_PURCH_ORD
KWPM000265;EBELN_OPEN_PURCH_ORD;ME43;RM06E-ANFNR;EBELN_OPEN_PURCH_ORD
KWPM000265;MATNR;MD04;RM61R-WERKS;WERKS
KWPM000265;MATNR;MD04;RM61R-MATNR;MATNR
KWPM000265;MBLNR;MIGO;GODYNPRO-MAT_DOC;MBLNR
KWPM000265;MBLNR;MIGO;GODYNPRO-DOC_YEAR;MJAHR
KWPM000265;RSNUM;MB23;RM07M-RSNUM;RSNUM
KWPM000290;AUART;OIOA;V_T350W-AUART;AUART
KWPM000290;AUART;OIOA;V_T003O_I-AUART;AUART
KWQM000101;PRUEFLOS;QA03;QALS-PRUEFLOS;PRUEFLOS
KWQM000102;PRUEFLOS;QA03;QALS-PRUEFLOS;PRUEFLOS
KWQM000103;PRUEFLOS;QA03;QALS-PRUEFLOS;PRUEFLOS
KWQM000161;EBELN;ME23N;RM06E-BSTNR;EBELN
KWQM000161;EBELN;ME33K;RM06E-EVRTN;EBELN
KWQM000161;EBELN;ME33L;RM06E-EVRTN;EBELN
KWQM000161;EBELN;ME43;RM06E-ANFNR;EBELN
KWQM000161;PRUEFLOS;QA03;QALS-PRUEFLOS;PRUEFLOS
KWQM000161;QMNUM;QM03;RIWO00-QMNUM;QMNUM
KWQM000162;AUFNR;CN23;CAUFVD-AUFNR;AUFNR
KWQM000162;AUFNR;CO03;CAUFVD-AUFNR;AUFNR
KWQM000162;AUFNR;COR3;CAUFVD-AUFNR;AUFNR
KWQM000162;AUFNR;IW33;CAUFVD-AUFNR;AUFNR
KWQM000162;PRUEFLOS;QA03;QALS-PRUEFLOS;PRUEFLOS
KWQM000162;QMNUM;QM03;RIWO00-QMNUM;QMNUM
KWQM000163;AUFNR;CN23;CAUFVD-AUFNR;AUFNR
KWQM000163;AUFNR;CO03;CAUFVD-AUFNR;AUFNR
KWQM000163;AUFNR;COR3;CAUFVD-AUFNR;AUFNR
KWQM000163;AUFNR;IW33;CAUFVD-AUFNR;AUFNR
KWQM000163;PRUEFLOS;QA03;QALS-PRUEFLOS;PRUEFLOS
KWQM000163;QMNUM;QM03;RIWO00-QMNUM;QMNUM
KXEWM00901;MATNR;/SAPAPO/MAT1;/SAPAPO/MATIO-MATNR;MATNR
KXEWM00902;MATNR;/SAPAPO/MAT1;/SAPAPO/MATIO-MATNR;MATNR
KXEWM00903;MATNR;/SAPAPO/MAT1;/SAPAPO/MATIO-MATNR;MATNR