locale;id;text
pt_BR;ACC;Contas
pt_BR;ACTIONS;Ações
pt_BR;BATCHES;Lotes
pt_BR;CHN;Alterações
pt_BR;COMBN;Combinações
pt_BR;COND;Condições
pt_BR;CUST;Clientes
pt_BR;DATES;Datas
pt_BR;DAYS;Dias
pt_BR;DOC;Documentos
pt_BR;DUMPS;Despejos
pt_BR;ENTRIES;Entradas
pt_BR;EXCEP;Exceções
pt_BR;FLD;Campos
pt_BR;H;Horas
pt_BR;ITEMS;Itens
pt_BR;ITEMSSL;Itens de linha programados
pt_BR;LEAVE_REQ;Solicitações de ausência
pt_BR;MAT;Materiais
pt_BR;MESSAGES;Mensagens
pt_BR;MIN;Minutos
pt_BR;MS;Milissegundos
pt_BR;NUMB_RANGE;Intervalos de numeração
pt_BR;OBJECTS;Objetos
pt_BR;PERCENT;Porcentagem
pt_BR;QUANTS;Dados quantitativos
pt_BR;SEC;Segundos
pt_BR;TRP;Viagens
pt_BR;TRP_REQ;Solicitações de viagem
pt_BR;USE;Utilizações
pt_BR;VEN;Fornecedores
pt_BR;VHCL;Veículos