id;
/FSPD/ITEM_MAINTAIN;
/SAPAPO/MAT1;
/SAPAPO/TL1;
AS03;
BCA_BL_AL_DISP_ITEMS;
C203;
C223;
CA03;
CAA3;
CJ03;
CJ08;
CJ13;
CJI5;
CK13N;
CN23;
CN28;
CO03;
CO14;
COR3;
COR4;
CORT;
CR03;
CRC3;
CS03;
EA22;
EA40;
EMMAC3;
ES22;
ES32;
F111;
FB03;
FD03;
FK03;
FPE3;
FP_VT3;
FS03;
IE03;
IL03;
IP03;
IQ03;
IW23;
IW33;
IW43;
IW53;
KA03;
KKF6N;
KKF8;
KO03;
KOB2;
LB03;
LS23;
LT21;
LU03;
MB03;
MB23;
MD04;
MD05;
MD13;
MD21;
MD83;
ME03;
ME13;
ME23N;
ME33K;
ME33L;
ME39;
ME43;
ME53N;
MI03;
MIGO;
MIR4;
ML82;
MM43;
MMBE;
MSC3N;
OIOA;
OIOD;
OMFI;
OMS4;
PA10;
PR05;
QA03;
QM03;
UKM_BP;
VA03;
VA13;
VA23;
VA33;
VA43;
VBO3;
VD03;
VF03;
VF23;
VFR3;
VI03;
VL03N;
VL33N;
VT03;
VT03N;
XK03;