locale;kpiId;phaseId;stepId;title;subtitle
ja;CPACM00160;10;step_10_10;作成された契約ワークスペース;
ja;CPACM00160;10;step_10_20;公開済みの有効な契約ワークスペース;
ja;CPAOP00160;10;step_10_10;作成済み購買依頼明細;
ja;CPAOP00160;20;step_20_10;作成済み購買発注明細;
ja;CPAOP00161;10;step_10_10;作成済み購買発注明細;
ja;CPAOP00161;20;step_20_10;作成済み入庫;
ja;CPAOP00161;30;step_30_10;作成済み請求書明細;
ja;CPAOP00162;10;step_10_10;送信済み請求書明細;
ja;CPAOP00162;10;step_10_20;照合済み請求書明細;
ja;CPAOP00162;20;step_20_10;支払い済み請求書明細;
ja;CPAOP00163;10;step_10_10;作成済み購買発注明細;
ja;CPAOP00163;20;step_20_10;作成済み請求書明細;
ja;CPAOP00163;20;step_20_30;支払い済み請求書明細;
ja;CPASC00160;10;step_10_10;作成済みソーシング依頼;
ja;CPASC00160;20;step_20_10;作成済みの完全なソーシングプロジェクト;
ja;CPASC00160;30;step_30_10;作成済みの最初のソーシングイベント;
ja;CPASC00160;30;step_30_20;終了済みの最後のソーシングイベント;
ja;CPASC00160;40;step_40_10;完了済みの完全なソーシングプロジェクト;
ja;CPASC00161;10;step_10_10;作成済みの完全なソーシングプロジェクト;
ja;CPASC00161;20;step_20_10;作成済みの最初のソーシングイベント;
ja;CPASC00161;20;step_20_20;作成済みの最後のソーシングイベント;
ja;CPASC00161;30;step_30_10;完了済みの完全なソーシングプロジェクト;
ja;CPASC00163;10;step_10_10;作成済みソーシングイベント;
ja;CPASC00163;20;step_20_10;開始済み入札;
ja;CPASC00163;20;step_20_20;終了済み入札;
ja;CPASC00163;30;step_30_10;終了済みソーシングイベント;
ja;CPASC00164;10;step_10_10;作成済みソーシングイベント;
ja;CPASC00164;20;step_20_10;開始済み入札;
ja;CPASC00164;20;step_20_20;終了済み入札;
ja;CPASC00164;30;step_30_10;終了済みソーシングイベント;
ja;CPASC00165;10;step_10_10;作成済みソーシングイベント;
ja;CPASC00165;20;step_20_10;開始済み入札;
ja;CPASC00165;20;step_20_20;終了済み入札;
ja;CPASC00165;30;step_30_10;終了済みソーシングイベント;
ja;CPASM00160;10;step_10_10;作成済みサプライヤ申請;
ja;CPASM00160;10;step_10_20;承認済みサプライヤ申請;
ja;CPASM00160;20;step_20_10;開始されたサプライヤ登録;
ja;CPASM00160;20;step_20_20;提出されたサプライヤ登録の質問事項;
ja;CPASM00160;20;step_20_30;承認済みサプライヤ登録;
ja;CPASM00161;10;step_10_10;作成済み旧サプライヤ評価プロジェクト項目;
ja;CPASM00161;10;step_10_20;提出された旧サプライヤ評価プロジェクト項目の質問事項;
ja;CPASM00161;10;step_10_30;承認済み旧サプライヤ評価プロジェクト項目;
ja;KBSRM00160;10;step_10_10;作成済みショッピングカート明細;
ja;KBSRM00160;10;step_10_20;完了済みショッピングカート明細;
ja;KBSRM00160;10;step_10_30;承認済みショッピングカート明細;
ja;KBSRM00160;20;step_20_10;計画納入日付およびフォローアップ伝票が作成されたショッピングカート明細;
ja;KBSRM00760;10;step_10_10;作成済み入札案内明細;
ja;KBSRM00760;10;step_10_20;完了済みおよび承認待ちの入札案内明細;
ja;KBSRM00760;10;step_10_30;公開済み入札案内明細;
ja;KBSRM00760;20;step_20_10;提出済み初回入札;
ja;KBSRM00760;20;step_20_20;到達した入札案内の提出期限日;
ja;KBSRM00760;20;step_20_30;受領済み初回入札;
ja;KBSRM00761;10;step_10_10;作成済みオークションアイテム;
ja;KBSRM00761;10;step_10_20;完了済みおよび準備ができたオークションアイテム;
ja;KBSRM00761;10;step_10_30;有効化済みオークションアイテム;
ja;KBSRM00761;20;step_20_10;提出済み初回入札;
ja;KBSRM00761;20;step_20_20;終了済みオークションアイテム;
ja;KBSRM00761;20;step_20_30;受領済み初回入札;
ja;KCSAL00660;10;step_10_10;作成済み案件;
ja;KCSAL00660;10;step_10_20;"""処理中"" に設定された案件";
ja;KCSAL00660;40;step_40_10;完了した案件;
ja;KFFI000960;10;step_10_10;発行済みサプライヤ請求書;
ja;KFFI000960;10;step_10_20;作成済みおよび転記済みのサプライヤ請求書;
ja;KFFI000960;10;step_10_30;支払いリリース済み FI-AP 明細;
ja;KFFI000960;20;step_20_10;作成済み FI-AP 消込伝票;
ja;KFFI000960;20;step_20_20;消込済み FI-AP 明細;
ja;KFFI000961;10;step_10_10;発行済みサプライヤ請求書;
ja;KFFI000961;10;step_10_20;作成済みおよび転記済みのサプライヤ請求書;
ja;KFFI000961;10;step_10_30;支払いリリース済み FI-AP 明細;
ja;KFFI000961;20;step_20_10;作成済み FI-AP 消込伝票;
ja;KFFI000961;20;step_20_20;消込済み FI-AP 明細;
ja;KFFI001060;10;step_10_10;発行済み得意先請求書;
ja;KFFI001060;20;step_20_10;消込済み FI-AR 明細;
ja;KFFI001061;10;step_10_10;発行済み得意先請求書;
ja;KFFI001061;20;step_20_10;消込済み FI-AR 明細;
ja;KFFI001860;10;step_10_10;作成済み資産マスタ;
ja;KFFI001860;20;step_20_10;作成済みの最初の取得転記;
ja;KFFI001860;30;step_30_10;最終資産レシーバまたは非資産レシーバへの最初の決済;
ja;KFFI001860;40;step_40_10;無効化済み資産マスタ;
ja;KFFI001861;10;step_10_10;作成済み資産マスタ;
ja;KFFI001861;20;step_20_10;作成済みの最初の取得転記;
ja;KFFI001861;30;step_30_10;償却計算開始;
ja;KFFI001861;50;step_50_10;無効化済み資産マスタ;
ja;KFFI001960;10;step_10_10;作成済みユーティリティ請求書;
ja;KFFI001960;20;step_20_10;消込済み FI-CA 明細;
ja;KFFI002260;10;step_10_10;作成済み統合請求書;
ja;KFFI002260;20;step_20_10;消込済み FI-CA 明細;
ja;KFFI002360;10;step_10_10;作成済み製品原価コレクタ;
ja;KFFI002360;20;step_20_10;初回確認済み製品原価コレクタ;
ja;KFFI002360;30;step_30_10;最初に決済された製品原価コレクタ;
ja;KFFI002660;10;step_10_10;作成済みプロバイダ契約;
ja;KFFI002660;10;step_10_20;契約開始済み;
ja;KFFI002660;20;step_20_10;作成された最初の料金計算伝票;
ja;KFFI002660;30;step_30_10;作成された最初の請求伝票;
ja;KIAUT00160;10;step_10_10;実行計画数量コンポーネントの基準開始日付;
ja;KIAUT00160;10;step_10_20;実行計画数量コンポーネントの所要日付;
ja;KIAUT00160;40;step_40_10;将来の指図基準終了日付のある実行計画数量コンポーネント;
ja;KIISU00160;10;step_10_10;作成済み契約;
ja;KIISU00160;30;step_30_10;作成された最初の契約関連料金計算伝票;
ja;KIISU00160;40;step_40_10;作成された最初の契約関連請求伝票;
ja;KIISU00160;50;step_50_10;作成された最初の契約関連契約会計伝票;
ja;KIISU00160;50;step_50_20;作成された最初の契約関連契約会計明細;
ja;KIISU00260;10;step_10_10;作成済み料金計算伝票;
ja;KIISU00260;20;step_20_10;作成済みおよび転記済みの請求伝票;
ja;KIISU00261;10;step_10_10;作成済みの例外抽出された料金計算伝票;
ja;KIISU00261;10;step_10_20;リリース済みの例外抽出された料金計算伝票;
ja;KIISU00261;20;step_20_10;作成済みおよび転記済みの請求伝票;
ja;KIISU00261;20;step_20_20;印刷済み印刷伝票;
ja;KIISU00161;10;step_10_10;作成済み料金計算指図;
ja;KIISU00161;40;step_40_10;将来の料金計算予定日がある料金計算指図;
ja;KIISU00162;10;step_10_10;作成済み料金計算指図;
ja;KIISU00162;20;step_20_10;料金計算指図に対して保存された検針結果;
ja;KIISU00162;40;step_40_10;将来の料金計算予定日がある料金計算指図;
ja;KIISU00360;10;step_10_10;作成済み請求伝票;
ja;KIISU00360;20;step_20_10;会計管理で作成された未消込明細;
ja;KIISU00360;20;step_20_20;会計管理で消し込まれた未消込明細;
ja;KIISU00361;10;step_10_10;作成済み例外抽出請求伝票;
ja;KIISU00361;10;step_10_20;リリース済み例外抽出請求伝票;
ja;KIISU00361;20;step_20_10;会計管理で作成された未消込明細;
ja;KIISU00361;20;step_20_20;会計管理で消し込まれた未消込明細;
ja;KIRET00460;10;step_10_10;作成済み在庫転送オーダー明細;
ja;KIRET00460;20;step_20_10;納入済み在庫転送オーダー明細;
ja;KIRET00460;20;step_20_20;出庫済み在庫転送オーダー明細;
ja;KIRET00460;30;step_30_10;受領済み在庫転送オーダー明細;
ja;KIRET00461;10;step_10_10;作成済み在庫転送オーダー明細;
ja;KIRET00461;20;step_20_10;納入済み在庫転送オーダー明細;
ja;KIRET00461;20;step_20_20;出庫済み在庫転送オーダー明細;
ja;KIRET00461;30;step_30_10;受領済み在庫転送オーダー明細;
ja;KIRET00462;10;step_10_10;作成済み在庫転送オーダー明細;
ja;KIRET00462;20;step_20_10;納入済み在庫転送オーダー明細;
ja;KIRET00462;20;step_20_20;出庫済み在庫転送オーダー明細;
ja;KIRET00462;30;step_30_10;受領済み在庫転送オーダー明細;
ja;KIRET00463;10;step_10_10;作成済み在庫転送オーダー明細;
ja;KIRET00463;20;step_20_10;納入済み在庫転送オーダー明細;
ja;KIRET00463;20;step_20_20;出庫済み在庫転送オーダー明細;
ja;KIRET00463;30;step_30_10;受領済み在庫転送オーダー明細;
ja;KIRET00464;10;step_10_10;作成済み在庫転送オーダー明細;
ja;KIRET00464;20;step_20_10;納入済み在庫転送オーダー明細;
ja;KIRET00464;20;step_20_20;出庫済み在庫転送オーダー明細;
ja;KIRET00464;30;step_30_10;受領済み在庫転送オーダー明細;
ja;KIRET00464;40;step_40_10;作成済み FI-AR 明細;
ja;KIRET00464;40;step_40_20;作成済み FI-AP 明細;
ja;KIRET00464;40;step_40_30;消込済み FI-AP 明細;
ja;KIRET00464;40;step_40_40;消込済み FI-AR 明細;
ja;KIRET00465;10;step_10_10;作成済み在庫転送オーダー明細;
ja;KIRET00465;20;step_20_10;納入済み在庫転送オーダー明細;
ja;KIRET00465;20;step_20_20;出庫済み在庫転送オーダー明細;
ja;KIRET00465;30;step_30_10;受領済み在庫転送オーダー明細;
ja;KIRET00465;40;step_40_10;作成済み FI-AR 明細;
ja;KIRET00465;40;step_40_20;作成済み FI-AP 明細;
ja;KIRET00465;40;step_40_30;消込済み FI-AP 明細;
ja;KIRET00465;40;step_40_40;消込済み FI-AR 明細;
ja;KIRET00466;10;step_10_10;作成済み在庫転送オーダー明細;
ja;KIRET00466;20;step_20_10;納入済み在庫転送オーダー明細;
ja;KIRET00466;20;step_20_20;出庫済み在庫転送オーダー明細;
ja;KIRET00466;30;step_30_10;受領済み在庫転送オーダー明細;
ja;KIRET00466;40;step_40_10;作成済み FI-AR 明細;
ja;KIRET00466;40;step_40_20;作成済み FI-AP 明細;
ja;KIRET00466;40;step_40_30;消込済み FI-AP 明細;
ja;KIRET00466;40;step_40_40;消込済み FI-AR 明細;
ja;KIRET00467;10;step_10_10;作成済み在庫転送オーダー明細;
ja;KIRET00467;20;step_20_10;納入済み在庫転送オーダー明細;
ja;KIRET00467;20;step_20_20;出庫済み在庫転送オーダー明細;
ja;KIRET00467;30;step_30_10;受領済み在庫転送オーダー明細;
ja;KIRET00467;40;step_40_10;作成済み FI-AR 明細;
ja;KIRET00467;40;step_40_20;作成済み FI-AP 明細;
ja;KIRET00467;40;step_40_30;消込済み FI-AP 明細;
ja;KIRET00467;40;step_40_40;消込済み FI-AR 明細;
ja;KIRET00560;10;step_10_10;作成済み購買発注明細;
ja;KIRET00560;20;step_20_10;作成済み入庫;
ja;KIRET00560;30;step_30_10;作成済みサプライヤ請求書;
ja;KIRET00561;10;step_10_10;作成済み購買発注明細;
ja;KIRET00561;20;step_20_10;作成済み入庫;
ja;KIRET00561;30;step_30_10;作成済みサプライヤ請求書;
ja;KIRET00562;10;step_10_10;作成済み購買発注明細;
ja;KIRET00562;20;step_20_10;作成済み入庫;
ja;KIRET00562;30;step_30_10;作成済みサプライヤ請求書;
ja;KIRET00563;10;step_10_10;作成済み購買発注明細;
ja;KIRET00563;20;step_20_10;作成済み入庫;
ja;KIRET00563;30;step_30_10;作成済みサプライヤ請求書;
ja;KPIM000160;10;step_10_10;在庫のある品目/プラント/保管場所組み合わせ;
ja;KPIM000160;20;step_20_10;前回の在庫移動が 1 年以上前の組み合わせ;
ja;KPIM000160;20;step_20_20;前回の在庫移動が 7-12 期間前の組み合わせ;
ja;KPIM000160;20;step_20_30;前回の在庫移動が 4-6 期間前の組み合わせ;
ja;KPIM000160;20;step_20_40;前回の在庫移動が 2-3 期間前の組み合わせ;
ja;KPIM000160;20;step_20_50;前回の在庫移動が前期間の組み合わせ;
ja;KPIM000160;20;step_20_60;前回の在庫移動が現期間の組み合わせ;
ja;KPIM000161;10;step_10_10;在庫のある品目/プラント/保管場所/ロット組み合わせ;
ja;KPIM000161;20;step_20_10;前回の在庫移動が 1 年以上前の組み合わせ;
ja;KPIM000161;20;step_20_20;前回の在庫移動が 7-12 期間前の組み合わせ;
ja;KPIM000161;20;step_20_30;前回の在庫移動が 4-6 期間前の組み合わせ;
ja;KPIM000161;20;step_20_40;前回の在庫移動が 2-3 期間前の組み合わせ;
ja;KPIM000161;20;step_20_50;前回の在庫移動が前期間の組み合わせ;
ja;KPIM000161;20;step_20_60;前回の在庫移動が現期間の組み合わせ;
ja;KPIM000162;10;step_10_10;在庫のある品目/プラント/保管場所組み合わせ;
ja;KPIM000162;20;step_20_10;前回の在庫移動が 1 年以上前の組み合わせ;
ja;KPIM000162;20;step_20_20;前回の在庫移動が 7-12 期間前の組み合わせ;
ja;KPIM000162;20;step_20_30;前回の在庫移動が 4-6 期間前の組み合わせ;
ja;KPIM000162;20;step_20_40;前回の在庫移動が 2-3 期間前の組み合わせ;
ja;KPIM000162;20;step_20_50;前回の在庫移動が前期間の組み合わせ;
ja;KPIM000162;20;step_20_60;前回の在庫移動が現期間の組み合わせ;
ja;KPIM000163;10;step_10_10;在庫のある品目/プラント/保管場所/ロット組み合わせ;
ja;KPIM000163;20;step_20_10;前回の在庫移動が 1 年以上前の組み合わせ;
ja;KPIM000163;20;step_20_20;前回の在庫移動が 7-12 期間前の組み合わせ;
ja;KPIM000163;20;step_20_30;前回の在庫移動が 4-6 期間前の組み合わせ;
ja;KPIM000163;20;step_20_40;前回の在庫移動が 2-3 期間前の組み合わせ;
ja;KPIM000163;20;step_20_50;前回の在庫移動が前期間の組み合わせ;
ja;KPIM000163;20;step_20_60;前回の在庫移動が現期間の組み合わせ;
ja;KPLE000360;10;step_10_10;作成済み出荷明細;
ja;KPLE000360;10;step_10_20;ピッキング済み出荷明細;
ja;KPLE000360;40;step_40_10;転記済み出庫出荷明細;
ja;KPLE000361;10;step_10_10;作成済み出荷明細;
ja;KPLE000361;20;step_20_10;作成済みおよび確認済みの転送指図明細あり出荷明細;
ja;KPLE000361;50;step_50_10;転記済み出庫出荷明細;
ja;KPLE000362;10;step_10_10;作成済み出荷明細;
ja;KPLE000362;50;step_50_10;転記済み入庫出荷明細;
ja;KPMRP00260;10;step_10_10;先週 MRP で処理された品目/プラント組み合わせ;
ja;KPMRP00260;15;step_15_10;期日超過受注バックログのない品目/プラント組み合わせ;
ja;KPMRP00260;20;step_20_10;期日超過計画手配バックログのない品目/プラント組み合わせ;
ja;KPMRP00260;30;step_30_10;期日超過生産バックログのない品目/プラント組み合わせ;
ja;KPMRP00260;40;step_40_10;期日超過購買バックログのない品目/プラント組み合わせ;
ja;KPMRP00260;50;step_50_10;MRP 例外のない品目/プラント組み合わせ;
ja;KPMRP00260;60;step_60_10;先週製造指図で使用された品目/プラント組み合わせ;
ja;KPMRP00260;70;step_70_10;先週購買発注で使用された品目/プラント組み合わせ;
ja;KPPP000160;10;step_10_10;作成済み製造指図;
ja;KPPP000160;10;step_10_20;発行済み製造指図;
ja;KPPP000160;20;step_20_10;初回確認済み製造指図;
ja;KPPP000160;30;step_30_10;納入済み製造指図;
ja;KPPP000160;40;step_40_10;技術的完了納入済み製造指図;
ja;KPPP000161;10;step_10_10;作成済み製造指図;
ja;KPPP000161;10;step_10_20;発行済み製造指図;
ja;KPPP000161;20;step_20_10;初回確認済み製造指図;
ja;KPPP000161;30;step_30_10;納入済み製造指図;
ja;KPPP000161;40;step_40_10;最初に決済された納入済み製造指図;
ja;KPPP000162;10;step_10_10;作成済み製造指図の構成品目;
ja;KPPP000162;10;step_10_20;構成品目に対して発行された製造指図;
ja;KPPP000162;50;step_50_10;構成品目に対して転記された最初の出庫;
ja;KPPP000163;10;step_10_10;作成済み製造指図の構成品目;
ja;KPPP000163;20;step_20_10;作成済み購買依頼明細;
ja;KPPP000163;30;step_30_10;作成済み購買発注明細;
ja;KPPP000163;40;step_40_10;購買発注明細に対して転記された入庫;
ja;KPPP000164;10;step_10_10;作成済み製造指図作業;
ja;KPPP000164;45;step_45_10;発行済み製造指図のある作業;
ja;KPPP000164;50;step_50_10;確認済み作業実行開始日付;
ja;KPPP000164;50;step_50_20;確認済み作業実行終了日付;
ja;KPPP000260;10;step_10_10;作成済みプロセス指図;
ja;KPPP000260;10;step_10_20;発行済みプロセス指図;
ja;KPPP000260;20;step_20_10;初回確認済みプロセス指図;
ja;KPPP000260;30;step_30_10;納入済みプロセス指図;
ja;KPPP000260;40;step_40_10;技術的完了納入済みプロセス指図;
ja;KPPP000261;10;step_10_10;作成済みプロセス指図;
ja;KPPP000261;10;step_10_20;発行済みプロセス指図;
ja;KPPP000261;20;step_20_10;初回確認済みプロセス指図;
ja;KPPP000261;30;step_30_10;納入済みプロセス指図;
ja;KPPP000261;40;step_40_10;最初に決済された納入済みプロセス指図;
ja;KPPP000262;10;step_10_10;作成済みプロセス指図の構成品目;
ja;KPPP000262;10;step_10_20;構成品目に対して発行されたプロセス指図;
ja;KPPP000262;50;step_50_10;構成品目に対して転記された最初の出庫;
ja;KPPP000263;10;step_10_10;作成済みプロセス指図の構成品目;
ja;KPPP000263;20;step_20_10;作成済み購買依頼明細;
ja;KPPP000263;30;step_30_10;作成済み購買発注明細;
ja;KPPP000263;40;step_40_10;購買発注明細に対して転記された入庫;
ja;KPPP000264;10;step_10_10;作成済みプロセス指図作業;
ja;KPPP000264;45;step_45_10;発行済みプロセス指図のある作業;
ja;KPPP000264;50;step_50_10;確認済み作業実行開始日付;
ja;KPPP000264;50;step_50_20;確認済み作業実行終了日付;
ja;KPPROJ0360;10;step_10_10;作成済み WBS 要素;
ja;KPPROJ0360;10;step_10_20;リリース済み WBS 要素;
ja;KPPROJ0360;20;step_20_10;最初に決済された WBS 要素;
ja;KPPROJ0360;20;step_20_20;クローズ WBS 要素;
ja;KPPROJ0361;10;step_10_10;作成済み WBS 要素;
ja;KPPROJ0361;10;step_10_20;リリース済み WBS 要素;
ja;KPPROJ0361;20;step_20_10;最初に決済された WBS 要素;
ja;KPPROJ0361;20;step_20_20;クローズ WBS 要素;
ja;KPPURCH260;10;step_10_10;作成済み購買発注明細;
ja;KPPURCH260;20;step_20_10;作成済み入庫;
ja;KPPURCH260;30;step_30_10;作成済みサプライヤ請求書;
ja;KPPURCH260;40;step_40_10;消込済み FI-AP 明細;
ja;KPPURCH261;10;step_10_10;作成済み購買発注明細;
ja;KPPURCH261;20;step_20_10;作成済み入庫;
ja;KPPURCH261;30;step_30_10;作成済みサプライヤ請求書;
ja;KPPURCH263;10;step_10_10;作成済み購買発注明細;
ja;KPPURCH263;20;step_20_10;作成済み受注明細;
ja;KPPURCH263;30;step_30_10;作成済み出荷明細;
ja;KPPURCH263;40;step_40_10;転記済み出庫;
ja;KPPURCH263;40;step_40_20;作成済み入庫;
ja;KPPURCH263;50;step_50_10;作成済みサプライヤ請求書;
ja;KPPURCH265;10;step_10_10;作成済み購買発注明細;
ja;KPPURCH265;20;step_20_10;作成済みサプライヤ請求書;
ja;KPPURCH265;30;step_30_10;作成済み FI-AP 明細;
ja;KPPURCH265;30;step_30_20;作成済み FI-AP 消込伝票;
ja;KPPURCH266;10;step_10_10;作成済み購買発注明細;
ja;KPPURCH266;20;step_20_10;作成済み入庫;
ja;KPPURCH266;30;step_30_10;作成済みサプライヤ請求書;
ja;KPPURCH267;10;step_10_10;作成済み購買発注明細;
ja;KPPURCH267;20;step_20_10;購買発注明細に対して作成された最初のサービス入力シート;
ja;KPPURCH267;20;step_20_20;購買発注明細に対して受け入れられた最初のサービス入力シート;
ja;KPPURCH267;30;step_30_10;サービス入力シートに対して作成された最初の請求書;
ja;KPPURCH268;10;step_10_10;作成済み購買発注明細;
ja;KPPURCH268;20;step_20_10;作成済み入庫;
ja;KPPURCH268;30;step_30_10;作成済みサプライヤ請求書;
ja;KPPURCH360;10;step_10_10;作成済み購買依頼明細;
ja;KPPURCH360;20;step_20_10;作成済み購買発注明細;
ja;KPPURCH362;10;step_10_10;作成済み在庫転送依頼明細;
ja;KPPURCH362;20;step_20_10;作成済み在庫転送オーダー明細;
ja;KPPURCH460;10;step_10_10;発行済みサプライヤ請求書;
ja;KPPURCH460;10;step_10_20;作成済みおよび転記済みのサプライヤ請求書;
ja;KPPURCH460;20;step_20_10;支払いリリース済み FI-AP 明細;
ja;KPPURCH460;20;step_20_20;作成済み FI-AP 消込伝票;
ja;KPPURCH460;20;step_20_30;消込済み FI-AP 明細;
ja;KPPURCH560;10;step_10_10;作成済み在庫転送オーダー明細;
ja;KPPURCH560;20;step_20_10;出庫済み在庫転送オーダー明細;
ja;KPPURCH560;20;step_20_20;受領済み在庫転送オーダー明細;
ja;KPPURCH561;10;step_10_10;作成済み在庫転送オーダー明細;
ja;KPPURCH561;20;step_20_10;納入済み在庫転送オーダー明細;
ja;KPPURCH561;20;step_20_20;出庫済み在庫転送オーダー明細;
ja;KPPURCH561;30;step_30_10;受領済み在庫転送オーダー明細;
ja;KPPURCH562;10;step_10_10;作成済み在庫転送オーダー明細;
ja;KPPURCH562;20;step_20_10;納入済み在庫転送オーダー明細;
ja;KPPURCH562;20;step_20_20;出庫済み在庫転送オーダー明細;
ja;KPPURCH562;30;step_30_10;受領済み在庫転送オーダー明細;
ja;KPPURCH562;40;step_40_03;作成済み FI-AR 明細;
ja;KPPURCH562;40;step_40_07;作成済み FI-AP 明細;
ja;KPPURCH562;40;step_40_10;消込済み FI-AP 明細;
ja;KPPURCH562;40;step_40_20;消込済み FI-AR 明細;
ja;KPPURCH660;10;step_10_10;作成済み分納契約明細;
ja;KPPURCH660;10;step_10_20;分納契約の有効期間開始;
ja;KPPURCH660;20;step_20_10;過去の分納契約の有効期間終了;
ja;KPPURCH661;10;step_10_10;作成済み数量契約明細;
ja;KPPURCH661;10;step_10_20;数量契約の有効期間開始;
ja;KPPURCH661;20;step_20_10;契約明細に対して作成された最初のリリース発注;
ja;KPPURCH661;20;step_20_20;過去の数量契約の有効期間終了;
ja;KPPURCH662;10;step_10_10;作成済み金額契約明細;
ja;KPPURCH662;10;step_10_20;金額契約の有効期間開始;
ja;KPPURCH662;20;step_20_10;契約明細に対して作成された最初のリリース発注;
ja;KPPURCH662;20;step_20_20;過去の金額契約の有効期間終了;
ja;KPSD000260;10;step_10_10;作成済み販売請求伝票;
ja;KPSD000260;20;step_20_10;作成済み FI-AR 明細;
ja;KPSD000260;20;step_20_20;消込済み FI-AR 明細;
ja;KPSD000360;10;step_10_10;作成済み受注明細;
ja;KPSD000360;20;step_20_10;作成済み出荷明細;
ja;KPSD000361;10;step_10_10;作成済み受注明細;
ja;KPSD000361;20;step_20_10;作成済み出荷明細;
ja;KPSD000361;30;step_30_10;転記済み出庫;
ja;KPSD000361;40;step_40_10;作成済み得意先請求書明細;
ja;KPSD000362;10;step_10_10;作成済み受注明細;
ja;KPSD000362;20;step_20_10;作成済み出荷明細;
ja;KPSD000362;30;step_30_10;転記済み出庫;
ja;KPSD000362;40;step_40_10;作成済み得意先請求書明細;
ja;KPSD000362;50;step_50_10;作成済み FI-AR 明細;
ja;KPSD000362;50;step_50_20;消込済み FI-AR 明細;
ja;KPSD000363;10;step_10_10;作成済み受注明細;
ja;KPSD000363;20;step_20_10;作成済み購買依頼明細;
ja;KPSD000363;30;step_30_10;作成済み購買発注明細;
ja;KPSD000363;40;step_40_10;作成済みサプライヤ請求書;
ja;KPSD000363;50;step_50_10;作成済み得意先請求書明細;
ja;KPSD000364;10;step_10_10;作成済み受注明細;
ja;KPSD000364;20;step_20_10;作成済み購買依頼明細;
ja;KPSD000364;30;step_30_10;作成済み購買発注明細;
ja;KPSD000364;40;step_40_10;転記済み入庫;
ja;KPSD000364;40;step_40_20;転記済み出庫;
ja;KPSD000364;50;step_50_10;作成済み得意先請求書明細;
ja;KPSD000365;10;step_10_10;作成済み受注明細;
ja;KPSD000365;20;step_20_10;作成済み製造指図;
ja;KPSD000365;20;step_20_20;発行済み製造指図;
ja;KPSD000365;30;step_30_10;初回確認済み製造指図;
ja;KPSD000365;40;step_40_10;納入済み製造指図;
ja;KPSD000365;40;step_40_20;転記済み出庫受注明細;
ja;KPSD000365;50;step_50_10;作成済み得意先請求書明細;
ja;KPSD000366;10;step_10_10;作成済み受注明細;
ja;KPSD000366;20;step_20_10;作成済み出荷明細;
ja;KPSD000366;30;step_30_10;転記済み出庫;
ja;KPSD000366;40;step_40_10;作成済み得意先請求書明細;
ja;KPSD000366;50;step_50_10;作成済み得意先 FI-AR 明細;
ja;KPSD000366;60;step_60_10;作成済み会社間伝票;
ja;KPSD000366;70;step_70_10;作成済み会社間 FI-AR 明細;
ja;KPSD000366;70;step_70_20;作成済み会社間 FI-AP 明細;
ja;KPSD000367;10;step_10_10;作成済み受注明細;
ja;KPSD000367;20;step_20_10;作成済み得意先請求書;
ja;KPSD000367;30;step_30_10;作成済み FI-AR 明細;
ja;KPSD000367;30;step_30_20;消込済み FI-AR 明細;
ja;KPSD000368;10;step_10_10;作成済み見積明細;
ja;KPSD000368;20;step_20_10;見積明細を参照して作成された最初の受注明細;
ja;KPSD000368;20;step_20_20;処理完了見積明細;
ja;KPSD000369;10;step_10_10;作成済み受注明細;
ja;KPSD000369;50;step_50_10;作成済み出荷明細;
ja;KPSD000380;10;step_10_10;作成済み返品受注明細;
ja;KPSD000380;20;step_20_10;作成済み返品入荷明細;
ja;KPSD000380;30;step_30_10;転記済み入庫;
ja;KPSD000380;40;step_40_10;作成済みクレジットメモ明細;
ja;KPSD000460;10;step_10_10;作成済みデビットメモ依頼明細;
ja;KPSD000460;20;step_20_10;作成済みデビットメモ明細;
ja;KPSD000460;30;step_30_10;作成済み FI-AR 明細;
ja;KPSD000460;30;step_30_20;消込済み FI-AR 明細;
ja;KPSD000462;10;step_10_10;作成済みクレジットメモ依頼明細;
ja;KPSD000462;20;step_20_10;作成済みクレジットメモ明細;
ja;KPSD000462;30;step_30_10;作成済み FI-AR 明細;
ja;KPSD000462;30;step_30_20;消込済み FI-AR 明細;
ja;KWMD000160;10;step_10_10;品目マスタに作成された作業計画ビュー;
ja;KWMD000160;20;step_20_10;作成済み部品表/配合表;
ja;KWMD000160;30;step_30_10;作成済み作業手順;
ja;KWMD000160;40;step_40_10;エラーなしで作成された原価見積;
ja;KWMD000160;40;step_40_20;リリース済み原価見積;
ja;KWMD000160;50;step_50_10;作成された最初の製造指図;
ja;KWMD000160;50;step_50_20;納入された最初の製造指図;
ja;KWMD000161;10;step_10_10;品目マスタに作成された作業計画ビュー;
ja;KWMD000161;20;step_20_10;作成済み部品表/配合表;
ja;KWMD000161;30;step_30_10;作成済みマスタレシピ;
ja;KWMD000161;40;step_40_10;エラーなしで作成された原価見積;
ja;KWMD000161;40;step_40_20;リリース済み原価見積;
ja;KWMD000161;50;step_50_10;作成された最初のプロセス指図;
ja;KWMD000161;50;step_50_20;納入された最初のプロセス指図;
ja;KWMD000260;10;step_10_10;販売エリアに対して作成された得意先マスタデータ;
ja;KWMD000260;30;step_30_10;得意先に対して作成された最初の受注;
ja;KWMD000260;40;step_40_10;最初の受注に対して作成された最初の請求書;
ja;KWMD000260;50;step_50_10;最初の受注に対して消し込まれた最初の請求書;
ja;KWMD000360;10;step_10_10;購買組織に対して作成された仕入先マスタデータ;
ja;KWMD000360;30;step_30_10;サプライヤに対して作成された最初の購買発注;
ja;KWMD000360;40;step_40_10;最初の購買発注に対して作成された最初の請求書;
ja;KWMD000360;40;step_40_20;最初の購買発注に対して消し込まれた最初の請求書;
ja;KWPM000160;10;step_10_10;作成済み保全通知;
ja;KWPM000160;10;step_10_20;開始された保全通知処理;
ja;KWPM000160;10;step_10_30;完了した処理済み保全通知;
ja;KWPM000161;10;step_10_10;作成済みサービス通知;
ja;KWPM000161;10;step_10_20;開始されたサービス通知処理;
ja;KWPM000161;10;step_10_30;完了した処理済みサービス通知;
ja;KWPM000260;10;step_10_10;作成済み保全指図;
ja;KWPM000260;10;step_10_20;発行済み保全指図;
ja;KWPM000260;20;step_20_10;初回確認済み保全指図;
ja;KWPM000260;20;step_20_20;最終確認済み保全指図;
ja;KWPM000260;30;step_30_10;確認済みおよび技術的完了の保全指図;
ja;KWPM000260;30;step_30_20;確認済みおよび終了の保全指図;
ja;KWPM000261;10;step_10_10;作成済み保全指図;
ja;KWPM000261;10;step_10_20;発行済み保全指図;
ja;KWPM000261;20;step_20_10;初回確認済み保全指図;
ja;KWPM000261;30;step_30_10;技術的完了の保全指図;
ja;KWPM000261;40;step_40_10;最初に決済された保全指図;
ja;KWPM000262;10;step_10_10;作成済みサービス指図;
ja;KWPM000262;10;step_10_20;発行済みサービス指図;
ja;KWPM000262;20;step_20_10;初回確認済みサービス指図;
ja;KWPM000262;20;step_20_20;最終確認済みサービス指図;
ja;KWPM000262;30;step_30_10;確認済みおよび技術的完了のサービス指図;
ja;KWPM000262;30;step_30_20;確認済みおよび終了のサービス指図;
ja;KWPM000263;10;step_10_10;作成済みサービス指図;
ja;KWPM000263;10;step_10_20;発行済みサービス指図;
ja;KWPM000263;20;step_20_10;初回確認済みサービス指図;
ja;KWPM000263;30;step_30_10;技術的完了のサービス指図;
ja;KWPM000263;40;step_40_10;最初に決済されたサービス指図;
ja;KWPM000264;10;step_10_10;作成済み保全指図構成品目;
ja;KWPM000264;10;step_10_20;構成品目に対して発行された保全指図;
ja;KWPM000264;40;step_40_10;構成品目に対して転記された最初の出庫;
ja;KWPM000265;10;step_10_10;作成済みサービス指図構成品目;
ja;KWPM000265;10;step_10_20;構成品目に対して発行されたサービス指図;
ja;KWPM000265;40;step_40_10;構成品目に対して転記された最初の出庫;
ja;KWPM000462;10;step_10_10;作成済み保全項目;
ja;KWPM000462;20;step_20_10;保全項目に対して作成された初回のサービス指図;
ja;KWPM000462;20;step_20_20;保全項目に対して完了した初回のサービス指図;
ja;KWPM000462;30;step_30_10;サービス契約の終了日付に達した保全項目;
ja;KWQM000161;10;step_10_10;作成済み品質検査ロット;
ja;KWQM000161;50;step_50_10;使用決定のある品質検査ロット;
ja;KWQM000162;10;step_10_10;作成済み品質検査ロット;
ja;KWQM000162;50;step_50_10;使用決定のある品質検査ロット;
ja;KWQM000163;10;step_10_10;作成済み品質検査ロット;
ja;KWQM000163;40;step_40_10;使用決定のある品質検査ロット;
ja;KWSERV0160;10;step_10_10;作成済みサービス指図;
ja;KWSERV0160;10;step_10_20;最初に発行されたサービス指図;
ja;KWSERV0160;30;step_30_10;発行後に最後に完了したサービス指図;
ja;KXEWM00260;10;step_10_10;作成済み倉庫指図;
ja;KXEWM00260;10;step_10_20;開始済み倉庫指図;
ja;KXEWM00260;20;step_20_10;確認済み倉庫指図;
ja;KXEWM00460;10;step_10_10;作成済み出荷明細;
ja;KXEWM00460;20;step_20_10;転記済み入庫出荷明細;
ja;KXEWM00460;30;step_30_10;在庫受入計画済みの出荷明細;
ja;KXEWM00460;30;step_30_20;在庫受入が完了した出荷明細;
ja;KXEWM00461;10;step_10_10;作成済み出荷明細;
ja;KXEWM00461;20;step_20_10;転記済み入庫出荷明細;
ja;KXEWM00461;30;step_30_10;在庫受入計画済みの出荷明細;
ja;KXEWM00461;30;step_30_20;在庫受入が完了した出荷明細;
ja;KXEWM00560;10;step_10_10;作成済み出荷オーダー明細;
ja;KXEWM00560;20;step_20_10;ピッキング済み出荷オーダー明細;
ja;KXEWM00560;30;step_30_10;出庫転記済み出荷オーダー明細;
ja;KXEWM00560;40;step_40_10;出荷伝票作成済み出荷オーダー明細;
ja;KXEWM00860;10;step_10_10;作成済み出荷通知明細;
ja;KXEWM00860;20;step_20_10;作成済み出荷明細;
ja;KXEWM00860;30;step_30_10;転記済み入庫出荷明細;
ja;KXEWM00860;40;step_40_10;在庫受入計画済みの出荷明細;
ja;KXEWM00860;40;step_40_20;在庫受入が完了した出荷明細;
ja;KXEWM00861;10;step_10_10;作成済み出荷通知明細;
ja;KXEWM00861;20;step_20_10;作成済み出荷明細;
ja;KXEWM00861;30;step_30_10;転記済み入庫出荷明細;
ja;KXEWM00861;40;step_40_10;在庫受入計画済みの出荷明細;
ja;KXEWM00861;40;step_40_20;在庫受入が完了した出荷明細;
ja;KXEWM00862;10;step_10_10;作成済み出荷依頼明細;
ja;KXEWM00862;20;step_20_10;作成済み出荷オーダー明細;
ja;KXEWM00862;30;step_30_10;ピッキング済み出荷オーダー明細;
ja;KXEWM00862;40;step_40_10;出庫転記済み出荷オーダー明細;
ja;KXEWM00862;50;step_50_10;出荷伝票作成済み出荷オーダー明細;