locale;id;text
ko;A2D_A2O;획득 - 온보딩
ko;A2D_MA;자산 관리
ko;A2D_O2M;운용 - 유지
ko;FIN_I2C;송장 발행 - 현금화
ko;FIN_I2P;송장 발행 - 결제
ko;FIN_MRE;부동산 관리
ko;FIN_MT;자금 관리
ko;FIN_P2OF;재무 계획 - 최적화
ko;FIN_R2R;기록 - 리포팅
ko;GOV_MGRC;거버넌스, 위험, 법규 준수 관리
ko;GOV_MPO;포트폴리오 및 프로젝트 관리
ko;GOV_MSO;지속가능성 관리
ko;I2M_D2R;디자인 - 출시
ko;I2M_MPS;제품/서비스 관리
ko;L2C_M2L;시장 - 리드
ko;L2C_MCC;고객 및 채널 관리
ko;L2C_O2F;주문 - 이행
ko;L2C_O2Q;기회 - 견적
ko;L2C_R2S;요청 - 서비스
ko;P2F_DP2F;제품 배송 - 이행
ko;P2F_DS2F;서비스 제공 - 이행
ko;P2F_M2I;제조 - 검사
ko;P2F_MF;이행 관리
ko;P2F_P2OF;이행 계획 - 최적화
ko;S2P_MSC;공급업체 및 협업 관리
ko;S2P_P2R;조달 - 입고
ko;S2P_S2C;소싱 - 계약