locale;id;text
fr;CPACM00101;Espaces de travail Contrat créés
fr;CPACM00102;Espaces de travail Contrat non publiés dont la date d'entrée en vigueur est passée
fr;CPACM00160;Création d'un espace de travail Contrat à la publication d'un contrat
fr;CPAOP00110;Postes de demande d'achat créés
fr;CPAOP00111;Postes de demande d'achat retardés
fr;CPAOP00112;Postes de demande d'achat avec statut de commande
fr;CPAOP00113;Postes de demande d'achat avec date de réception demandée dans le passé
fr;CPAOP00114;Postes de commande d'achat créés
fr;CPAOP00116;Postes de bon de commande en cours avec date de réception demandée dans le passé
fr;CPAOP00117;Postes de facture fournisseur envoyés
fr;CPAOP00118;Postes de facture fournisseur avec exceptions non traitées
fr;CPAOP00119;Postes de facture fournisseur avec exceptions mais sans commande d'achat liée
fr;CPAOP00160;Création du poste de demande d'achat à la création du poste de commande d'achat
fr;CPAOP00161;Création du poste de commande d'achat à la création de l'entrée de facture
fr;CPAOP00162;Création du poste de facture fournisseur au paiement du poste de facture
fr;CPAOP00163;Création du poste de commande d'achat (sans entrée de marchandises) à la création de l'entrée de facture
fr;CPASC00101;Projets de détermination des sources d'approvisionnement complets créés
fr;CPASC00102;Projets de détermination des sources d'approvisionnement complets annulés
fr;CPASC00103;Projets de demande de détermination des sources d'approvisionnement complets avec événements en attente de sélection
fr;CPASC00104;Demande d'informations - Activité de détermination des sources d'approvisionnement en cours
fr;CPASC00105;Demande d'informations - Activités de détermination des sources d'approvisionnement annulées
fr;CPASC00106;Demande d'informations - Activité de détermination des sources d'approvisionnement au statut En attente de sélection
fr;CPASC00110;Demande de proposition - Activité de détermination des sources d'approvisionnement en cours
fr;CPASC00111;Demande de proposition - Activités de détermination des sources d'approvisionnement annulées
fr;CPASC00112;Demande de proposition - Activité de détermination des sources d'approvisionnement au statut En attente de sélection
fr;CPASC00116;Activités d'enchère de détermination des sources d'approvisionnement en cours
fr;CPASC00117;Activités d'enchère de détermination des sources d'approvisionnement annulées
fr;CPASC00118;Activités d'enchère de détermination des sources d'approvisionnement au statut En attente de sélection
fr;CPASC00160;Création d'une demande de détermination des sources d'approvisionnement à l'achèvement d'un projet de détermination des sources d'approvisionnement
fr;CPASC00161;Création d'un projet de détermination des sources d'approvisionnement à son achèvement
fr;CPASC00163;Demande d'informations - Création d'événement à l'exécution de l'événement
fr;CPASC00164;Demande de proposition - Création d'événement à l'exécution de l'événement
fr;CPASC00165;Création de l'événement d'enchères de sourcing à l’exécution de l'événement
fr;CPASM00101;Demandes fournisseur créées
fr;CPASM00102;Enregistrements du fournisseur créés
fr;CPASM00103;Enregistrements du fournisseur en attente d'approbation depuis plus d'1 mois
fr;CPASM00104;Postes du projet de qualification de l'ancien fournisseur créés
fr;CPASM00105;Postes du projet de qualification de l'ancien fournisseur en attente d'approbation depuis plus d'1 mois
fr;CPASM00160;Création de la demande fournisseur à l'approbation de l’enregistrement du fournisseur
fr;CPASM00161;Création du poste de projet de qualification de l'ancien fournisseur à l'approbation
fr;KBSRM00101;Postes de panier créés
fr;KBSRM00102;Postes de panier en attente d'approbation
fr;KBSRM00103;Postes de panier sans document lié
fr;KBSRM00104;Modifications dans les paniers
fr;KBSRM00160;Création d'un panier (avec approbation) à la création d'un élément lié
fr;KBSRM00190;Utilisation des catégories de produits dans les articles du panier
fr;KBSRM00191;Utilisation du groupe d'acheteurs dans les articles du panier
fr;KBSRM00192;Utilisation du fournisseur dans les articles du panier (inter-organisations d'achats)
fr;KBSRM00193;Utilisation du fournisseur dans les articles du panier (par organisation d'achats)
fr;KBSRM00194;Utilisation du type de transaction dans les documents SRM
fr;KBSRM00201;Postes de commande d'achat créés dans SRM
fr;KBSRM00202;Postes de commande d'achat en attente d'approbation
fr;KBSRM00203;Postes de commande d'achat toujours en cours de transfert dans le système ERP
fr;KBSRM00204;Postes de commande d'achat avec échec de transfert dans le système ERP
fr;KBSRM00205;Modifications des commandes d'achat
fr;KBSRM00301;Postes de confirmation créés dans SRM
fr;KBSRM00302;Postes de confirmation en attente d'approbation
fr;KBSRM00303;Postes de confirmation en cours de transfert
fr;KBSRM00304;Postes de confirmation avec échec du transfert
fr;KBSRM00305;Modifications des confirmations
fr;KBSRM00401;Postes de facture créés dans SRM
fr;KBSRM00402;Postes de facture en attente d'approbation
fr;KBSRM00403;Postes de facture en cours de transfert
fr;KBSRM00404;Postes de facture avec erreur de transfert
fr;KBSRM00405;Modifications des factures
fr;KBSRM00601;Postes de contrat d'achat créés
fr;KBSRM00602;Modifications des contrats d'achat
fr;KBSRM00690;Utilisation du poste de contrat dans les documents d'achat
fr;KBSRM00701;Postes de l'appel d'offres créés
fr;KBSRM00702;Modifications des appels d'offres
fr;KBSRM00703;Postes des offres fournisseur créés
fr;KBSRM00760;Création du poste de l'appel d'offres à l'acceptation de la première offre
fr;KBSRM00761;Création du poste de l'enchère à l'acceptation de la première offre
fr;KCSAL00190;Utilisation du type de transaction dans les documents CRM
fr;KCSAL00201;Activités de gestion créées
fr;KCSAL00202;"Activités de gestion au statut En cours ou En cours de traitement"
fr;KCSAL00501;Intérêts potentiels créés
fr;KCSAL00504;"Intérêts potentiels au statut ""En cours"" ou ""En cours de traitement""'"
fr;KCSAL00601;Opportunités créées
fr;KCSAL00604;"Opportunités au statut ""En cours"" ou ""En cours de traitement"""
fr;KCSAL00660;De la création d'opportunité à l'achèvement d'opportunité
fr;KCSAL00901;Activités de gestion créées
fr;KCSAL00902;Modifications apportées aux activités de gestion
fr;KCSAL00904;"Activités de gestion au statut ""En cours"" ou ""En cours de traitement"""
fr;KCSAL01001;Tâches créées
fr;KCSAL01002;Modifications apportées aux tâches
fr;KCSAL01004;"Tâches au statut En cours ou En cours de traitement"
fr;KFFI000104;Modifications apportées aux documents comptables
fr;KFFI000105;Postes individuels FI annulés
fr;KFFI000106;Documents comptables créés
fr;KFFI000190;Utilisation du type de document comptable (Inter-sociétés)
fr;KFFI000191;Utilisation de la société dans les documents comptables
fr;KFFI000193;Utilisation du compte général par exercice comptable et par société
fr;KFFI000202;Postes de comptabilité fournisseurs en retard et en cours
fr;KFFI000212;Postes non soldés sans mode de paiement
fr;KFFI000213;Postes non soldés pour lesquels le fournisseur est bloqué pour la comptabilisation
fr;KFFI000214;Postes non soldés bloqués pour paiement
fr;KFFI000215;Postes non soldés pour lesquels le fournisseur est bloqué pour paiement
fr;KFFI000216;Postes non soldés pour lesquels il manque les coordonnées bancaires des fournisseurs
fr;KFFI000217;Postes non soldés pour lesquels il manque des informations sur l'adresse des fournisseurs
fr;KFFI000302;Postes de comptabilité clients en retard et en cours
fr;KFFI000310;Postes non soldés pour lesquels aucune procédure de relance n'est affectée au client
fr;KFFI000311;Postes non soldés pour lesquels le client est bloqué dans un autre cycle de relance
fr;KFFI000312;Postes non soldés pour lesquels le client est bloqué pour la relance
fr;KFFI000313;Postes non soldés bloqués pour relance
fr;KFFI000405;Erreurs lors des cycles de paiement
fr;KFFI000406;Cycles de paiement par société
fr;KFFI000409;Sociétés sans cycle de paiement
fr;KFFI000501;Extraits de comptes électroniques non enregistrés complètement
fr;KFFI000502;Postes d'extraits de comptes électroniques non enregistrés complètement
fr;KFFI000504;Extraits de comptes électroniques importés par jour
fr;KFFI000705;Postes non soldés dans comptes généraux (agrégés)
fr;KFFI000706;Postes non soldés dans compte d'attente entrée de marchandises/entrée de factures
fr;KFFI000790;Comptes soumis à la gestion des postes non soldés sans règle de rapprochement
fr;KFFI000940;Taux d'automatisation : rapprochement de facture fournisseur
fr;KFFI000960;Émission de la facture fournisseur (sans commande d'achat) au rapprochement FI-AP
fr;KFFI000961;Émission de la facture fournisseur au rapprochement FI-AP (Central Finance)
fr;KFFI001040;Taux d'automatisation : rapprochement de facture client
fr;KFFI001060;Émission de la facture client (sans vente) au rapprochement FI-AR
fr;KFFI001061;Émission de la facture client au rapprochement FI-AR (Central Finance)
fr;KFFI001201;Gestionnaire de la planification : exécutions et statut
fr;KFFI001303;Cas litigieux en cours pour lesquels la date de la dernière modification est dépassée
fr;KFFI001402;Cas de promesse de paiement en cours pour lesquels la date de la promesse de paiement est dépassée
fr;KFFI001501;Erreurs lors du cycle de calcul du coût de revient
fr;KFFI001502;Erreurs lors du calcul du coût de revient avec la transaction CK11N
fr;KFFI001601;Erreurs lors de la détermination des en-cours de fabrication pour les ordres de production
fr;KFFI001602;Erreurs lors de la détermination des écarts pour les ordres de production
fr;KFFI001603;Erreurs lors de l'imputation réelle de l'ordre de production
fr;KFFI001605;Erreurs lors de l'imputation réelle de l'ordre de maintenance/interne
fr;KFFI001609;Erreurs lors de l'imputation réelle de l'élément d'OTP/de l'ordre de réseau
fr;KFFI001701;Calculs des coûts incorrects issus des confirmations
fr;KFFI001801;Erreurs lors du cycle d’amortissement
fr;KFFI001802;Immobilisations en cours non désactivées
fr;KFFI001803;Immobilisations sans écritures
fr;KFFI001804;Champs manquants dans immobilisations incomplètes
fr;KFFI001805;Erreurs lors de la comptabilisation périodique des coûts d'acquisition et de production
fr;KFFI001806;Fiche d'immobilisation créée
fr;KFFI001807;Modification des données de base de l’immobilisation
fr;KFFI001808;Immobilisations de moindre valeur toujours actives à plus d'un an
fr;KFFI001860;Création de la fiche d'immobilisation (immobilisation en cours) à la désactivation
fr;KFFI001861;Création de la fiche d'immobilisation (avec amortissement) à la désactivation
fr;KFFI001890;Utilisation de la catégorie d'immobilisations (Inter-sociétés)
fr;KFFI001891;Utilisation de la catégorie d'immobilisations (par société)
fr;KFFI001960;Création de facture de services publics au rapprochement dans Contract Accounting (FI-CA)
fr;KFFI002003;Postes d'engagement de commande d'achat en retard affectés aux ordres
fr;KFFI002004;Postes d'engagement de commande d'achat en retard affectés aux projets
fr;KFFI002005;Postes d'engagement de commande d'achat en retard affectés aux ventes
fr;KFFI002260;Création de la facture convergente au rapprochement dans Contract Accounting (FI-CA)
fr;KFFI002305;Ordres internes créés mais pas validés
fr;KFFI002306;Ordres internes validés mais pas clôturés au niveau technique
fr;KFFI002308;Modifications des ordres internes
fr;KFFI002309;Collecteurs des coûts par produit sans imputation récente
fr;KFFI002360;Création de collecteur des coûts par produit à la première imputation
fr;KFFI002395;Utilisation du type d'ordre dans les ordres internes
fr;KFFI002501;Cycles de relance par société
fr;KFFI002601;Documents de facturation en retard pour la facturation convergente
fr;KFFI002602;Facturation convergente en retard avec compte de contrats bloqué
fr;KFFI002603;Facturation convergente en retard avec contrat de fournisseur bloqué
fr;KFFI002604;Contrats de fournisseur bloqués pour facturation
fr;KFFI002605;Postes de document de facturation créés
fr;KFFI002606;Postes de factures créés
fr;KFFI002607;Documents de facturation des ventes en retard pour la facturation convergente
fr;KFFI002660;Création du contrat fournisseur à la première facturation
fr;KFFI002801;Contrats immobiliers créés
fr;KFFI002802;Modifications apportées aux contrats immobiliers
fr;KFFI002803;Contrats immobiliers non activés
fr;KIAUT00101;Ordres planifiés fixes (PE) avec date de fin de l'ordre dans le passé
fr;KIAUT00102;Ordres planifiés non fixes (PE) avec date de fin de l'ordre dans le passé
fr;KIAUT00103;Ordres planifiés (PE) avec liste MRP dans le passé
fr;KIAUT00160;Date de début de base de la quantité échéancée (par composant) à la date de fin de base
fr;KIAUT00190;Utilisation de la version de fabrication dans la fabrication répétitive
fr;KIAUT00301;Mouvements de stock ayant échoué dans la fabrication répétitive (saisie unique)
fr;KIAUT00302;Mouvements de stock ayant échoué dans la fabrication répétitive (saisie collective)
fr;KIISU00101;"Ordres de calcul de facturation pour les services publics en retard au statut Facturable"
fr;KIISU00102;"Ordres de calcul de facturation pour les services publics en retard au statut Non Facturable"
fr;KIISU00103;Ordres de calcul de facturation pour les services publics en retard sans document de relevé
fr;KIISU00104;Ordres de calcul de facturation pour les services publics en retard sans appareil logique
fr;KIISU00160;Création de contrat pour les services publics au premier rapprochement de poste non soldé
fr;KIISU00161;Création d'ordre de calcul de facturation pour les services publics (non facturable) à la date de facturation planifiée
fr;KIISU00162;Création d'ordre de calcul de facturation pour les services publics (facturable) à la date de facturation planifiée
fr;KIISU00201;Ordres de facturation pour les services publics en retard (document de facturation)
fr;KIISU00203;Ordres de facturation pour les services publics non validés (document de facturation)
fr;KIISU00204;Contre-passations de pièces de décompte pour les services publics
fr;KIISU00205;Documents de facturation pour les services publics mis en attente validés
fr;KIISU00260;Création de document de facturation pour les services publics à la création du document imprimé
fr;KIISU00261;Création de document de facturation pour les services publics mis en attente à l'impression de facture
fr;KIISU00302;Factures pour les services publics avec déclencheurs d'impression en retard
fr;KIISU00304;Contre-passations de documents imprimés pour les services publics
fr;KIISU00305;Documents imprimés pour les services publics mis en attente validés
fr;KIISU00306;Documents imprimés pour les services publics en retard pour validation
fr;KIISU00360;Création de document imprimé pour les services publics au rapprochement de poste non soldé
fr;KIISU00361;Création de document imprimé pour les services publics mis en attente au rapprochement de poste non soldé
fr;KIPSM00101;Réservation de crédits créée
fr;KIPSM00102;Postes de réservation de crédits créés
fr;KIPSM00103;Postes de réservation de crédits créés en cours et en retard
fr;KIPSM00104;Postes de réservation de crédits créés en cours
fr;KIPSM00105;Modifications apportées à la réservation de crédits
fr;KIPSM00106;Postes de réservation de crédits bloqués
fr;KIRET00460;Réapprovisionnement intra-société de la plateforme au point de vente
fr;KIRET00461;Réapprovisionnement intra-société de la plateforme à la plateforme
fr;KIRET00462;Réapprovisionnement intra-société du point de vente au point de vente
fr;KIRET00463;Réapprovisionnement intra-société du point de vente à la plateforme
fr;KIRET00464;Réapprovisionnement inter-sociétés de la plateforme au point de vente
fr;KIRET00465;Réapprovisionnement inter-sociétés de la plateforme à la plateforme
fr;KIRET00466;Réapprovisionnement inter-sociétés du point de vente au point de vente
fr;KIRET00467;Réapprovisionnement inter-sociétés du point de vente à la plateforme
fr;KIRET00560;Approvisionnement (sans imputation) à la plateforme
fr;KIRET00561;Approvisionnement (sans imputation) au point de vente
fr;KIRET00562;Approvisionnement (avec imputation) à la plateforme
fr;KIRET00563;Approvisionnement (avec imputation) au point de vente
fr;KIRET00601;Articles validés sans référencement de point de vente
fr;KIRET00602;Articles validés sans référencement de plateforme
fr;KIRET00603;Articles sans fiche infos-achats
fr;KITM000101;Demandes de transport créées
fr;KITM000201;Ordres de transport créés
fr;KPCONF0110;Échec du mouvement de marchandises lors de la confirmation de l'ordre de fabrication
fr;KPCONF0120;Échec du mouvement de marchandises lors de la confirmation de l'ordre de réseau
fr;KPCONF0130;Échec du mouvement de marchandises lors de la confirmation de l'ordre de travail/de service
fr;KPCONF0140;Échec du mouvement de marchandises lors de la confirmation de l'ordre de process
fr;KPCONF0401;Confirmations des ordres de fabrication
fr;KPCONF0402;Confirmations des ordres de process
fr;KPCONF0403;Confirmations des ordres de travail
fr;KPCONF0405;Confirmations des ordres de service
fr;KPGR000101;Mouvements de marchandises sortants enregistrés
fr;KPGR000102;Mouvements de marchandises entrants enregistrés
fr;KPIM000101;Niveau du stock à utilisation libre
fr;KPIM000105;Niveau du stock pour commande client
fr;KPIM000106;Niveau du stock en consignation chez le client
fr;KPIM000107;Niveau du stock projet
fr;KPIM000108;Niveau du stock à utilisation libre (niveau de gestion du lot)
fr;KPIM000115;Niveau du stock fourni par le fournisseur
fr;KPIM000160;Niveau de stock des articles vendables (non gérés par lots)
fr;KPIM000161;Niveau de stock des articles vendables (gérés par lots)
fr;KPIM000162;Niveau de stock des matières premières et des produits semi-finis (non gérés par lots)
fr;KPIM000163;Niveau de stock des matières premières et des produits semi-finis (gérés par lots)
fr;KPLE000110;Livraisons sortantes en retard pour enregistrement de sortie de marchandises
fr;KPLE000111;Livraisons entrantes en retard pour enregistrement d'entrée de marchandises
fr;KPLE000120;Livraisons entrantes créées
fr;KPLE000121;Livraisons sortantes créées
fr;KPLE000171;Livraisons sans traitement sortant (par moyenne)
fr;KPLE000190;Vérification de la configuration : mise à jour du flux de documents de MM à LE
fr;KPLE000204;Éléments de frais d'expédition partiellement traités
fr;KPLE000205;Expéditions sortantes pas encore terminées
fr;KPLE000206;Expéditions entrantes pas encore terminées
fr;KPLE000207;Modifications apportées aux expéditions
fr;KPLE000305;Postes de livraison expédiés et en retard pour la facturation
fr;KPLE000307;Modifications des livraisons
fr;KPLE000360;Création de poste de livraison sortante à l'enregistrement de la sortie de marchandises
fr;KPLE000361;Création de poste de livraison sortante à l'enregistrement de la sortie de marchandises (ordre de transfert)
fr;KPLE000362;Création de poste de livraison entrante à l'enregistrement de l'entrée de marchandises
fr;KPMRP00108;Ordres planifiés (LA/KD) avec date de fin de base dans le passé
fr;KPMRP00109;Ordres planifiés en retard affectés à la vente
fr;KPMRP00201;Fichier de planification de l'unité de planification - articles marqués pour suppression
fr;KPMRP00202;Fichier de planification de l'unité de planification - le statut n'autorise pas la planification
fr;KPMRP00205;Fichier MRP - articles marqués pour suppression
fr;KPMRP00206;Articles du fichier MRP - le statut n'autorise pas la planification
fr;KPMRP00260;Articles concernés par le MRP la semaine dernière
fr;KPPP000101;Ordres de fabrication en retard pour validation
fr;KPPP000103;Ordres de fabrication en retard pour achèvement de la livraison
fr;KPPP000106;Ordres de fabrication avec date de fin de base en retard et sans témoin de suppression
fr;KPPP000107;Ordres de fabrication créés
fr;KPPP000108;Ordres de fabrication validés sans première confirmation
fr;KPPP000111;Composants de l'ordre de fabrication en retard pour consommation
fr;KPPP000121;Ordres de fabrication en retard affectés à la vente
fr;KPPP000122;Tous les changements de statut par ordre de fabrication
fr;KPPP000142;Taux d'automatisation : clôture technique de l'ordre de fabrication
fr;KPPP000242;Taux d'automatisation : clôture technique de l'ordre de process
fr;KPPP000160;Création de l'ordre de fabrication à la clôture technique
fr;KPPP000161;Création de l'ordre de fabrication à la première imputation
fr;KPPP000162;Création de composant de l'ordre de fabrication à l'enregistrement de sortie de marchandises
fr;KPPP000163;Création de composant de l'ordre de fabrication à l'entrée de marchandises (à l'aide de l'approvisionnement direct)
fr;KPPP000164;Création d'opérations de l'ordre de fabrication à la fin de l'exécution
fr;KPPP000190;Utilisation du type d'ordre dans les ordres de fabrication (inter-divisions)
fr;KPPP000192;Utilisation de la gamme dans la fabrication discrète (par article/division)
fr;KPPP000195;Utilisation de la version de production dans la fabrication discrète (par article/division)
fr;KPPP000201;Ordres de process en retard pour validation
fr;KPPP000203;Ordres de process en retard pour achèvement de la livraison
fr;KPPP000206;Ordres de process avec date de fin de base en retard et sans témoin de suppression
fr;KPPP000207;Ordres de process créés
fr;KPPP000208;Ordres de process validés sans première confirmation
fr;KPPP000211;Composants de l'ordre de process en retard pour consommation
fr;KPPP000222;Ordres de process en retard affectés à la vente
fr;KPPP000223;Tous les changements de statut par ordre de process
fr;KPPP000260;Création de l'ordre de process à la clôture technique
fr;KPPP000261;Création de l'ordre de process à la première imputation
fr;KPPP000262;Création de composant de l'ordre de process à l'enregistrement de sortie de marchandises
fr;KPPP000263;Création de composant de l'ordre de process à l'entrée de marchandises (à l'aide de l'approvisionnement direct)
fr;KPPP000264;Création d'opérations de l'ordre de process à la fin de l'exécution
fr;KPPP000290;Utilisation du type d'ordre dans les ordres de process (inter-divisions)
fr;KPPP000292;Utilisation de la recette de base dans la fabrication en process (par article/division)
fr;KPPP000295;Utilisation de la version de production dans la fabrication en process (par article/division)
fr;KPPP000409;Articles avec messages d'erreur liés à la liste MRP
fr;KPPP000410;Éléments MRP à annuler par article
fr;KPPP000411;Éléments MRP à replanifier par article
fr;KPPROJ0105;Ordres de réseau avec date de fin de planifiée en retard et sans témoin de suppression
fr;KPPROJ0190;Utilisation du type d'ordre dans les ordres de réseau (inter-divisions)
fr;KPPROJ0205;Projets validés avec clôture des éléments d'OTP par niveau
fr;KPPROJ0302;Éléments d'OTP validés mais pas clôturés au niveau technique ou clôturés
fr;KPPROJ0305;Tous les changements de statut par élément d'OTP
fr;KPPROJ0360;Création d'élément d'OTP (sans profil d'investissement) à la clôture
fr;KPPROJ0361;Création d'élément d'OTP (avec profil d'investissement) à la clôture
fr;KPPURCH201;Postes de commande d'achat créés
fr;KPPURCH203;Postes de commande d'achat non soldés et en retard
fr;KPPURCH204;Erreurs dans les commandes d'achat incomplètes
fr;KPPURCH207;Postes de commande d'achat sans code de facture finale
fr;KPPURCH212;Postes de commande d'achat créés après la facture
fr;KPPURCH221;Modifications des commandes d'achat
fr;KPPURCH222;Postes de commande d'achat créés sans référence au contrat
fr;KPPURCH223;Postes de commande d'achat en retard sans confirmation
fr;KPPURCH225;Postes de commande d'achat en cours avec postes de livraison entrante en retard
fr;KPPURCH228;Confirmations fournisseur relatives à la planification en retard
fr;KPPURCH242;Commandes d'achat créés par les utilisateurs (pour vérification de la valeur par défaut)
fr;KPPURCH260;Création de poste de commande d'achat au rapprochement EM/EF
fr;KPPURCH261;Création de poste de commande d'achat (sans imputation) à la création de l'entrée de facture
fr;KPPURCH263;Poste de commande d'achat inter-sociétés lié au processus de commande à la facturation
fr;KPPURCH265;Création de poste de commande d'achat (sans EM) au rapprochement FI-AP
fr;KPPURCH266;Création de poste de commande d'achat (sous-traitante) à la création de l'entrée de facture
fr;KPPURCH267;Création de poste de commande d'achat à la facturation de la feuille de saisie des services
fr;KPPURCH268;Création de poste de commande d'achat (avec imputation) à la création de l'entrée de facture
fr;KPPURCH273;Commandes d'achat sans traitement sortant (par moyenne)
fr;KPPURCH290;"Vérification de la configuration : suggérer « Livraison terminée »"
fr;KPPURCH297;Utilisation de la procédure de détermination du prix dans les documents d'achat (inter-organisations d'acheteurs)
fr;KPPURCH298;Utilisation du type de document d'achat (Inter-sociétés)
fr;KPPURCH301;Postes de demande d'achat créés
fr;KPPURCH303;Postes de demandes d'achat en cours et en retard
fr;KPPURCH309;Modifications des demandes d'achat
fr;KPPURCH360;Création du poste de demande d'achat à la création du poste de commande d'achat
fr;KPPURCH362;Création de poste de demande d'achat pour transfert à la création du poste de commande de transfert
fr;KPPURCH404;Factures fournisseur créées
fr;KPPURCH409;Postes de factures fournisseurs bloqués avec postes FI-AP en retard
fr;KPPURCH411;Factures fournisseurs avec postes FI-AP en retard
fr;KPPURCH412;Modifications des factures fournisseurs
fr;KPPURCH413;Factures fournisseurs annulées
fr;KPPURCH460;Émission de la facture fournisseur (avec commande d'achat) au rapprochement FI-AP
fr;KPPURCH508;Erreurs distinctes survenues lors des cycles de livraisons échues (commandes de transfert)
fr;KPPURCH560;Création de poste de commande de transfert (sans livraison) à EM
fr;KPPURCH561;Création de poste de commande de transfert (avec livraison) à EM
fr;KPPURCH562;Création de poste de commande de transfert inter-sociétés au rapprochement FI-AR
fr;KPPURCH609;Échéances du programme de livraisons achats en retard
fr;KPPURCH610;Programme de livraisons achats en retard avec liste MRP
fr;KPPURCH660;Création de poste de programme de livraisons jusqu'à la fin de validité
fr;KPPURCH661;Création de poste de contrat en quantité achetée jusqu'à la fin de validité
fr;KPPURCH662;Création de poste de contrat en valeur d'achat jusqu'à la fin de validité
fr;KPPURCH701;Postes de commande d'achat non soldés sans feuille de saisie des services
fr;KPPURCH702;Feuilles de saisie des services sans acceptation
fr;KPPURCH703;Feuilles de saisie des services sans saisie finale
fr;KPPURCH704;Modifications des feuilles de saisie des services
fr;KPSD000133;Documents de vente créés
fr;KPSD000171;Documents de vente sans traitement sortant (par moyenne)
fr;KPSD000190;Utilisation du type de document de vente (zone de ventes croisées)
fr;KPSD000194;Utilisation de la procédure de détermination du prix dans les documents de vente (organisation ventes croisées)
fr;KPSD000195;Utilisation du motif de l'ordre par catégorie de document
fr;KPSD000201;Factures clients non comptabilisées
fr;KPSD000207;Documents de facturation de vente sans message sortant
fr;KPSD000208;Factures clients avec postes FI-AR non soldés
fr;KPSD000215;Annulation de factures clients
fr;KPSD000216;Erreurs distinctes survenues lors de cycles d'échéances de facturation
fr;KPSD000217;Modifications des documents de facturation de vente
fr;KPSD000218;Documents de facturation de vente créés
fr;KPSD000260;Création de document de facturation de vente au rapprochement FI-AR
fr;KPSD000271;Documents de facturation sans traitement sortant (par moyenne)
fr;KPSD000292;Utilisation de la procédure de détermination du prix dans les documents de facturation de vente (organisation ventes croisées)
fr;KPSD000293;Utilisation du type de facturation dans les documents de facturation de vente (organisation ventes croisées)
fr;KPSD000303;Postes d'échéance de vente en retard
fr;KPSD000304;Échéances initialement non confirmées pour la date de livraison demandée
fr;KPSD000306;Zones manquantes dans les postes de documents de vente incomplets
fr;KPSD000307;Postes de document de vente rejetés
fr;KPSD000319;Dates de calendrier de facturation non facturées et en retard
fr;KPSD000321;Postes de documents de vente en retard pour la facturation
fr;KPSD000322;Postes d'échéance de vente non soldés et replanifiés
fr;KPSD000323;Modifications manuelles des conditions dans les postes de documents de vente
fr;KPSD000324;Modifications des documents de vente
fr;KPSD000326;Erreurs distinctes survenues lors des cycles de livraisons échues (ventes)
fr;KPSD000327;Postes supprimés dans les documents de vente
fr;KPSD000360;Création de poste de commande client à la création de poste de livraison sortante
fr;KPSD000361;Création de poste de commande client à la création de poste de facture client
fr;KPSD000362;Création de poste de commande client au rapprochement du poste FI-AR
fr;KPSD000363;Création de poste de commande client tierce à la création de poste de facture client
fr;KPSD000364;Poste de commande client (commande individuelle client) au poste de facture client
fr;KPSD000365;Poste de commande client (fabrication à la commande) au poste de facture client
fr;KPSD000366;Création de poste de commande client inter-sociétés au rapprochement du poste FI-AP
fr;KPSD000367;Création de poste de commande client (facturation liée à une commande client) au rapprochement du poste FI-AR
fr;KPSD000368;Création de poste d'offre à la création de poste de commande client
fr;KPSD000369;Création de poste de commande client (vente sur stock) à la création de la livraison
fr;KPSD000380;Création de poste d'ordre de retour à l'enregistrement d'entrée de marchandises
fr;KPSD000392;Utilisation du motif de rejet par catégorie de poste
fr;KPSD000460;Création de poste de demande de note de débit au rapprochement de poste FI-AR
fr;KPSD000462;Création de poste de demande de demande d'avoir au rapprochement de poste FI-AR
fr;KPWM000403;Quants à faible rotation dans la gestion des emplacements de magasin
fr;KWMD000107;Modification des données de base de l’article
fr;KWMD000109;Utilisation des données de base de l'article dans la fabrication (par division)
fr;KWMD000110;Utilisation des données de base de l'article dans l'approvisionnement (par division)
fr;KWMD000160;Création de données de base de l'article par division à la livraison du premier ordre de fabrication
fr;KWMD000161;Création de données de base de l'article par division à la livraison du premier ordre de process
fr;KWMD000203;Modifications des données de base client
fr;KWMD000204;Utilisation des données de base clients dans les documents de facturation de vente (zone de ventes croisées)
fr;KWMD000205;Utilisation des données de base clients dans les documents de facturation de vente (par zone de ventes)
fr;KWMD000206;Utilisation des données de base clients dans FI-AR (par société)
fr;KWMD000207;Utilisation des données de base clients dans FI-AR (inter-sociétés)
fr;KWMD000260;Création de données de base clients au rapprochement du premier poste non soldé
fr;KWMD000309;Modifications des données de base fournisseur
fr;KWMD000311;Utilisation des données de base fournisseur dans les documents d'achat (inter-organisations d'acheteurs)
fr;KWMD000312;Utilisation des données de base fournisseur dans les documents d'achat (par organisation d'achat)
fr;KWMD000313;Utilisation des données de base fournisseur dans FI-AP (par société)
fr;KWMD000314;Utilisation des données de base fournisseur dans FI-AP (inter-sociétés)
fr;KWMD000315;Utilisation de la fiche infos-achats dans les documents d'achat (inter-organisations d'acheteurs)
fr;KWMD000360;Création de données de base fournisseur au rapprochement du premier poste non soldé
fr;KWMD000501;Utilisation des conditions de paiement dans les factures FI-AP (par société)
fr;KWMD000502;Utilisation des conditions de paiement dans les factures FI-AP (inter-sociétés)
fr;KWMD000503;Utilisation des conditions de paiement dans les factures FI-AR (par société)
fr;KWMD000504;Utilisation des conditions de paiement dans les factures FI-AR (inter-sociétés)
fr;KWPM000115;Avis PM créés
fr;KWPM000116;Avis de service client créés
fr;KWPM000117;Avis PM en cours et en retard
fr;KWPM000118;Avis de service client en cours et en retard
fr;KWPM000119;Avis PM en attente
fr;KWPM000120;Avis de service client en attente
fr;KWPM000160;Création d'avis PM à la clôture de l'avis
fr;KWPM000161;Création d'avis de service client à la clôture de l'avis
fr;KWPM000203;Ordres PM créés
fr;KWPM000204;Ordres de service client créés
fr;KWPM000215;Tous les changements de statut par ordre PM
fr;KWPM000216;Tous les changements de statut par avis de service client
fr;KWPM000217;Ordres PM en retard pour validation
fr;KWPM000218;Ordres de service client en retard pour validation
fr;KWPM000219;Ordres de maintenance validés et en retard pour la clôture technique
fr;KWPM000220;Ordres de service client validés et en retard pour la clôture technique
fr;KWPM000221;Ordres PM non imputés
fr;KWPM000222;Ordres de service client non imputés
fr;KWPM000260;Création d'ordre PM à la clôture de l'ordre
fr;KWPM000261;Création d'ordre PM à l'imputation de l'ordre
fr;KWPM000262;Création d'ordre de service client à la clôture de l'ordre
fr;KWPM000263;Création d'ordre de service client à l'imputation de l'ordre
fr;KWPM000264;Création de composant de l'ordre PM à l'enregistrement de sortie de marchandises
fr;KWPM000265;Création de composant de l'ordre de service client à l'enregistrement de sortie de marchandises
fr;KWPM000290;Utilisation du type d'ordre dans les ordres de travail/de service (inter-divisions)
fr;KWPM000462;Création du poste de plan d'entretien à la fin du contrat de service
fr;KWQM000101;Lots de contrôle avec quantité en cours
fr;KWQM000102;Lots de contrôle sans décision d'utilisation
fr;KWQM000103;Lots de contrôle sans clôture de contrôle
fr;KWQM000161;Création de lot pour contrôle à l'entrée de marchandises de l'achat à la décision d'utilisation 
fr;KWQM000162;Création de lot pour contrôle à l'entrée de marchandises de la fabrication à la décision d'utilisation 
fr;KWQM000163;Création de lot pour contrôle en cours de la fabrication à la décision d'utilisation 
fr;KWSERV0101;Ordres de service créés
fr;KWSERV0102;Offres de service créées
fr;KWSERV0103;Confirmations de service créées
fr;KWSERV0104;Demandes de services créées
fr;KWSERV0105;Contrats de services créés
fr;KWSERV0106;Ordres de solution créés
fr;KWSERV0160;Création d'ordre de service à l'achèvement de l'ordre de service
fr;KXEWM00101;Vagues en retard pour validation
fr;KXEWM00102;Vagues validées avec défauts
fr;KXEWM00201;Ordres magasin en retard pour confirmation
fr;KXEWM00202;Ordres magasin confirmés
fr;KXEWM00203;Ordres magasin créés
fr;KXEWM00260;Création de l'ordre magasin à la confirmation
fr;KXEWM00301;Tâches magasin en retard pour confirmation
fr;KXEWM00302;Tâches de réapprovisionnement en retard pour confirmation
fr;KXEWM00303;Postes de tâche magasin créés
fr;KXEWM00304;Postes de tâche magasin confirmés
fr;KXEWM00305;Postes de tâche magasin confirmés avec codes d'exception
fr;KXEWM00390;Utilisation du code d'exception dans les tâches magasin confirmées (par magasin)
fr;KXEWM00401;Postes de livraison entrante en retard sans entrée en stock terminée
fr;KXEWM00402;Postes de livraison entrante en retard sans entrée de marchandises terminée
fr;KXEWM00403;Postes de livraison entrante créés dans EWM
fr;KXEWM00404;Enregistrements d'entrée de marchandises pour postes de livraison entrante dans EWM
fr;KXEWM00460;Création de poste de livraison entrante (pour document d'achat) à l'achèvement de l'entrée en stock
fr;KXEWM00461;Création de poste de livraison entrante (pour fabrication) à l'achèvement de l'entrée en stock
fr;KXEWM00490;Utilisation d'un code de processus dans les postes de livraisons entrantes
fr;KXEWM00501;Postes d'ordre de livraison sortante en retard pour prélèvement
fr;KXEWM00502;Postes d'ordre de livraison sortante en retard pour enregistrement de sortie de marchandises
fr;KXEWM00503;Postes d'ordre de livraison sortante créés
fr;KXEWM00504;Enregistrements de sortie de marchandises pour postes d'ordre de livraison sortante
fr;KXEWM00560;Création de poste d'ordre de livraison sortante (pour document de vente) à la création de livraison
fr;KXEWM00590;Utilisation d'un code de processus dans les postes d'ordres de livraisons sortantes
fr;KXEWM00701;Postes de livraison sortante en retard pour enregistrement de sortie de marchandises dans EWM
fr;KXEWM00702;Postes de livraison sortante créés dans EWM
fr;KXEWM00860;Création de poste de notification de livraison entrante (pour document d'achat) à l'achèvement de l'entrée en stock
fr;KXEWM00861;Création de poste de notification de livraison entrante (pour fabrication) à l'achèvement de l'entrée en stock
fr;KXEWM00862;Création de poste de demande de livraison sortante (pour document de vente) à la création de livraison
fr;KXEWM00901;Stock à utilisation libre disponible non déplacé
fr;KXEWM00902;Stock bloqué disponible non déplacé
fr;KXEWM00903;Stock en contrôle qualité disponible non déplacé